tree
version=v4
num_class=2
num_tree_per_iteration=2
label_index=0
max_feature_idx=10
objective=multiclass num_class:2
feature_names=kills deaths assists items_count cs jungle_cs gold_diff xp_diff team_gold_diff jungle_ratio kill_participation
feature_infos=[0:5] [0:8] [0:4] none [118:202] none [-4279:2917] [-4501:3055] [-10156:7413] none [0:0.42857142857142849]
tree_sizes=773 760 1197 1208 3444 3489 2568 2597 3426 3471 3412 3455 3414 3453 3447 3490 3453 3500 3445 3486 3459 3498 3456 3505 3454 3497 3464 3501 3469 3506 3471 3512 3469 3512 3471 3514 3485 3534 3497 3548 3485 3536 3497 3540 3486 3529 3495 3546 3504 3547 3487 3528 3501 3552 3499 3536 3499 3544 3509 3558 3502 3539 3510 3559 3513 3552 3526 3567 3529 3572 3538 3587 3539 3588 3516 3553 3544 3587 3508 3547 3530 3571 3542 3585 3525 3570 3545 3592 3549 3594 3549 3596 3547 3592 3541 3582 3541 3588 3554 3599 3565 3610 3562 3609 3559 3604 3555 3598 3552 3595 3564 3613 3566 3609 3569 3610 3577 3624 3576 3619 3594 3639 3598 3631 3599 3644 3590 3637 3597 3642 3589 3638 3612 3655 3594 3643 3604 3655 3599 3644 3599 3642 3609 3656 3598 3637 3617 3664 3608 3655 3600 3645 3608 3653 3510 3553 2844 2879 3180 3218 2619 2648 3073 3112 3055 3091 2517 2550 2172 2195 2832 2861 2276 2304 2609 2640 2279 2304 2166 2191

Tree=0
num_leaves=6
num_cat=0
split_feature=0 2 6 1 10
split_gain=85.4826 574.275 5.90068 13.9588 4.35684
threshold=3.5000000000000004 1.0000000180025095e-35 1344.0000000000002 2.5000000000000004 0.2124060150375939
decision_type=2 2 2 2 2
left_child=2 -2 -1 -4 -3
right_child=1 4 3 -5 -6
leaf_value=0.045648267315016484 -4.4093998042122475 -0.43213949687776043 0.045648267315016484 -0.95336251236079073 0.045648267315016464
leaf_weight=32.459382419474423 0.33669670578092281 0.20929795224219594 0.46409545931965013 0.20019804127514362 2.1657788101583719
leaf_count=3567 37 23 51 22 238
internal_value=-0.00458132 -0.544372 0.0396103 -0.255423 0.00354436
internal_weight=35.8354 2.71177 33.1237 0.664294 2.37508
internal_count=3938 298 3640 73 261
is_linear=0
shrinkage=1


Tree=1
num_leaves=6
num_cat=0
split_feature=0 2 6 1 10
split_gain=85.4826 574.275 5.90068 13.9588 4.35684
threshold=3.5000000000000004 1.0000000180025095e-35 1344.0000000000002 2.5000000000000004 0.2124060150375939
decision_type=2 2 2 2 2
left_child=2 -2 -1 -4 -3
right_child=1 4 3 -5 -6
leaf_value=-5.4382860950324856 -0.98323802350522183 -4.9604983308397088 -5.4382860950324856 -4.439275315356678 -5.4382860950324856
leaf_weight=32.459382419474423 0.33669670578092281 0.20929795224219594 0.46409545931965013 0.20019804127514362 2.1657788101583719
leaf_count=3567 37 23 51 22 238
internal_value=-5.38806 -4.84827 -5.43225 -5.13721 -5.39618
internal_weight=35.8354 2.71177 33.1237 0.664294 2.37508
internal_count=3938 298 3640 73 261
is_linear=0
shrinkage=1


Tree=2
num_leaves=10
num_cat=0
split_feature=0 2 10 6 10 8 10 4 7
split_gain=66.6884 98.0345 3.52834 2.20243 2.39531 7.37802 2.2949e-06 1.77636e-15 4.44089e-16
threshold=3.5000000000000004 1.0000000180025095e-35 0.19615384615384618 1344.0000000000002 0.26201372997711675 1317.5000000000002 0.2124060150375939 163.50000000000003 1652.0000000000002
decision_type=2 2 2 2 2 2 2 2 2
left_child=3 -2 -3 7 5 -5 -4 -1 -9
right_child=1 2 6 4 -6 -7 -8 8 -10
leaf_value=0.050207647595596622 0.92323813684580258 -0.34369863477833046 0.050539919443206328 -0.55582791525182906 0.05128713607897261 0.051104327875707678 0.050207647595596622 0.050207647595596649 0.050207647595596316
leaf_weight=18.459913426078863 2.2567257322370997 0.25365353375673327 0.23251573927700553 0.32950985059142002 0.84849451016634703 0.51073948666453362 1.9604905825108287 10.65090051759034 0.27183272782713253
leaf_count=2241 37 12 11 16 31 26 238 1293 33
internal_value=0.0969454 0.447868 0.00940162 0.0438249 -0.0672292 -0.186909 0.0502429 0.0502076 0.0502076
internal_weight=35.7748 4.70339 2.44666 31.0714 1.68874 0.840249 2.19301 29.3826 10.9227
internal_count=3938 298 261 3640 73 42 249 3567 1326
is_linear=0
shrinkage=0.1


Tree=3
num_leaves=10
num_cat=0
split_feature=0 2 10 6 10 8 10 4 7
split_gain=66.6884 98.0345 3.52834 2.20243 2.39531 7.37802 2.2949e-06 1.77636e-15 4.44089e-16
threshold=3.5000000000000004 1.0000000180025095e-35 0.19615384615384618 1344.0000000000002 0.26201372997711675 1317.5000000000002 0.2124060150375939 163.50000000000003 1652.0000000000002
decision_type=2 2 2 2 2 2 2 2 2
left_child=3 -2 -3 7 5 -5 -4 -1 -9
right_child=1 2 6 4 -6 -7 -8 8 -10
leaf_value=-0.050207647595596622 -0.92323813684580258 0.34369863477833046 -0.050539919443206328 0.55582791525182906 -0.05128713607897261 -0.051104327875707678 -0.050207647595596622 -0.050207647595596649 -0.050207647595596316
leaf_weight=18.459913426078863 2.2567257322370997 0.25365353375673327 0.23251573927700553 0.32950985059142002 0.84849451016634703 0.51073948666453362 1.9604905825108287 10.65090051759034 0.27183272782713253
leaf_count=2241 37 12 11 16 31 26 238 1293 33
internal_value=-0.0969454 -0.447868 -0.00940162 -0.0438249 0.0672292 0.186909 -0.0502429 -0.0502076 -0.0502076
internal_weight=35.7748 4.70339 2.44666 31.0714 1.68874 0.840249 2.19301 29.3826 10.9227
internal_count=3938 298 261 3640 73 42 249 3567 1326
is_linear=0
shrinkage=0.1


Tree=4
num_leaves=31
num_cat=0
split_feature=4 0 6 2 1 7 8 8 0 4 6 6 6 10 6 6 10 10 0 2 6 0 0 4 4 6 6 6 6 6
split_gain=6.02734 10.9595 7.42229 5.13429 2.46409 4.03184 2.36565 1.15051 0.608548 0.178969 0.000210546 0.000200124 1.93907e-05 1.75118e-05 1.72866e-05 2.29741e-06 1.94454e-06 4.02762e-07 8.88178e-16 2.22045e-16 1.11022e-16 5.55112e-17 5.55112e-17 5.55112e-17 5.55112e-17 2.77556e-17 2.77556e-17 2.77556e-17 5.55112e-17 2.77556e-17
threshold=176.50000000000003 3.5000000000000004 1617.0000000000002 1.0000000180025095e-35 2.5000000000000004 1071.0000000000002 -406.49999999999994 4573.5000000000009 3.5000000000000004 177.50000000000003 1564.0000000000002 1564.0000000000002 1311.0000000000002 0.19615384615384618 1344.0000000000002 1137.0000000000002 0.23669467787114842 0.22902097902097898 2.5000000000000004 1.5000000000000002 -8.4999999999999982 1.5000000000000002 1.5000000000000002 164.50000000000003 160.50000000000003 26.000000000000004 -826.49999999999989 858.00000000000011 542.50000000000011 813.50000000000011
decision_type=2 2 2 2 2 2 2 2 2 2 2 2 2 2 2 2 2 2 2 2 2 2 2 2 2 2 2 2 2 2
left_child=1 11 3 -3 7 8 -7 9 10 -2 12 14 21 -5 18 22 -17 -15 -1 20 -20 -6 25 -19 -21 26 -11 28 -22 -25
right_child=4 2 -4 13 5 6 -8 -9 -10 15 -12 -13 -14 17 -16 16 -18 23 19 24 27 -23 -24 29 -26 -27 -28 -29 -30 -31
leaf_value=0.050187809861290157 -0.019788373169015851 0.24854977057126815 -0.044924916598053394 0.051073646173835974 0.050187809861290081 -0.02959255441262167 -0.25342364628778324 0.21907563231275318 -0.045127555691407466 0.050187809861289935 0.053339134317513671 0.052063670107064502 0.051327876955390032 0.050330528438535062 0.051022241558154359 0.050563854154591054 0.050224010867298489 0.050187809861290116 0.050187809861290171 0.05018780986129015 0.05018780986129015 0.050187809861290122 0.050187809861290102 0.050187809861290046 0.050187809861290102 0.0501878098612899 0.050187809861290102 0.050187809861289845 0.050187809861289949 0.050187809861289914
leaf_weight=18.782328998204331 0.44733198126777995 6.7993783950805646 1.3160580354742695 0.28811500966548909 0.81273277522996135 0.78315185150131572 1.1891525001265106 0.40679757902398694 0.98478915635496367 0.26096923975274 0.26050345599651326 0.58847565017640491 0.16449580201879133 0.24162606755271543 0.25094378553330798 0.38328691665083159 0.30026721768081188 0.55176353547722079 2.0877539180219173 0.99913937505334594 0.52193847950547878 0.79036398325115442 0.58904485544189811 0.3504444076679647 0.57413232745602727 0.17895033583045006 0.26096923975273911 0.14912527985870838 0.20877539180219173 0.18640659982338548
leaf_count=2519 23 24 24 7 109 19 26 16 15 35 3 16 4 23 11 27 38 74 280 134 70 106 79 47 77 24 35 20 28 25
internal_value=0.0680818 0.0863323 0.17592 0.210448 -0.011099 -0.0533945 -0.164546 0.0634695 0.0193678 0.0373213 0.0506851 0.0502422 0.0502939 0.0503668 0.0501967 0.0502664 0.0504146 0.0502137 0.0501878 0.0501878 0.0501878 0.0501878 0.0501878 0.0501878 0.0501878 0.0501878 0.0501878 0.0501878 0.0501878 0.0501878
internal_weight=41.7092 33.8964 9.73379 8.41773 7.81281 4.98519 1.9723 2.82762 3.01289 2.42082 2.0281 24.1626 1.76759 1.61836 23.5741 1.97349 0.683554 1.33024 23.3232 4.54086 2.96759 1.6031 1.28993 1.08861 1.57327 0.700889 0.521938 0.879839 0.730714 0.536851
internal_count=3938 3379 224 200 559 282 45 277 237 261 222 3155 219 176 3139 238 65 169 3128 609 398 215 173 146 211 94 70 118 98 72
is_linear=0
shrinkage=0.1


Tree=5
num_leaves=31
num_cat=0
split_feature=4 0 6 2 1 7 8 8 0 4 6 6 6 10 6 6 10 10 0 2 6 0 0 4 4 6 6 6 6 6
split_gain=6.02734 10.9595 7.42229 5.13429 2.46409 4.03184 2.36565 1.15051 0.608548 0.178969 0.000210546 0.000200124 1.93907e-05 1.75118e-05 1.72866e-05 2.29741e-06 1.94454e-06 4.02762e-07 8.88178e-16 2.22045e-16 1.11022e-16 5.55112e-17 5.55112e-17 5.55112e-17 5.55112e-17 2.77556e-17 2.77556e-17 2.77556e-17 5.55112e-17 2.77556e-17
threshold=176.50000000000003 3.5000000000000004 1617.0000000000002 1.0000000180025095e-35 2.5000000000000004 1071.0000000000002 -406.49999999999994 4573.5000000000009 3.5000000000000004 177.50000000000003 1564.0000000000002 1564.0000000000002 1311.0000000000002 0.19615384615384618 1344.0000000000002 1137.0000000000002 0.23669467787114842 0.22902097902097898 2.5000000000000004 1.5000000000000002 -8.4999999999999982 1.5000000000000002 1.5000000000000002 164.50000000000003 160.50000000000003 26.000000000000004 -826.49999999999989 858.00000000000011 542.50000000000011 813.50000000000011
decision_type=2 2 2 2 2 2 2 2 2 2 2 2 2 2 2 2 2 2 2 2 2 2 2 2 2 2 2 2 2 2
left_child=1 11 3 -3 7 8 -7 9 10 -2 12 14 21 -5 18 22 -17 -15 -1 20 -20 -6 25 -19 -21 26 -11 28 -22 -25
right_child=4 2 -4 13 5 6 -8 -9 -10 15 -12 -13 -14 17 -16 16 -18 23 19 24 27 -23 -24 29 -26 -27 -28 -29 -30 -31
leaf_value=-0.050187809861290157 0.019788373169015851 -0.24854977057126815 0.044924916598053394 -0.051073646173835974 -0.050187809861290081 0.02959255441262167 0.25342364628778324 -0.21907563231275318 0.045127555691407466 -0.050187809861289935 -0.053339134317513671 -0.052063670107064502 -0.051327876955390032 -0.050330528438535062 -0.051022241558154359 -0.050563854154591054 -0.050224010867298489 -0.050187809861290116 -0.050187809861290171 -0.05018780986129015 -0.05018780986129015 -0.050187809861290122 -0.050187809861290102 -0.050187809861290046 -0.050187809861290102 -0.0501878098612899 -0.050187809861290102 -0.050187809861289845 -0.050187809861289949 -0.050187809861289914
leaf_weight=18.782328998204331 0.44733198126777995 6.7993783950805646 1.3160580354742695 0.28811500966548909 0.81273277522996135 0.78315185150131572 1.1891525001265106 0.40679757902398694 0.98478915635496367 0.26096923975274 0.26050345599651326 0.58847565017640491 0.16449580201879133 0.24162606755271543 0.25094378553330798 0.38328691665083159 0.30026721768081188 0.55176353547722079 2.0877539180219173 0.99913937505334594 0.52193847950547878 0.79036398325115442 0.58904485544189811 0.3504444076679647 0.57413232745602727 0.17895033583045006 0.26096923975273911 0.14912527985870838 0.20877539180219173 0.18640659982338548
leaf_count=2519 23 24 24 7 109 19 26 16 15 35 3 16 4 23 11 27 38 74 280 134 70 106 79 47 77 24 35 20 28 25
internal_value=-0.0680818 -0.0863323 -0.17592 -0.210448 0.011099 0.0533945 0.164546 -0.0634695 -0.0193678 -0.0373213 -0.0506851 -0.0502422 -0.0502939 -0.0503668 -0.0501967 -0.0502664 -0.0504146 -0.0502137 -0.0501878 -0.0501878 -0.0501878 -0.0501878 -0.0501878 -0.0501878 -0.0501878 -0.0501878 -0.0501878 -0.0501878 -0.0501878 -0.0501878
internal_weight=41.7092 33.8964 9.73379 8.41773 7.81281 4.98519 1.9723 2.82762 3.01289 2.42082 2.0281 24.1626 1.76759 1.61836 23.5741 1.97349 0.683554 1.33024 23.3232 4.54086 2.96759 1.6031 1.28993 1.08861 1.57327 0.700889 0.521938 0.879839 0.730714 0.536851
internal_count=3938 3379 224 200 559 282 45 277 237 261 222 3155 219 176 3139 238 65 169 3128 609 398 215 173 146 211 94 70 118 98 72
is_linear=0
shrinkage=0.1


Tree=6
num_leaves=23
num_cat=0
split_feature=4 0 7 8 2 1 7 8 8 0 4 6 6 10 6 6 6 10 10 6 4 6
split_gain=4.74948 4.66123 4.21682 2.63687 2.09695 2.0433 2.89822 2.41868 0.750451 0.539805 0.165601 0.000155473 0.000148882 1.50337e-05 1.43156e-05 1.27947e-05 1.7026e-06 1.43994e-06 3.28701e-07 1.22454e-09 8.88178e-16 1.11022e-16
threshold=176.50000000000003 3.5000000000000004 945.50000000000011 794.50000000000011 1.0000000180025095e-35 2.5000000000000004 1071.0000000000002 572.00000000000011 4573.5000000000009 3.5000000000000004 177.50000000000003 1564.0000000000002 1564.0000000000002 0.19615384615384618 1311.0000000000002 1344.0000000000002 1137.0000000000002 0.23669467787114842 0.22902097902097898 1026.5000000000002 145.50000000000003 -8.4999999999999982
decision_type=2 2 2 2 2 2 2 2 2 2 2 2 2 2 2 2 2 2 2 2 2 2
left_child=1 12 4 -4 -3 8 9 -8 10 11 -2 14 15 -6 21 20 -12 -18 -15 -20 -1 -7
right_child=5 2 3 -5 13 6 7 -9 -10 -11 16 -13 -14 18 -16 -17 17 -19 19 -21 -22 -23
leaf_value=0.050169870904322338 -0.017842347426083236 0.18791890044537371 -0.054940487874992353 0.12074444990691696 0.050999464505857461 0.050169870904322414 -0.026997206007003532 -0.23982240938703525 0.17859326925102642 -0.042311393261004145 0.050169870904322428 0.053009638062877278 0.051867828083344537 0.05031712454142391 0.051198536945521324 0.050923870418636989 0.05050998599751591 0.050202651425767963 0.050169870904322379 0.050180087746104773 0.050169870904322456 0.050169870904322303
leaf_weight=4.2316206232644715 0.44655544450506557 7.0707144141197187 1.676550155039876 1.741980251856148 0.30605455487966526 1.0325964200310407 1.0443622199818494 1.092683248221874 0.44685553712770332 0.94731952250003804 1.1675763442181049 0.2371036335825919 0.5343829314224412 0.19177424255758502 0.1491988138295709 0.22747962176799674 0.34716339968144883 0.27180273132398725 0.67489962093532085 0.1419923990033567 16.879239519592375 0.41843776497989926
leaf_count=627 23 19 22 36 8 153 26 19 16 15 173 3 16 19 4 11 27 38 100 20 2501 62
internal_value=0.061434 0.0775497 0.128193 0.0345833 0.166356 -0.00996179 -0.0482194 -0.135816 0.0602978 0.0190053 0.0366262 0.0506199 0.0502192 0.0503856 0.0502658 0.0501779 0.0502409 0.050375 0.0501993 0.0501716 0.0501699 0.0501699
internal_weight=41.2783 33.6767 11.804 3.41853 8.38544 7.60166 4.9217 2.13705 2.67995 2.78466 2.2331 1.83734 21.8727 1.31472 1.60023 21.3383 1.78654 0.618966 1.00867 0.816892 21.1109 1.45103
internal_count=3938 3379 224 58 166 559 282 45 277 237 261 222 3155 147 219 3139 238 65 139 120 3128 215
is_linear=0
shrinkage=0.1


Tree=7
num_leaves=23
num_cat=0
split_feature=4 0 7 8 2 1 7 8 8 0 4 6 6 10 6 6 6 10 10 6 4 6
split_gain=4.74948 4.66123 4.21682 2.63687 2.09695 2.0433 2.89822 2.41868 0.750451 0.539805 0.165601 0.000155473 0.000148882 1.50337e-05 1.43156e-05 1.27947e-05 1.7026e-06 1.43994e-06 3.28701e-07 1.22454e-09 8.88178e-16 1.11022e-16
threshold=176.50000000000003 3.5000000000000004 945.50000000000011 794.50000000000011 1.0000000180025095e-35 2.5000000000000004 1071.0000000000002 572.00000000000011 4573.5000000000009 3.5000000000000004 177.50000000000003 1564.0000000000002 1564.0000000000002 0.19615384615384618 1311.0000000000002 1344.0000000000002 1137.0000000000002 0.23669467787114842 0.22902097902097898 1026.5000000000002 145.50000000000003 -8.4999999999999982
decision_type=2 2 2 2 2 2 2 2 2 2 2 2 2 2 2 2 2 2 2 2 2 2
left_child=1 12 4 -4 -3 8 9 -8 10 11 -2 14 15 -6 21 20 -12 -18 -15 -20 -1 -7
right_child=5 2 3 -5 13 6 7 -9 -10 -11 16 -13 -14 18 -16 -17 17 -19 19 -21 -22 -23
leaf_value=-0.050169870904322338 0.017842347426083236 -0.18791890044537371 0.054940487874992353 -0.12074444990691696 -0.050999464505857461 -0.050169870904322414 0.026997206007003532 0.23982240938703525 -0.17859326925102642 0.042311393261004145 -0.050169870904322428 -0.053009638062877278 -0.051867828083344537 -0.05031712454142391 -0.051198536945521324 -0.050923870418636989 -0.05050998599751591 -0.050202651425767963 -0.050169870904322379 -0.050180087746104773 -0.050169870904322456 -0.050169870904322303
leaf_weight=4.2316206232644715 0.44655544450506557 7.0707144141197187 1.676550155039876 1.741980251856148 0.30605455487966526 1.0325964200310407 1.0443622199818494 1.092683248221874 0.44685553712770332 0.94731952250003804 1.1675763442181049 0.2371036335825919 0.5343829314224412 0.19177424255758502 0.1491988138295709 0.22747962176799674 0.34716339968144883 0.27180273132398725 0.67489962093532085 0.1419923990033567 16.879239519592375 0.41843776497989926
leaf_count=627 23 19 22 36 8 153 26 19 16 15 173 3 16 19 4 11 27 38 100 20 2501 62
internal_value=-0.061434 -0.0775497 -0.128193 -0.0345833 -0.166356 0.00996179 0.0482194 0.135816 -0.0602978 -0.0190053 -0.0366262 -0.0506199 -0.0502192 -0.0503856 -0.0502658 -0.0501779 -0.0502409 -0.050375 -0.0501993 -0.0501716 -0.0501699 -0.0501699
internal_weight=41.2783 33.6767 11.804 3.41853 8.38544 7.60166 4.9217 2.13705 2.67995 2.78466 2.2331 1.83734 21.8727 1.31472 1.60023 21.3383 1.78654 0.618966 1.00867 0.816892 21.1109 1.45103
internal_count=3938 3379 224 58 166 559 282 45 277 237 261 222 3155 147 219 3139 238 65 139 120 3128 215
is_linear=0
shrinkage=0.1


Tree=8
num_leaves=31
num_cat=0
split_feature=4 0 6 8 8 6 7 8 2 0 2 8 6 6 6 10 6 0 7 6 10 7 7 6 4 4 6 7 0 2
split_gain=3.94509 2.28414 3.114 1.65064 2.4818 3.19342 1.42597 2.97646 1.03967 0.926002 0.243855 0.207754 0.000110719 9.99449e-05 6.8684e-05 1.10405e-05 9.47065e-06 3.50746e-06 2.58354e-06 1.79537e-06 2.45439e-07 9.8652e-08 5.01315e-08 2.80301e-08 6.39137e-09 1.40955e-10 6.96316e-11 1.33227e-15 8.88178e-16 4.44089e-16
threshold=176.50000000000003 3.5000000000000004 1683.0000000000002 2087.5000000000005 572.00000000000011 1344.0000000000002 945.50000000000011 3600.0000000000005 1.0000000180025095e-35 3.5000000000000004 1.0000000180025095e-35 2027.5000000000002 1564.0000000000002 1519.5000000000002 1430.5000000000002 0.19615384615384618 1344.0000000000002 3.5000000000000004 1191.5000000000002 1241.5000000000002 0.22902097902097898 914.50000000000011 1071.0000000000002 413.50000000000006 177.50000000000003 170.50000000000003 -637.49999999999989 553.50000000000011 1.5000000000000002 2.5000000000000004
decision_type=2 2 2 2 2 2 2 2 2 2 2 2 2 2 2 2 2 2 2 2 2 2 2 2 2 2 2 2 2 2
left_child=1 12 6 4 9 11 8 -8 -3 13 -5 18 16 19 17 -10 28 21 23 22 -17 -12 24 26 -2 -22 -6 -26 -1 -30
right_child=3 2 -4 10 5 -7 7 -9 15 -11 14 -13 -14 -15 -16 20 -18 -19 -20 -21 25 -23 -24 -25 27 -27 -28 -29 29 -31
leaf_value=0.050153657243646503 0.050172463183764997 0.15136938233941716 -0.050674090895012347 0.1310105396258287 0.050156818763280625 -0.24668794953349044 -0.05012617226805504 0.16244512259818694 0.050902561600437372 -0.047010390396862778 0.050157411097453891 -0.054795674898901116 0.051690540342513983 0.05180993281590153 0.051959216839881986 0.050286826231813089 0.050835060447661388 0.050709758781309316 0.050648893598729199 0.050542909496668079 0.050153656821088438 0.050268917364360934 0.050206332180313486 0.050211827132821407 0.050153657243646524 0.050157287008597812 0.050153657243646246 0.050153646255795527 0.050153657243646566 0.050153657243646427
leaf_weight=9.1568188937380999 0.208624879829585 7.9634860754013044 1.1797121954150487 0.58224152773618687 0.12409813795238722 1.0293700108304618 1.3326789392158382 1.3024889412336049 0.27742995321750619 1.6408140887506304 0.23163470113649942 0.28161726705729961 0.48510365094989438 0.4743463429622351 0.5496843361761421 0.17362374207004905 0.2061733677983274 0.21283345948904753 0.15782090555876493 0.13338582357391704 0.58642624597996473 0.12067974172532558 0.22846805723384012 0.12549316184595227 1.2278322866186497 0.13082077354192734 0.15882407687604427 0.1221636771224438 9.2973171155899728 0.65362216252833683
leaf_count=1499 31 18 18 26 20 18 34 10 8 24 38 3 16 13 37 19 11 14 12 12 96 16 30 18 201 21 26 20 1522 107
internal_value=0.0564828 0.0715555 0.104216 -0.00837515 -0.0333261 -0.128317 0.119745 0.0549418 0.138445 0.0108601 0.0785578 0.0153957 0.0501984 0.0505101 0.0511633 0.0503517 0.0501609 0.0503892 0.0503053 0.050189 0.0501801 0.0501956 0.0501626 0.0501725 0.0501562 0.0501543 0.050155 0.0501537 0.0501537 0.0501537
internal_weight=40.3556 32.7457 12.9467 7.60993 5.91286 1.87722 11.767 2.63517 9.13179 4.03564 1.69707 0.847854 19.799 2.39482 1.11483 1.1683 19.3139 0.565148 0.566236 1.92047 0.890871 0.352314 1.78709 0.408415 1.55862 0.717247 0.282922 1.35 19.1078 9.95094
internal_count=3938 3379 224 559 428 97 206 44 162 331 131 79 3155 307 105 144 3139 68 76 294 136 54 282 64 252 117 46 221 3128 1629
is_linear=0
shrinkage=0.1


Tree=9
num_leaves=31
num_cat=0
split_feature=4 0 6 8 8 6 7 8 2 0 2 8 6 6 6 10 6 0 7 6 10 7 7 6 4 4 6 7 0 2
split_gain=3.94509 2.28414 3.114 1.65064 2.4818 3.19342 1.42597 2.97646 1.03967 0.926002 0.243855 0.207754 0.000110719 9.99449e-05 6.8684e-05 1.10405e-05 9.47065e-06 3.50746e-06 2.58354e-06 1.79537e-06 2.45439e-07 9.8652e-08 5.01315e-08 2.80301e-08 6.39137e-09 1.40955e-10 6.96316e-11 1.33227e-15 8.88178e-16 4.44089e-16
threshold=176.50000000000003 3.5000000000000004 1683.0000000000002 2087.5000000000005 572.00000000000011 1344.0000000000002 945.50000000000011 3600.0000000000005 1.0000000180025095e-35 3.5000000000000004 1.0000000180025095e-35 2027.5000000000002 1564.0000000000002 1519.5000000000002 1430.5000000000002 0.19615384615384618 1344.0000000000002 3.5000000000000004 1191.5000000000002 1241.5000000000002 0.22902097902097898 914.50000000000011 1071.0000000000002 413.50000000000006 177.50000000000003 170.50000000000003 -637.49999999999989 553.50000000000011 1.5000000000000002 2.5000000000000004
decision_type=2 2 2 2 2 2 2 2 2 2 2 2 2 2 2 2 2 2 2 2 2 2 2 2 2 2 2 2 2 2
left_child=1 12 6 4 9 11 8 -8 -3 13 -5 18 16 19 17 -10 28 21 23 22 -17 -12 24 26 -2 -22 -6 -26 -1 -30
right_child=3 2 -4 10 5 -7 7 -9 15 -11 14 -13 -14 -15 -16 20 -18 -19 -20 -21 25 -23 -24 -25 27 -27 -28 -29 29 -31
leaf_value=-0.050153657243646503 -0.050172463183764997 -0.15136938233941716 0.050674090895012347 -0.1310105396258287 -0.050156818763280625 0.24668794953349044 0.05012617226805504 -0.16244512259818694 -0.050902561600437372 0.047010390396862778 -0.050157411097453891 0.054795674898901116 -0.051690540342513983 -0.05180993281590153 -0.051959216839881986 -0.050286826231813089 -0.050835060447661388 -0.050709758781309316 -0.050648893598729199 -0.050542909496668079 -0.050153656821088438 -0.050268917364360934 -0.050206332180313486 -0.050211827132821407 -0.050153657243646524 -0.050157287008597812 -0.050153657243646246 -0.050153646255795527 -0.050153657243646566 -0.050153657243646427
leaf_weight=9.1568188937380999 0.208624879829585 7.9634860754013044 1.1797121954150487 0.58224152773618687 0.12409813795238722 1.0293700108304618 1.3326789392158382 1.3024889412336049 0.27742995321750619 1.6408140887506304 0.23163470113649942 0.28161726705729961 0.48510365094989438 0.4743463429622351 0.5496843361761421 0.17362374207004905 0.2061733677983274 0.21283345948904753 0.15782090555876493 0.13338582357391704 0.58642624597996473 0.12067974172532558 0.22846805723384012 0.12549316184595227 1.2278322866186497 0.13082077354192734 0.15882407687604427 0.1221636771224438 9.2973171155899728 0.65362216252833683
leaf_count=1499 31 18 18 26 20 18 34 10 8 24 38 3 16 13 37 19 11 14 12 12 96 16 30 18 201 21 26 20 1522 107
internal_value=-0.0564828 -0.0715555 -0.104216 0.00837515 0.0333261 0.128317 -0.119745 -0.0549418 -0.138445 -0.0108601 -0.0785578 -0.0153957 -0.0501984 -0.0505101 -0.0511633 -0.0503517 -0.0501609 -0.0503892 -0.0503053 -0.050189 -0.0501801 -0.0501956 -0.0501626 -0.0501725 -0.0501562 -0.0501543 -0.050155 -0.0501537 -0.0501537 -0.0501537
internal_weight=40.3556 32.7457 12.9467 7.60993 5.91286 1.87722 11.767 2.63517 9.13179 4.03564 1.69707 0.847854 19.799 2.39482 1.11483 1.1683 19.3139 0.565148 0.566236 1.92047 0.890871 0.352314 1.78709 0.408415 1.55862 0.717247 0.282922 1.35 19.1078 9.95094
internal_count=3938 3379 224 559 428 97 206 44 162 331 131 79 3155 307 105 144 3139 68 76 294 136 54 282 64 252 117 46 221 3128 1629
is_linear=0
shrinkage=0.1


Tree=10
num_leaves=31
num_cat=0
split_feature=4 8 0 0 10 6 6 2 10 4 6 7 4 7 8 6 6 6 6 6 6 0 6 6 7 7 6 4 7 8
split_gain=3.31458 3.54663 2.20627 2.11933 1.24028 0.786142 0.660371 0.457965 0.0572516 0.161011 0.0446358 0.0829561 0.124541 0.00585269 0.00788434 9.617e-05 9.17769e-05 5.78041e-05 7.0226e-05 9.12642e-06 7.28358e-06 2.73253e-06 1.65174e-07 1.13672e-07 6.05129e-08 3.54967e-08 2.34397e-08 7.97781e-09 6.97368e-09 1.06898e-09
threshold=172.50000000000003 2219.5000000000005 2.5000000000000004 3.5000000000000004 0.26491228070175438 1344.0000000000002 952.00000000000011 1.0000000180025095e-35 0.25543478260869573 169.50000000000003 619.50000000000011 2239.5000000000005 183.50000000000003 -894.49999999999989 -1412.9999999999998 1564.0000000000002 1519.5000000000002 1430.5000000000002 1564.0000000000002 1344.0000000000002 1344.0000000000002 3.5000000000000004 82.000000000000014 1026.5000000000002 1108.5000000000002 974.00000000000011 813.50000000000011 179.50000000000003 553.50000000000011 4345.0000000000009
decision_type=2 2 2 2 2 2 2 2 2 2 2 2 2 2 2 2 2 2 2 2 2 2 2 2 2 2 2 2 2 2
left_child=3 2 16 15 5 10 8 -3 13 28 11 12 22 -5 -15 20 23 21 -19 24 -1 26 -4 25 27 -2 29 -6 -10 -9
right_child=1 7 4 6 19 -7 -8 17 9 -11 -12 -13 -14 14 -16 -17 -18 18 -20 -21 -22 -23 -24 -25 -26 -27 -28 -29 -30 -31
leaf_value=0.050138990706383557 0.050140570289383971 0.12777717074095865 0.050141286607368753 0.12383663201332273 0.050144746733128277 -0.11652036251836449 0.039103485225776953 0.050143610543479503 0.050138990706383439 0.12159942444257306 -0.047723786173344065 -0.05798979142420746 -0.04503876032336547 0.1228737882451429 0.11420788755958616 0.052132805664305108 0.052078102277171134 0.052680315119207101 0.050385363481455683 0.050828233675445061 0.050851345601016 0.050574366419293561 0.05029685308712907 0.050241853014910458 0.050234712808628061 0.050195372242177627 0.050192628142818788 0.050180575539567909 0.050166123678622526 0.050131816238470378
leaf_weight=16.06681243330241 2.2524669524282213 2.0196012870874251 0.16787774302065406 3.4091848852112889 0.13665352016687382 2.5014502080157399 1.2263614034745831 0.277880481444299 0.3262016288936137 1.0045095765963195 1.7500426438637076 0.35587652772665024 0.26675429381430149 1.973914625123143 2.2427262056153285 0.24718284793198009 0.2733805663883685 0.29800547240301967 0.24130428209900856 0.45554994093254209 0.14482698775827785 0.22194318054243922 0.11500749457627535 0.12347947293892492 0.20082605490460992 0.12473963852971781 0.11041504144668579 0.11398410424590111 0.13348964974284172 0.10622163536027074
leaf_count=2906 404 34 30 11 24 26 38 49 59 10 31 2 6 10 33 6 7 12 32 27 8 20 15 17 25 19 18 17 21 21
internal_value=0.0528124 0.00940786 -0.0235322 0.0724491 -0.0573254 -0.0762919 0.107985 0.0982917 0.117278 0.0991666 -0.038398 -0.0203744 0.0039805 0.120756 0.118265 0.0501752 0.0503385 0.0508715 0.0516535 0.0505125 0.0501454 0.0502829 0.0502045 0.0501483 0.0501938 0.0501434 0.050152 0.050161 0.0501469 0.0501403
internal_weight=38.8887 12.1135 8.83809 26.7752 6.06402 5.15701 10.3164 3.27537 9.09003 1.4642 2.65556 0.905516 0.54964 7.62583 4.21664 16.4588 2.77407 1.25577 0.53931 0.907014 16.2116 0.71646 0.282885 2.50069 0.451464 2.37721 0.494517 0.250638 0.459691 0.384102
internal_count=3938 836 650 3102 203 110 182 186 144 90 84 53 51 54 43 2920 447 152 44 93 2914 108 45 440 66 423 88 41 80 70
is_linear=0
shrinkage=0.1


Tree=11
num_leaves=31
num_cat=0
split_feature=4 8 0 0 10 6 6 2 10 4 6 7 4 7 8 6 6 6 6 6 6 0 6 6 7 7 6 4 7 8
split_gain=3.31458 3.54663 2.20627 2.11933 1.24028 0.786142 0.660371 0.457965 0.0572516 0.161011 0.0446358 0.0829561 0.124541 0.00585269 0.00788434 9.617e-05 9.17769e-05 5.78041e-05 7.0226e-05 9.12642e-06 7.28358e-06 2.73253e-06 1.65174e-07 1.13672e-07 6.05129e-08 3.54967e-08 2.34397e-08 7.97781e-09 6.97368e-09 1.06898e-09
threshold=172.50000000000003 2219.5000000000005 2.5000000000000004 3.5000000000000004 0.26491228070175438 1344.0000000000002 952.00000000000011 1.0000000180025095e-35 0.25543478260869573 169.50000000000003 619.50000000000011 2239.5000000000005 183.50000000000003 -894.49999999999989 -1412.9999999999998 1564.0000000000002 1519.5000000000002 1430.5000000000002 1564.0000000000002 1344.0000000000002 1344.0000000000002 3.5000000000000004 82.000000000000014 1026.5000000000002 1108.5000000000002 974.00000000000011 813.50000000000011 179.50000000000003 553.50000000000011 4345.0000000000009
decision_type=2 2 2 2 2 2 2 2 2 2 2 2 2 2 2 2 2 2 2 2 2 2 2 2 2 2 2 2 2 2
left_child=3 2 16 15 5 10 8 -3 13 28 11 12 22 -5 -15 20 23 21 -19 24 -1 26 -4 25 27 -2 29 -6 -10 -9
right_child=1 7 4 6 19 -7 -8 17 9 -11 -12 -13 -14 14 -16 -17 -18 18 -20 -21 -22 -23 -24 -25 -26 -27 -28 -29 -30 -31
leaf_value=-0.050138990706383557 -0.050140570289383971 -0.12777717074095865 -0.050141286607368753 -0.12383663201332273 -0.050144746733128277 0.11652036251836449 -0.039103485225776953 -0.050143610543479503 -0.050138990706383439 -0.12159942444257306 0.047723786173344065 0.05798979142420746 0.04503876032336547 -0.1228737882451429 -0.11420788755958616 -0.052132805664305108 -0.052078102277171134 -0.052680315119207101 -0.050385363481455683 -0.050828233675445061 -0.050851345601016 -0.050574366419293561 -0.05029685308712907 -0.050241853014910458 -0.050234712808628061 -0.050195372242177627 -0.050192628142818788 -0.050180575539567909 -0.050166123678622526 -0.050131816238470378
leaf_weight=16.06681243330241 2.2524669524282213 2.0196012870874251 0.16787774302065406 3.4091848852112889 0.13665352016687382 2.5014502080157399 1.2263614034745831 0.277880481444299 0.3262016288936137 1.0045095765963195 1.7500426438637076 0.35587652772665024 0.26675429381430149 1.973914625123143 2.2427262056153285 0.24718284793198009 0.2733805663883685 0.29800547240301967 0.24130428209900856 0.45554994093254209 0.14482698775827785 0.22194318054243922 0.11500749457627535 0.12347947293892492 0.20082605490460992 0.12473963852971781 0.11041504144668579 0.11398410424590111 0.13348964974284172 0.10622163536027074
leaf_count=2906 404 34 30 11 24 26 38 49 59 10 31 2 6 10 33 6 7 12 32 27 8 20 15 17 25 19 18 17 21 21
internal_value=-0.0528124 -0.00940786 0.0235322 -0.0724491 0.0573254 0.0762919 -0.107985 -0.0982917 -0.117278 -0.0991666 0.038398 0.0203744 -0.0039805 -0.120756 -0.118265 -0.0501752 -0.0503385 -0.0508715 -0.0516535 -0.0505125 -0.0501454 -0.0502829 -0.0502045 -0.0501483 -0.0501938 -0.0501434 -0.050152 -0.050161 -0.0501469 -0.0501403
internal_weight=38.8887 12.1135 8.83809 26.7752 6.06402 5.15701 10.3164 3.27537 9.09003 1.4642 2.65556 0.905516 0.54964 7.62583 4.21664 16.4588 2.77407 1.25577 0.53931 0.907014 16.2116 0.71646 0.282885 2.50069 0.451464 2.37721 0.494517 0.250638 0.459691 0.384102
internal_count=3938 836 650 3102 203 110 182 186 144 90 84 53 51 54 43 2920 447 152 44 93 2914 108 45 440 66 423 88 41 80 70
is_linear=0
shrinkage=0.1


Tree=12
num_leaves=31
num_cat=0
split_feature=4 1 6 6 0 2 7 8 6 0 8 4 10 4 8 4 6 6 6 6 6 0 8 7 10 8 8 0 6 8
split_gain=2.91185 1.31738 1.42314 1.19877 1.1678 0.988512 0.77183 1.70709 0.443445 0.340806 0.222637 0.12929 0.0310256 0.077894 0.0091261 0.0105506 9.75966e-05 6.5927e-05 5.62171e-06 4.51375e-06 3.0748e-06 1.86058e-06 8.75146e-07 3.65024e-07 2.22331e-08 1.52293e-09 1.3722e-09 1.37012e-09 6.64713e-10 2.97227e-11
threshold=176.50000000000003 2.5000000000000004 1564.0000000000002 1683.0000000000002 3.5000000000000004 1.0000000180025095e-35 945.50000000000011 2219.5000000000005 1344.0000000000002 3.5000000000000004 4573.5000000000009 177.50000000000003 0.26969696969696971 169.50000000000003 -76.999999999999986 165.50000000000003 1430.5000000000002 1564.0000000000002 1344.0000000000002 1182.0000000000002 1137.0000000000002 3.5000000000000004 745.50000000000011 1108.5000000000002 0.13714733542319749 2160.0000000000005 -541.49999999999989 2.5000000000000004 697.50000000000011 218.50000000000003
decision_type=2 2 2 2 2 2 2 2 2 2 2 2 2 2 2 2 2 2 2 2 2 2 2 2 2 2 2 2 2 2
left_child=3 10 5 4 17 8 12 -8 9 24 11 -2 14 -14 -6 -16 19 18 -1 21 25 23 -22 28 26 27 -3 -13 29 -7
right_child=1 2 -4 -5 6 16 7 -9 -10 -11 -12 20 13 -15 15 -17 -18 -19 -20 -21 22 -23 -24 -25 -26 -27 -28 -29 -30 -31
leaf_value=0.050125717736218905 -0.014678068553453659 0.050125729366404206 -0.13653504401817768 -0.031603744563979484 0.10854021422124874 0.0501257283870589 -0.04931717186514338 0.11187068459575955 -0.13420244289709082 -0.056910897687864684 0.1098147908053297 0.050126036683789649 0.050126165692668027 0.10371444532555965 0.094971905358734218 0.10720088996296147 0.052029986147126089 0.051869593749224341 0.050694584083764628 0.050839831378451342 0.050530248201200036 0.050504246417357727 0.050287195870355086 0.050299426875402488 0.050174846143575258 0.050116575596934734 0.050111119208797045 0.050136729069065827 0.050134924773616564 0.050127191234969531
leaf_weight=15.649498843122279 0.38803755491971914 0.22017060313373782 1.1197629277594385 1.2610714947804798 5.5605096207000315 0.34526562597602584 1.1421756427735084 1.5468880431726573 0.51816441863775242 1.0490016490221024 0.53621300100348879 0.58159480942413189 0.36150290677323837 1.0864237449131904 1.3070535031147286 1.5328941331245003 0.44955396559089411 0.22142024151980955 0.17566918162629086 0.134246524889022 0.33032139064744115 0.19162063486874104 0.26860886951908469 0.15103450603783131 0.10414956789463758 0.13212200067937374 0.090794749557972287 0.15094571467489004 0.10620339354500175 0.23237898154184222
leaf_count=3128 23 44 12 27 28 69 25 19 2 5 16 116 72 21 31 10 10 7 11 7 28 13 37 15 18 29 21 28 20 46
internal_value=0.0501196 -0.00743843 -0.0381008 0.0638128 0.0680224 -0.00742005 0.0908894 0.0434064 -0.054698 -0.0265607 0.0530729 0.036641 0.103854 0.0903351 0.106185 0.101573 0.050779 0.050156 0.050132 0.0502945 0.0502471 0.0502232 0.0504212 0.0501587 0.0501349 0.0501265 0.0501215 0.0501282 0.0501277 0.0501263
internal_weight=36.9453 7.10019 4.71235 29.8451 28.584 3.59258 12.5374 2.68906 1.98228 1.46412 2.38784 1.85163 9.84838 1.44793 8.40046 2.83995 1.6103 16.0466 15.8252 1.16075 1.46359 1.0265 0.59893 0.834883 0.415115 0.864663 0.310965 0.732541 0.683848 0.577645
internal_count=3938 559 282 3379 3352 270 206 44 90 88 277 261 162 93 69 41 180 3146 3139 170 238 163 65 150 83 173 65 144 135 115
is_linear=0
shrinkage=0.1


Tree=13
num_leaves=31
num_cat=0
split_feature=4 1 6 6 0 2 7 8 6 0 8 4 10 4 8 4 6 6 6 6 6 0 8 7 10 8 8 0 6 8
split_gain=2.91185 1.31738 1.42314 1.19877 1.1678 0.988512 0.77183 1.70709 0.443445 0.340806 0.222637 0.12929 0.0310256 0.077894 0.0091261 0.0105506 9.75966e-05 6.5927e-05 5.62171e-06 4.51375e-06 3.0748e-06 1.86058e-06 8.75146e-07 3.65024e-07 2.22331e-08 1.52293e-09 1.3722e-09 1.37012e-09 6.64713e-10 2.97227e-11
threshold=176.50000000000003 2.5000000000000004 1564.0000000000002 1683.0000000000002 3.5000000000000004 1.0000000180025095e-35 945.50000000000011 2219.5000000000005 1344.0000000000002 3.5000000000000004 4573.5000000000009 177.50000000000003 0.26969696969696971 169.50000000000003 -76.999999999999986 165.50000000000003 1430.5000000000002 1564.0000000000002 1344.0000000000002 1182.0000000000002 1137.0000000000002 3.5000000000000004 745.50000000000011 1108.5000000000002 0.13714733542319749 2160.0000000000005 -541.49999999999989 2.5000000000000004 697.50000000000011 218.50000000000003
decision_type=2 2 2 2 2 2 2 2 2 2 2 2 2 2 2 2 2 2 2 2 2 2 2 2 2 2 2 2 2 2
left_child=3 10 5 4 17 8 12 -8 9 24 11 -2 14 -14 -6 -16 19 18 -1 21 25 23 -22 28 26 27 -3 -13 29 -7
right_child=1 2 -4 -5 6 16 7 -9 -10 -11 -12 20 13 -15 15 -17 -18 -19 -20 -21 22 -23 -24 -25 -26 -27 -28 -29 -30 -31
leaf_value=-0.050125717736218905 0.014678068553453659 -0.050125729366404206 0.13653504401817768 0.031603744563979484 -0.10854021422124874 -0.0501257283870589 0.04931717186514338 -0.11187068459575955 0.13420244289709082 0.056910897687864684 -0.1098147908053297 -0.050126036683789649 -0.050126165692668027 -0.10371444532555965 -0.094971905358734218 -0.10720088996296147 -0.052029986147126089 -0.051869593749224341 -0.050694584083764628 -0.050839831378451342 -0.050530248201200036 -0.050504246417357727 -0.050287195870355086 -0.050299426875402488 -0.050174846143575258 -0.050116575596934734 -0.050111119208797045 -0.050136729069065827 -0.050134924773616564 -0.050127191234969531
leaf_weight=15.649498843122279 0.38803755491971914 0.22017060313373782 1.1197629277594385 1.2610714947804798 5.5605096207000315 0.34526562597602584 1.1421756427735084 1.5468880431726573 0.51816441863775242 1.0490016490221024 0.53621300100348879 0.58159480942413189 0.36150290677323837 1.0864237449131904 1.3070535031147286 1.5328941331245003 0.44955396559089411 0.22142024151980955 0.17566918162629086 0.134246524889022 0.33032139064744115 0.19162063486874104 0.26860886951908469 0.15103450603783131 0.10414956789463758 0.13212200067937374 0.090794749557972287 0.15094571467489004 0.10620339354500175 0.23237898154184222
leaf_count=3128 23 44 12 27 28 69 25 19 2 5 16 116 72 21 31 10 10 7 11 7 28 13 37 15 18 29 21 28 20 46
internal_value=-0.0501196 0.00743843 0.0381008 -0.0638128 -0.0680224 0.00742005 -0.0908894 -0.0434064 0.054698 0.0265607 -0.0530729 -0.036641 -0.103854 -0.0903351 -0.106185 -0.101573 -0.050779 -0.050156 -0.050132 -0.0502945 -0.0502471 -0.0502232 -0.0504212 -0.0501587 -0.0501349 -0.0501265 -0.0501215 -0.0501282 -0.0501277 -0.0501263
internal_weight=36.9453 7.10019 4.71235 29.8451 28.584 3.59258 12.5374 2.68906 1.98228 1.46412 2.38784 1.85163 9.84838 1.44793 8.40046 2.83995 1.6103 16.0466 15.8252 1.16075 1.46359 1.0265 0.59893 0.834883 0.415115 0.864663 0.310965 0.732541 0.683848 0.577645
internal_count=3938 559 282 3379 3352 270 206 44 90 88 277 261 162 93 69 41 180 3146 3139 170 238 163 65 150 83 173 65 144 135 115
is_linear=0
shrinkage=0.1


Tree=14
num_leaves=31
num_cat=0
split_feature=7 8 10 0 4 1 4 10 0 2 10 4 4 6 1 6 6 6 10 10 1 6 4 4 4 1 8 10 7 4
split_gain=2.60445 3.5062 0.742082 0.622306 1.03535 0.510004 0.484869 0.417905 0.231062 0.160603 0.0109097 0.0664131 0.00124603 0.00020661 3.65057e-05 6.41084e-06 5.91398e-06 2.44103e-06 4.73088e-07 4.43353e-07 1.60048e-08 2.30115e-09 2.01579e-09 1.23459e-09 1.20595e-08 1.87589e-08 2.33674e-09 1.75011e-09 9.20894e-10 5.46023e-10
threshold=1003.5000000000001 2219.5000000000005 0.26491228070175438 3.5000000000000004 171.50000000000003 2.5000000000000004 176.50000000000003 0.20942982456140347 3.5000000000000004 1.0000000180025095e-35 0.25543478260869573 168.50000000000003 165.50000000000003 1564.0000000000002 2.5000000000000004 1344.0000000000002 1519.5000000000002 1519.5000000000002 0.19615384615384618 0.36038961038961043 2.5000000000000004 1683.0000000000002 176.50000000000003 176.50000000000003 177.50000000000003 2.5000000000000004 2160.0000000000005 0.13484848484848483 553.50000000000011 175.50000000000003
decision_type=2 2 2 2 2 2 2 2 2 2 2 2 2 2 2 2 2 2 2 2 2 2 2 2 2 2 2 2 2 2
left_child=3 2 5 13 10 8 -7 -6 17 -3 12 28 -5 15 18 23 19 22 -11 20 -4 29 -2 -1 25 -25 -26 -28 -12 -20
right_child=1 9 16 4 7 6 -8 -9 -10 14 11 -13 -14 -15 -16 -17 -18 -19 21 -21 -22 -23 -24 24 26 -27 27 -29 -30 -31
leaf_value=0.050113719313758014 0.050113691255577068 0.10189610052777394 0.050122961371188074 0.094478795245171276 -0.048991737461366182 -0.041928997530861739 -0.11642822145477108 0.052745906236195163 -0.045221435045942122 0.05036159490103758 0.050112326815248735 0.099015782325308416 0.097017202965236776 0.052320772758552792 0.051462731657828213 0.050711949622115671 0.050856481487196292 0.05058770639495417 0.050108520726685035 0.050369418504182285 0.050173027470516524 0.050131079643433024 0.050132852909254955 0.050166422943269839 0.050114536961454639 0.050112563227238449 0.050091892950846317 0.050111419359380627 0.0501236812783796 0.05011877125682386
leaf_weight=13.701536996290086 0.11770586436614194 2.0037403176538651 0.13363545993342985 4.2843623445369321 0.7221765536814917 1.5758251869119706 1.9604781381785867 0.91569651500321925 0.57476269407197833 0.10758665949106205 0.28141613584011782 1.0536510578822342 3.5246209828183055 0.43897409411147315 0.46717484225519001 0.18143351026810783 0.23765033204108477 0.23106496315449476 0.12315043015405536 0.13769849855452776 0.1222707754932344 0.10252338415011764 0.10289241699501872 0.11562127224169572 1.2752355157863347 0.14673505141399801 0.08440922969020892 0.1006126927677542 0.095726704690605402 0.089901827275753021
leaf_count=3026 26 5 28 39 5 34 22 40 10 16 63 13 13 11 30 8 15 13 29 14 19 21 20 18 280 33 24 23 20 20
internal_value=0.0477501 -0.00201144 -0.0511589 0.0626996 0.0811644 -0.0652183 -0.0832303 0.0078874 -0.00316202 0.0861932 0.0941537 0.0861261 0.0956245 0.0501812 0.0508533 0.050121 0.0504626 0.0503606 0.0501805 0.0502247 0.0501469 0.0501188 0.0501226 0.050114 0.0501166 0.0501363 0.050113 0.0501025 0.0501152 0.0501128
internal_weight=35.0103 8.08806 5.19398 26.9222 10.8777 4.56273 3.5363 1.63787 1.02643 2.89408 9.23978 1.43079 7.80898 16.0446 0.890337 15.6056 0.631255 0.451663 0.423162 0.393605 0.255906 0.315576 0.220598 15.4242 1.72261 0.262356 1.46026 0.185022 0.377143 0.213052
internal_count=3938 322 201 3616 193 125 56 45 69 121 148 96 52 3423 116 3412 76 59 86 61 47 70 46 3404 378 51 327 47 83 49
is_linear=0
shrinkage=0.1


Tree=15
num_leaves=31
num_cat=0
split_feature=7 8 10 0 4 1 4 10 0 2 10 4 4 6 1 6 6 6 10 10 1 6 4 4 4 1 8 10 7 4
split_gain=2.60445 3.5062 0.742082 0.622306 1.03535 0.510004 0.484869 0.417905 0.231062 0.160603 0.0109097 0.0664131 0.00124603 0.00020661 3.65057e-05 6.41084e-06 5.91398e-06 2.44103e-06 4.73088e-07 4.43353e-07 1.60048e-08 2.30115e-09 2.01579e-09 1.23459e-09 1.20595e-08 1.87589e-08 2.33674e-09 1.75011e-09 9.20894e-10 5.46023e-10
threshold=1003.5000000000001 2219.5000000000005 0.26491228070175438 3.5000000000000004 171.50000000000003 2.5000000000000004 176.50000000000003 0.20942982456140347 3.5000000000000004 1.0000000180025095e-35 0.25543478260869573 168.50000000000003 165.50000000000003 1564.0000000000002 2.5000000000000004 1344.0000000000002 1519.5000000000002 1519.5000000000002 0.19615384615384618 0.36038961038961043 2.5000000000000004 1683.0000000000002 176.50000000000003 176.50000000000003 177.50000000000003 2.5000000000000004 2160.0000000000005 0.13484848484848483 553.50000000000011 175.50000000000003
decision_type=2 2 2 2 2 2 2 2 2 2 2 2 2 2 2 2 2 2 2 2 2 2 2 2 2 2 2 2 2 2
left_child=3 2 5 13 10 8 -7 -6 17 -3 12 28 -5 15 18 23 19 22 -11 20 -4 29 -2 -1 25 -25 -26 -28 -12 -20
right_child=1 9 16 4 7 6 -8 -9 -10 14 11 -13 -14 -15 -16 -17 -18 -19 21 -21 -22 -23 -24 24 26 -27 27 -29 -30 -31
leaf_value=-0.050113719313758014 -0.050113691255577068 -0.10189610052777394 -0.050122961371188074 -0.094478795245171276 0.048991737461366182 0.041928997530861739 0.11642822145477108 -0.052745906236195163 0.045221435045942122 -0.05036159490103758 -0.050112326815248735 -0.099015782325308416 -0.097017202965236776 -0.052320772758552792 -0.051462731657828213 -0.050711949622115671 -0.050856481487196292 -0.05058770639495417 -0.050108520726685035 -0.050369418504182285 -0.050173027470516524 -0.050131079643433024 -0.050132852909254955 -0.050166422943269839 -0.050114536961454639 -0.050112563227238449 -0.050091892950846317 -0.050111419359380627 -0.0501236812783796 -0.05011877125682386
leaf_weight=13.701536996290086 0.11770586436614194 2.0037403176538651 0.13363545993342985 4.2843623445369321 0.7221765536814917 1.5758251869119706 1.9604781381785867 0.91569651500321925 0.57476269407197833 0.10758665949106205 0.28141613584011782 1.0536510578822342 3.5246209828183055 0.43897409411147315 0.46717484225519001 0.18143351026810783 0.23765033204108477 0.23106496315449476 0.12315043015405536 0.13769849855452776 0.1222707754932344 0.10252338415011764 0.10289241699501872 0.11562127224169572 1.2752355157863347 0.14673505141399801 0.08440922969020892 0.1006126927677542 0.095726704690605402 0.089901827275753021
leaf_count=3026 26 5 28 39 5 34 22 40 10 16 63 13 13 11 30 8 15 13 29 14 19 21 20 18 280 33 24 23 20 20
internal_value=-0.0477501 0.00201144 0.0511589 -0.0626996 -0.0811644 0.0652183 0.0832303 -0.0078874 0.00316202 -0.0861932 -0.0941537 -0.0861261 -0.0956245 -0.0501812 -0.0508533 -0.050121 -0.0504626 -0.0503606 -0.0501805 -0.0502247 -0.0501469 -0.0501188 -0.0501226 -0.050114 -0.0501166 -0.0501363 -0.050113 -0.0501025 -0.0501152 -0.0501128
internal_weight=35.0103 8.08806 5.19398 26.9222 10.8777 4.56273 3.5363 1.63787 1.02643 2.89408 9.23978 1.43079 7.80898 16.0446 0.890337 15.6056 0.631255 0.451663 0.423162 0.393605 0.255906 0.315576 0.220598 15.4242 1.72261 0.262356 1.46026 0.185022 0.377143 0.213052
internal_count=3938 322 201 3616 193 125 56 45 69 121 148 96 52 3423 116 3412 76 59 86 61 47 70 46 3404 378 51 327 47 83 49
is_linear=0
shrinkage=0.1


Tree=16
num_leaves=31
num_cat=0
split_feature=7 8 10 4 0 0 10 2 2 8 4 4 10 1 6 6 1 8 6 6 6 6 10 10 4 1 6 4 4 1
split_gain=2.32707 2.93717 0.617646 0.5128 0.718418 0.537826 0.408001 1.01923 0.0992179 0.00584065 0.00537876 0.00206739 0.00237269 0.00339719 9.86983e-05 4.65762e-05 2.70945e-05 9.47399e-06 4.38095e-06 3.64582e-06 2.04901e-06 1.10846e-06 3.50778e-07 3.28692e-07 1.39909e-07 1.18482e-08 1.70345e-09 1.4868e-09 7.84286e-09 1.38859e-08
threshold=1003.5000000000001 2219.5000000000005 0.26491228070175438 172.50000000000003 3.5000000000000004 3.5000000000000004 0.18634259259259259 1.0000000180025095e-35 1.0000000180025095e-35 395.00000000000006 165.50000000000003 168.50000000000003 0.22474747474747472 4.5000000000000009 1564.0000000000002 1564.0000000000002 2.5000000000000004 1842.5000000000002 1519.5000000000002 1344.0000000000002 1564.0000000000002 1311.0000000000002 0.19615384615384618 0.36038961038961043 176.50000000000003 2.5000000000000004 1683.0000000000002 177.50000000000003 176.50000000000003 2.5000000000000004
decision_type=2 2 2 2 2 2 2 2 2 2 2 2 2 2 2 2 2 2 2 2 2 2 2 2 2 2 2 2 2 2
left_child=3 2 6 4 15 14 -2 -8 -3 11 -11 12 -6 -14 21 19 22 20 23 -1 24 27 -10 25 -9 -4 -24 28 -5 -30
right_child=1 8 18 5 9 -7 7 17 16 10 -12 -13 13 -15 -16 -17 -18 -19 -20 -21 -22 -23 26 -25 -26 -27 -28 -29 29 -31
leaf_value=0.050102887788460164 -0.12153827731408939 0.092345240637771442 0.050111234493232029 0.050102718894485643 0.088645710122684962 -0.033096419650409346 -0.074740354766224371 0.050122136956806118 0.050327197127373748 0.075740362186846155 0.086662007153882559 0.090308617187691842 0.078540074968714152 0.087643503113666976 0.052115674040330476 0.052053682724473908 0.05132381346688375 0.051083074732133055 0.05077463630779281 0.050750946547879594 0.050560391730476231 0.05046358023103216 0.050102085811909614 0.050334251775040043 0.050255237709257085 0.05015651380025285 0.050118576086275485 0.050102236150067293 0.050150538103349684 0.050101829511106602
leaf_weight=11.554144424386322 0.86748807737603684 1.9902468682266774 0.12094522267580021 0.84196837013587422 2.9929616097360849 1.0742393794935194 2.7470044274814431 0.16408945433795441 0.097411589231341966 0.78761660633608688 1.0548502574674783 3.0060420529916883 0.68720902386121419 1.0159698803909123 0.27450865018181492 0.12431539967656213 0.42380322306416929 0.26105692144483328 0.21536390157416463 0.087466591969133201 0.27229629829525948 0.089169853134080657 0.19281695247627795 0.1246773786842823 0.15225002123042941 0.11066974652931094 0.092788960319012403 1.3134054095717145 0.10464990790933371 0.13279836066067219
leaf_count=2819 25 5 28 206 11 39 16 35 16 48 18 17 50 10 9 2 30 13 15 3 16 8 49 14 20 19 21 325 18 33
internal_value=0.0457822 -0.00181155 -0.0474487 0.0606102 0.0666654 0.0269253 -0.059981 -0.045134 0.0803536 0.087051 0.0819932 0.0882609 0.0869501 0.0839704 0.0503164 0.0501283 0.0507729 0.0505817 0.0504186 0.0501078 0.0503593 0.0501174 0.0501633 0.0502033 0.0501862 0.0501329 0.0501074 0.0501045 0.0501072 0.0501233
internal_weight=32.9742 7.83291 5.03584 25.1413 21.3106 3.83074 4.46419 3.5967 2.79707 9.54465 1.84247 7.70218 4.69614 1.70318 2.7565 11.7659 0.806821 0.849693 0.571656 11.6416 0.588636 2.48199 0.383018 0.356292 0.316339 0.231615 0.285606 2.39282 1.07942 0.237448
internal_count=3938 322 201 3616 2978 638 125 100 121 154 66 88 71 60 599 2824 116 84 76 2822 71 590 86 61 55 47 70 582 257 51
is_linear=0
shrinkage=0.1


Tree=17
num_leaves=31
num_cat=0
split_feature=7 8 10 4 0 0 10 2 2 8 4 4 10 1 6 6 1 8 6 6 6 6 10 10 4 1 6 4 4 1
split_gain=2.32707 2.93717 0.617646 0.5128 0.718418 0.537826 0.408001 1.01923 0.0992179 0.00584065 0.00537876 0.00206739 0.00237269 0.00339719 9.86983e-05 4.65762e-05 2.70945e-05 9.47399e-06 4.38095e-06 3.64582e-06 2.04901e-06 1.10846e-06 3.50778e-07 3.28692e-07 1.39909e-07 1.18482e-08 1.70345e-09 1.4868e-09 7.84286e-09 1.38859e-08
threshold=1003.5000000000001 2219.5000000000005 0.26491228070175438 172.50000000000003 3.5000000000000004 3.5000000000000004 0.18634259259259259 1.0000000180025095e-35 1.0000000180025095e-35 395.00000000000006 165.50000000000003 168.50000000000003 0.22474747474747472 4.5000000000000009 1564.0000000000002 1564.0000000000002 2.5000000000000004 1842.5000000000002 1519.5000000000002 1344.0000000000002 1564.0000000000002 1311.0000000000002 0.19615384615384618 0.36038961038961043 176.50000000000003 2.5000000000000004 1683.0000000000002 177.50000000000003 176.50000000000003 2.5000000000000004
decision_type=2 2 2 2 2 2 2 2 2 2 2 2 2 2 2 2 2 2 2 2 2 2 2 2 2 2 2 2 2 2
left_child=3 2 6 4 15 14 -2 -8 -3 11 -11 12 -6 -14 21 19 22 20 23 -1 24 27 -10 25 -9 -4 -24 28 -5 -30
right_child=1 8 18 5 9 -7 7 17 16 10 -12 -13 13 -15 -16 -17 -18 -19 -20 -21 -22 -23 26 -25 -26 -27 -28 -29 29 -31
leaf_value=-0.050102887788460164 0.12153827731408939 -0.092345240637771442 -0.050111234493232029 -0.050102718894485643 -0.088645710122684962 0.033096419650409346 0.074740354766224371 -0.050122136956806118 -0.050327197127373748 -0.075740362186846155 -0.086662007153882559 -0.090308617187691842 -0.078540074968714152 -0.087643503113666976 -0.052115674040330476 -0.052053682724473908 -0.05132381346688375 -0.051083074732133055 -0.05077463630779281 -0.050750946547879594 -0.050560391730476231 -0.05046358023103216 -0.050102085811909614 -0.050334251775040043 -0.050255237709257085 -0.05015651380025285 -0.050118576086275485 -0.050102236150067293 -0.050150538103349684 -0.050101829511106602
leaf_weight=11.554144424386322 0.86748807737603684 1.9902468682266774 0.12094522267580021 0.84196837013587422 2.9929616097360849 1.0742393794935194 2.7470044274814431 0.16408945433795441 0.097411589231341966 0.78761660633608688 1.0548502574674783 3.0060420529916883 0.68720902386121419 1.0159698803909123 0.27450865018181492 0.12431539967656213 0.42380322306416929 0.26105692144483328 0.21536390157416463 0.087466591969133201 0.27229629829525948 0.089169853134080657 0.19281695247627795 0.1246773786842823 0.15225002123042941 0.11066974652931094 0.092788960319012403 1.3134054095717145 0.10464990790933371 0.13279836066067219
leaf_count=2819 25 5 28 206 11 39 16 35 16 48 18 17 50 10 9 2 30 13 15 3 16 8 49 14 20 19 21 325 18 33
internal_value=-0.0457822 0.00181155 0.0474487 -0.0606102 -0.0666654 -0.0269253 0.059981 0.045134 -0.0803536 -0.087051 -0.0819932 -0.0882609 -0.0869501 -0.0839704 -0.0503164 -0.0501283 -0.0507729 -0.0505817 -0.0504186 -0.0501078 -0.0503593 -0.0501174 -0.0501633 -0.0502033 -0.0501862 -0.0501329 -0.0501074 -0.0501045 -0.0501072 -0.0501233
internal_weight=32.9742 7.83291 5.03584 25.1413 21.3106 3.83074 4.46419 3.5967 2.79707 9.54465 1.84247 7.70218 4.69614 1.70318 2.7565 11.7659 0.806821 0.849693 0.571656 11.6416 0.588636 2.48199 0.383018 0.356292 0.316339 0.231615 0.285606 2.39282 1.07942 0.237448
internal_count=3938 322 201 3616 2978 638 125 100 121 154 66 88 71 60 599 2824 116 84 76 2822 71 590 86 61 55 47 70 582 257 51
is_linear=0
shrinkage=0.1


Tree=18
num_leaves=31
num_cat=0
split_feature=7 8 10 4 0 0 1 6 0 2 8 8 8 4 10 4 6 6 1 6 6 6 6 10 10 10 1 6 4 4
split_gain=2.06131 2.51363 0.534352 0.439888 0.482539 0.482339 0.374939 0.390022 0.180506 0.0632786 0.00799177 0.00282036 0.003227 0.00108706 0.00111011 0.00175243 7.32361e-05 3.44002e-05 2.01056e-05 3.24529e-06 2.69531e-06 1.39542e-06 8.2086e-07 2.60065e-07 2.43662e-07 1.2518e-08 8.77097e-09 1.26173e-09 1.10109e-09 5.80443e-09
threshold=1003.5000000000001 2219.5000000000005 0.26491228070175438 172.50000000000003 3.5000000000000004 3.5000000000000004 2.5000000000000004 1344.0000000000002 3.5000000000000004 1.0000000180025095e-35 -1477.4999999999998 395.00000000000006 1484.0000000000002 168.50000000000003 0.22474747474747472 155.50000000000003 1564.0000000000002 1564.0000000000002 2.5000000000000004 1519.5000000000002 1344.0000000000002 1519.5000000000002 1311.0000000000002 0.19615384615384618 0.36038961038961043 0.18634259259259259 2.5000000000000004 1683.0000000000002 177.50000000000003 176.50000000000003
decision_type=2 2 2 2 2 2 2 2 2 2 2 2 2 2 2 2 2 2 2 2 2 2 2 2 2 2 2 2 2 2
left_child=3 2 6 5 16 17 8 10 21 -3 -8 13 -13 14 -7 -16 22 20 23 24 -1 25 28 -11 26 -2 -4 -25 29 -5
right_child=1 9 19 4 -6 11 7 -9 -10 18 -12 12 -14 -15 15 -17 -18 -19 -20 -21 -22 -23 -24 27 -26 -27 -28 -29 -30 -31
leaf_value=0.050093077216836472 0.050149171736908353 0.085213945171415825 0.050100629530319456 0.050092926374795149 -0.030543034663865345 0.082422840987860901 -0.0360821603052024 -0.098014444883208457 -0.040696019327957342 0.050296070457396952 -0.019510674825283521 0.081248377596060739 0.072481960547742336 0.083723437157359137 0.081737945448108251 0.07498800945917071 0.051912754460217064 0.051852365313471031 0.051198052524429633 0.050700637943097975 0.050678464116009493 0.050493206549258984 0.05041925270542133 0.050092353385469052 0.050302432351692308 0.050099232419623711 0.050141580111014508 0.050107271567794369 0.050092488398320457 0.05011153482056542
leaf_weight=10.456565144471828 0.085803110152481987 1.9433769390452655 0.10945775266736735 0.76198585773818273 1.0490283358376471 2.9015819686464965 0.50938401510939024 2.1481677861884236 0.47759548807516694 0.088193425210192689 0.67886136146262288 1.0557763783726839 0.69720420194789756 2.9223545673303306 1.0075915579218415 0.62210308923386026 0.24930713791400183 0.11289968714118082 0.38436702801845968 0.1951392637565732 0.079250477254391494 0.19428991852328181 0.080751546542160102 0.1745001703966409 0.11288048862479627 0.12094638752751052 0.10016643372364342 0.083976902766153216 1.1886378861963747 0.21489994029980153
leaf_count=2819 15 5 28 206 39 11 19 12 10 16 25 26 40 17 17 43 9 2 30 15 3 13 8 49 14 31 19 21 325 51
internal_value=0.044262 -0.00171392 -0.0455051 0.0588154 0.0263651 0.0646084 -0.0572804 -0.0725858 0.000838075 0.0757797 -0.0266146 0.0813708 0.0777618 0.0822196 0.0812498 0.0791613 0.0502867 0.0501161 0.0507 0.0503787 0.0500975 0.0503008 0.0501062 0.0501478 0.050184 0.05012 0.0501202 0.0500972 0.0500945 0.050097
internal_weight=30.807 7.40711 4.73269 23.3999 3.54461 19.8553 4.21505 3.33641 0.878635 2.67441 1.18825 9.20661 1.75298 7.45363 4.53128 1.62969 2.49558 10.6487 0.731038 0.517644 10.5358 0.401039 2.24628 0.34667 0.322505 0.206749 0.209624 0.258477 2.16552 0.976886
internal_count=3938 322 201 3616 638 2978 125 56 69 121 44 154 66 88 71 60 599 2824 116 76 2822 59 590 86 61 46 47 70 582 257
is_linear=0
shrinkage=0.1


Tree=19
num_leaves=31
num_cat=0
split_feature=7 8 10 4 0 0 1 6 0 2 8 8 8 4 10 4 6 6 1 6 6 6 6 10 10 10 1 6 4 4
split_gain=2.06131 2.51363 0.534352 0.439888 0.482539 0.482339 0.374939 0.390022 0.180506 0.0632786 0.00799177 0.00282036 0.003227 0.00108706 0.00111011 0.00175243 7.32361e-05 3.44002e-05 2.01056e-05 3.24529e-06 2.69531e-06 1.39542e-06 8.2086e-07 2.60065e-07 2.43662e-07 1.2518e-08 8.77097e-09 1.26173e-09 1.10109e-09 5.80443e-09
threshold=1003.5000000000001 2219.5000000000005 0.26491228070175438 172.50000000000003 3.5000000000000004 3.5000000000000004 2.5000000000000004 1344.0000000000002 3.5000000000000004 1.0000000180025095e-35 -1477.4999999999998 395.00000000000006 1484.0000000000002 168.50000000000003 0.22474747474747472 155.50000000000003 1564.0000000000002 1564.0000000000002 2.5000000000000004 1519.5000000000002 1344.0000000000002 1519.5000000000002 1311.0000000000002 0.19615384615384618 0.36038961038961043 0.18634259259259259 2.5000000000000004 1683.0000000000002 177.50000000000003 176.50000000000003
decision_type=2 2 2 2 2 2 2 2 2 2 2 2 2 2 2 2 2 2 2 2 2 2 2 2 2 2 2 2 2 2
left_child=3 2 6 5 16 17 8 10 21 -3 -8 13 -13 14 -7 -16 22 20 23 24 -1 25 28 -11 26 -2 -4 -25 29 -5
right_child=1 9 19 4 -6 11 7 -9 -10 18 -12 12 -14 -15 15 -17 -18 -19 -20 -21 -22 -23 -24 27 -26 -27 -28 -29 -30 -31
leaf_value=-0.050093077216836472 -0.050149171736908353 -0.085213945171415825 -0.050100629530319456 -0.050092926374795149 0.030543034663865345 -0.082422840987860901 0.0360821603052024 0.098014444883208457 0.040696019327957342 -0.050296070457396952 0.019510674825283521 -0.081248377596060739 -0.072481960547742336 -0.083723437157359137 -0.081737945448108251 -0.07498800945917071 -0.051912754460217064 -0.051852365313471031 -0.051198052524429633 -0.050700637943097975 -0.050678464116009493 -0.050493206549258984 -0.05041925270542133 -0.050092353385469052 -0.050302432351692308 -0.050099232419623711 -0.050141580111014508 -0.050107271567794369 -0.050092488398320457 -0.05011153482056542
leaf_weight=10.456565144471828 0.085803110152481987 1.9433769390452655 0.10945775266736735 0.76198585773818273 1.0490283358376471 2.9015819686464965 0.50938401510939024 2.1481677861884236 0.47759548807516694 0.088193425210192689 0.67886136146262288 1.0557763783726839 0.69720420194789756 2.9223545673303306 1.0075915579218415 0.62210308923386026 0.24930713791400183 0.11289968714118082 0.38436702801845968 0.1951392637565732 0.079250477254391494 0.19428991852328181 0.080751546542160102 0.1745001703966409 0.11288048862479627 0.12094638752751052 0.10016643372364342 0.083976902766153216 1.1886378861963747 0.21489994029980153
leaf_count=2819 15 5 28 206 39 11 19 12 10 16 25 26 40 17 17 43 9 2 30 15 3 13 8 49 14 31 19 21 325 51
internal_value=-0.044262 0.00171392 0.0455051 -0.0588154 -0.0263651 -0.0646084 0.0572804 0.0725858 -0.000838075 -0.0757797 0.0266146 -0.0813708 -0.0777618 -0.0822196 -0.0812498 -0.0791613 -0.0502867 -0.0501161 -0.0507 -0.0503787 -0.0500975 -0.0503008 -0.0501062 -0.0501478 -0.050184 -0.05012 -0.0501202 -0.0500972 -0.0500945 -0.050097
internal_weight=30.807 7.40711 4.73269 23.3999 3.54461 19.8553 4.21505 3.33641 0.878635 2.67441 1.18825 9.20661 1.75298 7.45363 4.53128 1.62969 2.49558 10.6487 0.731038 0.517644 10.5358 0.401039 2.24628 0.34667 0.322505 0.206749 0.209624 0.258477 2.16552 0.976886
internal_count=3938 322 201 3616 638 2978 125 56 69 121 44 154 66 88 71 60 599 2824 116 76 2822 59 590 86 61 46 47 70 582 257
is_linear=0
shrinkage=0.1


Tree=20
num_leaves=31
num_cat=0
split_feature=4 8 0 10 6 0 6 2 4 6 7 10 4 8 4 6 6 6 6 6 0 6 10 7 7 6 0 7 1 6
split_gain=1.85174 1.58527 1.16434 0.626408 0.402117 0.328358 0.241814 0.0454194 0.0378703 0.017273 0.0073215 0.00375462 0.0174924 0.000456731 0.000557417 5.39036e-05 2.54201e-05 1.16365e-05 1.43684e-05 3.04689e-06 1.93317e-06 1.61031e-06 1.41309e-07 1.04473e-07 2.59266e-08 2.41169e-08 1.77846e-08 9.99706e-09 8.80051e-09 5.02415e-09
threshold=172.50000000000003 2219.5000000000005 2.5000000000000004 0.26491228070175438 2015.5000000000002 3.5000000000000004 1344.0000000000002 1.0000000180025095e-35 178.50000000000003 889.00000000000011 1359.5000000000002 0.26969696969696971 169.50000000000003 -76.999999999999986 165.50000000000003 1519.5000000000002 1564.0000000000002 1430.5000000000002 1564.0000000000002 1519.5000000000002 3.5000000000000004 1344.0000000000002 0.3550420168067227 1191.5000000000002 1044.0000000000002 952.00000000000011 3.5000000000000004 1003.5000000000001 2.5000000000000004 750.50000000000011
decision_type=2 2 2 2 2 2 2 2 2 2 2 2 2 2 2 2 2 2 2 2 2 2 2 2 2 2 2 2 2 2
left_child=4 2 15 6 5 16 8 -3 10 -10 -4 13 24 -7 -15 23 21 20 -19 22 29 27 26 25 -13 -2 -5 -1 -29 -9
right_child=1 7 3 19 -6 11 -8 17 9 -11 -12 12 -14 14 -16 -17 -18 18 -20 -21 -22 -23 -24 -25 -26 -27 -28 28 -30 -31
leaf_value=0.050084205250653914 0.050086874477565838 0.078561273861193465 -0.035890821224911988 0.050096157904807606 -0.045389857654031543 0.077844368808689238 -0.079168636483919391 0.050086624888799405 0.0012625721533413745 -0.028571809916233471 -0.051568527915247235 0.050077190448513012 0.077929278553244774 0.074520361019066741 0.07752121539926124 0.051832536158914082 0.051329768542088205 0.051620043552678241 0.050368056379353092 0.050613187657346903 0.050526676871826326 0.050513474796599005 0.050257128375823461 0.050201800437143888 0.050147184504254629 0.050147362833551083 0.05015087442450461 0.050086654500779149 0.050119247133563076 0.050117008421415712
leaf_weight=9.4630822523031402 1.4009006251580993 1.9485205485252666 0.65683351643383481 0.13748094346374262 0.35186477890238066 5.1436581413727254 2.3761960826814175 0.23142394481692452 0.36254045693203796 0.4175779779907316 0.54506246699020267 0.22564759757369734 0.96416555228643119 1.106417535338551 1.4050993983400983 0.20193030592054118 0.16782405390404243 0.18416503653861582 0.18250590178649873 0.26178744668141007 0.15650734701193869 0.088422853732482376 0.10851685213856399 0.088154013501480111 0.069134411169216037 0.069168536690994986 0.10459726047702134 0.17786262510344464 0.15507840574719012 0.071157375467009842
leaf_count=2819 409 34 36 38 8 29 26 69 29 11 8 74 14 35 10 7 5 12 32 19 20 8 17 15 13 16 19 52 35 19
internal_value=0.0427556 0.00662078 -0.0195984 -0.0443487 0.0605347 0.0624999 -0.0576557 0.0702318 -0.0318643 -0.014707 -0.0430007 0.0764723 0.0714116 0.0773046 0.0761992 0.0502953 0.0501094 0.0505768 0.0509969 0.0503551 0.0502414 0.0500886 0.0501623 0.0500961 0.0500936 0.0500897 0.0501198 0.0500848 0.0501018 0.0500938
internal_weight=28.8233 9.50503 6.73075 4.97059 19.3183 18.9664 4.35821 2.77428 1.98201 0.780118 1.2019 8.91412 1.25895 7.65518 2.51152 1.76015 10.0523 0.82576 0.366671 0.612383 0.459089 9.88445 0.350595 1.55822 0.294782 1.47007 0.242078 9.79602 0.332941 0.302581
internal_count=3938 836 650 203 3102 3094 110 186 84 40 44 175 101 74 45 447 2919 152 44 93 108 2914 74 440 87 425 57 2906 87 88
is_linear=0
shrinkage=0.1


Tree=21
num_leaves=31
num_cat=0
split_feature=4 8 0 10 6 0 6 2 4 6 7 10 4 8 4 6 6 6 6 6 0 6 10 7 7 6 0 7 1 6
split_gain=1.85174 1.58527 1.16434 0.626408 0.402117 0.328358 0.241814 0.0454194 0.0378703 0.017273 0.0073215 0.00375462 0.0174924 0.000456731 0.000557417 5.39036e-05 2.54201e-05 1.16365e-05 1.43684e-05 3.04689e-06 1.93317e-06 1.61031e-06 1.41309e-07 1.04473e-07 2.59266e-08 2.41169e-08 1.77846e-08 9.99706e-09 8.80051e-09 5.02415e-09
threshold=172.50000000000003 2219.5000000000005 2.5000000000000004 0.26491228070175438 2015.5000000000002 3.5000000000000004 1344.0000000000002 1.0000000180025095e-35 178.50000000000003 889.00000000000011 1359.5000000000002 0.26969696969696971 169.50000000000003 -76.999999999999986 165.50000000000003 1519.5000000000002 1564.0000000000002 1430.5000000000002 1564.0000000000002 1519.5000000000002 3.5000000000000004 1344.0000000000002 0.3550420168067227 1191.5000000000002 1044.0000000000002 952.00000000000011 3.5000000000000004 1003.5000000000001 2.5000000000000004 750.50000000000011
decision_type=2 2 2 2 2 2 2 2 2 2 2 2 2 2 2 2 2 2 2 2 2 2 2 2 2 2 2 2 2 2
left_child=4 2 15 6 5 16 8 -3 10 -10 -4 13 24 -7 -15 23 21 20 -19 22 29 27 26 25 -13 -2 -5 -1 -29 -9
right_child=1 7 3 19 -6 11 -8 17 9 -11 -12 12 -14 14 -16 -17 -18 18 -20 -21 -22 -23 -24 -25 -26 -27 -28 28 -30 -31
leaf_value=-0.050084205250653914 -0.050086874477565838 -0.078561273861193465 0.035890821224911988 -0.050096157904807606 0.045389857654031543 -0.077844368808689238 0.079168636483919391 -0.050086624888799405 -0.0012625721533413745 0.028571809916233471 0.051568527915247235 -0.050077190448513012 -0.077929278553244774 -0.074520361019066741 -0.07752121539926124 -0.051832536158914082 -0.051329768542088205 -0.051620043552678241 -0.050368056379353092 -0.050613187657346903 -0.050526676871826326 -0.050513474796599005 -0.050257128375823461 -0.050201800437143888 -0.050147184504254629 -0.050147362833551083 -0.05015087442450461 -0.050086654500779149 -0.050119247133563076 -0.050117008421415712
leaf_weight=9.4630822523031402 1.4009006251580993 1.9485205485252666 0.65683351643383481 0.13748094346374262 0.35186477890238066 5.1436581413727254 2.3761960826814175 0.23142394481692452 0.36254045693203796 0.4175779779907316 0.54506246699020267 0.22564759757369734 0.96416555228643119 1.106417535338551 1.4050993983400983 0.20193030592054118 0.16782405390404243 0.18416503653861582 0.18250590178649873 0.26178744668141007 0.15650734701193869 0.088422853732482376 0.10851685213856399 0.088154013501480111 0.069134411169216037 0.069168536690994986 0.10459726047702134 0.17786262510344464 0.15507840574719012 0.071157375467009842
leaf_count=2819 409 34 36 38 8 29 26 69 29 11 8 74 14 35 10 7 5 12 32 19 20 8 17 15 13 16 19 52 35 19
internal_value=-0.0427556 -0.00662078 0.0195984 0.0443487 -0.0605347 -0.0624999 0.0576557 -0.0702318 0.0318643 0.014707 0.0430007 -0.0764723 -0.0714116 -0.0773046 -0.0761992 -0.0502953 -0.0501094 -0.0505768 -0.0509969 -0.0503551 -0.0502414 -0.0500886 -0.0501623 -0.0500961 -0.0500936 -0.0500897 -0.0501198 -0.0500848 -0.0501018 -0.0500938
internal_weight=28.8233 9.50503 6.73075 4.97059 19.3183 18.9664 4.35821 2.77428 1.98201 0.780118 1.2019 8.91412 1.25895 7.65518 2.51152 1.76015 10.0523 0.82576 0.366671 0.612383 0.459089 9.88445 0.350595 1.55822 0.294782 1.47007 0.242078 9.79602 0.332941 0.302581
internal_count=3938 836 650 203 3102 3094 110 186 84 40 44 175 101 74 45 447 2919 152 44 93 108 2914 74 440 87 425 57 2906 87 88
is_linear=0
shrinkage=0.1


Tree=22
num_leaves=31
num_cat=0
split_feature=7 8 10 2 4 0 0 2 8 8 4 10 8 6 8 6 1 6 1 6 6 4 10 8 1 0 6 10 8 2
split_gain=1.67177 1.83922 0.378666 1.10259 0.333551 0.401266 0.225173 0.0277699 0.000807793 0.0011363 0.000391857 0.000344958 0.000697968 4.02767e-05 2.14894e-05 1.88202e-05 1.10127e-05 4.67836e-06 2.62131e-06 1.47494e-06 5.76086e-07 1.76451e-07 1.39821e-07 8.75107e-08 5.23621e-09 2.50336e-09 1.48754e-09 8.2831e-10 6.58562e-10 2.06841e-09
threshold=1003.5000000000001 2219.5000000000005 0.18634259259259259 1.0000000180025095e-35 172.50000000000003 3.5000000000000004 3.5000000000000004 1.0000000180025095e-35 395.00000000000006 1484.0000000000002 168.50000000000003 0.22474747474747472 -541.49999999999989 1564.0000000000002 2087.5000000000005 1564.0000000000002 2.5000000000000004 1182.0000000000002 2.5000000000000004 1344.0000000000002 1311.0000000000002 176.50000000000003 0.19615384615384618 96.000000000000014 2.5000000000000004 2.5000000000000004 1683.0000000000002 0.26201372997711675 2124.5000000000005 1.0000000180025095e-35
decision_type=2 2 2 2 2 2 2 2 2 2 2 2 2 2 2 2 2 2 2 2 2 2 2 2 2 2 2 2 2 2
left_child=4 2 -2 -4 6 13 15 -3 10 -10 11 -8 -13 20 17 19 22 21 -19 -1 25 24 -9 -23 -5 28 -24 -27 -6 -30
right_child=1 7 3 14 5 -7 8 16 9 -11 -12 12 -14 -15 -16 -17 -18 18 -20 -21 -22 23 26 -25 -26 27 -28 -29 29 -31
leaf_value=0.050076178165319812 -0.09989238840121524 0.075385174852435552 -0.06617865774424446 0.050089176173474706 0.050077745338493344 -0.02777058613989665 0.073610767992836446 0.050242260129711593 0.073164017839733059 0.067629067526099249 0.074483890292422777 0.068881991863886577 0.073389749221246622 0.051565250821659275 0.051578034173218629 0.051509376828397416 0.050977857622395331 0.050393677434632737 0.050822167609363506 0.050554158781564877 0.050370380937142391 0.050180820948435727 0.050075463805875846 0.050303649546099873 0.050119281256214988 0.050090433635195053 0.050093162431459205 0.05007894159606964 0.050056190554132386 0.050077461734013909
leaf_weight=8.5638537858612871 0.84627889143302937 1.7898645957466217 2.3204688113182788 0.096276913071051018 1.2567484271712599 0.9681989459786563 2.6453208522871137 0.072261675260960945 0.9577811916824428 0.60532248904928565 2.6759697046363726 0.54983715724665627 0.9152715587988498 0.20532689639367152 0.1799738211557268 0.093080129474402251 0.31691966217476875 0.31263883202336729 0.26276364084333181 0.065049031749368491 0.070264694513752946 0.15201010904274881 0.1425855333218351 0.093795388005673885 0.14446825324557722 0.20442754065152247 0.071203180821612477 0.090477828169241548 0.061375690507702418 0.17915136972442269
leaf_count=2819 25 5 16 29 408 39 11 16 26 40 17 45 15 9 7 2 30 36 15 3 8 28 49 13 32 58 21 29 28 59
internal_value=0.0414039 -0.0014524 -0.0397628 -0.0254784 0.0559005 0.025359 0.0613319 0.0691325 0.0730701 0.0710206 0.0735421 0.072929 0.071698 0.050236 0.0505676 0.050095 0.0505718 0.0503963 0.0505894 0.0500798 0.0500895 0.0501681 0.050122 0.0502277 0.0501072 0.0500785 0.0500814 0.0500869 0.0500768 0.050072
internal_weight=26.909 6.80151 4.40867 3.5624 20.1075 3.03597 17.0715 2.39283 8.3495 1.5631 6.7864 4.11043 1.46511 2.06777 1.24193 8.72198 0.60297 1.06195 0.575402 8.6289 1.86245 0.486551 0.28605 0.245805 0.240745 1.79218 0.213789 0.294905 1.49728 0.240527
internal_count=3938 322 201 176 3616 638 2978 121 154 66 88 71 60 599 160 2824 116 153 51 2822 590 102 86 41 61 582 70 87 495 87
is_linear=0
shrinkage=0.1


Tree=23
num_leaves=31
num_cat=0
split_feature=7 8 10 2 4 0 0 2 8 8 4 10 8 6 8 6 1 6 1 6 6 4 10 8 1 0 6 10 8 2
split_gain=1.67177 1.83922 0.378666 1.10259 0.333551 0.401266 0.225173 0.0277699 0.000807793 0.0011363 0.000391857 0.000344958 0.000697968 4.02767e-05 2.14894e-05 1.88202e-05 1.10127e-05 4.67836e-06 2.62131e-06 1.47494e-06 5.76086e-07 1.76451e-07 1.39821e-07 8.75107e-08 5.23621e-09 2.50336e-09 1.48754e-09 8.2831e-10 6.58562e-10 2.06841e-09
threshold=1003.5000000000001 2219.5000000000005 0.18634259259259259 1.0000000180025095e-35 172.50000000000003 3.5000000000000004 3.5000000000000004 1.0000000180025095e-35 395.00000000000006 1484.0000000000002 168.50000000000003 0.22474747474747472 -541.49999999999989 1564.0000000000002 2087.5000000000005 1564.0000000000002 2.5000000000000004 1182.0000000000002 2.5000000000000004 1344.0000000000002 1311.0000000000002 176.50000000000003 0.19615384615384618 96.000000000000014 2.5000000000000004 2.5000000000000004 1683.0000000000002 0.26201372997711675 2124.5000000000005 1.0000000180025095e-35
decision_type=2 2 2 2 2 2 2 2 2 2 2 2 2 2 2 2 2 2 2 2 2 2 2 2 2 2 2 2 2 2
left_child=4 2 -2 -4 6 13 15 -3 10 -10 11 -8 -13 20 17 19 22 21 -19 -1 25 24 -9 -23 -5 28 -24 -27 -6 -30
right_child=1 7 3 14 5 -7 8 16 9 -11 -12 12 -14 -15 -16 -17 -18 18 -20 -21 -22 23 26 -25 -26 27 -28 -29 29 -31
leaf_value=-0.050076178165319812 0.09989238840121524 -0.075385174852435552 0.06617865774424446 -0.050089176173474706 -0.050077745338493344 0.02777058613989665 -0.073610767992836446 -0.050242260129711593 -0.073164017839733059 -0.067629067526099249 -0.074483890292422777 -0.068881991863886577 -0.073389749221246622 -0.051565250821659275 -0.051578034173218629 -0.051509376828397416 -0.050977857622395331 -0.050393677434632737 -0.050822167609363506 -0.050554158781564877 -0.050370380937142391 -0.050180820948435727 -0.050075463805875846 -0.050303649546099873 -0.050119281256214988 -0.050090433635195053 -0.050093162431459205 -0.05007894159606964 -0.050056190554132386 -0.050077461734013909
leaf_weight=8.5638537858612871 0.84627889143302937 1.7898645957466217 2.3204688113182788 0.096276913071051018 1.2567484271712599 0.9681989459786563 2.6453208522871137 0.072261675260960945 0.9577811916824428 0.60532248904928565 2.6759697046363726 0.54983715724665627 0.9152715587988498 0.20532689639367152 0.1799738211557268 0.093080129474402251 0.31691966217476875 0.31263883202336729 0.26276364084333181 0.065049031749368491 0.070264694513752946 0.15201010904274881 0.1425855333218351 0.093795388005673885 0.14446825324557722 0.20442754065152247 0.071203180821612477 0.090477828169241548 0.061375690507702418 0.17915136972442269
leaf_count=2819 25 5 16 29 408 39 11 16 26 40 17 45 15 9 7 2 30 36 15 3 8 28 49 13 32 58 21 29 28 59
internal_value=-0.0414039 0.0014524 0.0397628 0.0254784 -0.0559005 -0.025359 -0.0613319 -0.0691325 -0.0730701 -0.0710206 -0.0735421 -0.072929 -0.071698 -0.050236 -0.0505676 -0.050095 -0.0505718 -0.0503963 -0.0505894 -0.0500798 -0.0500895 -0.0501681 -0.050122 -0.0502277 -0.0501072 -0.0500785 -0.0500814 -0.0500869 -0.0500768 -0.050072
internal_weight=26.909 6.80151 4.40867 3.5624 20.1075 3.03597 17.0715 2.39283 8.3495 1.5631 6.7864 4.11043 1.46511 2.06777 1.24193 8.72198 0.60297 1.06195 0.575402 8.6289 1.86245 0.486551 0.28605 0.245805 0.240745 1.79218 0.213789 0.294905 1.49728 0.240527
internal_count=3938 322 201 176 3616 638 2978 121 154 66 88 71 60 599 160 2824 116 153 51 2822 590 102 86 41 61 582 70 87 495 87
is_linear=0
shrinkage=0.1


Tree=24
num_leaves=31
num_cat=0
split_feature=4 1 6 6 7 8 4 0 7 4 0 8 10 7 10 8 6 6 7 6 7 6 7 2 7 10 8 0 4 6
split_gain=1.51434 0.665909 0.521601 0.446856 0.249345 0.22888 0.0978089 0.0930264 0.135388 0.163169 0.073627 0.012934 0.00112142 0.00205779 0.0044069 0.000127521 1.24807e-05 1.65761e-06 1.10454e-06 1.03239e-06 1.5138e-07 6.05435e-08 2.88844e-08 3.05852e-08 9.43957e-09 8.84903e-09 6.44772e-09 2.70109e-09 1.39175e-09 1.12461e-09
threshold=176.50000000000003 2.5000000000000004 795.50000000000011 1683.0000000000002 2239.5000000000005 456.00000000000006 177.50000000000003 3.5000000000000004 945.50000000000011 174.50000000000003 3.5000000000000004 4573.5000000000009 0.26969696969696971 914.50000000000011 0.28869047619047622 -76.999999999999986 1564.0000000000002 1519.5000000000002 1108.5000000000002 1344.0000000000002 1784.5000000000002 1778.5000000000002 1003.5000000000001 1.0000000180025095e-35 524.00000000000011 0.15587044534412953 -1222.9999999999998 2.5000000000000004 167.50000000000003 795.50000000000011
decision_type=2 2 2 2 2 2 2 2 2 2 2 2 2 2 2 2 2 2 2 2 2 2 2 2 2 2 2 2 2 2
left_child=3 6 10 4 7 -4 -2 16 12 -10 18 17 15 14 -14 -9 19 20 27 22 24 -19 -1 -24 -8 -26 -25 -3 -16 -27
right_child=1 2 5 -5 -6 -7 11 8 9 -11 -12 -13 13 -15 28 -17 -18 21 -20 -21 -22 -23 23 26 25 29 -28 -29 -30 -31
leaf_value=0.050068977475731948 -0.010942137555138259 0.050068107402852627 -0.0086144921240066674 -0.019007164955445403 -0.051573352981630939 -0.071923524015431423 0.050070064136361961 0.07067610160111025 0.011575045390022612 0.071323840260099011 -0.010962372881732019 0.070939271869611645 0.068534032374265169 0.072228048253406868 0.05005960380017014 0.069755734903169997 0.051043091043969473 0.050430452209197466 0.050406711479153488 0.050392281655275907 0.050239534722954449 0.050340140604963161 0.050157173765897227 0.050104755531221935 0.05012319746149372 0.050071771693445788 0.050072270957044453 0.0500858754112809 0.050078693700338163 0.050089546062807355
leaf_weight=8.323439625790348 0.25097119156271119 0.46452048746869001 0.81520959548652205 0.82339228270575304 0.21205342723987897 1.9066703391727058 0.32723966916091718 4.6115487904753536 0.9692120215622706 0.86498036736156791 0.27656630566343665 0.4467469320516102 0.45251593133434631 0.42943866830319166 0.12603674689307809 2.235066645545885 0.13489716406911689 0.14901457936502993 0.11870541330426931 0.10064360057003874 0.067512508248910308 0.14790999982506037 0.070753147825599494 0.092774722957983613 0.08066831436008215 0.06255168654024601 0.17897390457801521 0.10487441788427532 0.054793400806374848 0.082607550313696265
leaf_count=3026 24 172 33 27 5 25 119 28 33 8 9 15 18 2 53 41 7 18 11 11 12 22 12 25 20 22 63 32 20 25
internal_value=0.0403249 -0.00711057 -0.0305692 0.0531036 0.0562523 -0.0529623 0.046431 0.0574786 0.06423 0.0397518 0.0326145 0.0569855 0.0699065 0.0668843 0.0632609 0.0703756 0.0500885 0.0501911 0.0501292 0.0500738 0.0500982 0.0503855 0.0500701 0.0500986 0.0500809 0.0500966 0.0500834 0.0500714 0.0500654 0.0500819
internal_weight=24.9823 5.30177 3.68655 19.6805 18.8571 2.72188 1.61522 18.6451 9.74359 1.83419 0.964667 1.36425 7.9094 1.06278 0.633346 6.84662 8.90148 0.917504 0.6881 8.76659 0.62058 0.296925 8.66594 0.342502 0.553067 0.225828 0.271749 0.569395 0.18083 0.145159
internal_count=3938 559 282 3379 3352 58 277 3347 203 41 224 253 162 93 91 69 3144 238 215 3137 198 40 3126 100 186 67 88 204 73 47
is_linear=0
shrinkage=0.1


Tree=25
num_leaves=31
num_cat=0
split_feature=4 1 6 6 7 8 4 0 7 4 0 8 10 7 10 8 6 6 7 6 7 6 7 2 7 10 8 0 4 6
split_gain=1.51434 0.665909 0.521601 0.446856 0.249345 0.22888 0.0978089 0.0930264 0.135388 0.163169 0.073627 0.012934 0.00112142 0.00205779 0.0044069 0.000127521 1.24807e-05 1.65761e-06 1.10454e-06 1.03239e-06 1.5138e-07 6.05435e-08 2.88844e-08 3.05852e-08 9.43957e-09 8.84903e-09 6.44772e-09 2.70109e-09 1.39175e-09 1.12461e-09
threshold=176.50000000000003 2.5000000000000004 795.50000000000011 1683.0000000000002 2239.5000000000005 456.00000000000006 177.50000000000003 3.5000000000000004 945.50000000000011 174.50000000000003 3.5000000000000004 4573.5000000000009 0.26969696969696971 914.50000000000011 0.28869047619047622 -76.999999999999986 1564.0000000000002 1519.5000000000002 1108.5000000000002 1344.0000000000002 1784.5000000000002 1778.5000000000002 1003.5000000000001 1.0000000180025095e-35 524.00000000000011 0.15587044534412953 -1222.9999999999998 2.5000000000000004 167.50000000000003 795.50000000000011
decision_type=2 2 2 2 2 2 2 2 2 2 2 2 2 2 2 2 2 2 2 2 2 2 2 2 2 2 2 2 2 2
left_child=3 6 10 4 7 -4 -2 16 12 -10 18 17 15 14 -14 -9 19 20 27 22 24 -19 -1 -24 -8 -26 -25 -3 -16 -27
right_child=1 2 5 -5 -6 -7 11 8 9 -11 -12 -13 13 -15 28 -17 -18 21 -20 -21 -22 -23 23 26 25 29 -28 -29 -30 -31
leaf_value=-0.050068977475731948 0.010942137555138259 -0.050068107402852627 0.0086144921240066674 0.019007164955445403 0.051573352981630939 0.071923524015431423 -0.050070064136361961 -0.07067610160111025 -0.011575045390022612 -0.071323840260099011 0.010962372881732019 -0.070939271869611645 -0.068534032374265169 -0.072228048253406868 -0.05005960380017014 -0.069755734903169997 -0.051043091043969473 -0.050430452209197466 -0.050406711479153488 -0.050392281655275907 -0.050239534722954449 -0.050340140604963161 -0.050157173765897227 -0.050104755531221935 -0.05012319746149372 -0.050071771693445788 -0.050072270957044453 -0.0500858754112809 -0.050078693700338163 -0.050089546062807355
leaf_weight=8.323439625790348 0.25097119156271119 0.46452048746869001 0.81520959548652205 0.82339228270575304 0.21205342723987897 1.9066703391727058 0.32723966916091718 4.6115487904753536 0.9692120215622706 0.86498036736156791 0.27656630566343665 0.4467469320516102 0.45251593133434631 0.42943866830319166 0.12603674689307809 2.235066645545885 0.13489716406911689 0.14901457936502993 0.11870541330426931 0.10064360057003874 0.067512508248910308 0.14790999982506037 0.070753147825599494 0.092774722957983613 0.08066831436008215 0.06255168654024601 0.17897390457801521 0.10487441788427532 0.054793400806374848 0.082607550313696265
leaf_count=3026 24 172 33 27 5 25 119 28 33 8 9 15 18 2 53 41 7 18 11 11 12 22 12 25 20 22 63 32 20 25
internal_value=-0.0403249 0.00711057 0.0305692 -0.0531036 -0.0562523 0.0529623 -0.046431 -0.0574786 -0.06423 -0.0397518 -0.0326145 -0.0569855 -0.0699065 -0.0668843 -0.0632609 -0.0703756 -0.0500885 -0.0501911 -0.0501292 -0.0500738 -0.0500982 -0.0503855 -0.0500701 -0.0500986 -0.0500809 -0.0500966 -0.0500834 -0.0500714 -0.0500654 -0.0500819
internal_weight=24.9823 5.30177 3.68655 19.6805 18.8571 2.72188 1.61522 18.6451 9.74359 1.83419 0.964667 1.36425 7.9094 1.06278 0.633346 6.84662 8.90148 0.917504 0.6881 8.76659 0.62058 0.296925 8.66594 0.342502 0.553067 0.225828 0.271749 0.569395 0.18083 0.145159
internal_count=3938 559 282 3379 3352 58 277 3347 203 41 224 253 162 93 91 69 3144 238 215 3137 198 40 3126 100 186 67 88 204 73 47
is_linear=0
shrinkage=0.1


Tree=26
num_leaves=31
num_cat=0
split_feature=4 8 0 10 6 8 8 0 8 2 8 10 4 4 10 6 6 6 6 6 6 6 7 10 7 0 7 7 10 6
split_gain=1.38892 1.1138 0.812946 0.446222 0.279089 0.191489 0.258989 0.109642 0.0237112 0.0165386 0.00503856 0.00105694 0.00549838 7.75836e-05 5.5353e-05 3.26744e-05 1.05908e-05 9.65109e-06 1.17456e-05 1.82026e-06 1.73163e-06 6.51427e-07 1.30426e-07 1.05548e-07 7.09329e-08 1.7657e-08 1.70216e-08 1.41937e-08 1.28522e-08 1.07804e-08
threshold=172.50000000000003 2219.5000000000005 2.5000000000000004 0.26491228070175438 2015.5000000000002 945.00000000000011 572.00000000000011 3.5000000000000004 -406.49999999999994 1.0000000180025095e-35 -1578.4999999999998 0.26969696969696971 169.50000000000003 165.50000000000003 0.21980676328502413 1519.5000000000002 1564.0000000000002 1430.5000000000002 1564.0000000000002 -703.49999999999989 1519.5000000000002 1344.0000000000002 1652.0000000000002 0.36038961038961043 1003.5000000000001 3.5000000000000004 1044.0000000000002 1003.5000000000001 0.18350168350168347 922.50000000000011
decision_type=2 2 2 2 2 2 2 2 2 2 2 2 2 2 2 2 2 2 2 2 2 2 2 2 2 2 2 2 2 2
left_child=4 2 15 5 7 6 8 16 10 -3 -4 13 26 14 -9 24 21 19 -19 -11 23 27 29 25 -2 -5 -13 -1 -29 -21
right_child=1 9 3 20 -6 -7 -8 11 -10 17 -12 12 -14 -15 -16 -17 -18 18 -20 22 -22 -23 -24 -25 -26 -27 -28 28 -30 -31
leaf_value=0.050062351701216451 0.050066525454510784 0.068937859190686041 -0.006503835444038833 0.050075432553767819 -0.041736135107948304 -0.0070866679681846892 -0.092258868931591381 0.066939209023879301 -0.043145012737821772 0.050654359130533878 -0.025558519890858986 0.05005522648479676 0.068006241172224757 0.068042525683136165 0.067761739748575869 0.051553518481311712 0.050981555824438807 0.051565878609364818 0.050372220995615551 0.05006850947108489 0.050513862209311311 0.050379577379076446 0.050241859295487273 0.050239586141539942 0.050152608759100742 0.05013374637623922 0.050119291372785396 0.050123180843294583 0.050072849117739827 0.05012002355678128
leaf_weight=7.0133276577107608 1.0710703413933496 1.6705072007025594 0.22402513772249233 0.11114099924452592 0.28217995632439929 0.83548936876468349 1.4338231754954902 1.6448616697452965 1.1073103602975609 0.081452619051560871 0.36466190614737592 0.16044835769571342 0.81416338717099279 3.1688089827075601 1.6278591318987308 0.17102300655096758 0.12856833986006666 0.16888989298604429 0.16104067582637072 0.16512921254616209 0.21797407744452357 0.065670956624671706 0.065666981274262071 0.077130340738222003 0.10511570516973723 0.097455451264977455 0.055928872199729085 0.06876603525597591 0.19346814835444093 0.053879191284067929
leaf_count=2819 418 34 21 40 8 35 9 19 24 16 21 74 14 21 34 7 5 12 32 64 19 8 11 13 22 21 13 17 70 17
internal_value=0.0389298 0.00570343 -0.0178304 -0.0383572 0.0567886 -0.0496193 -0.0609732 0.0586493 -0.0345237 0.0635416 -0.0183073 0.0672141 0.0642406 0.0676898 0.0673483 0.050262 0.0500818 0.050591 0.0509832 0.0502375 0.0503016 0.050066 0.0501182 0.0501396 0.0500742 0.0501027 0.0500718 0.0500632 0.050086 0.0500812
internal_weight=23.4068 8.18279 5.81622 4.46901 15.2241 3.96531 3.12982 14.9419 1.696 2.36657 0.588687 7.47207 1.03054 6.44153 3.27272 1.34721 7.4698 0.696059 0.329931 0.366128 0.503701 7.34123 0.284675 0.285727 1.17619 0.208596 0.216377 7.27556 0.262234 0.219008
internal_count=3938 836 650 203 3102 110 75 3094 66 186 42 175 101 74 53 447 2919 152 44 108 93 2914 92 74 440 61 87 2906 87 81
is_linear=0
shrinkage=0.1


Tree=27
num_leaves=31
num_cat=0
split_feature=4 8 0 10 6 8 8 0 8 2 8 10 4 4 10 6 6 6 6 6 6 6 7 10 7 0 7 7 10 6
split_gain=1.38892 1.1138 0.812946 0.446222 0.279089 0.191489 0.258989 0.109642 0.0237112 0.0165386 0.00503856 0.00105694 0.00549838 7.75836e-05 5.5353e-05 3.26744e-05 1.05908e-05 9.65109e-06 1.17456e-05 1.82026e-06 1.73163e-06 6.51427e-07 1.30426e-07 1.05548e-07 7.09329e-08 1.7657e-08 1.70216e-08 1.41937e-08 1.28522e-08 1.07804e-08
threshold=172.50000000000003 2219.5000000000005 2.5000000000000004 0.26491228070175438 2015.5000000000002 945.00000000000011 572.00000000000011 3.5000000000000004 -406.49999999999994 1.0000000180025095e-35 -1578.4999999999998 0.26969696969696971 169.50000000000003 165.50000000000003 0.21980676328502413 1519.5000000000002 1564.0000000000002 1430.5000000000002 1564.0000000000002 -703.49999999999989 1519.5000000000002 1344.0000000000002 1652.0000000000002 0.36038961038961043 1003.5000000000001 3.5000000000000004 1044.0000000000002 1003.5000000000001 0.18350168350168347 922.50000000000011
decision_type=2 2 2 2 2 2 2 2 2 2 2 2 2 2 2 2 2 2 2 2 2 2 2 2 2 2 2 2 2 2
left_child=4 2 15 5 7 6 8 16 10 -3 -4 13 26 14 -9 24 21 19 -19 -11 23 27 29 25 -2 -5 -13 -1 -29 -21
right_child=1 9 3 20 -6 -7 -8 11 -10 17 -12 12 -14 -15 -16 -17 -18 18 -20 22 -22 -23 -24 -25 -26 -27 -28 28 -30 -31
leaf_value=-0.050062351701216451 -0.050066525454510784 -0.068937859190686041 0.006503835444038833 -0.050075432553767819 0.041736135107948304 0.0070866679681846892 0.092258868931591381 -0.066939209023879301 0.043145012737821772 -0.050654359130533878 0.025558519890858986 -0.05005522648479676 -0.068006241172224757 -0.068042525683136165 -0.067761739748575869 -0.051553518481311712 -0.050981555824438807 -0.051565878609364818 -0.050372220995615551 -0.05006850947108489 -0.050513862209311311 -0.050379577379076446 -0.050241859295487273 -0.050239586141539942 -0.050152608759100742 -0.05013374637623922 -0.050119291372785396 -0.050123180843294583 -0.050072849117739827 -0.05012002355678128
leaf_weight=7.0133276577107608 1.0710703413933496 1.6705072007025594 0.22402513772249233 0.11114099924452592 0.28217995632439929 0.83548936876468349 1.4338231754954902 1.6448616697452965 1.1073103602975609 0.081452619051560871 0.36466190614737592 0.16044835769571342 0.81416338717099279 3.1688089827075601 1.6278591318987308 0.17102300655096758 0.12856833986006666 0.16888989298604429 0.16104067582637072 0.16512921254616209 0.21797407744452357 0.065670956624671706 0.065666981274262071 0.077130340738222003 0.10511570516973723 0.097455451264977455 0.055928872199729085 0.06876603525597591 0.19346814835444093 0.053879191284067929
leaf_count=2819 418 34 21 40 8 35 9 19 24 16 21 74 14 21 34 7 5 12 32 64 19 8 11 13 22 21 13 17 70 17
internal_value=-0.0389298 -0.00570343 0.0178304 0.0383572 -0.0567886 0.0496193 0.0609732 -0.0586493 0.0345237 -0.0635416 0.0183073 -0.0672141 -0.0642406 -0.0676898 -0.0673483 -0.050262 -0.0500818 -0.050591 -0.0509832 -0.0502375 -0.0503016 -0.050066 -0.0501182 -0.0501396 -0.0500742 -0.0501027 -0.0500718 -0.0500632 -0.050086 -0.0500812
internal_weight=23.4068 8.18279 5.81622 4.46901 15.2241 3.96531 3.12982 14.9419 1.696 2.36657 0.588687 7.47207 1.03054 6.44153 3.27272 1.34721 7.4698 0.696059 0.329931 0.366128 0.503701 7.34123 0.284675 0.285727 1.17619 0.208596 0.216377 7.27556 0.262234 0.219008
internal_count=3938 836 650 203 3102 110 75 3094 66 186 42 175 101 74 53 447 2919 152 44 108 93 2914 92 74 440 61 87 2906 87 81
is_linear=0
shrinkage=0.1


Tree=28
num_leaves=31
num_cat=0
split_feature=4 8 0 10 6 8 8 0 8 2 8 10 4 4 7 10 6 6 6 6 6 6 6 7 10 7 0 7 7 10
split_gain=1.26321 0.973799 0.700732 0.375308 0.249075 0.164154 0.202281 0.0772454 0.022425 0.0115087 0.00424084 0.000713685 0.00383127 4.64278e-05 2.5779e-05 3.49541e-05 2.42165e-05 7.8402e-06 7.13734e-06 8.6665e-06 1.35112e-06 1.28166e-06 4.82319e-07 9.6585e-08 7.82284e-08 5.25451e-08 1.30756e-08 1.26049e-08 1.05117e-08 9.51715e-09
threshold=172.50000000000003 2219.5000000000005 2.5000000000000004 0.26491228070175438 2015.5000000000002 945.00000000000011 572.00000000000011 3.5000000000000004 -406.49999999999994 1.0000000180025095e-35 -1578.4999999999998 0.26969696969696971 169.50000000000003 168.50000000000003 -894.49999999999989 0.21980676328502413 1519.5000000000002 1564.0000000000002 1430.5000000000002 1564.0000000000002 -703.49999999999989 1519.5000000000002 1344.0000000000002 1652.0000000000002 0.36038961038961043 1003.5000000000001 3.5000000000000004 1044.0000000000002 1003.5000000000001 0.18350168350168347
decision_type=2 2 2 2 2 2 2 2 2 2 2 2 2 2 2 2 2 2 2 2 2 2 2 2 2 2 2 2 2 2
left_child=4 2 16 5 7 6 8 17 10 -3 -4 13 27 14 -9 -16 25 22 20 -20 -11 24 28 -22 26 -2 -5 -13 -1 -30
right_child=1 9 3 21 -6 -7 -8 11 -10 18 -12 12 -14 -15 15 -17 -18 -19 19 -21 23 -23 -24 -25 -26 -27 -28 -29 29 -31
leaf_value=0.050056413933279732 0.05006018690954292 0.066539682700397437 -0.0058550722589261368 0.050068245137051319 -0.039746006870443815 -0.006372238435185861 -0.084015530561124083 0.065574601297337706 -0.041117906754475186 0.050592321238423534 -0.023390874361896033 0.050049965749707694 0.065750279823177257 0.065894636132654658 0.064685484073985361 0.065461274342068831 0.051404351815122568 0.050887127937555468 0.051413944566733517 0.050336964761363526 0.050073451812149519 0.050464694260465605 0.050343274025903696 0.05021878354679335 0.050216778200363216 0.050138065724797211 0.050120994407941259 0.050107917078218406 0.050111438221658283 0.050065910272883367
leaf_weight=6.3466359728481621 0.96926099306438007 1.5631667731795462 0.22396662365645181 0.10057823499664653 0.26746221492067057 0.83620594255626191 1.4178158785216508 1.8289190436480565 1.0488219144754114 0.073787155793979875 0.35892872745171212 0.14519416086841364 0.76064205309376121 1.8629455158952621 1.1636356089729818 1.1594807404326273 0.15517419902607787 0.11653832928277541 0.15324648446403444 0.14581250061746687 0.19819603906944372 0.19741348852403462 0.05946220876649011 0.059443856123834848 0.069820505101233721 0.095138808246701956 0.088202633196488023 0.050617440603673458 0.062235920107923337 0.17508025350980461
leaf_count=2819 418 34 21 40 8 35 9 11 24 16 21 74 14 14 16 33 7 5 12 32 81 19 8 11 13 22 21 13 17 70
internal_value=0.0378936 0.00551746 -0.0167381 -0.0355511 0.0558291 -0.0456231 -0.056386 0.0576907 -0.0323784 0.0619396 -0.0166531 0.0650764 0.0625391 0.0654799 0.0652938 0.0650727 0.0502373 0.050074 0.0505346 0.0508888 0.050215 0.0502728 0.0500597 0.050107 0.0501263 0.0500671 0.0500929 0.0500649 0.0500572 0.0500778
internal_weight=21.7538 7.75498 5.56133 4.34175 13.9988 3.88574 3.04953 13.7314 1.63172 2.19365 0.582895 6.97143 0.956454 6.01498 4.15204 2.32312 1.21957 6.75995 0.630486 0.299059 0.331427 0.456015 6.64341 0.25764 0.258601 1.0644 0.188781 0.195812 6.58395 0.237316
internal_count=3938 836 650 203 3102 110 75 3094 66 186 42 175 101 74 60 49 447 2919 152 44 108 93 2914 92 74 440 61 87 2906 87
is_linear=0
shrinkage=0.1


Tree=29
num_leaves=31
num_cat=0
split_feature=4 8 0 10 6 8 8 0 8 2 8 10 4 4 7 10 6 6 6 6 6 6 6 7 10 7 0 7 7 10
split_gain=1.26321 0.973799 0.700732 0.375308 0.249075 0.164154 0.202281 0.0772454 0.022425 0.0115087 0.00424084 0.000713685 0.00383127 4.64278e-05 2.5779e-05 3.49541e-05 2.42165e-05 7.8402e-06 7.13734e-06 8.6665e-06 1.35112e-06 1.28166e-06 4.82319e-07 9.6585e-08 7.82284e-08 5.25451e-08 1.30756e-08 1.26049e-08 1.05117e-08 9.51715e-09
threshold=172.50000000000003 2219.5000000000005 2.5000000000000004 0.26491228070175438 2015.5000000000002 945.00000000000011 572.00000000000011 3.5000000000000004 -406.49999999999994 1.0000000180025095e-35 -1578.4999999999998 0.26969696969696971 169.50000000000003 168.50000000000003 -894.49999999999989 0.21980676328502413 1519.5000000000002 1564.0000000000002 1430.5000000000002 1564.0000000000002 -703.49999999999989 1519.5000000000002 1344.0000000000002 1652.0000000000002 0.36038961038961043 1003.5000000000001 3.5000000000000004 1044.0000000000002 1003.5000000000001 0.18350168350168347
decision_type=2 2 2 2 2 2 2 2 2 2 2 2 2 2 2 2 2 2 2 2 2 2 2 2 2 2 2 2 2 2
left_child=4 2 16 5 7 6 8 17 10 -3 -4 13 27 14 -9 -16 25 22 20 -20 -11 24 28 -22 26 -2 -5 -13 -1 -30
right_child=1 9 3 21 -6 -7 -8 11 -10 18 -12 12 -14 -15 15 -17 -18 -19 19 -21 23 -23 -24 -25 -26 -27 -28 -29 29 -31
leaf_value=-0.050056413933279732 -0.05006018690954292 -0.066539682700397437 0.0058550722589261368 -0.050068245137051319 0.039746006870443815 0.006372238435185861 0.084015530561124083 -0.065574601297337706 0.041117906754475186 -0.050592321238423534 0.023390874361896033 -0.050049965749707694 -0.065750279823177257 -0.065894636132654658 -0.064685484073985361 -0.065461274342068831 -0.051404351815122568 -0.050887127937555468 -0.051413944566733517 -0.050336964761363526 -0.050073451812149519 -0.050464694260465605 -0.050343274025903696 -0.05021878354679335 -0.050216778200363216 -0.050138065724797211 -0.050120994407941259 -0.050107917078218406 -0.050111438221658283 -0.050065910272883367
leaf_weight=6.3466359728481621 0.96926099306438007 1.5631667731795462 0.22396662365645181 0.10057823499664653 0.26746221492067057 0.83620594255626191 1.4178158785216508 1.8289190436480565 1.0488219144754114 0.073787155793979875 0.35892872745171212 0.14519416086841364 0.76064205309376121 1.8629455158952621 1.1636356089729818 1.1594807404326273 0.15517419902607787 0.11653832928277541 0.15324648446403444 0.14581250061746687 0.19819603906944372 0.19741348852403462 0.05946220876649011 0.059443856123834848 0.069820505101233721 0.095138808246701956 0.088202633196488023 0.050617440603673458 0.062235920107923337 0.17508025350980461
leaf_count=2819 418 34 21 40 8 35 9 11 24 16 21 74 14 14 16 33 7 5 12 32 81 19 8 11 13 22 21 13 17 70
internal_value=-0.0378936 -0.00551746 0.0167381 0.0355511 -0.0558291 0.0456231 0.056386 -0.0576907 0.0323784 -0.0619396 0.0166531 -0.0650764 -0.0625391 -0.0654799 -0.0652938 -0.0650727 -0.0502373 -0.050074 -0.0505346 -0.0508888 -0.050215 -0.0502728 -0.0500597 -0.050107 -0.0501263 -0.0500671 -0.0500929 -0.0500649 -0.0500572 -0.0500778
internal_weight=21.7538 7.75498 5.56133 4.34175 13.9988 3.88574 3.04953 13.7314 1.63172 2.19365 0.582895 6.97143 0.956454 6.01498 4.15204 2.32312 1.21957 6.75995 0.630486 0.299059 0.331427 0.456015 6.64341 0.25764 0.258601 1.0644 0.188781 0.195812 6.58395 0.237316
internal_count=3938 836 650 203 3102 110 75 3094 66 186 42 175 101 74 60 49 447 2919 152 44 108 93 2914 92 74 440 61 87 2906 87
is_linear=0
shrinkage=0.1


Tree=30
num_leaves=31
num_cat=0
split_feature=7 8 0 2 4 0 10 0 6 2 4 10 6 4 8 6 1 6 6 6 6 1 4 10 0 6 10 8 10 4
split_gain=1.15686 1.10307 0.250106 0.42412 0.209228 0.280812 0.197057 0.0544306 0.0257804 0.00720239 0.000119718 0.000288081 0.000286628 0.00170116 2.03727e-05 1.73618e-05 6.6654e-06 5.83404e-06 3.15548e-06 4.42619e-07 3.55398e-07 1.20555e-07 4.16882e-08 3.57982e-08 8.73831e-09 4.52827e-09 2.78412e-09 1.3657e-09 1.24663e-09 3.52464e-10
threshold=1003.5000000000001 2219.5000000000005 3.5000000000000004 1.0000000180025095e-35 172.50000000000003 3.5000000000000004 0.19615384615384618 3.5000000000000004 858.00000000000011 1.0000000180025095e-35 168.50000000000003 0.23669467787114842 -1926.4999999999998 149.50000000000003 2087.5000000000005 1564.0000000000002 2.5000000000000004 1564.0000000000002 1519.5000000000002 1344.0000000000002 1344.0000000000002 2.5000000000000004 180.50000000000003 0.19615384615384618 2.5000000000000004 1778.5000000000002 0.26491228070175438 1514.0000000000002 0.26491228070175438 177.50000000000003
decision_type=2 2 2 2 2 2 2 2 2 2 2 2 2 2 2 2 2 2 2 2 2 2 2 2 2 2 2 2 2 2
left_child=4 2 3 -2 7 15 -4 17 -8 -3 11 -9 -13 -14 18 20 23 19 21 -1 24 28 -23 -11 29 -25 27 -26 -5 -6
right_child=1 9 6 14 5 -7 8 10 -10 16 -12 12 13 -15 -16 -17 -18 -19 -20 -21 -22 22 -24 25 26 -27 -28 -29 -30 -31
leaf_value=0.050051038220953414 -0.04888005020196412 0.064921349279494209 -0.097906889002644715 0.050071258492759667 0.050054268216547029 -0.023348764999564196 -0.047545498898806937 0.063504531190675312 -0.019862175372450126 0.050162390707575166 0.063955641909108393 0.063642760120093886 0.06337709213033943 0.050043674743509119 0.051587445218751797 0.051187659845423152 0.050855125607450147 0.051002196578111392 0.050597172603270651 0.050370224529170671 0.050336196865900462 0.050142126456101645 0.050231595739122607 0.050052582716488353 0.050085587807663326 0.050090120676963348 0.050054145389711584 0.050067336676459517 0.05005091772885422 0.050050506930058802
leaf_weight=5.7432590506505239 0.95574816688895159 1.4162069844314826 0.72256814688444171 0.084756427211686969 0.44157576770521634 0.80755692860111583 0.64827254135161616 3.1380215883255009 0.6992468184325844 0.048729786823969223 2.4346758523024619 0.34155706793535534 0.36436423985287503 0.12976899463683367 0.16730427066795528 0.15448281203862269 0.25893739459570497 0.065548531711101421 0.26951656327582896 0.043776304461061843 0.04703735327348102 0.10545281227678061 0.10289599746465683 0.106345426349435 0.12075348803773511 0.046052235178649426 0.057397102937102318 0.062075993395410478 0.046749512664973736 0.57168692938284948
leaf_count=2819 23 5 3 33 210 39 16 33 33 16 27 3 14 77 5 9 30 2 20 3 5 29 16 53 36 17 27 25 23 287
internal_value=0.0369167 -0.00135249 -0.0323115 -0.00427694 0.0518801 0.0239395 -0.0557732 0.0570361 -0.0331802 0.06139 0.0634035 0.0630651 0.0614152 0.0598755 0.05061 0.0501854 0.0505197 0.0500641 0.0503416 0.0500535 0.0500663 0.050139 0.0501863 0.0500878 0.0500562 0.0500639 0.0500734 0.0500794 0.050064 0.0500521
internal_weight=20.2023 5.67878 3.80251 1.73242 14.5235 2.26257 2.07009 12.261 1.34752 1.87627 6.40839 3.97371 0.83569 0.494133 0.776676 1.45501 0.460065 5.85258 0.609371 5.78704 1.30053 0.339855 0.208349 0.201127 1.25349 0.152398 0.240227 0.182829 0.131506 1.01326
internal_count=3938 322 201 149 3616 638 52 2978 49 121 154 127 94 91 126 599 116 2824 121 2822 590 101 45 86 585 70 88 61 56 497
is_linear=0
shrinkage=0.1


Tree=31
num_leaves=31
num_cat=0
split_feature=7 8 0 2 4 0 10 0 6 2 4 10 6 4 8 6 1 6 6 6 6 1 4 10 0 6 10 8 10 4
split_gain=1.15686 1.10307 0.250106 0.42412 0.209228 0.280812 0.197057 0.0544306 0.0257804 0.00720239 0.000119718 0.000288081 0.000286628 0.00170116 2.03727e-05 1.73618e-05 6.6654e-06 5.83404e-06 3.15548e-06 4.42619e-07 3.55398e-07 1.20555e-07 4.16882e-08 3.57982e-08 8.73831e-09 4.52827e-09 2.78412e-09 1.3657e-09 1.24663e-09 3.52464e-10
threshold=1003.5000000000001 2219.5000000000005 3.5000000000000004 1.0000000180025095e-35 172.50000000000003 3.5000000000000004 0.19615384615384618 3.5000000000000004 858.00000000000011 1.0000000180025095e-35 168.50000000000003 0.23669467787114842 -1926.4999999999998 149.50000000000003 2087.5000000000005 1564.0000000000002 2.5000000000000004 1564.0000000000002 1519.5000000000002 1344.0000000000002 1344.0000000000002 2.5000000000000004 180.50000000000003 0.19615384615384618 2.5000000000000004 1778.5000000000002 0.26491228070175438 1514.0000000000002 0.26491228070175438 177.50000000000003
decision_type=2 2 2 2 2 2 2 2 2 2 2 2 2 2 2 2 2 2 2 2 2 2 2 2 2 2 2 2 2 2
left_child=4 2 3 -2 7 15 -4 17 -8 -3 11 -9 -13 -14 18 20 23 19 21 -1 24 28 -23 -11 29 -25 27 -26 -5 -6
right_child=1 9 6 14 5 -7 8 10 -10 16 -12 12 13 -15 -16 -17 -18 -19 -20 -21 -22 22 -24 25 26 -27 -28 -29 -30 -31
leaf_value=-0.050051038220953414 0.04888005020196412 -0.064921349279494209 0.097906889002644715 -0.050071258492759667 -0.050054268216547029 0.023348764999564196 0.047545498898806937 -0.063504531190675312 0.019862175372450126 -0.050162390707575166 -0.063955641909108393 -0.063642760120093886 -0.06337709213033943 -0.050043674743509119 -0.051587445218751797 -0.051187659845423152 -0.050855125607450147 -0.051002196578111392 -0.050597172603270651 -0.050370224529170671 -0.050336196865900462 -0.050142126456101645 -0.050231595739122607 -0.050052582716488353 -0.050085587807663326 -0.050090120676963348 -0.050054145389711584 -0.050067336676459517 -0.05005091772885422 -0.050050506930058802
leaf_weight=5.7432590506505239 0.95574816688895159 1.4162069844314826 0.72256814688444171 0.084756427211686969 0.44157576770521634 0.80755692860111583 0.64827254135161616 3.1380215883255009 0.6992468184325844 0.048729786823969223 2.4346758523024619 0.34155706793535534 0.36436423985287503 0.12976899463683367 0.16730427066795528 0.15448281203862269 0.25893739459570497 0.065548531711101421 0.26951656327582896 0.043776304461061843 0.04703735327348102 0.10545281227678061 0.10289599746465683 0.106345426349435 0.12075348803773511 0.046052235178649426 0.057397102937102318 0.062075993395410478 0.046749512664973736 0.57168692938284948
leaf_count=2819 23 5 3 33 210 39 16 33 33 16 27 3 14 77 5 9 30 2 20 3 5 29 16 53 36 17 27 25 23 287
internal_value=-0.0369167 0.00135249 0.0323115 0.00427694 -0.0518801 -0.0239395 0.0557732 -0.0570361 0.0331802 -0.06139 -0.0634035 -0.0630651 -0.0614152 -0.0598755 -0.05061 -0.0501854 -0.0505197 -0.0500641 -0.0503416 -0.0500535 -0.0500663 -0.050139 -0.0501863 -0.0500878 -0.0500562 -0.0500639 -0.0500734 -0.0500794 -0.050064 -0.0500521
internal_weight=20.2023 5.67878 3.80251 1.73242 14.5235 2.26257 2.07009 12.261 1.34752 1.87627 6.40839 3.97371 0.83569 0.494133 0.776676 1.45501 0.460065 5.85258 0.609371 5.78704 1.30053 0.339855 0.208349 0.201127 1.25349 0.152398 0.240227 0.182829 0.131506 1.01326
internal_count=3938 322 201 149 3616 638 52 2978 49 121 154 127 94 91 126 599 116 2824 121 2822 590 101 45 86 585 70 88 61 56 497
is_linear=0
shrinkage=0.1


Tree=32
num_leaves=31
num_cat=0
split_feature=4 8 0 10 2 6 6 0 10 2 10 4 4 6 7 10 7 6 1 7 6 0 6 6 7 7 0 10 7 7
split_gain=1.05781 0.759829 0.536341 0.279015 0.402299 0.197239 0.074888 0.0388968 0.0362621 0.00574992 0.000363139 0.00195481 1.94484e-05 1.32855e-05 9.69097e-06 1.43703e-05 7.30835e-06 4.29089e-06 4.05011e-06 4.12008e-06 1.13611e-06 1.03391e-06 2.63812e-07 2.1471e-07 9.09222e-08 4.31282e-08 2.15794e-08 2.01592e-08 1.43839e-08 1.05111e-08
threshold=172.50000000000003 2219.5000000000005 2.5000000000000004 0.22474747474747472 1.0000000180025095e-35 2015.5000000000002 1344.0000000000002 3.5000000000000004 0.20942982456140347 1.0000000180025095e-35 0.26969696969696971 169.50000000000003 168.50000000000003 1519.5000000000002 -894.49999999999989 0.21980676328502413 2463.5000000000005 1564.0000000000002 2.5000000000000004 1309.5000000000002 1182.0000000000002 3.5000000000000004 1344.0000000000002 1683.0000000000002 1224.0000000000002 1003.5000000000001 3.5000000000000004 0.19615384615384618 1044.0000000000002 1003.5000000000001
decision_type=2 2 2 2 2 2 2 2 2 2 2 2 2 2 2 2 2 2 2 2 2 2 2 2 2 2 2 2 2 2
left_child=5 2 13 6 -5 7 8 17 -4 -3 12 28 14 25 -9 -16 20 22 27 21 24 -20 29 -22 26 -2 -6 -11 -12 -1
right_child=1 9 3 4 16 -7 -8 10 -10 18 11 -13 -14 -15 15 -17 -18 -19 19 -21 23 -23 -24 -25 -26 -27 -28 -29 -30 -31
leaf_value=0.050046174488609242 0.050049265218475462 0.062752984618693386 -0.017461899669260563 -0.060015200744601621 0.050066561044178837 -0.037053484924902715 -0.067633728967863238 0.062038265196059289 -0.049673835278659345 0.050123746618304259 0.050040749563811049 0.06217789008252244 0.06227144272606127 0.051147995360578707 0.061438603423265084 0.061974462516578711 0.051088595807657546 0.05072462676716416 0.050060165383033983 0.051003115475742745 0.050317990765913582 0.05055044390160255 0.0502807381825537 0.050473918169524339 0.050205786886172367 0.050124447575961309 0.050131738318529129 0.050052516650050852 0.050105384355991357 0.050069493313999285
leaf_weight=5.1971949023427442 0.79372495843563118 1.3529786282451821 0.67393019353039585 0.55716201732866444 0.11122805788181722 0.23183546308428127 1.2798785944469271 1.578639794548508 0.7259117653593421 0.057576734572648891 0.11837322334758926 0.6571197384619154 1.6103283328702671 0.12773438869044185 0.99951578513719175 1.0023018168285487 0.13061038800515234 0.095690309535711893 0.08461626642383635 0.17035193589981645 0.17671456595417112 0.087482795584946871 0.048740906990133115 0.17652286880183965 0.12058341084048152 0.084415848716162145 0.093499734066426754 0.12820439954521134 0.048552947933785617 0.20076899405103166
leaf_count=2819 418 34 34 8 46 8 9 11 13 24 74 14 14 7 16 33 6 5 42 10 27 9 8 15 25 22 20 67 13 87
internal_value=0.0360439 0.00504815 -0.0151534 -0.0313995 0.00537672 0.0542724 -0.0501507 0.0561044 -0.0341659 0.0592985 0.0616732 0.0597231 0.0619828 0.0501951 0.061853 0.0617069 0.0504036 0.0500608 0.0504505 0.0506545 0.0502717 0.0503094 0.0500491 0.0503959 0.0501369 0.0500565 0.0500963 0.0500746 0.0500595 0.050047
internal_weight=18.7222 6.93313 5.05192 4.04604 1.36632 11.7891 2.67972 11.5572 1.39984 1.88121 6.01483 0.824046 5.19079 1.00588 3.58046 2.00182 0.809159 5.5424 0.528232 0.342451 0.678549 0.172099 5.4467 0.353237 0.325311 0.878141 0.204728 0.185781 0.166926 5.39796
internal_count=3938 836 650 203 147 3102 56 3094 47 186 175 101 74 447 60 49 139 2919 152 61 133 51 2914 42 91 440 66 91 87 2906
is_linear=0
shrinkage=0.1


Tree=33
num_leaves=31
num_cat=0
split_feature=4 8 0 10 2 6 6 0 10 2 10 4 4 6 7 10 7 6 1 7 6 0 6 6 7 7 0 10 7 7
split_gain=1.05781 0.759829 0.536341 0.279015 0.402299 0.197239 0.074888 0.0388968 0.0362621 0.00574992 0.000363139 0.00195481 1.94484e-05 1.32855e-05 9.69097e-06 1.43703e-05 7.30835e-06 4.29089e-06 4.05011e-06 4.12008e-06 1.13611e-06 1.03391e-06 2.63812e-07 2.1471e-07 9.09222e-08 4.31282e-08 2.15794e-08 2.01592e-08 1.43839e-08 1.05111e-08
threshold=172.50000000000003 2219.5000000000005 2.5000000000000004 0.22474747474747472 1.0000000180025095e-35 2015.5000000000002 1344.0000000000002 3.5000000000000004 0.20942982456140347 1.0000000180025095e-35 0.26969696969696971 169.50000000000003 168.50000000000003 1519.5000000000002 -894.49999999999989 0.21980676328502413 2463.5000000000005 1564.0000000000002 2.5000000000000004 1309.5000000000002 1182.0000000000002 3.5000000000000004 1344.0000000000002 1683.0000000000002 1224.0000000000002 1003.5000000000001 3.5000000000000004 0.19615384615384618 1044.0000000000002 1003.5000000000001
decision_type=2 2 2 2 2 2 2 2 2 2 2 2 2 2 2 2 2 2 2 2 2 2 2 2 2 2 2 2 2 2
left_child=5 2 13 6 -5 7 8 17 -4 -3 12 28 14 25 -9 -16 20 22 27 21 24 -20 29 -22 26 -2 -6 -11 -12 -1
right_child=1 9 3 4 16 -7 -8 10 -10 18 11 -13 -14 -15 15 -17 -18 -19 19 -21 23 -23 -24 -25 -26 -27 -28 -29 -30 -31
leaf_value=-0.050046174488609242 -0.050049265218475462 -0.062752984618693386 0.017461899669260563 0.060015200744601621 -0.050066561044178837 0.037053484924902715 0.067633728967863238 -0.062038265196059289 0.049673835278659345 -0.050123746618304259 -0.050040749563811049 -0.06217789008252244 -0.06227144272606127 -0.051147995360578707 -0.061438603423265084 -0.061974462516578711 -0.051088595807657546 -0.05072462676716416 -0.050060165383033983 -0.051003115475742745 -0.050317990765913582 -0.05055044390160255 -0.0502807381825537 -0.050473918169524339 -0.050205786886172367 -0.050124447575961309 -0.050131738318529129 -0.050052516650050852 -0.050105384355991357 -0.050069493313999285
leaf_weight=5.1971949023427442 0.79372495843563118 1.3529786282451821 0.67393019353039585 0.55716201732866444 0.11122805788181722 0.23183546308428127 1.2798785944469271 1.578639794548508 0.7259117653593421 0.057576734572648891 0.11837322334758926 0.6571197384619154 1.6103283328702671 0.12773438869044185 0.99951578513719175 1.0023018168285487 0.13061038800515234 0.095690309535711893 0.08461626642383635 0.17035193589981645 0.17671456595417112 0.087482795584946871 0.048740906990133115 0.17652286880183965 0.12058341084048152 0.084415848716162145 0.093499734066426754 0.12820439954521134 0.048552947933785617 0.20076899405103166
leaf_count=2819 418 34 34 8 46 8 9 11 13 24 74 14 14 7 16 33 6 5 42 10 27 9 8 15 25 22 20 67 13 87
internal_value=-0.0360439 -0.00504815 0.0151534 0.0313995 -0.00537672 -0.0542724 0.0501507 -0.0561044 0.0341659 -0.0592985 -0.0616732 -0.0597231 -0.0619828 -0.0501951 -0.061853 -0.0617069 -0.0504036 -0.0500608 -0.0504505 -0.0506545 -0.0502717 -0.0503094 -0.0500491 -0.0503959 -0.0501369 -0.0500565 -0.0500963 -0.0500746 -0.0500595 -0.050047
internal_weight=18.7222 6.93313 5.05192 4.04604 1.36632 11.7891 2.67972 11.5572 1.39984 1.88121 6.01483 0.824046 5.19079 1.00588 3.58046 2.00182 0.809159 5.5424 0.528232 0.342451 0.678549 0.172099 5.4467 0.353237 0.325311 0.878141 0.204728 0.185781 0.166926 5.39796
internal_count=3938 836 650 203 147 3102 56 3094 47 186 175 101 74 447 60 49 139 2919 152 61 133 51 2914 42 91 440 66 91 87 2906
is_linear=0
shrinkage=0.1


Tree=34
num_leaves=31
num_cat=0
split_feature=4 8 0 2 10 6 10 4 0 2 10 4 6 4 7 10 6 1 7 7 6 0 6 7 7 7 10 7 7 10
split_gain=0.959206 0.671346 0.488625 0.306693 0.341289 0.17754 0.148745 0.0294836 0.0278322 0.00408058 0.000252518 0.00138873 2.21886e-05 1.28908e-05 5.75271e-06 9.7142e-06 3.17701e-06 2.99899e-06 3.04558e-06 2.13692e-06 1.32035e-06 7.66224e-07 1.95351e-07 1.71183e-07 7.87984e-08 4.31847e-08 1.49429e-08 1.06517e-08 7.78471e-09 6.86722e-09
threshold=172.50000000000003 2219.5000000000005 3.5000000000000004 1.0000000180025095e-35 0.2124060150375939 2015.5000000000002 0.19615384615384618 177.50000000000003 3.5000000000000004 1.0000000180025095e-35 0.26969696969696971 169.50000000000003 1564.0000000000002 168.50000000000003 -894.49999999999989 0.21980676328502413 1564.0000000000002 2.5000000000000004 1309.5000000000002 1108.5000000000002 1182.0000000000002 3.5000000000000004 1344.0000000000002 1784.5000000000002 891.00000000000011 1003.5000000000001 0.19615384615384618 1044.0000000000002 1003.5000000000001 0.18350168350168347
decision_type=2 2 2 2 2 2 2 2 2 2 2 2 2 2 2 2 2 2 2 2 2 2 2 2 2 2 2 2 2 2
left_child=5 2 3 4 19 8 -4 -8 16 -3 13 27 20 14 -10 -16 22 26 21 24 23 -19 28 25 -2 -5 -11 -12 -1 -30
right_child=1 9 6 12 -6 -7 7 -9 10 17 11 -13 -14 -15 15 -17 -18 18 -20 -21 -22 -23 -24 -25 -26 -27 -28 -29 29 -31
leaf_value=0.050041780628637435 0.050048143566638253 0.061265202923054256 -0.081039761827141954 0.05004818934611327 -0.06218726438247605 -0.034924924465715962 -0.040565645821229818 -0.011993328015876662 0.060636426695182481 0.050111979318492053 0.050036870237259529 0.060767783341750162 0.051029079531785662 0.060842276885401073 0.060141248980075147 0.060599630371489299 0.050655109669174837 0.050054439609963822 0.050906681324768444 0.05057214867405152 0.050390399414126756 0.050498024129783194 0.050253923379804104 0.050271351583077308 0.050203261400793286 0.050115916707585723 0.050047515109089863 0.050095338221442312 0.050094288537633473 0.050050843608824482
leaf_weight=4.7030086251907051 0.2783477823249989 1.2524146495852617 0.83866184949874911 0.5798213956877587 0.72966204804833978 0.22190371714532453 0.84034293028525986 0.63334070984274149 1.4597252036910502 0.052109194744843879 0.10711640468798567 0.60766945756040514 0.39352988451719284 1.4895389896701088 0.92290045612026028 0.92643099330598488 0.086696947691962012 0.076572277466766536 0.15441794251091778 0.11363675561733544 0.15701498347334564 0.079235698911361396 0.044124932144768425 0.040239352965727448 0.037115475744940341 0.11239559750538319 0.11601514194626361 0.043940887902863324 0.050320127280428895 0.13136596116237342
leaf_count=2819 155 34 4 318 8 8 30 30 11 24 74 14 25 14 16 33 5 42 10 10 21 9 8 7 8 34 67 13 17 70
internal_value=0.0353364 0.0049385 -0.0144751 0.016723 -0.0205691 0.0535978 -0.0474193 -0.0282862 0.0554557 0.0582644 0.0603299 0.0586347 0.0504039 0.060598 0.060488 0.0603709 0.050055 0.0504076 0.0505919 0.0502003 0.0501273 0.05028 0.0500445 0.0500708 0.0500664 0.0500592 0.0500675 0.0500539 0.0500426 0.0500629
internal_weight=17.2796 6.48487 4.75411 2.44176 1.15876 10.7947 2.31235 1.47368 10.5728 1.73076 5.55732 0.758727 1.283 4.7986 3.30906 1.84933 5.01552 0.47835 0.310226 0.4291 0.889471 0.155808 4.92882 0.732456 0.315463 0.692217 0.168124 0.151057 4.88469 0.181686
internal_count=3938 836 650 586 181 3102 64 60 3094 186 175 101 405 74 60 49 2919 152 61 173 380 51 2914 359 163 352 91 87 2906 87
is_linear=0
shrinkage=0.1


Tree=35
num_leaves=31
num_cat=0
split_feature=4 8 0 2 10 6 10 4 0 2 10 4 6 4 7 10 6 1 7 7 6 0 6 7 7 7 10 7 7 10
split_gain=0.959206 0.671346 0.488625 0.306693 0.341289 0.17754 0.148745 0.0294836 0.0278322 0.00408058 0.000252518 0.00138873 2.21886e-05 1.28908e-05 5.75271e-06 9.7142e-06 3.17701e-06 2.99899e-06 3.04558e-06 2.13692e-06 1.32035e-06 7.66224e-07 1.95351e-07 1.71183e-07 7.87984e-08 4.31847e-08 1.49429e-08 1.06517e-08 7.78471e-09 6.86722e-09
threshold=172.50000000000003 2219.5000000000005 3.5000000000000004 1.0000000180025095e-35 0.2124060150375939 2015.5000000000002 0.19615384615384618 177.50000000000003 3.5000000000000004 1.0000000180025095e-35 0.26969696969696971 169.50000000000003 1564.0000000000002 168.50000000000003 -894.49999999999989 0.21980676328502413 1564.0000000000002 2.5000000000000004 1309.5000000000002 1108.5000000000002 1182.0000000000002 3.5000000000000004 1344.0000000000002 1784.5000000000002 891.00000000000011 1003.5000000000001 0.19615384615384618 1044.0000000000002 1003.5000000000001 0.18350168350168347
decision_type=2 2 2 2 2 2 2 2 2 2 2 2 2 2 2 2 2 2 2 2 2 2 2 2 2 2 2 2 2 2
left_child=5 2 3 4 19 8 -4 -8 16 -3 13 27 20 14 -10 -16 22 26 21 24 23 -19 28 25 -2 -5 -11 -12 -1 -30
right_child=1 9 6 12 -6 -7 7 -9 10 17 11 -13 -14 -15 15 -17 -18 18 -20 -21 -22 -23 -24 -25 -26 -27 -28 -29 29 -31
leaf_value=-0.050041780628637435 -0.050048143566638253 -0.061265202923054256 0.081039761827141954 -0.05004818934611327 0.06218726438247605 0.034924924465715962 0.040565645821229818 0.011993328015876662 -0.060636426695182481 -0.050111979318492053 -0.050036870237259529 -0.060767783341750162 -0.051029079531785662 -0.060842276885401073 -0.060141248980075147 -0.060599630371489299 -0.050655109669174837 -0.050054439609963822 -0.050906681324768444 -0.05057214867405152 -0.050390399414126756 -0.050498024129783194 -0.050253923379804104 -0.050271351583077308 -0.050203261400793286 -0.050115916707585723 -0.050047515109089863 -0.050095338221442312 -0.050094288537633473 -0.050050843608824482
leaf_weight=4.7030086251907051 0.2783477823249989 1.2524146495852617 0.83866184949874911 0.5798213956877587 0.72966204804833978 0.22190371714532453 0.84034293028525986 0.63334070984274149 1.4597252036910502 0.052109194744843879 0.10711640468798567 0.60766945756040514 0.39352988451719284 1.4895389896701088 0.92290045612026028 0.92643099330598488 0.086696947691962012 0.076572277466766536 0.15441794251091778 0.11363675561733544 0.15701498347334564 0.079235698911361396 0.044124932144768425 0.040239352965727448 0.037115475744940341 0.11239559750538319 0.11601514194626361 0.043940887902863324 0.050320127280428895 0.13136596116237342
leaf_count=2819 155 34 4 318 8 8 30 30 11 24 74 14 25 14 16 33 5 42 10 10 21 9 8 7 8 34 67 13 17 70
internal_value=-0.0353364 -0.0049385 0.0144751 -0.016723 0.0205691 -0.0535978 0.0474193 0.0282862 -0.0554557 -0.0582644 -0.0603299 -0.0586347 -0.0504039 -0.060598 -0.060488 -0.0603709 -0.050055 -0.0504076 -0.0505919 -0.0502003 -0.0501273 -0.05028 -0.0500445 -0.0500708 -0.0500664 -0.0500592 -0.0500675 -0.0500539 -0.0500426 -0.0500629
internal_weight=17.2796 6.48487 4.75411 2.44176 1.15876 10.7947 2.31235 1.47368 10.5728 1.73076 5.55732 0.758727 1.283 4.7986 3.30906 1.84933 5.01552 0.47835 0.310226 0.4291 0.889471 0.155808 4.92882 0.732456 0.315463 0.692217 0.168124 0.151057 4.88469 0.181686
internal_count=3938 836 650 586 181 3102 64 60 3094 186 175 101 405 74 60 49 2919 152 61 173 380 51 2914 359 163 352 91 87 2906 87
is_linear=0
shrinkage=0.1


Tree=36
num_leaves=31
num_cat=0
split_feature=7 8 2 10 4 0 0 2 4 10 6 4 8 6 1 6 6 6 6 4 4 6 0 10 0 10 8 1 4 4
split_gain=0.872829 0.752928 0.177021 0.6094 0.152654 0.204194 0.0198709 0.0025817 3.65217e-05 9.65007e-05 9.40306e-05 0.000612415 1.61311e-05 7.06195e-06 2.67324e-06 2.36679e-06 1.35835e-06 1.79581e-07 1.4177e-07 7.74448e-08 1.03329e-07 1.02155e-08 8.37561e-09 8.34791e-09 6.37505e-09 2.58767e-09 9.34368e-10 6.1887e-10 1.3769e-10 8.20718e-10
threshold=1003.5000000000001 2219.5000000000005 1.0000000180025095e-35 0.18634259259259259 172.50000000000003 3.5000000000000004 3.5000000000000004 1.0000000180025095e-35 168.50000000000003 0.23669467787114842 -1926.4999999999998 149.50000000000003 1842.5000000000002 1564.0000000000002 2.5000000000000004 1564.0000000000002 1519.5000000000002 1344.0000000000002 1344.0000000000002 176.50000000000003 180.50000000000003 1137.0000000000002 2.5000000000000004 0.22474747474747472 3.5000000000000004 0.26491228070175438 1514.0000000000002 2.5000000000000004 177.50000000000003 176.50000000000003
decision_type=2 2 2 2 2 2 2 2 2 2 2 2 2 2 2 2 2 2 2 2 2 2 2 2 2 2 2 2 2 2
left_child=4 2 -2 -4 6 13 15 -3 9 -8 -11 -12 16 18 21 17 19 -1 22 24 -21 -9 28 -23 27 26 -24 -5 29 -6
right_child=1 7 3 12 5 -7 8 14 -10 10 11 -13 -14 -15 -16 -17 -18 -19 -20 20 -22 23 25 -25 -26 -27 -28 -29 -30 -31
leaf_value=0.050037796805944362 -0.048199889606695225 0.06023020404751947 -0.086811733816373957 0.050037770756048677 0.050037565234801955 -0.019057405373268423 0.059344459443859889 0.050037855254149555 0.059612531358668758 0.059407597092093957 0.059273289484548346 0.050032250639023418 0.051204840814629338 0.050878968642827538 0.0506293798801698 0.050739734517477778 0.050423887841508447 0.050273772523205688 0.050248645578366204 0.050259549989476106 0.050106008570559427 0.050126810781330224 0.050073425820170908 0.050067216091317514 0.050092547668253322 0.050040096996950528 0.050056678669141812 0.050054975308950839 0.050037431767387987 0.050049828659854571
leaf_weight=4.2557795663597044 1.8751630065962683 1.1277592096012083 0.51693207304924704 0.04073021502699703 0.25748078827746101 0.6987115021329372 2.4797397964866836 0.056457054161000886 1.9299710076884364 0.27014506107661884 0.28795268980320521 0.095497476751916111 0.2616360749816522 0.11503824859391898 0.19443880789913237 0.048830966465175041 0.28102919610682875 0.032495976425707229 0.034904183819890022 0.070020062499679625 0.11718187609221786 0.039442481647711247 0.10282739135436714 0.058171557146124542 0.047249207273125648 0.042528453632257879 0.049281161569524556 0.042961300467140973 0.4232424721121788 0.069249120773747563
leaf_count=2819 34 5 7 27 172 39 33 39 27 3 14 77 16 9 30 2 30 3 5 14 39 14 36 33 13 27 25 21 287 38
internal_value=0.0346965 -0.00132385 -0.028204 -0.000988684 0.0499146 0.0231772 0.0550151 0.0579055 0.0592703 0.0590595 0.0579786 0.0569718 0.0505497 0.0501378 0.0503828 0.0500475 0.0502637 0.0500396 0.0500507 0.0501222 0.0501634 0.0500717 0.0500434 0.0500913 0.0500632 0.0500619 0.050068 0.0500466 0.0500386 0.0500402
internal_weight=15.9228 4.72917 3.2529 1.37774 11.1937 1.79326 9.40041 1.47627 5.06331 3.13334 0.653595 0.38345 0.860808 1.09455 0.34851 4.33711 0.599172 4.28828 0.979514 0.318143 0.187202 0.154071 0.944609 0.097614 0.130941 0.194637 0.152109 0.0836915 0.749972 0.32673
internal_count=3938 322 201 167 3616 638 2978 121 154 127 94 91 160 599 116 2824 144 2822 590 114 53 86 585 47 61 88 61 48 497 210
is_linear=0
shrinkage=0.1


Tree=37
num_leaves=31
num_cat=0
split_feature=7 8 2 10 4 0 0 2 4 10 6 4 8 6 1 6 6 6 6 4 4 6 0 10 0 10 8 1 4 4
split_gain=0.872829 0.752928 0.177021 0.6094 0.152654 0.204194 0.0198709 0.0025817 3.65217e-05 9.65007e-05 9.40306e-05 0.000612415 1.61311e-05 7.06195e-06 2.67324e-06 2.36679e-06 1.35835e-06 1.79581e-07 1.4177e-07 7.74448e-08 1.03329e-07 1.02155e-08 8.37561e-09 8.34791e-09 6.37505e-09 2.58767e-09 9.34368e-10 6.1887e-10 1.3769e-10 8.20718e-10
threshold=1003.5000000000001 2219.5000000000005 1.0000000180025095e-35 0.18634259259259259 172.50000000000003 3.5000000000000004 3.5000000000000004 1.0000000180025095e-35 168.50000000000003 0.23669467787114842 -1926.4999999999998 149.50000000000003 1842.5000000000002 1564.0000000000002 2.5000000000000004 1564.0000000000002 1519.5000000000002 1344.0000000000002 1344.0000000000002 176.50000000000003 180.50000000000003 1137.0000000000002 2.5000000000000004 0.22474747474747472 3.5000000000000004 0.26491228070175438 1514.0000000000002 2.5000000000000004 177.50000000000003 176.50000000000003
decision_type=2 2 2 2 2 2 2 2 2 2 2 2 2 2 2 2 2 2 2 2 2 2 2 2 2 2 2 2 2 2
left_child=4 2 -2 -4 6 13 15 -3 9 -8 -11 -12 16 18 21 17 19 -1 22 24 -21 -9 28 -23 27 26 -24 -5 29 -6
right_child=1 7 3 12 5 -7 8 14 -10 10 11 -13 -14 -15 -16 -17 -18 -19 -20 20 -22 23 25 -25 -26 -27 -28 -29 -30 -31
leaf_value=-0.050037796805944362 0.048199889606695225 -0.06023020404751947 0.086811733816373957 -0.050037770756048677 -0.050037565234801955 0.019057405373268423 -0.059344459443859889 -0.050037855254149555 -0.059612531358668758 -0.059407597092093957 -0.059273289484548346 -0.050032250639023418 -0.051204840814629338 -0.050878968642827538 -0.0506293798801698 -0.050739734517477778 -0.050423887841508447 -0.050273772523205688 -0.050248645578366204 -0.050259549989476106 -0.050106008570559427 -0.050126810781330224 -0.050073425820170908 -0.050067216091317514 -0.050092547668253322 -0.050040096996950528 -0.050056678669141812 -0.050054975308950839 -0.050037431767387987 -0.050049828659854571
leaf_weight=4.2557795663597044 1.8751630065962683 1.1277592096012083 0.51693207304924704 0.04073021502699703 0.25748078827746101 0.6987115021329372 2.4797397964866836 0.056457054161000886 1.9299710076884364 0.27014506107661884 0.28795268980320521 0.095497476751916111 0.2616360749816522 0.11503824859391898 0.19443880789913237 0.048830966465175041 0.28102919610682875 0.032495976425707229 0.034904183819890022 0.070020062499679625 0.11718187609221786 0.039442481647711247 0.10282739135436714 0.058171557146124542 0.047249207273125648 0.042528453632257879 0.049281161569524556 0.042961300467140973 0.4232424721121788 0.069249120773747563
leaf_count=2819 34 5 7 27 172 39 33 39 27 3 14 77 16 9 30 2 30 3 5 14 39 14 36 33 13 27 25 21 287 38
internal_value=-0.0346965 0.00132385 0.028204 0.000988684 -0.0499146 -0.0231772 -0.0550151 -0.0579055 -0.0592703 -0.0590595 -0.0579786 -0.0569718 -0.0505497 -0.0501378 -0.0503828 -0.0500475 -0.0502637 -0.0500396 -0.0500507 -0.0501222 -0.0501634 -0.0500717 -0.0500434 -0.0500913 -0.0500632 -0.0500619 -0.050068 -0.0500466 -0.0500386 -0.0500402
internal_weight=15.9228 4.72917 3.2529 1.37774 11.1937 1.79326 9.40041 1.47627 5.06331 3.13334 0.653595 0.38345 0.860808 1.09455 0.34851 4.33711 0.599172 4.28828 0.979514 0.318143 0.187202 0.154071 0.944609 0.097614 0.130941 0.194637 0.152109 0.0836915 0.749972 0.32673
internal_count=3938 322 201 167 3616 638 2978 121 154 127 94 91 160 599 116 2824 144 2822 590 114 53 86 585 47 61 88 61 48 497 210
is_linear=0
shrinkage=0.1


Tree=38
num_leaves=31
num_cat=0
split_feature=4 8 0 2 10 6 0 2 10 4 8 4 6 7 10 1 6 7 10 6 0 6 6 10 7 1 7 10 7 10
split_gain=0.794933 0.532198 0.372497 0.219327 0.550318 0.144938 0.0144199 0.00210773 0.000124131 0.000708797 1.20686e-05 5.91702e-06 5.39122e-06 2.25773e-06 4.63756e-06 1.79023e-06 1.73831e-06 1.43151e-06 7.49674e-07 7.37361e-07 6.13342e-07 1.14301e-07 1.06623e-07 5.09114e-08 3.10906e-08 1.05499e-08 1.05275e-08 9.56269e-09 9.36377e-09 7.97122e-09
threshold=172.50000000000003 2219.5000000000005 2.5000000000000004 1.0000000180025095e-35 0.18898809523809523 2015.5000000000002 3.5000000000000004 1.0000000180025095e-35 0.26969696969696971 169.50000000000003 1842.5000000000002 168.50000000000003 1519.5000000000002 -894.49999999999989 0.21980676328502413 2.5000000000000004 1564.0000000000002 1309.5000000000002 0.22474747474747472 1683.0000000000002 3.5000000000000004 1430.5000000000002 1344.0000000000002 0.24500000000000002 1003.5000000000001 2.5000000000000004 1003.5000000000001 0.18350168350168347 1003.5000000000001 0.19615384615384618
decision_type=2 2 2 2 2 2 2 2 2 2 2 2 2 2 2 2 2 2 2 2 2 2 2 2 2 2 2 2 2 2
left_child=5 2 12 -4 -5 6 16 -3 11 -10 18 13 24 -8 -15 29 22 20 -6 21 -17 23 26 -20 -2 -25 -1 -28 -27 -9
right_child=1 7 3 4 10 -7 8 15 9 -11 -12 -13 -14 14 -16 17 -18 -19 19 -21 -22 -23 -24 25 -26 28 27 -29 -30 -31
leaf_value=0.050034197555177365 0.050036510327499256 0.058850977387512486 -0.048340318246805507 -0.080069804039663753 0.050526381064983278 -0.032815333867294141 0.058370365666412641 0.050091687801893728 0.050044069532477947 0.058480097637503038 0.051116137311957556 0.058529955115684568 0.050848948022571575 0.058017214010007451 0.058361178880535741 0.050044544744284596 0.050535442107865897 0.050741232637664904 0.050201445259471233 0.050405822300204232 0.050471275711996826 0.050250507000637407 0.050207736801079907 0.05007019625663383 0.050106565449945267 0.050093713348685689 0.050097501170376806 0.050044144558046157 0.050142177986935724 0.050039754319212273
leaf_weight=3.8510514403460512 0.58848007197957564 1.0652695737662723 2.0401622049976145 0.50680115073919274 0.10034979111514986 0.19488617684692222 1.2392704340163616 0.042681255727074929 0.12342116434592743 0.51596022513695061 0.22987916134297848 1.2653140634647568 0.095233207102864981 0.78138623270206176 0.78654224012279883 0.062696720706298947 0.071134212659671792 0.12686547113116831 0.066502278903499246 0.1665876543847844 0.072780882997903973 0.094582737656310201 0.03615445178002108 0.071367392898537219 0.070992781897075474 0.08506431058049202 0.048513234418351092 0.1091909910319373 0.075028231716714799 0.09609992423793301
leaf_count=2819 418 34 37 9 13 8 11 24 87 14 14 14 7 16 33 42 5 10 15 16 9 14 8 34 22 33 17 70 18 67
internal_value=0.0340603 0.00467292 -0.0134694 -0.0274409 0.00309874 0.0524865 0.0543696 0.0565245 0.058147 0.0568517 0.0504922 0.0583504 0.0501456 0.0582695 0.0581898 0.0503462 0.0500454 0.0504998 0.0502747 0.0502295 0.0502738 0.0501547 0.0500368 0.0501243 0.0500441 0.0501022 0.0500352 0.0500606 0.0501164 0.0500557
internal_weight=14.6802 5.65742 4.19103 3.43632 1.39616 9.02282 8.82794 1.46639 4.71189 0.639381 0.889362 4.07251 0.754706 2.8072 1.56793 0.401124 4.11604 0.262343 0.659482 0.559133 0.135478 0.392545 4.04491 0.297962 0.659473 0.23146 4.00876 0.157704 0.160093 0.138781
internal_count=3938 836 650 203 166 3102 3094 186 175 101 157 74 447 60 49 152 2919 61 143 130 51 114 2914 100 440 85 2906 87 51 91
is_linear=0
shrinkage=0.1


Tree=39
num_leaves=31
num_cat=0
split_feature=4 8 0 2 10 6 0 2 10 4 8 4 6 7 10 1 6 7 10 6 0 6 6 10 7 1 7 10 7 10
split_gain=0.794933 0.532198 0.372497 0.219327 0.550318 0.144938 0.0144199 0.00210773 0.000124131 0.000708797 1.20686e-05 5.91702e-06 5.39122e-06 2.25773e-06 4.63756e-06 1.79023e-06 1.73831e-06 1.43151e-06 7.49674e-07 7.37361e-07 6.13342e-07 1.14301e-07 1.06623e-07 5.09114e-08 3.10906e-08 1.05499e-08 1.05275e-08 9.56269e-09 9.36377e-09 7.97122e-09
threshold=172.50000000000003 2219.5000000000005 2.5000000000000004 1.0000000180025095e-35 0.18898809523809523 2015.5000000000002 3.5000000000000004 1.0000000180025095e-35 0.26969696969696971 169.50000000000003 1842.5000000000002 168.50000000000003 1519.5000000000002 -894.49999999999989 0.21980676328502413 2.5000000000000004 1564.0000000000002 1309.5000000000002 0.22474747474747472 1683.0000000000002 3.5000000000000004 1430.5000000000002 1344.0000000000002 0.24500000000000002 1003.5000000000001 2.5000000000000004 1003.5000000000001 0.18350168350168347 1003.5000000000001 0.19615384615384618
decision_type=2 2 2 2 2 2 2 2 2 2 2 2 2 2 2 2 2 2 2 2 2 2 2 2 2 2 2 2 2 2
left_child=5 2 12 -4 -5 6 16 -3 11 -10 18 13 24 -8 -15 29 22 20 -6 21 -17 23 26 -20 -2 -25 -1 -28 -27 -9
right_child=1 7 3 4 10 -7 8 15 9 -11 -12 -13 -14 14 -16 17 -18 -19 19 -21 -22 -23 -24 25 -26 28 27 -29 -30 -31
leaf_value=-0.050034197555177365 -0.050036510327499256 -0.058850977387512486 0.048340318246805507 0.080069804039663753 -0.050526381064983278 0.032815333867294141 -0.058370365666412641 -0.050091687801893728 -0.050044069532477947 -0.058480097637503038 -0.051116137311957556 -0.058529955115684568 -0.050848948022571575 -0.058017214010007451 -0.058361178880535741 -0.050044544744284596 -0.050535442107865897 -0.050741232637664904 -0.050201445259471233 -0.050405822300204232 -0.050471275711996826 -0.050250507000637407 -0.050207736801079907 -0.05007019625663383 -0.050106565449945267 -0.050093713348685689 -0.050097501170376806 -0.050044144558046157 -0.050142177986935724 -0.050039754319212273
leaf_weight=3.8510514403460512 0.58848007197957564 1.0652695737662723 2.0401622049976145 0.50680115073919274 0.10034979111514986 0.19488617684692222 1.2392704340163616 0.042681255727074929 0.12342116434592743 0.51596022513695061 0.22987916134297848 1.2653140634647568 0.095233207102864981 0.78138623270206176 0.78654224012279883 0.062696720706298947 0.071134212659671792 0.12686547113116831 0.066502278903499246 0.1665876543847844 0.072780882997903973 0.094582737656310201 0.03615445178002108 0.071367392898537219 0.070992781897075474 0.08506431058049202 0.048513234418351092 0.1091909910319373 0.075028231716714799 0.09609992423793301
leaf_count=2819 418 34 37 9 13 8 11 24 87 14 14 14 7 16 33 42 5 10 15 16 9 14 8 34 22 33 17 70 18 67
internal_value=-0.0340603 -0.00467292 0.0134694 0.0274409 -0.00309874 -0.0524865 -0.0543696 -0.0565245 -0.058147 -0.0568517 -0.0504922 -0.0583504 -0.0501456 -0.0582695 -0.0581898 -0.0503462 -0.0500454 -0.0504998 -0.0502747 -0.0502295 -0.0502738 -0.0501547 -0.0500368 -0.0501243 -0.0500441 -0.0501022 -0.0500352 -0.0500606 -0.0501164 -0.0500557
internal_weight=14.6802 5.65742 4.19103 3.43632 1.39616 9.02282 8.82794 1.46639 4.71189 0.639381 0.889362 4.07251 0.754706 2.8072 1.56793 0.401124 4.11604 0.262343 0.659482 0.559133 0.135478 0.392545 4.04491 0.297962 0.659473 0.23146 4.00876 0.157704 0.160093 0.138781
internal_count=3938 836 650 203 166 3102 3094 186 175 101 157 74 447 60 49 152 2919 61 143 130 51 114 2914 100 440 85 2906 87 51 91
is_linear=0
shrinkage=0.1


Tree=40
num_leaves=31
num_cat=0
split_feature=4 8 6 2 10 6 0 2 10 4 8 4 7 10 1 6 0 7 6 0 7 6 4 7 7 0 10 10 7 1
split_gain=0.718935 0.473348 0.337614 0.198377 0.390175 0.13149 0.0104236 0.00151506 8.79687e-05 0.000509835 1.01052e-05 4.06065e-06 1.41226e-06 3.22518e-06 1.3258e-06 1.28723e-06 1.17217e-06 1.05848e-06 6.97424e-07 4.54509e-07 1.07846e-07 7.89627e-08 3.8609e-08 4.15427e-08 7.79639e-09 7.30386e-09 7.08262e-09 5.90799e-09 4.33183e-09 9.72202e-10
threshold=172.50000000000003 2219.5000000000005 431.00000000000006 1.0000000180025095e-35 0.18634259259259259 2015.5000000000002 3.5000000000000004 1.0000000180025095e-35 0.26969696969696971 169.50000000000003 1842.5000000000002 168.50000000000003 -894.49999999999989 0.21980676328502413 2.5000000000000004 1564.0000000000002 3.5000000000000004 1309.5000000000002 1519.5000000000002 3.5000000000000004 1003.5000000000001 1344.0000000000002 182.50000000000003 891.00000000000011 1003.5000000000001 2.5000000000000004 0.18350168350168347 0.19615384615384618 1044.0000000000002 2.5000000000000004
decision_type=2 2 2 2 2 2 2 2 2 2 2 2 2 2 2 2 2 2 2 2 2 2 2 2 2 2 2 2 2 2
left_child=5 2 16 -4 -5 6 15 -3 11 28 18 12 -8 -14 27 21 20 19 22 -16 25 24 23 -6 -1 -2 -26 -9 -10 -28
right_child=1 7 3 4 10 -7 8 14 9 -11 -12 -13 13 -15 17 -17 -18 -19 -20 -21 -22 -23 -24 -25 26 -27 29 -29 -30 -31
leaf_value=0.05003094539888725 0.050031992990467948 0.057875469015981465 -0.047361476587518492 -0.060155481056230892 0.050092237544909483 -0.030654033607097793 0.05744934840635918 0.050082967887775082 0.050027241752771123 0.057550205360945461 0.051078716533432281 0.057591234322011943 0.057150079969531413 0.057449435504964397 0.050040306015797613 0.050484182377107445 0.050555508237057567 0.050670157565038822 0.050341240834298522 0.050426401325428416 0.050161466977338823 0.050187915569013412 0.050059681516307068 0.050187178355061639 0.050088212460988768 0.050062337158712514 0.050031296606446618 0.050035968733532603 0.050070577858924895 0.050051322867933679
leaf_weight=3.4847906507784479 0.47164448327385011 0.9793054901238063 1.8988523535663264 0.5559817685279993 0.086953541729599237 0.18813165463507253 1.138389576750342 0.038625979155767709 0.079129014047793933 0.47401520330458879 0.19016198301687837 1.1626040237606501 0.71720337751321517 0.7224063461762853 0.056734900805167854 0.064426925382576772 0.049880197504535317 0.11494545231107622 0.29216752573847771 0.065910490520764142 0.079497608821839094 0.032726164325140306 0.080738938180729747 0.098066341364756227 0.043904316844418534 0.095361921703442931 0.056150445248931646 0.086961051274556667 0.032555960002355278 0.042657525395043194
leaf_count=2819 374 34 39 25 33 8 11 24 74 14 12 14 16 33 42 5 5 10 35 9 19 8 41 24 17 43 45 67 13 25
internal_value=0.033568 0.00461557 -0.0130168 -0.0267373 0.0032936 0.0519879 0.053919 0.0558297 0.0572577 0.0561181 0.0504492 0.0574361 0.0573661 0.0573003 0.0503132 0.0500411 0.0500884 0.0504521 0.0502346 0.0502478 0.0500524 0.0500333 0.0501174 0.0501426 0.0500319 0.0500371 0.0500548 0.0500504 0.0500399 0.0500399
internal_weight=13.4809 5.24179 3.89931 3.20292 1.30407 8.23909 8.05096 1.34248 4.3263 0.5857 0.748088 3.7406 2.578 1.43961 0.363178 3.72466 0.696384 0.237591 0.557926 0.122645 0.646504 3.66023 0.265759 0.18502 3.6275 0.567006 0.142712 0.125587 0.111685 0.098808
internal_count=3938 836 650 209 170 3102 3094 186 175 101 145 74 60 49 152 2919 441 61 133 51 436 2914 98 57 2906 417 87 91 87 70
is_linear=0
shrinkage=0.1


Tree=41
num_leaves=31
num_cat=0
split_feature=4 8 6 2 10 6 0 2 10 4 8 4 7 10 1 6 0 7 6 0 7 6 4 7 7 0 10 10 7 1
split_gain=0.718935 0.473348 0.337614 0.198377 0.390175 0.13149 0.0104236 0.00151506 8.79687e-05 0.000509835 1.01052e-05 4.06065e-06 1.41226e-06 3.22518e-06 1.3258e-06 1.28723e-06 1.17217e-06 1.05848e-06 6.97424e-07 4.54509e-07 1.07846e-07 7.89627e-08 3.8609e-08 4.15427e-08 7.79639e-09 7.30386e-09 7.08262e-09 5.90799e-09 4.33183e-09 9.72202e-10
threshold=172.50000000000003 2219.5000000000005 431.00000000000006 1.0000000180025095e-35 0.18634259259259259 2015.5000000000002 3.5000000000000004 1.0000000180025095e-35 0.26969696969696971 169.50000000000003 1842.5000000000002 168.50000000000003 -894.49999999999989 0.21980676328502413 2.5000000000000004 1564.0000000000002 3.5000000000000004 1309.5000000000002 1519.5000000000002 3.5000000000000004 1003.5000000000001 1344.0000000000002 182.50000000000003 891.00000000000011 1003.5000000000001 2.5000000000000004 0.18350168350168347 0.19615384615384618 1044.0000000000002 2.5000000000000004
decision_type=2 2 2 2 2 2 2 2 2 2 2 2 2 2 2 2 2 2 2 2 2 2 2 2 2 2 2 2 2 2
left_child=5 2 16 -4 -5 6 15 -3 11 28 18 12 -8 -14 27 21 20 19 22 -16 25 24 23 -6 -1 -2 -26 -9 -10 -28
right_child=1 7 3 4 10 -7 8 14 9 -11 -12 -13 13 -15 17 -17 -18 -19 -20 -21 -22 -23 -24 -25 26 -27 29 -29 -30 -31
leaf_value=-0.05003094539888725 -0.050031992990467948 -0.057875469015981465 0.047361476587518492 0.060155481056230892 -0.050092237544909483 0.030654033607097793 -0.05744934840635918 -0.050082967887775082 -0.050027241752771123 -0.057550205360945461 -0.051078716533432281 -0.057591234322011943 -0.057150079969531413 -0.057449435504964397 -0.050040306015797613 -0.050484182377107445 -0.050555508237057567 -0.050670157565038822 -0.050341240834298522 -0.050426401325428416 -0.050161466977338823 -0.050187915569013412 -0.050059681516307068 -0.050187178355061639 -0.050088212460988768 -0.050062337158712514 -0.050031296606446618 -0.050035968733532603 -0.050070577858924895 -0.050051322867933679
leaf_weight=3.4847906507784479 0.47164448327385011 0.9793054901238063 1.8988523535663264 0.5559817685279993 0.086953541729599237 0.18813165463507253 1.138389576750342 0.038625979155767709 0.079129014047793933 0.47401520330458879 0.19016198301687837 1.1626040237606501 0.71720337751321517 0.7224063461762853 0.056734900805167854 0.064426925382576772 0.049880197504535317 0.11494545231107622 0.29216752573847771 0.065910490520764142 0.079497608821839094 0.032726164325140306 0.080738938180729747 0.098066341364756227 0.043904316844418534 0.095361921703442931 0.056150445248931646 0.086961051274556667 0.032555960002355278 0.042657525395043194
leaf_count=2819 374 34 39 25 33 8 11 24 74 14 12 14 16 33 42 5 5 10 35 9 19 8 41 24 17 43 45 67 13 25
internal_value=-0.033568 -0.00461557 0.0130168 0.0267373 -0.0032936 -0.0519879 -0.053919 -0.0558297 -0.0572577 -0.0561181 -0.0504492 -0.0574361 -0.0573661 -0.0573003 -0.0503132 -0.0500411 -0.0500884 -0.0504521 -0.0502346 -0.0502478 -0.0500524 -0.0500333 -0.0501174 -0.0501426 -0.0500319 -0.0500371 -0.0500548 -0.0500504 -0.0500399 -0.0500399
internal_weight=13.4809 5.24179 3.89931 3.20292 1.30407 8.23909 8.05096 1.34248 4.3263 0.5857 0.748088 3.7406 2.578 1.43961 0.363178 3.72466 0.696384 0.237591 0.557926 0.122645 0.646504 3.66023 0.265759 0.18502 3.6275 0.567006 0.142712 0.125587 0.111685 0.098808
internal_count=3938 836 650 209 170 3102 3094 186 175 101 145 74 60 49 152 2919 441 61 133 51 436 2914 98 57 2906 417 87 91 87 70
is_linear=0
shrinkage=0.1


Tree=42
num_leaves=31
num_cat=0
split_feature=7 8 1 4 0 8 8 2 0 0 2 4 10 6 4 6 6 1 6 2 6 6 6 6 0 10 4 10 2 8
split_gain=0.65716 0.529338 0.13772 0.114131 0.157746 0.0869721 0.0865539 0.118109 0.0598759 0.00748643 0.000970546 1.19772e-05 3.42366e-05 3.29034e-05 0.000228474 5.34711e-06 1.2199e-06 1.05666e-06 9.60719e-07 1.24918e-07 7.98178e-08 7.29007e-08 6.03209e-08 9.40863e-09 8.48193e-09 7.31257e-09 3.38834e-09 2.70235e-09 1.04791e-09 9.89661e-10
threshold=1003.5000000000001 2219.5000000000005 2.5000000000000004 172.50000000000003 3.5000000000000004 980.50000000000011 572.00000000000011 1.0000000180025095e-35 3.5000000000000004 3.5000000000000004 1.0000000180025095e-35 168.50000000000003 0.23669467787114842 -1926.4999999999998 149.50000000000003 1564.0000000000002 1519.5000000000002 2.5000000000000004 1564.0000000000002 1.0000000180025095e-35 922.50000000000011 1344.0000000000002 1344.0000000000002 2015.5000000000002 2.5000000000000004 0.19615384615384618 175.50000000000003 0.26201372997711675 1.0000000180025095e-35 1282.5000000000002
decision_type=2 2 2 2 2 2 2 2 2 2 2 2 2 2 2 2 2 2 2 2 2 2 2 2 2 2 2 2 2 2
left_child=3 2 8 9 15 6 7 -4 16 18 -3 12 -11 -14 -15 22 19 23 21 -2 26 -1 24 25 -5 -12 -9 28 -26 -30
right_child=1 10 5 4 -6 -7 -8 20 -10 11 17 -13 13 14 -16 -17 -18 -19 -20 -21 -22 -23 -24 -25 27 -27 -28 -29 29 -31
leaf_value=0.050027995354644431 0.050222067039515074 0.057183163576814182 -0.045983306338945665 0.050029073907260579 -0.017639848864893008 0.0031067875146838196 -0.063444454352225316 0.050061015208009256 -0.01707050623077587 0.056599428919140937 0.050091783349812818 0.056766733740093459 0.056630336441200503 0.056556645631283521 0.050023844088198856 0.050835681986535465 0.050539517991484831 0.050463638670594439 0.050546531197412127 0.050041372439032908 0.050210279714176714 0.050202547076466764 0.050185488044424131 0.050112147598127543 0.050074305218399853 0.050028693002921766 0.050097991464933316 0.050031118195568929 0.050065346978387361 0.050042803875212254
leaf_weight=3.1533452685689545 0.075216613477097627 0.87828846910269909 0.41476233559660647 0.56277511903317623 0.57832570618484169 0.43345737946219731 1.1190763601334763 0.052571694133803248 0.24039154266938567 1.9218370278249501 0.025677247496787459 1.4993310140562242 0.2094449354335669 0.22319944482296661 0.070427127706352621 0.095273252809420228 0.13880071486346424 0.1462970653665252 0.036324278451502212 0.077865778468549252 0.085324414190836251 0.024109670892357715 0.027598171960562468 0.028965458273887634 0.045246110297739506 0.064569457725156099 0.046882810769602656 0.036189606646075845 0.043291399837471545 0.035397252824623138
leaf_count=2819 12 5 11 497 39 20 8 25 17 33 15 27 3 14 77 9 18 30 2 57 18 3 5 12 17 59 15 30 18 23
internal_value=0.0330576 -0.00138463 -0.0256578 0.0484569 0.0226086 -0.0369225 -0.0470184 -0.0163583 0.019887 0.0536138 0.0555816 0.0565446 0.0564072 0.0556728 0.0549897 0.05013 0.0503248 0.0502836 0.0500352 0.0501302 0.0501393 0.0500293 0.0500404 0.0500626 0.0500349 0.0500466 0.0500784 0.0500552 0.0500622 0.0500552
internal_weight=12.3903 3.82815 2.68435 8.56212 1.4241 2.15207 1.71862 0.599541 0.532275 7.13802 1.1438 3.92424 2.42491 0.503072 0.293627 0.845771 0.291883 0.265509 3.21378 0.153082 0.184779 3.17745 0.750498 0.119212 0.722899 0.0902467 0.0994545 0.160124 0.123935 0.0786887
internal_count=3938 322 201 3616 638 97 77 69 104 2978 121 154 127 94 91 599 87 116 2824 69 58 2822 590 86 585 74 40 88 58 41
is_linear=0
shrinkage=0.1


Tree=43
num_leaves=31
num_cat=0
split_feature=7 8 1 4 0 8 8 2 0 0 2 4 10 6 4 6 6 1 6 2 6 6 6 6 0 10 4 10 2 8
split_gain=0.65716 0.529338 0.13772 0.114131 0.157746 0.0869721 0.0865539 0.118109 0.0598759 0.00748643 0.000970546 1.19772e-05 3.42366e-05 3.29034e-05 0.000228474 5.34711e-06 1.2199e-06 1.05666e-06 9.60719e-07 1.24918e-07 7.98178e-08 7.29007e-08 6.03209e-08 9.40863e-09 8.48193e-09 7.31257e-09 3.38834e-09 2.70235e-09 1.04791e-09 9.89661e-10
threshold=1003.5000000000001 2219.5000000000005 2.5000000000000004 172.50000000000003 3.5000000000000004 980.50000000000011 572.00000000000011 1.0000000180025095e-35 3.5000000000000004 3.5000000000000004 1.0000000180025095e-35 168.50000000000003 0.23669467787114842 -1926.4999999999998 149.50000000000003 1564.0000000000002 1519.5000000000002 2.5000000000000004 1564.0000000000002 1.0000000180025095e-35 922.50000000000011 1344.0000000000002 1344.0000000000002 2015.5000000000002 2.5000000000000004 0.19615384615384618 175.50000000000003 0.26201372997711675 1.0000000180025095e-35 1282.5000000000002
decision_type=2 2 2 2 2 2 2 2 2 2 2 2 2 2 2 2 2 2 2 2 2 2 2 2 2 2 2 2 2 2
left_child=3 2 8 9 15 6 7 -4 16 18 -3 12 -11 -14 -15 22 19 23 21 -2 26 -1 24 25 -5 -12 -9 28 -26 -30
right_child=1 10 5 4 -6 -7 -8 20 -10 11 17 -13 13 14 -16 -17 -18 -19 -20 -21 -22 -23 -24 -25 27 -27 -28 -29 29 -31
leaf_value=-0.050027995354644431 -0.050222067039515074 -0.057183163576814182 0.045983306338945665 -0.050029073907260579 0.017639848864893008 -0.0031067875146838196 0.063444454352225316 -0.050061015208009256 0.01707050623077587 -0.056599428919140937 -0.050091783349812818 -0.056766733740093459 -0.056630336441200503 -0.056556645631283521 -0.050023844088198856 -0.050835681986535465 -0.050539517991484831 -0.050463638670594439 -0.050546531197412127 -0.050041372439032908 -0.050210279714176714 -0.050202547076466764 -0.050185488044424131 -0.050112147598127543 -0.050074305218399853 -0.050028693002921766 -0.050097991464933316 -0.050031118195568929 -0.050065346978387361 -0.050042803875212254
leaf_weight=3.1533452685689545 0.075216613477097627 0.87828846910269909 0.41476233559660647 0.56277511903317623 0.57832570618484169 0.43345737946219731 1.1190763601334763 0.052571694133803248 0.24039154266938567 1.9218370278249501 0.025677247496787459 1.4993310140562242 0.2094449354335669 0.22319944482296661 0.070427127706352621 0.095273252809420228 0.13880071486346424 0.1462970653665252 0.036324278451502212 0.077865778468549252 0.085324414190836251 0.024109670892357715 0.027598171960562468 0.028965458273887634 0.045246110297739506 0.064569457725156099 0.046882810769602656 0.036189606646075845 0.043291399837471545 0.035397252824623138
leaf_count=2819 12 5 11 497 39 20 8 25 17 33 15 27 3 14 77 9 18 30 2 57 18 3 5 12 17 59 15 30 18 23
internal_value=-0.0330576 0.00138463 0.0256578 -0.0484569 -0.0226086 0.0369225 0.0470184 0.0163583 -0.019887 -0.0536138 -0.0555816 -0.0565446 -0.0564072 -0.0556728 -0.0549897 -0.05013 -0.0503248 -0.0502836 -0.0500352 -0.0501302 -0.0501393 -0.0500293 -0.0500404 -0.0500626 -0.0500349 -0.0500466 -0.0500784 -0.0500552 -0.0500622 -0.0500552
internal_weight=12.3903 3.82815 2.68435 8.56212 1.4241 2.15207 1.71862 0.599541 0.532275 7.13802 1.1438 3.92424 2.42491 0.503072 0.293627 0.845771 0.291883 0.265509 3.21378 0.153082 0.184779 3.17745 0.750498 0.119212 0.722899 0.0902467 0.0994545 0.160124 0.123935 0.0786887
internal_count=3938 322 201 3616 638 97 77 69 104 2978 121 154 127 94 91 599 87 116 2824 69 58 2822 590 86 585 74 40 88 58 41
is_linear=0
shrinkage=0.1


Tree=44
num_leaves=31
num_cat=0
split_feature=4 8 0 2 10 6 10 4 0 2 10 4 4 6 7 4 1 6 4 7 8 6 7 8 6 6 6 7 7 2
split_gain=0.602264 0.37938 0.282626 0.17507 0.22623 0.105661 0.0730758 0.0218243 0.00548866 0.000800227 4.52911e-05 7.0572e-05 0.000200587 7.14485e-06 2.87164e-06 1.98539e-06 8.09276e-07 7.37622e-07 7.06691e-07 4.68948e-07 4.60199e-07 4.3574e-07 1.25703e-07 9.54381e-08 4.31755e-08 2.68992e-08 2.18326e-08 1.26338e-08 6.45138e-09 9.19341e-09
threshold=172.50000000000003 2219.5000000000005 3.5000000000000004 1.0000000180025095e-35 0.2124060150375939 2015.5000000000002 0.19615384615384618 177.50000000000003 3.5000000000000004 1.0000000180025095e-35 0.26969696969696971 171.50000000000003 169.50000000000003 1564.0000000000002 1108.5000000000002 168.50000000000003 2.5000000000000004 1564.0000000000002 159.50000000000003 1309.5000000000002 2729.0000000000005 1519.5000000000002 1003.5000000000001 1979.0000000000002 1344.0000000000002 1311.0000000000002 922.50000000000011 1003.5000000000001 1003.5000000000001 1.0000000180025095e-35
decision_type=2 2 2 2 2 2 2 2 2 2 2 2 2 2 2 2 2 2 2 2 2 2 2 2 2 2 2 2 2 2
left_child=5 2 3 4 14 8 -4 -8 17 -3 15 12 -12 21 22 18 -11 24 -10 20 -18 23 -2 25 28 27 -22 -5 -1 -30
right_child=1 9 6 13 -6 -7 7 -9 10 16 11 -13 -14 -15 -16 -17 19 -19 -20 -21 26 -23 -24 -25 -26 -27 -28 -29 29 -31
leaf_value=0.050025331276161482 0.050032227278170999 0.056263959152895705 -0.066318608502274667 0.050031165914178194 -0.055151028296393227 -0.027617599860904632 -0.036733992457405037 -0.0083550352947312743 0.05580887624603012 0.050041773256590594 0.050033272232808214 0.056312601721099136 0.055701310888042005 0.050723300665817254 0.050674675033154828 0.05604343948677673 0.050505602789239261 0.050400473059761121 0.055923667229976576 0.050548079060203269 0.050025571995382413 0.050366075509857833 0.050252900888989885 0.050199915187390823 0.050153759401127554 0.050139660647681251 0.050140878456493891 0.050073471472306563 0.050099108012831718 0.050033750579826231
leaf_weight=2.8534092608606456 0.18066534254467137 0.82356831821380161 0.66355134546756733 0.35049901355523616 0.52585872320923954 0.16595921618863929 0.6187894169706849 0.48212163813877851 0.98003361909650388 0.1037566467130091 0.092033396998885908 0.20403740543406457 0.19414758941275068 0.25694450596347451 0.12117499299347401 0.97685852431459341 0.040958499535918236 0.053957320516928919 1.1845157256466334 0.094351633335463703 0.035473856376484036 0.05082191526889801 0.030116524081677198 0.043970174039714038 0.026811175397597142 0.028671036940068007 0.030573611380532384 0.088391398545354605 0.028037996089551487 0.092611712752841413
leaf_count=2819 159 34 4 308 8 8 30 30 29 91 87 6 8 25 10 14 9 5 31 10 35 4 4 15 8 11 7 42 8 79
internal_value=0.0324491 0.00433264 -0.012167 0.0172266 -0.0143488 0.0512016 -0.0401054 -0.024306 0.0531579 0.0546433 0.0557856 0.0548916 0.0538785 0.0502864 0.0502868 0.0559251 0.0502687 0.050034 0.0558717 0.0503856 0.0502423 0.0500868 0.0500638 0.0500591 0.0500274 0.0500458 0.0500789 0.0500397 0.0500263 0.0500489
internal_weight=11.4227 4.57026 3.44158 1.67711 0.857816 6.85241 1.76446 1.10091 6.68645 1.12868 3.63163 0.490218 0.286181 0.819298 0.331957 3.14141 0.305114 3.05483 2.16455 0.201358 0.107006 0.562354 0.210782 0.511532 3.00087 0.467561 0.0660475 0.43889 2.97406 0.12065
internal_count=3938 836 650 586 181 3102 64 60 3094 186 175 101 95 405 173 74 152 2919 60 61 51 380 163 376 2914 361 42 350 2906 87
is_linear=0
shrinkage=0.1


Tree=45
num_leaves=31
num_cat=0
split_feature=4 8 0 2 10 6 10 4 0 2 10 4 4 6 7 4 1 6 4 7 8 6 7 8 6 6 6 7 7 2
split_gain=0.602264 0.37938 0.282626 0.17507 0.22623 0.105661 0.0730758 0.0218243 0.00548866 0.000800227 4.52911e-05 7.0572e-05 0.000200587 7.14485e-06 2.87164e-06 1.98539e-06 8.09276e-07 7.37622e-07 7.06691e-07 4.68948e-07 4.60199e-07 4.3574e-07 1.25703e-07 9.54381e-08 4.31755e-08 2.68992e-08 2.18326e-08 1.26338e-08 6.45138e-09 9.19341e-09
threshold=172.50000000000003 2219.5000000000005 3.5000000000000004 1.0000000180025095e-35 0.2124060150375939 2015.5000000000002 0.19615384615384618 177.50000000000003 3.5000000000000004 1.0000000180025095e-35 0.26969696969696971 171.50000000000003 169.50000000000003 1564.0000000000002 1108.5000000000002 168.50000000000003 2.5000000000000004 1564.0000000000002 159.50000000000003 1309.5000000000002 2729.0000000000005 1519.5000000000002 1003.5000000000001 1979.0000000000002 1344.0000000000002 1311.0000000000002 922.50000000000011 1003.5000000000001 1003.5000000000001 1.0000000180025095e-35
decision_type=2 2 2 2 2 2 2 2 2 2 2 2 2 2 2 2 2 2 2 2 2 2 2 2 2 2 2 2 2 2
left_child=5 2 3 4 14 8 -4 -8 17 -3 15 12 -12 21 22 18 -11 24 -10 20 -18 23 -2 25 28 27 -22 -5 -1 -30
right_child=1 9 6 13 -6 -7 7 -9 10 16 11 -13 -14 -15 -16 -17 19 -19 -20 -21 26 -23 -24 -25 -26 -27 -28 -29 29 -31
leaf_value=-0.050025331276161482 -0.050032227278170999 -0.056263959152895705 0.066318608502274667 -0.050031165914178194 0.055151028296393227 0.027617599860904632 0.036733992457405037 0.0083550352947312743 -0.05580887624603012 -0.050041773256590594 -0.050033272232808214 -0.056312601721099136 -0.055701310888042005 -0.050723300665817254 -0.050674675033154828 -0.05604343948677673 -0.050505602789239261 -0.050400473059761121 -0.055923667229976576 -0.050548079060203269 -0.050025571995382413 -0.050366075509857833 -0.050252900888989885 -0.050199915187390823 -0.050153759401127554 -0.050139660647681251 -0.050140878456493891 -0.050073471472306563 -0.050099108012831718 -0.050033750579826231
leaf_weight=2.8534092608606456 0.18066534254467137 0.82356831821380161 0.66355134546756733 0.35049901355523616 0.52585872320923954 0.16595921618863929 0.6187894169706849 0.48212163813877851 0.98003361909650388 0.1037566467130091 0.092033396998885908 0.20403740543406457 0.19414758941275068 0.25694450596347451 0.12117499299347401 0.97685852431459341 0.040958499535918236 0.053957320516928919 1.1845157256466334 0.094351633335463703 0.035473856376484036 0.05082191526889801 0.030116524081677198 0.043970174039714038 0.026811175397597142 0.028671036940068007 0.030573611380532384 0.088391398545354605 0.028037996089551487 0.092611712752841413
leaf_count=2819 159 34 4 308 8 8 30 30 29 91 87 6 8 25 10 14 9 5 31 10 35 4 4 15 8 11 7 42 8 79
internal_value=-0.0324491 -0.00433264 0.012167 -0.0172266 0.0143488 -0.0512016 0.0401054 0.024306 -0.0531579 -0.0546433 -0.0557856 -0.0548916 -0.0538785 -0.0502864 -0.0502868 -0.0559251 -0.0502687 -0.050034 -0.0558717 -0.0503856 -0.0502423 -0.0500868 -0.0500638 -0.0500591 -0.0500274 -0.0500458 -0.0500789 -0.0500397 -0.0500263 -0.0500489
internal_weight=11.4227 4.57026 3.44158 1.67711 0.857816 6.85241 1.76446 1.10091 6.68645 1.12868 3.63163 0.490218 0.286181 0.819298 0.331957 3.14141 0.305114 3.05483 2.16455 0.201358 0.107006 0.562354 0.210782 0.511532 3.00087 0.467561 0.0660475 0.43889 2.97406 0.12065
internal_count=3938 836 650 586 181 3102 64 60 3094 186 175 101 95 405 173 74 152 2919 60 61 51 380 163 376 2914 361 42 350 2906 87
is_linear=0
shrinkage=0.1


Tree=46
num_leaves=31
num_cat=0
split_feature=4 8 0 2 10 6 0 2 10 4 4 8 6 10 8 10 1 6 7 8 6 6 6 7 7 6 0 7 2 7
split_gain=0.548512 0.338587 0.244081 0.160508 0.354504 0.0968002 0.00399524 0.000580211 3.25287e-05 5.07108e-05 0.000145905 5.43311e-06 3.202e-06 1.43327e-06 3.32409e-06 6.50416e-07 5.99307e-07 5.46261e-07 3.46914e-07 3.40861e-07 2.31332e-07 3.70557e-08 3.1978e-08 2.36139e-08 2.05558e-08 1.61672e-08 1.37497e-08 4.7787e-09 6.80774e-09 2.90578e-09
threshold=172.50000000000003 2219.5000000000005 2.5000000000000004 1.0000000180025095e-35 0.18898809523809523 2015.5000000000002 3.5000000000000004 1.0000000180025095e-35 0.26969696969696971 171.50000000000003 169.50000000000003 1842.5000000000002 1519.5000000000002 0.21980676328502413 -406.49999999999994 0.22474747474747472 2.5000000000000004 1564.0000000000002 1309.5000000000002 2729.0000000000005 1683.0000000000002 922.50000000000011 1344.0000000000002 1224.0000000000002 1003.5000000000001 922.50000000000011 3.5000000000000004 1003.5000000000001 1.0000000180025095e-35 1262.5000000000002
decision_type=2 2 2 2 2 2 2 2 2 2 2 2 2 2 2 2 2 2 2 2 2 2 2 2 2 2 2 2 2 2
left_child=5 2 12 -4 -5 6 17 -3 13 10 -10 15 24 -8 -15 -6 -9 22 19 -18 21 26 27 -23 -2 -21 29 -1 -29 -17
right_child=1 7 3 4 11 -7 8 16 9 -11 -12 -13 -14 14 -16 20 18 -19 -20 25 -22 23 -24 -25 -26 -27 -28 28 -30 -31
leaf_value=0.050022919581660552 0.050025448084970864 0.055600758875226419 -0.044445821805598883 -0.065373898372140374 0.050478067586241848 -0.025531914195520745 0.055229399043906113 0.05003779976195654 0.050030105559558315 0.055642083746047767 0.055103637386295028 0.050858680004645877 0.050734377474431984 0.055214071566868139 0.05551705231458736 0.050031707017855802 0.050457324878379201 0.050362185540305852 0.05049562768239068 0.050023137775166981 0.050284313858838872 0.050118227877664095 0.050139097222004839 0.050192733264242589 0.050091009570445703 0.050127441129620358 0.050116203674802885 0.050089658884220956 0.050030538138215508 0.050072907114182622
leaf_weight=2.5819895094609833 0.40257297607604448 0.75362788935308322 1.5786367919063198 0.4341539181768892 0.079900551121681929 0.16179380659013975 1.4228134012082598 0.093889971787575632 0.08328026410890732 0.18673127563670278 0.17747971543576568 0.1792593194404617 0.075965182157233357 0.7006014742073603 0.74949618661776163 0.041317557741422206 0.037094438332132995 0.048857832327484974 0.085457056877203286 0.032099555188324302 0.11941430997103453 0.10227793455123901 0.024266488500870653 0.072831657133065164 0.05426996189635247 0.027671185263898224 0.052937642438337207 0.025374369928613194 0.083803651621565223 0.029228292405605316
leaf_count=2819 418 34 37 9 13 8 25 91 87 6 8 14 7 17 32 35 9 5 10 35 16 31 8 20 22 7 13 8 79 15
internal_value=0.0319499 0.00424808 -0.0117026 -0.0239506 0.00516307 0.0508092 0.0528392 0.0541638 0.0551772 0.0543841 0.0534833 0.0503866 0.0501332 0.0553007 0.0553707 0.0502166 0.0502431 0.0500308 0.0503488 0.0502192 0.0501667 0.0501196 0.0500248 0.0501492 0.0500332 0.0500714 0.0500777 0.0500238 0.0500443 0.0500488
internal_weight=10.4991 4.25261 3.22277 2.68996 1.11132 6.24649 6.08469 1.02984 3.3204 0.447491 0.26076 0.677167 0.532808 2.87291 1.4501 0.497908 0.276212 2.76429 0.182322 0.0968652 0.418007 0.298593 2.71543 0.17511 0.456843 0.0597707 0.123483 2.69117 0.109178 0.0705459
internal_count=3938 836 650 203 166 3102 3094 186 175 101 95 157 447 74 49 143 152 2919 61 51 130 114 2914 51 440 42 63 2906 87 50
is_linear=0
shrinkage=0.1


Tree=47
num_leaves=31
num_cat=0
split_feature=4 8 0 2 10 6 0 2 10 4 4 8 6 10 8 10 1 6 7 8 6 6 6 7 7 6 0 7 2 7
split_gain=0.548512 0.338587 0.244081 0.160508 0.354504 0.0968002 0.00399524 0.000580211 3.25287e-05 5.07108e-05 0.000145905 5.43311e-06 3.202e-06 1.43327e-06 3.32409e-06 6.50416e-07 5.99307e-07 5.46261e-07 3.46914e-07 3.40861e-07 2.31332e-07 3.70557e-08 3.1978e-08 2.36139e-08 2.05558e-08 1.61672e-08 1.37497e-08 4.7787e-09 6.80774e-09 2.90578e-09
threshold=172.50000000000003 2219.5000000000005 2.5000000000000004 1.0000000180025095e-35 0.18898809523809523 2015.5000000000002 3.5000000000000004 1.0000000180025095e-35 0.26969696969696971 171.50000000000003 169.50000000000003 1842.5000000000002 1519.5000000000002 0.21980676328502413 -406.49999999999994 0.22474747474747472 2.5000000000000004 1564.0000000000002 1309.5000000000002 2729.0000000000005 1683.0000000000002 922.50000000000011 1344.0000000000002 1224.0000000000002 1003.5000000000001 922.50000000000011 3.5000000000000004 1003.5000000000001 1.0000000180025095e-35 1262.5000000000002
decision_type=2 2 2 2 2 2 2 2 2 2 2 2 2 2 2 2 2 2 2 2 2 2 2 2 2 2 2 2 2 2
left_child=5 2 12 -4 -5 6 17 -3 13 10 -10 15 24 -8 -15 -6 -9 22 19 -18 21 26 27 -23 -2 -21 29 -1 -29 -17
right_child=1 7 3 4 11 -7 8 16 9 -11 -12 -13 -14 14 -16 20 18 -19 -20 25 -22 23 -24 -25 -26 -27 -28 28 -30 -31
leaf_value=-0.050022919581660552 -0.050025448084970864 -0.055600758875226419 0.044445821805598883 0.065373898372140374 -0.050478067586241848 0.025531914195520745 -0.055229399043906113 -0.05003779976195654 -0.050030105559558315 -0.055642083746047767 -0.055103637386295028 -0.050858680004645877 -0.050734377474431984 -0.055214071566868139 -0.05551705231458736 -0.050031707017855802 -0.050457324878379201 -0.050362185540305852 -0.05049562768239068 -0.050023137775166981 -0.050284313858838872 -0.050118227877664095 -0.050139097222004839 -0.050192733264242589 -0.050091009570445703 -0.050127441129620358 -0.050116203674802885 -0.050089658884220956 -0.050030538138215508 -0.050072907114182622
leaf_weight=2.5819895094609833 0.40257297607604448 0.75362788935308322 1.5786367919063198 0.4341539181768892 0.079900551121681929 0.16179380659013975 1.4228134012082598 0.093889971787575632 0.08328026410890732 0.18673127563670278 0.17747971543576568 0.1792593194404617 0.075965182157233357 0.7006014742073603 0.74949618661776163 0.041317557741422206 0.037094438332132995 0.048857832327484974 0.085457056877203286 0.032099555188324302 0.11941430997103453 0.10227793455123901 0.024266488500870653 0.072831657133065164 0.05426996189635247 0.027671185263898224 0.052937642438337207 0.025374369928613194 0.083803651621565223 0.029228292405605316
leaf_count=2819 418 34 37 9 13 8 25 91 87 6 8 14 7 17 32 35 9 5 10 35 16 31 8 20 22 7 13 8 79 15
internal_value=-0.0319499 -0.00424808 0.0117026 0.0239506 -0.00516307 -0.0508092 -0.0528392 -0.0541638 -0.0551772 -0.0543841 -0.0534833 -0.0503866 -0.0501332 -0.0553007 -0.0553707 -0.0502166 -0.0502431 -0.0500308 -0.0503488 -0.0502192 -0.0501667 -0.0501196 -0.0500248 -0.0501492 -0.0500332 -0.0500714 -0.0500777 -0.0500238 -0.0500443 -0.0500488
internal_weight=10.4991 4.25261 3.22277 2.68996 1.11132 6.24649 6.08469 1.02984 3.3204 0.447491 0.26076 0.677167 0.532808 2.87291 1.4501 0.497908 0.276212 2.76429 0.182322 0.0968652 0.418007 0.298593 2.71543 0.17511 0.456843 0.0597707 0.123483 2.69117 0.109178 0.0705459
internal_count=3938 836 650 203 166 3102 3094 186 175 101 95 157 447 74 49 143 152 2919 61 51 130 114 2914 51 440 42 63 2906 87 50
is_linear=0
shrinkage=0.1


Tree=48
num_leaves=31
num_cat=0
split_feature=7 8 1 4 0 8 8 2 0 0 2 4 10 6 4 6 6 1 6 2 6 6 6 6 0 2 10 10 7 10
split_gain=0.498881 0.376498 0.10552 0.0895091 0.1172 0.0660216 0.0543017 0.0833031 0.0430665 0.00288151 0.000377078 4.11409e-06 1.25895e-05 1.20811e-05 8.73137e-05 2.16311e-06 7.49451e-07 4.07612e-07 3.90109e-07 8.85966e-08 4.64614e-08 2.96053e-08 2.31539e-08 1.34472e-08 9.40346e-09 3.88821e-09 2.97853e-09 2.30767e-09 3.64656e-10 2.08812e-10
threshold=1003.5000000000001 2219.5000000000005 2.5000000000000004 172.50000000000003 3.5000000000000004 980.50000000000011 249.00000000000003 1.0000000180025095e-35 3.5000000000000004 3.5000000000000004 1.0000000180025095e-35 168.50000000000003 0.23669467787114842 -1926.4999999999998 149.50000000000003 1564.0000000000002 1519.5000000000002 2.5000000000000004 1564.0000000000002 1.0000000180025095e-35 922.50000000000011 1344.0000000000002 1344.0000000000002 2015.5000000000002 2.5000000000000004 1.0000000180025095e-35 0.19615384615384618 0.19139194139194138 1262.5000000000002 0.26491228070175438
decision_type=2 2 2 2 2 2 2 2 2 2 2 2 2 2 2 2 2 2 2 2 2 2 2 2 2 2 2 2 2 2
left_child=3 2 8 9 15 6 7 -4 16 18 -3 12 -11 -14 -15 22 19 23 21 -2 -9 -1 24 26 -5 -26 -12 -27 -21 -29
right_child=1 10 5 4 -6 -7 -8 20 -10 11 17 -13 13 14 -16 -17 -18 -19 -20 28 -22 -23 -24 -25 25 27 -28 29 -30 -31
leaf_value=0.050020735863654131 0.050201786479901291 0.055123655716433656 -0.044252788845861243 0.050021565931549807 -0.014449093066538334 0.0028820621847554821 -0.057363504142377099 0.050059819314820432 -0.012307186401552324 0.054724992927380971 0.050068004600452055 0.054832758641118189 0.05474334494797866 0.054697598819710126 0.05001764248000326 0.0506186147728796 0.050481388747484868 0.050342453661796488 0.050404062120902753 0.050040425692355242 0.050177206257873808 0.050149901845019419 0.050137287897211891 0.05011888972126613 0.050076431995503656 0.050064289504070159 0.050021225057666097 0.050033952147867378 0.05002417936377266 0.050021987629305813
leaf_weight=2.3363774237222978 0.063585832249373975 0.67403564427513618 0.30054015433415748 0.41694088756048564 0.50079375435598195 0.37849688524147485 0.96896594949066639 0.073600839707069099 0.20995056512765586 1.4700389632198496 0.019032403506571427 1.14944281760836 0.16030124676763069 0.17074600802152418 0.052008525613928214 0.070865551417227834 0.10935924999648705 0.11036152660381049 0.026991410180926212 0.022931697778403759 0.062221660744398832 0.017880676314234623 0.020465495734242722 0.026364071032730862 0.043916202266700566 0.027410596434492618 0.047782943525817245 0.038908245333004743 0.034753993386402726 0.023335740901529789
leaf_count=2819 12 5 10 497 39 20 12 39 17 33 15 27 3 14 77 9 18 30 2 19 16 3 5 12 17 13 59 31 38 27
internal_value=0.0315358 -0.00148136 -0.0233639 0.0472287 0.0218081 -0.0341881 -0.0441722 -0.0148803 0.0204613 0.0526239 0.0539846 0.0546841 0.0545919 0.0540813 0.0536049 0.0500975 0.0502916 0.0502124 0.0500261 0.0501204 0.0501136 0.0500217 0.0500328 0.0500584 0.050029 0.0500521 0.0500346 0.0500401 0.0500306 0.0500295
internal_weight=9.62841 3.10198 2.22441 6.52642 1.14264 1.78383 1.40533 0.436363 0.440581 5.38379 0.877577 3.00254 1.85309 0.383056 0.222755 0.641843 0.230631 0.203541 2.38125 0.121272 0.135823 2.35426 0.570977 0.0931794 0.550512 0.133571 0.0668153 0.0896546 0.0576857 0.062244
internal_count=3938 322 201 3616 638 97 77 65 104 2978 121 154 127 94 91 599 87 116 2824 69 55 2822 590 86 585 88 74 71 57 58
is_linear=0
shrinkage=0.1


Tree=49
num_leaves=31
num_cat=0
split_feature=7 8 1 4 0 8 8 2 0 0 2 4 10 6 4 6 6 1 6 2 6 6 6 6 0 2 10 10 7 10
split_gain=0.498881 0.376498 0.10552 0.0895091 0.1172 0.0660216 0.0543017 0.0833031 0.0430665 0.00288151 0.000377078 4.11409e-06 1.25895e-05 1.20811e-05 8.73137e-05 2.16311e-06 7.49451e-07 4.07612e-07 3.90109e-07 8.85966e-08 4.64614e-08 2.96053e-08 2.31539e-08 1.34472e-08 9.40346e-09 3.88821e-09 2.97853e-09 2.30767e-09 3.64656e-10 2.08812e-10
threshold=1003.5000000000001 2219.5000000000005 2.5000000000000004 172.50000000000003 3.5000000000000004 980.50000000000011 249.00000000000003 1.0000000180025095e-35 3.5000000000000004 3.5000000000000004 1.0000000180025095e-35 168.50000000000003 0.23669467787114842 -1926.4999999999998 149.50000000000003 1564.0000000000002 1519.5000000000002 2.5000000000000004 1564.0000000000002 1.0000000180025095e-35 922.50000000000011 1344.0000000000002 1344.0000000000002 2015.5000000000002 2.5000000000000004 1.0000000180025095e-35 0.19615384615384618 0.19139194139194138 1262.5000000000002 0.26491228070175438
decision_type=2 2 2 2 2 2 2 2 2 2 2 2 2 2 2 2 2 2 2 2 2 2 2 2 2 2 2 2 2 2
left_child=3 2 8 9 15 6 7 -4 16 18 -3 12 -11 -14 -15 22 19 23 21 -2 -9 -1 24 26 -5 -26 -12 -27 -21 -29
right_child=1 10 5 4 -6 -7 -8 20 -10 11 17 -13 13 14 -16 -17 -18 -19 -20 28 -22 -23 -24 -25 25 27 -28 29 -30 -31
leaf_value=-0.050020735863654131 -0.050201786479901291 -0.055123655716433656 0.044252788845861243 -0.050021565931549807 0.014449093066538334 -0.0028820621847554821 0.057363504142377099 -0.050059819314820432 0.012307186401552324 -0.054724992927380971 -0.050068004600452055 -0.054832758641118189 -0.05474334494797866 -0.054697598819710126 -0.05001764248000326 -0.0506186147728796 -0.050481388747484868 -0.050342453661796488 -0.050404062120902753 -0.050040425692355242 -0.050177206257873808 -0.050149901845019419 -0.050137287897211891 -0.05011888972126613 -0.050076431995503656 -0.050064289504070159 -0.050021225057666097 -0.050033952147867378 -0.05002417936377266 -0.050021987629305813
leaf_weight=2.3363774237222978 0.063585832249373975 0.67403564427513618 0.30054015433415748 0.41694088756048564 0.50079375435598195 0.37849688524147485 0.96896594949066639 0.073600839707069099 0.20995056512765586 1.4700389632198496 0.019032403506571427 1.14944281760836 0.16030124676763069 0.17074600802152418 0.052008525613928214 0.070865551417227834 0.10935924999648705 0.11036152660381049 0.026991410180926212 0.022931697778403759 0.062221660744398832 0.017880676314234623 0.020465495734242722 0.026364071032730862 0.043916202266700566 0.027410596434492618 0.047782943525817245 0.038908245333004743 0.034753993386402726 0.023335740901529789
leaf_count=2819 12 5 10 497 39 20 12 39 17 33 15 27 3 14 77 9 18 30 2 19 16 3 5 12 17 13 59 31 38 27
internal_value=-0.0315358 0.00148136 0.0233639 -0.0472287 -0.0218081 0.0341881 0.0441722 0.0148803 -0.0204613 -0.0526239 -0.0539846 -0.0546841 -0.0545919 -0.0540813 -0.0536049 -0.0500975 -0.0502916 -0.0502124 -0.0500261 -0.0501204 -0.0501136 -0.0500217 -0.0500328 -0.0500584 -0.050029 -0.0500521 -0.0500346 -0.0500401 -0.0500306 -0.0500295
internal_weight=9.62841 3.10198 2.22441 6.52642 1.14264 1.78383 1.40533 0.436363 0.440581 5.38379 0.877577 3.00254 1.85309 0.383056 0.222755 0.641843 0.230631 0.203541 2.38125 0.121272 0.135823 2.35426 0.570977 0.0931794 0.550512 0.133571 0.0668153 0.0896546 0.0576857 0.062244
internal_count=3938 322 201 3616 638 97 77 65 104 2978 121 154 127 94 91 599 87 116 2824 69 55 2822 590 86 585 88 74 71 57 58
is_linear=0
shrinkage=0.1


Tree=50
num_leaves=31
num_cat=0
split_feature=4 8 0 8 8 6 10 6 6 0 2 10 4 4 6 7 10 8 1 6 7 8 6 7 6 2 6 0 7 10
split_gain=0.460695 0.273555 0.204018 0.125789 0.150141 0.0792815 0.0557215 0.0190234 0.00603443 0.00212817 0.00031101 1.73899e-05 2.70004e-05 7.82522e-05 2.41996e-06 2.07547e-06 7.41981e-07 1.76475e-06 3.73165e-07 3.16061e-07 1.42211e-07 2.76492e-07 5.22065e-08 3.41191e-08 1.79774e-08 1.54253e-08 1.35066e-08 4.34493e-09 3.28484e-09 2.80524e-09
threshold=172.50000000000003 2219.5000000000005 3.5000000000000004 707.00000000000011 945.00000000000011 2015.5000000000002 0.19615384615384618 922.50000000000011 1564.0000000000002 3.5000000000000004 1.0000000180025095e-35 0.26969696969696971 171.50000000000003 169.50000000000003 1519.5000000000002 1108.5000000000002 0.21980676328502413 -406.49999999999994 2.5000000000000004 1564.0000000000002 1309.5000000000002 2729.0000000000005 769.50000000000011 891.00000000000011 1311.0000000000002 1.0000000180025095e-35 952.00000000000011 2.5000000000000004 1003.5000000000001 0.18350168350168347
decision_type=2 2 2 2 2 2 2 2 2 2 2 2 2 2 2 2 2 2 2 2 2 2 2 2 2 2 2 2 2 2
left_child=5 2 3 14 -5 9 -4 -8 -9 19 -3 16 13 -13 23 22 -11 -18 -12 24 21 -20 -6 27 28 -25 -23 -2 -1 -30
right_child=1 10 6 4 15 -7 7 8 -10 11 18 12 -14 -15 -16 -17 17 -19 20 -21 -22 26 -24 25 -26 -27 -28 -29 29 -31
leaf_value=0.050018763415259751 0.050020475314943628 0.054491792234339344 -0.061466129255149486 -0.046467992726629458 0.050027858376160229 -0.022697076325812207 -0.035275517662529517 0.0039592851680789604 -0.018736595728974226 0.054200040163397037 0.050031431454154673 0.05002594655293624 0.054526028945545736 0.054100322380124605 0.05048391070294355 0.050679698432983249 0.054186316487163114 0.05442803294985743 0.050437816778801117 0.050300804347023602 0.050405457397456999 0.050018933654985664 0.050190407978726453 0.050139410489332327 0.050104826000113414 0.0500627312987642 0.050121566101534648 0.050047919724408731 0.050063787910523308 0.050025995628407462
leaf_weight=2.1126209732028669 0.2668139856541536 0.62893138118670311 0.55043924227356889 0.4446407604846172 0.061573128681629896 0.14502752805128682 0.49370030243881047 0.23935531021561474 0.22945346427150071 1.1857404885231524 0.077619417454116046 0.06921058811712999 0.15591236250475049 0.14780869020614773 0.17048732802504674 0.15879008575575426 0.58388158530578949 0.6257436783344017 0.033202521852217615 0.040970847709104308 0.070099817123264074 0.027026751515222713 0.029094754427205771 0.040055798832327127 0.025006511074025073 0.076034351834096014 0.024398109060712159 0.0735991639085114 0.029175823379773536 0.060100336151663214
leaf_count=2817 340 34 4 22 67 8 20 28 12 25 91 87 6 8 21 17 17 32 9 5 10 36 9 10 11 50 6 50 17 69
internal_value=0.030958 0.00398215 -0.011017 0.0176959 -0.0116316 0.0501976 -0.0360887 -0.0215759 -0.00714897 0.0522967 0.0533368 0.0541574 0.0535222 0.0528009 0.0501624 0.0504617 0.0542563 0.0543114 0.0502104 0.0500256 0.0503001 0.0502129 0.05008 0.0500424 0.0500205 0.0500892 0.0500676 0.0500264 0.0500196 0.0500383
internal_weight=8.87652 3.69532 2.83404 1.32109 0.694099 5.1812 1.51295 0.962509 0.468809 5.03617 0.861278 2.7683 0.372932 0.217019 0.626991 0.249458 2.39537 1.20963 0.232347 2.26787 0.154727 0.0846274 0.0906679 0.456503 2.2269 0.11609 0.0514249 0.340413 2.2019 0.0892762
internal_count=3938 836 650 586 115 3102 64 60 40 3094 186 175 101 95 471 93 74 49 152 2919 61 51 76 450 2914 60 42 390 2903 86
is_linear=0
shrinkage=0.1


Tree=51
num_leaves=31
num_cat=0
split_feature=4 8 0 8 8 6 10 6 6 0 2 10 4 4 6 7 10 8 1 6 7 8 6 7 6 2 6 0 7 10
split_gain=0.460695 0.273555 0.204018 0.125789 0.150141 0.0792815 0.0557215 0.0190234 0.00603443 0.00212817 0.00031101 1.73899e-05 2.70004e-05 7.82522e-05 2.41996e-06 2.07547e-06 7.41981e-07 1.76475e-06 3.73165e-07 3.16061e-07 1.42211e-07 2.76492e-07 5.22065e-08 3.41191e-08 1.79774e-08 1.54253e-08 1.35066e-08 4.34493e-09 3.28484e-09 2.80524e-09
threshold=172.50000000000003 2219.5000000000005 3.5000000000000004 707.00000000000011 945.00000000000011 2015.5000000000002 0.19615384615384618 922.50000000000011 1564.0000000000002 3.5000000000000004 1.0000000180025095e-35 0.26969696969696971 171.50000000000003 169.50000000000003 1519.5000000000002 1108.5000000000002 0.21980676328502413 -406.49999999999994 2.5000000000000004 1564.0000000000002 1309.5000000000002 2729.0000000000005 769.50000000000011 891.00000000000011 1311.0000000000002 1.0000000180025095e-35 952.00000000000011 2.5000000000000004 1003.5000000000001 0.18350168350168347
decision_type=2 2 2 2 2 2 2 2 2 2 2 2 2 2 2 2 2 2 2 2 2 2 2 2 2 2 2 2 2 2
left_child=5 2 3 14 -5 9 -4 -8 -9 19 -3 16 13 -13 23 22 -11 -18 -12 24 21 -20 -6 27 28 -25 -23 -2 -1 -30
right_child=1 10 6 4 15 -7 7 8 -10 11 18 12 -14 -15 -16 -17 17 -19 20 -21 -22 26 -24 25 -26 -27 -28 -29 29 -31
leaf_value=-0.050018763415259751 -0.050020475314943628 -0.054491792234339344 0.061466129255149486 0.046467992726629458 -0.050027858376160229 0.022697076325812207 0.035275517662529517 -0.0039592851680789604 0.018736595728974226 -0.054200040163397037 -0.050031431454154673 -0.05002594655293624 -0.054526028945545736 -0.054100322380124605 -0.05048391070294355 -0.050679698432983249 -0.054186316487163114 -0.05442803294985743 -0.050437816778801117 -0.050300804347023602 -0.050405457397456999 -0.050018933654985664 -0.050190407978726453 -0.050139410489332327 -0.050104826000113414 -0.0500627312987642 -0.050121566101534648 -0.050047919724408731 -0.050063787910523308 -0.050025995628407462
leaf_weight=2.1126209732028669 0.2668139856541536 0.62893138118670311 0.55043924227356889 0.4446407604846172 0.061573128681629896 0.14502752805128682 0.49370030243881047 0.23935531021561474 0.22945346427150071 1.1857404885231524 0.077619417454116046 0.06921058811712999 0.15591236250475049 0.14780869020614773 0.17048732802504674 0.15879008575575426 0.58388158530578949 0.6257436783344017 0.033202521852217615 0.040970847709104308 0.070099817123264074 0.027026751515222713 0.029094754427205771 0.040055798832327127 0.025006511074025073 0.076034351834096014 0.024398109060712159 0.0735991639085114 0.029175823379773536 0.060100336151663214
leaf_count=2817 340 34 4 22 67 8 20 28 12 25 91 87 6 8 21 17 17 32 9 5 10 36 9 10 11 50 6 50 17 69
internal_value=-0.030958 -0.00398215 0.011017 -0.0176959 0.0116316 -0.0501976 0.0360887 0.0215759 0.00714897 -0.0522967 -0.0533368 -0.0541574 -0.0535222 -0.0528009 -0.0501624 -0.0504617 -0.0542563 -0.0543114 -0.0502104 -0.0500256 -0.0503001 -0.0502129 -0.05008 -0.0500424 -0.0500205 -0.0500892 -0.0500676 -0.0500264 -0.0500196 -0.0500383
internal_weight=8.87652 3.69532 2.83404 1.32109 0.694099 5.1812 1.51295 0.962509 0.468809 5.03617 0.861278 2.7683 0.372932 0.217019 0.626991 0.249458 2.39537 1.20963 0.232347 2.26787 0.154727 0.0846274 0.0906679 0.456503 2.2269 0.11609 0.0514249 0.340413 2.2019 0.0892762
internal_count=3938 836 650 586 115 3102 64 60 40 3094 186 175 101 95 471 93 74 49 152 2919 61 51 76 450 2914 60 42 390 2903 86
is_linear=0
shrinkage=0.1


Tree=52
num_leaves=31
num_cat=0
split_feature=4 8 6 2 10 6 0 2 10 4 4 8 0 10 8 6 1 6 7 8 7 0 6 6 0 6 7 10 7 0
split_gain=0.420855 0.244674 0.183674 0.143155 0.219142 0.073407 0.00155666 0.000226857 1.25982e-05 1.95684e-05 5.72092e-05 3.71184e-06 1.02972e-06 5.37304e-07 1.2866e-06 2.84138e-07 2.76362e-07 2.34077e-07 1.05224e-07 2.04777e-07 3.49415e-08 2.55059e-08 1.33176e-08 1.00025e-08 3.48781e-09 3.22502e-09 2.43428e-09 2.07778e-09 1.02957e-09 9.57382e-10
threshold=172.50000000000003 2219.5000000000005 431.00000000000006 1.0000000180025095e-35 0.18634259259259259 2015.5000000000002 3.5000000000000004 1.0000000180025095e-35 0.26969696969696971 171.50000000000003 169.50000000000003 1842.5000000000002 3.5000000000000004 0.21980676328502413 -406.49999999999994 1519.5000000000002 2.5000000000000004 1564.0000000000002 1309.5000000000002 2729.0000000000005 1003.5000000000001 3.5000000000000004 1311.0000000000002 952.00000000000011 2.5000000000000004 1182.0000000000002 1003.5000000000001 0.18350168350168347 1044.0000000000002 3.5000000000000004
decision_type=2 2 2 2 2 2 2 2 2 2 2 2 2 2 2 2 2 2 2 2 2 2 2 2 2 2 2 2 2 2
left_child=5 2 12 -4 -5 6 17 -3 13 10 28 15 20 -8 -15 21 29 22 19 -18 24 25 26 -21 -2 -6 -1 -28 -10 -9
right_child=1 7 3 4 11 -7 8 16 9 -11 -12 -13 -14 14 -16 -17 18 -19 -20 23 -22 -23 -24 -25 -26 -27 27 -29 -30 -31
leaf_value=0.050016974848660904 0.050017663737678811 0.054029701474777925 -0.043345992210829812 -0.047199638675874366 0.050035530539121492 -0.0208046600013049 0.053769745610075963 0.050018417162225937 0.050014905045423053 0.054059319318528309 0.053681480537763351 0.050782423801154664 0.050530061017997854 0.053757120635422963 0.053973252717028311 0.050263793414065921 0.050396013139555489 0.050272072388631864 0.050366710346402499 0.050017129863474376 0.050111481564372777 0.050123663911510255 0.050094839244527817 0.050109973437727023 0.050044168283858617 0.05008025470001834 0.050057713288745087 0.050023522243512732 0.050042654569539768 0.050042039067776226
leaf_weight=1.9116433817544027 0.26035133813275102 0.57369860605103884 1.3049693155335265 0.40785867202794168 0.054322093725204468 0.14253576239570964 1.0810490345465957 0.040429979708278552 0.043279929319396504 0.14223093379405327 0.13473296913434751 0.13951354508753866 0.047335961135104299 0.53232019420829602 0.57072294552926883 0.20165213727159426 0.03006653708871454 0.037092066078912356 0.063475250615738332 0.024455652630422264 0.051439123693853617 0.11079161963425577 0.022631108935456612 0.022081169532611966 0.061348342744167894 0.022928377438802272 0.026402417308417969 0.054383585578761995 0.019347334135090932 0.029806957085384056
leaf_count=2817 374 34 39 25 53 8 25 60 74 6 8 12 5 17 32 35 9 5 10 36 19 30 11 6 43 15 17 69 13 31
internal_value=0.0304634 0.0038992 -0.0105592 -0.0219335 0.00788571 0.0498671 0.0520685 0.0529998 0.0537317 0.0531651 0.0525207 0.0503398 0.0500907 0.0538198 0.0538689 0.0501813 0.0501903 0.0500231 0.0502715 0.0501926 0.050035 0.0500929 0.0500186 0.0500612 0.0500227 0.0500488 0.0500177 0.0500347 0.0500235 0.0500284
internal_weight=8.1649 3.44652 2.66251 2.24204 0.937066 4.71837 4.57584 0.784014 2.52368 0.339591 0.19736 0.529208 0.420475 2.18409 1.10304 0.389694 0.210316 2.05215 0.140079 0.0766034 0.373139 0.188042 2.01506 0.0465368 0.3217 0.0772505 1.99243 0.080786 0.0626273 0.0702369
internal_count=3938 836 650 209 170 3102 3094 186 175 101 95 145 441 74 49 133 152 2919 61 51 436 98 2914 42 417 68 2903 86 87 91
is_linear=0
shrinkage=0.1


Tree=53
num_leaves=31
num_cat=0
split_feature=4 8 6 2 10 6 0 2 10 4 4 8 0 10 8 6 1 6 7 8 7 0 6 6 0 6 7 10 7 0
split_gain=0.420855 0.244674 0.183674 0.143155 0.219142 0.073407 0.00155666 0.000226857 1.25982e-05 1.95684e-05 5.72092e-05 3.71184e-06 1.02972e-06 5.37304e-07 1.2866e-06 2.84138e-07 2.76362e-07 2.34077e-07 1.05224e-07 2.04777e-07 3.49415e-08 2.55059e-08 1.33176e-08 1.00025e-08 3.48781e-09 3.22502e-09 2.43428e-09 2.07778e-09 1.02957e-09 9.57382e-10
threshold=172.50000000000003 2219.5000000000005 431.00000000000006 1.0000000180025095e-35 0.18634259259259259 2015.5000000000002 3.5000000000000004 1.0000000180025095e-35 0.26969696969696971 171.50000000000003 169.50000000000003 1842.5000000000002 3.5000000000000004 0.21980676328502413 -406.49999999999994 1519.5000000000002 2.5000000000000004 1564.0000000000002 1309.5000000000002 2729.0000000000005 1003.5000000000001 3.5000000000000004 1311.0000000000002 952.00000000000011 2.5000000000000004 1182.0000000000002 1003.5000000000001 0.18350168350168347 1044.0000000000002 3.5000000000000004
decision_type=2 2 2 2 2 2 2 2 2 2 2 2 2 2 2 2 2 2 2 2 2 2 2 2 2 2 2 2 2 2
left_child=5 2 12 -4 -5 6 17 -3 13 10 28 15 20 -8 -15 21 29 22 19 -18 24 25 26 -21 -2 -6 -1 -28 -10 -9
right_child=1 7 3 4 11 -7 8 16 9 -11 -12 -13 -14 14 -16 -17 18 -19 -20 23 -22 -23 -24 -25 -26 -27 27 -29 -30 -31
leaf_value=-0.050016974848660904 -0.050017663737678811 -0.054029701474777925 0.043345992210829812 0.047199638675874366 -0.050035530539121492 0.0208046600013049 -0.053769745610075963 -0.050018417162225937 -0.050014905045423053 -0.054059319318528309 -0.053681480537763351 -0.050782423801154664 -0.050530061017997854 -0.053757120635422963 -0.053973252717028311 -0.050263793414065921 -0.050396013139555489 -0.050272072388631864 -0.050366710346402499 -0.050017129863474376 -0.050111481564372777 -0.050123663911510255 -0.050094839244527817 -0.050109973437727023 -0.050044168283858617 -0.05008025470001834 -0.050057713288745087 -0.050023522243512732 -0.050042654569539768 -0.050042039067776226
leaf_weight=1.9116433817544027 0.26035133813275102 0.57369860605103884 1.3049693155335265 0.40785867202794168 0.054322093725204468 0.14253576239570964 1.0810490345465957 0.040429979708278552 0.043279929319396504 0.14223093379405327 0.13473296913434751 0.13951354508753866 0.047335961135104299 0.53232019420829602 0.57072294552926883 0.20165213727159426 0.03006653708871454 0.037092066078912356 0.063475250615738332 0.024455652630422264 0.051439123693853617 0.11079161963425577 0.022631108935456612 0.022081169532611966 0.061348342744167894 0.022928377438802272 0.026402417308417969 0.054383585578761995 0.019347334135090932 0.029806957085384056
leaf_count=2817 374 34 39 25 53 8 25 60 74 6 8 12 5 17 32 35 9 5 10 36 19 30 11 6 43 15 17 69 13 31
internal_value=-0.0304634 -0.0038992 0.0105592 0.0219335 -0.00788571 -0.0498671 -0.0520685 -0.0529998 -0.0537317 -0.0531651 -0.0525207 -0.0503398 -0.0500907 -0.0538198 -0.0538689 -0.0501813 -0.0501903 -0.0500231 -0.0502715 -0.0501926 -0.050035 -0.0500929 -0.0500186 -0.0500612 -0.0500227 -0.0500488 -0.0500177 -0.0500347 -0.0500235 -0.0500284
internal_weight=8.1649 3.44652 2.66251 2.24204 0.937066 4.71837 4.57584 0.784014 2.52368 0.339591 0.19736 0.529208 0.420475 2.18409 1.10304 0.389694 0.210316 2.05215 0.140079 0.0766034 0.373139 0.188042 2.01506 0.0465368 0.3217 0.0772505 1.99243 0.080786 0.0626273 0.0702369
internal_count=3938 836 650 209 170 3102 3094 186 175 101 95 145 441 74 49 133 152 2919 61 51 436 98 2914 42 417 68 2903 86 87 91
is_linear=0
shrinkage=0.1


Tree=54
num_leaves=31
num_cat=0
split_feature=7 8 1 4 2 0 8 6 8 10 0 0 2 8 8 4 7 10 10 8 2 6 1 0 8 6 6 6 6 10
split_gain=0.383936 0.271209 0.0832708 0.0711775 0.0995594 0.0966211 0.0506301 0.0363738 0.0320189 0.0511709 0.0314591 0.00112571 0.000149975 1.5077e-06 2.40625e-06 1.17077e-06 1.10466e-06 1.06619e-06 8.49871e-07 1.98222e-06 5.5089e-07 1.58459e-07 1.51315e-07 1.4859e-07 1.11588e-07 5.833e-08 2.8316e-08 1.55106e-08 1.20277e-08 5.45765e-09
threshold=1003.5000000000001 2219.5000000000005 2.5000000000000004 172.50000000000003 1.0000000180025095e-35 3.5000000000000004 980.50000000000011 1564.0000000000002 899.50000000000011 0.2124060150375939 3.5000000000000004 3.5000000000000004 1.0000000180025095e-35 395.00000000000006 1484.0000000000002 168.50000000000003 670.50000000000011 0.20416666666666669 0.22474747474747472 -541.49999999999989 1.0000000180025095e-35 1564.0000000000002 2.5000000000000004 3.5000000000000004 -347.49999999999994 1683.0000000000002 1519.5000000000002 2015.5000000000002 1344.0000000000002 0.19615384615384618
decision_type=2 2 2 2 2 2 2 2 2 2 2 2 2 2 2 2 2 2 2 2 2 2 2 2 2 2 2 2 2 2
left_child=3 2 10 11 5 29 7 8 9 -4 20 21 -3 15 -15 18 23 -18 -13 -20 -2 28 27 26 -11 -22 -6 -14 -1 -5
right_child=1 12 6 4 16 -7 -8 -9 -10 24 -12 13 22 14 -16 -17 17 -19 19 -21 25 -23 -24 -25 -26 -27 -28 -29 -30 -31
leaf_value=0.050015356461626484 0.050446831737637178 0.053694119485346928 -0.033455543051916399 0.050020147397075436 0.050020997096647625 -0.051849464308660026 0.0025343755405825485 -0.056963933001676063 -0.055332749350911696 0.050073462591076069 -0.008030834750770174 0.05342244517823979 0.050025592968375103 0.05339207675013944 0.05289101746732558 0.053520327207685195 0.050654747796604775 0.050139559023723773 0.052940862281143343 0.053408678398052148 0.050027941452757699 0.050298887697668139 0.050254314489739271 0.050178114485712237 0.050269935835991979 0.05018281354625187 0.050151715698021973 0.050123409791542589 0.050110968925360766 0.050073611641443874
leaf_weight=1.7310072577674871 0.086997571866959666 0.5121255071426275 0.19321626087184973 0.12134831692674186 0.25229288556147367 0.26329820603132248 0.33057884883601207 0.66932420921511948 0.17417532205581665 0.06695677270181466 0.18568030337337404 0.72561484895413764 0.049475833744509146 0.26745645134360518 0.14937043067766353 0.74202740966575209 0.075764475448522717 0.085504048445727676 0.14173841086449102 0.25091079733101651 0.051710463885683566 0.020040306728333124 0.083521746622864157 0.08973476302344352 0.050869846949353925 0.045910119370091707 0.017736268229782581 0.024110504280542955 0.013257648330181726 0.02265829558018595
leaf_count=2819 13 5 16 185 356 4 20 10 1 39 17 11 74 26 40 17 22 36 45 15 62 2 30 22 11 12 3 12 3 10
internal_value=0.0300474 -0.00170868 -0.0213929 0.0461796 0.0212096 -0.0158295 -0.0319713 -0.0418513 -0.0210045 -0.00178166 0.0210329 0.0519154 0.052865 0.0533844 0.0532125 0.0534229 0.0501641 0.0503816 0.0533583 0.0532398 0.0502638 0.0500193 0.0501622 0.0500666 0.0501583 0.0501008 0.0500296 0.0500576 0.0500161 0.0500286
internal_weight=7.49441 2.52465 1.85542 4.96976 0.928337 0.407305 1.48512 1.15454 0.485218 0.311043 0.370298 4.04142 0.669234 2.27712 0.416827 1.86029 0.521032 0.161269 1.11826 0.392649 0.184618 1.76431 0.157108 0.359764 0.117827 0.0976206 0.270029 0.0735863 1.74426 0.144007
internal_count=3938 322 201 3616 638 199 97 77 67 66 104 2978 121 154 66 88 439 58 71 60 87 2824 116 381 50 74 359 86 2822 195
is_linear=0
shrinkage=0.1


Tree=55
num_leaves=31
num_cat=0
split_feature=7 8 1 4 2 0 8 6 8 10 0 0 2 8 8 4 7 10 10 8 2 6 1 0 8 6 6 6 6 10
split_gain=0.383936 0.271209 0.0832708 0.0711775 0.0995594 0.0966211 0.0506301 0.0363738 0.0320189 0.0511709 0.0314591 0.00112571 0.000149975 1.5077e-06 2.40625e-06 1.17077e-06 1.10466e-06 1.06619e-06 8.49871e-07 1.98222e-06 5.5089e-07 1.58459e-07 1.51315e-07 1.4859e-07 1.11588e-07 5.833e-08 2.8316e-08 1.55106e-08 1.20277e-08 5.45765e-09
threshold=1003.5000000000001 2219.5000000000005 2.5000000000000004 172.50000000000003 1.0000000180025095e-35 3.5000000000000004 980.50000000000011 1564.0000000000002 899.50000000000011 0.2124060150375939 3.5000000000000004 3.5000000000000004 1.0000000180025095e-35 395.00000000000006 1484.0000000000002 168.50000000000003 670.50000000000011 0.20416666666666669 0.22474747474747472 -541.49999999999989 1.0000000180025095e-35 1564.0000000000002 2.5000000000000004 3.5000000000000004 -347.49999999999994 1683.0000000000002 1519.5000000000002 2015.5000000000002 1344.0000000000002 0.19615384615384618
decision_type=2 2 2 2 2 2 2 2 2 2 2 2 2 2 2 2 2 2 2 2 2 2 2 2 2 2 2 2 2 2
left_child=3 2 10 11 5 29 7 8 9 -4 20 21 -3 15 -15 18 23 -18 -13 -20 -2 28 27 26 -11 -22 -6 -14 -1 -5
right_child=1 12 6 4 16 -7 -8 -9 -10 24 -12 13 22 14 -16 -17 17 -19 19 -21 25 -23 -24 -25 -26 -27 -28 -29 -30 -31
leaf_value=-0.050015356461626484 -0.050446831737637178 -0.053694119485346928 0.033455543051916399 -0.050020147397075436 -0.050020997096647625 0.051849464308660026 -0.0025343755405825485 0.056963933001676063 0.055332749350911696 -0.050073462591076069 0.008030834750770174 -0.05342244517823979 -0.050025592968375103 -0.05339207675013944 -0.05289101746732558 -0.053520327207685195 -0.050654747796604775 -0.050139559023723773 -0.052940862281143343 -0.053408678398052148 -0.050027941452757699 -0.050298887697668139 -0.050254314489739271 -0.050178114485712237 -0.050269935835991979 -0.05018281354625187 -0.050151715698021973 -0.050123409791542589 -0.050110968925360766 -0.050073611641443874
leaf_weight=1.7310072577674871 0.086997571866959666 0.5121255071426275 0.19321626087184973 0.12134831692674186 0.25229288556147367 0.26329820603132248 0.33057884883601207 0.66932420921511948 0.17417532205581665 0.06695677270181466 0.18568030337337404 0.72561484895413764 0.049475833744509146 0.26745645134360518 0.14937043067766353 0.74202740966575209 0.075764475448522717 0.085504048445727676 0.14173841086449102 0.25091079733101651 0.051710463885683566 0.020040306728333124 0.083521746622864157 0.08973476302344352 0.050869846949353925 0.045910119370091707 0.017736268229782581 0.024110504280542955 0.013257648330181726 0.02265829558018595
leaf_count=2819 13 5 16 185 356 4 20 10 1 39 17 11 74 26 40 17 22 36 45 15 62 2 30 22 11 12 3 12 3 10
internal_value=-0.0300474 0.00170868 0.0213929 -0.0461796 -0.0212096 0.0158295 0.0319713 0.0418513 0.0210045 0.00178166 -0.0210329 -0.0519154 -0.052865 -0.0533844 -0.0532125 -0.0534229 -0.0501641 -0.0503816 -0.0533583 -0.0532398 -0.0502638 -0.0500193 -0.0501622 -0.0500666 -0.0501583 -0.0501008 -0.0500296 -0.0500576 -0.0500161 -0.0500286
internal_weight=7.49441 2.52465 1.85542 4.96976 0.928337 0.407305 1.48512 1.15454 0.485218 0.311043 0.370298 4.04142 0.669234 2.27712 0.416827 1.86029 0.521032 0.161269 1.11826 0.392649 0.184618 1.76431 0.157108 0.359764 0.117827 0.0976206 0.270029 0.0735863 1.74426 0.144007
internal_count=3938 322 201 3616 638 199 97 77 67 66 104 2978 121 154 66 88 439 58 71 60 87 2824 116 381 50 74 359 86 2822 195
is_linear=0
shrinkage=0.1


Tree=56
num_leaves=31
num_cat=0
split_feature=4 8 0 2 10 6 2 10 0 2 10 4 4 6 10 7 10 8 1 6 7 7 8 10 8 6 7 6 4 7
split_gain=0.352961 0.197685 0.155355 0.0925925 0.13681 0.0598908 0.0528435 0.174745 0.000835754 0.000121173 6.98194e-06 1.06955e-05 3.09285e-05 2.03599e-06 1.8467e-06 1.80974e-06 2.70531e-07 6.5688e-07 1.51692e-07 1.36973e-07 5.99083e-08 5.76133e-08 1.12455e-07 3.73482e-08 2.91957e-08 7.88917e-09 5.90908e-09 5.48413e-09 2.25927e-09 2.03326e-09
threshold=172.50000000000003 2219.5000000000005 3.5000000000000004 1.0000000180025095e-35 0.2124060150375939 2015.5000000000002 1.0000000180025095e-35 0.19615384615384618 3.5000000000000004 1.0000000180025095e-35 0.26969696969696971 171.50000000000003 169.50000000000003 1519.5000000000002 0.22902097902097898 1108.5000000000002 0.21980676328502413 -406.49999999999994 2.5000000000000004 1564.0000000000002 1003.5000000000001 1309.5000000000002 2729.0000000000005 0.28285714285714292 1979.0000000000002 1311.0000000000002 891.00000000000011 952.00000000000011 182.50000000000003 1003.5000000000001
decision_type=2 2 2 2 2 2 2 2 2 2 2 2 2 2 2 2 2 2 2 2 2 2 2 2 2 2 2 2 2 2
left_child=5 2 3 4 15 8 -4 -8 19 -3 16 12 -12 24 -9 20 -10 -18 -11 25 -2 22 -20 -16 26 29 -5 -24 -28 -1
right_child=1 9 6 13 -6 -7 7 14 10 18 11 -13 -14 -15 23 -17 17 -19 21 -21 -22 -23 27 -25 -26 -27 28 -29 -30 -31
leaf_value=0.050013896354461851 0.050021138957328216 0.053250469794811718 -0.051994579224956206 0.050019733609194421 -0.050069291794601026 -0.017890974471796665 -0.061670110668421686 0.050679076894450864 0.053044264943407526 0.050023285783082919 0.050021027462978609 0.053274679113767071 0.052965258109881341 0.050457174193847966 0.050181195441743626 0.050619319120797417 0.053033753506052488 0.053203234121892644 0.05032415154566109 0.050227033117932876 0.050200762026850435 0.050300057155404643 0.0500140240110441 0.050082362688477905 0.050135870093377471 0.05007940917938724 0.050066413001323432 0.05008999625895405 0.050029486150717839 0.050031467641203059
leaf_weight=1.5652127082576051 0.10514387482544474 0.47622757262433868 0.70103615988045909 0.19770820892881602 0.33426679158583283 0.12793487822636951 0.30684953927993774 0.10170077229849994 0.8966225417389071 0.057505847653374076 0.052364564849994966 0.11810399417299777 0.11197399139928166 0.19080873485654593 0.073061671806499362 0.10101746558211744 0.44152780767763034 0.47441046635503881 0.024658454058226198 0.031153002986684331 0.022550167050212622 0.052042504015844315 0.020021941978484392 0.080214407877065241 0.028046138526406139 0.019022285705432185 0.046244996599853039 0.018083220231346786 0.025818832858931273 0.068746976176043861
leaf_count=2817 159 34 13 302 8 8 1 7 25 91 87 6 8 29 14 10 17 32 9 5 4 10 36 29 15 11 31 6 28 86
internal_value=0.029661 0.00363297 -0.01004 0.0183515 -0.00929275 0.0493999 -0.033682 -0.010832 0.0516779 0.0524283 0.0530112 0.0525488 0.0520271 0.0502022 0.0503487 0.0503031 0.0530833 0.0531215 0.0501559 0.0500193 0.0500529 0.0502223 0.0501578 0.0501295 0.0500388 0.0500154 0.0500287 0.0500501 0.0500532 0.0500146
internal_weight=6.87008 2.96301 2.31447 1.05161 0.562978 3.90707 1.26286 0.561826 3.77914 0.64854 2.095 0.282443 0.164339 0.488627 0.254977 0.228712 1.81256 0.915938 0.172312 1.68413 0.127694 0.114806 0.0627636 0.153276 0.297818 1.65298 0.269772 0.0381052 0.0720638 1.63396
internal_count=3938 836 650 586 181 3102 64 51 3094 186 175 101 95 405 50 173 74 49 152 2919 163 61 51 43 376 2914 361 42 59 2903
is_linear=0
shrinkage=0.1


Tree=57
num_leaves=31
num_cat=0
split_feature=4 8 0 2 10 6 2 10 0 2 10 4 4 6 10 7 10 8 1 6 7 7 8 10 8 6 7 6 4 7
split_gain=0.352961 0.197685 0.155355 0.0925925 0.13681 0.0598908 0.0528435 0.174745 0.000835754 0.000121173 6.98194e-06 1.06955e-05 3.09285e-05 2.03599e-06 1.8467e-06 1.80974e-06 2.70531e-07 6.5688e-07 1.51692e-07 1.36973e-07 5.99083e-08 5.76133e-08 1.12455e-07 3.73482e-08 2.91957e-08 7.88917e-09 5.90908e-09 5.48413e-09 2.25927e-09 2.03326e-09
threshold=172.50000000000003 2219.5000000000005 3.5000000000000004 1.0000000180025095e-35 0.2124060150375939 2015.5000000000002 1.0000000180025095e-35 0.19615384615384618 3.5000000000000004 1.0000000180025095e-35 0.26969696969696971 171.50000000000003 169.50000000000003 1519.5000000000002 0.22902097902097898 1108.5000000000002 0.21980676328502413 -406.49999999999994 2.5000000000000004 1564.0000000000002 1003.5000000000001 1309.5000000000002 2729.0000000000005 0.28285714285714292 1979.0000000000002 1311.0000000000002 891.00000000000011 952.00000000000011 182.50000000000003 1003.5000000000001
decision_type=2 2 2 2 2 2 2 2 2 2 2 2 2 2 2 2 2 2 2 2 2 2 2 2 2 2 2 2 2 2
left_child=5 2 3 4 15 8 -4 -8 19 -3 16 12 -12 24 -9 20 -10 -18 -11 25 -2 22 -20 -16 26 29 -5 -24 -28 -1
right_child=1 9 6 13 -6 -7 7 14 10 18 11 -13 -14 -15 23 -17 17 -19 21 -21 -22 -23 27 -25 -26 -27 28 -29 -30 -31
leaf_value=-0.050013896354461851 -0.050021138957328216 -0.053250469794811718 0.051994579224956206 -0.050019733609194421 0.050069291794601026 0.017890974471796665 0.061670110668421686 -0.050679076894450864 -0.053044264943407526 -0.050023285783082919 -0.050021027462978609 -0.053274679113767071 -0.052965258109881341 -0.050457174193847966 -0.050181195441743626 -0.050619319120797417 -0.053033753506052488 -0.053203234121892644 -0.05032415154566109 -0.050227033117932876 -0.050200762026850435 -0.050300057155404643 -0.0500140240110441 -0.050082362688477905 -0.050135870093377471 -0.05007940917938724 -0.050066413001323432 -0.05008999625895405 -0.050029486150717839 -0.050031467641203059
leaf_weight=1.5652127082576051 0.10514387482544474 0.47622757262433868 0.70103615988045909 0.19770820892881602 0.33426679158583283 0.12793487822636951 0.30684953927993774 0.10170077229849994 0.8966225417389071 0.057505847653374076 0.052364564849994966 0.11810399417299777 0.11197399139928166 0.19080873485654593 0.073061671806499362 0.10101746558211744 0.44152780767763034 0.47441046635503881 0.024658454058226198 0.031153002986684331 0.022550167050212622 0.052042504015844315 0.020021941978484392 0.080214407877065241 0.028046138526406139 0.019022285705432185 0.046244996599853039 0.018083220231346786 0.025818832858931273 0.068746976176043861
leaf_count=2817 159 34 13 302 8 8 1 7 25 91 87 6 8 29 14 10 17 32 9 5 4 10 36 29 15 11 31 6 28 86
internal_value=-0.029661 -0.00363297 0.01004 -0.0183515 0.00929275 -0.0493999 0.033682 0.010832 -0.0516779 -0.0524283 -0.0530112 -0.0525488 -0.0520271 -0.0502022 -0.0503487 -0.0503031 -0.0530833 -0.0531215 -0.0501559 -0.0500193 -0.0500529 -0.0502223 -0.0501578 -0.0501295 -0.0500388 -0.0500154 -0.0500287 -0.0500501 -0.0500532 -0.0500146
internal_weight=6.87008 2.96301 2.31447 1.05161 0.562978 3.90707 1.26286 0.561826 3.77914 0.64854 2.095 0.282443 0.164339 0.488627 0.254977 0.228712 1.81256 0.915938 0.172312 1.68413 0.127694 0.114806 0.0627636 0.153276 0.297818 1.65298 0.269772 0.0381052 0.0720638 1.63396
internal_count=3938 836 650 586 181 3102 64 51 3094 186 175 101 95 405 50 173 74 49 152 2919 163 61 51 43 376 2914 361 42 59 2903
is_linear=0
shrinkage=0.1


Tree=58
num_leaves=31
num_cat=0
split_feature=7 8 2 10 4 2 0 0 2 8 8 8 4 7 10 10 8 6 6 0 1 6 6 8 0 6 10 0 10 4
split_gain=0.320329 0.218403 0.0707253 0.188706 0.0569493 0.0803795 0.0799961 0.000605578 8.14517e-05 1.74692e-06 8.03456e-07 1.20053e-06 6.13131e-07 6.06135e-07 5.83919e-07 4.36346e-07 1.02624e-06 1.53976e-07 8.69087e-08 8.16105e-08 7.77931e-08 1.54957e-08 1.34998e-08 7.42993e-09 6.63996e-09 6.59825e-09 5.37404e-09 7.84052e-10 6.65998e-10 6.12815e-10
threshold=1003.5000000000001 2219.5000000000005 1.0000000180025095e-35 0.18634259259259259 172.50000000000003 1.0000000180025095e-35 3.5000000000000004 3.5000000000000004 1.0000000180025095e-35 1842.5000000000002 395.00000000000006 1484.0000000000002 168.50000000000003 670.50000000000011 0.20416666666666669 0.22474747474747472 -541.49999999999989 1519.5000000000002 1564.0000000000002 3.5000000000000004 2.5000000000000004 1519.5000000000002 2015.5000000000002 -347.49999999999994 3.5000000000000004 1344.0000000000002 0.19615384615384618 2.5000000000000004 0.19615384615384618 172.50000000000003
decision_type=2 2 2 2 2 2 2 2 2 2 2 2 2 2 2 2 2 2 2 2 2 2 2 2 2 2 2 2 2 2
left_child=4 2 -2 -4 7 6 26 18 -3 17 12 -12 15 19 -15 -9 -17 23 25 21 22 -7 28 29 -25 -1 27 -6 -10 -5
right_child=1 8 3 9 5 13 -8 10 20 -11 11 -13 -14 14 -16 16 -18 -19 -20 -21 -22 -23 -24 24 -26 -27 -28 -29 -30 -31
leaf_value=0.050012573089751058 -0.038391531981019744 0.052983028405074385 -0.056056477057064472 0.050019268036889858 0.050012678594185137 0.050017190621191712 -0.051503418791185224 0.05276638458087908 0.050041256234938915 0.050578350411478207 0.05273751705977147 0.052348551304902249 0.052844715675136926 0.050535289680449992 0.050114246701287384 0.052385963556264584 0.05275600319504286 0.050213494189418742 0.050244507909561066 0.050145838295323153 0.050209117744813341 0.05012406623596271 0.050118368508201921 0.05004734093616086 0.050114440229486357 0.050090821599217641 0.050071568109517864 0.050037179690574141 0.050012854995410264 0.050039430924370666
leaf_weight=1.4173036023858001 0.92519754986278735 0.42468788506812405 0.29494282673113048 0.023608375457115582 0.083827522219507844 0.20657123593264259 0.21680737659335136 0.6011289353482423 0.011550746203283779 0.13778195931809023 0.22218969248933729 0.12343209810205735 0.6149388500925852 0.062186261362512596 0.070032117393566296 0.11721185923670407 0.20784310525050398 0.12207817379385233 0.016425884794443957 0.07350754807703197 0.069219754383084364 0.014519562013447285 0.021928630812908523 0.029310432728379854 0.02968340611550957 0.010859043337404617 0.021567455551121384 0.01547149958787486 0.028950624007848091 0.041697437758557498
leaf_count=2819 34 5 7 35 173 356 4 11 15 16 26 40 17 22 36 45 15 30 2 22 30 3 12 30 11 3 10 12 59 38
internal_value=0.0294735 -0.00168049 -0.020403 0.00410419 0.0459079 0.0212931 -0.015162 0.0515566 0.0523093 0.0502932 0.0527364 0.0525986 0.0527673 0.0501344 0.0503123 0.0527159 0.0526226 0.0501337 0.0500158 0.0500546 0.0501361 0.0500242 0.0500552 0.0500554 0.0500811 0.0500132 0.0500263 0.0500165 0.050021 0.0500321
internal_weight=6.25646 2.16064 1.6043 0.679103 4.09582 0.764491 0.337674 3.33133 0.556338 0.38416 1.88674 0.345622 1.54112 0.426817 0.132218 0.926184 0.325055 0.246378 1.44459 0.294598 0.13165 0.221091 0.06243 0.1243 0.0589938 1.42816 0.120866 0.099299 0.0405014 0.0653058
internal_count=3938 322 201 167 3616 638 199 2978 121 160 154 66 88 439 58 71 60 144 2824 381 116 359 86 114 41 2822 195 185 74 73
is_linear=0
shrinkage=0.1


Tree=59
num_leaves=31
num_cat=0
split_feature=7 8 2 10 4 2 0 0 2 8 8 8 4 7 10 10 8 6 6 0 1 6 6 8 0 6 10 0 10 4
split_gain=0.320329 0.218403 0.0707253 0.188706 0.0569493 0.0803795 0.0799961 0.000605578 8.14517e-05 1.74692e-06 8.03456e-07 1.20053e-06 6.13131e-07 6.06135e-07 5.83919e-07 4.36346e-07 1.02624e-06 1.53976e-07 8.69087e-08 8.16105e-08 7.77931e-08 1.54957e-08 1.34998e-08 7.42993e-09 6.63996e-09 6.59825e-09 5.37404e-09 7.84052e-10 6.65998e-10 6.12815e-10
threshold=1003.5000000000001 2219.5000000000005 1.0000000180025095e-35 0.18634259259259259 172.50000000000003 1.0000000180025095e-35 3.5000000000000004 3.5000000000000004 1.0000000180025095e-35 1842.5000000000002 395.00000000000006 1484.0000000000002 168.50000000000003 670.50000000000011 0.20416666666666669 0.22474747474747472 -541.49999999999989 1519.5000000000002 1564.0000000000002 3.5000000000000004 2.5000000000000004 1519.5000000000002 2015.5000000000002 -347.49999999999994 3.5000000000000004 1344.0000000000002 0.19615384615384618 2.5000000000000004 0.19615384615384618 172.50000000000003
decision_type=2 2 2 2 2 2 2 2 2 2 2 2 2 2 2 2 2 2 2 2 2 2 2 2 2 2 2 2 2 2
left_child=4 2 -2 -4 7 6 26 18 -3 17 12 -12 15 19 -15 -9 -17 23 25 21 22 -7 28 29 -25 -1 27 -6 -10 -5
right_child=1 8 3 9 5 13 -8 10 20 -11 11 -13 -14 14 -16 16 -18 -19 -20 -21 -22 -23 -24 24 -26 -27 -28 -29 -30 -31
leaf_value=-0.050012573089751058 0.038391531981019744 -0.052983028405074385 0.056056477057064472 -0.050019268036889858 -0.050012678594185137 -0.050017190621191712 0.051503418791185224 -0.05276638458087908 -0.050041256234938915 -0.050578350411478207 -0.05273751705977147 -0.052348551304902249 -0.052844715675136926 -0.050535289680449992 -0.050114246701287384 -0.052385963556264584 -0.05275600319504286 -0.050213494189418742 -0.050244507909561066 -0.050145838295323153 -0.050209117744813341 -0.05012406623596271 -0.050118368508201921 -0.05004734093616086 -0.050114440229486357 -0.050090821599217641 -0.050071568109517864 -0.050037179690574141 -0.050012854995410264 -0.050039430924370666
leaf_weight=1.4173036023858001 0.92519754986278735 0.42468788506812405 0.29494282673113048 0.023608375457115582 0.083827522219507844 0.20657123593264259 0.21680737659335136 0.6011289353482423 0.011550746203283779 0.13778195931809023 0.22218969248933729 0.12343209810205735 0.6149388500925852 0.062186261362512596 0.070032117393566296 0.11721185923670407 0.20784310525050398 0.12207817379385233 0.016425884794443957 0.07350754807703197 0.069219754383084364 0.014519562013447285 0.021928630812908523 0.029310432728379854 0.02968340611550957 0.010859043337404617 0.021567455551121384 0.01547149958787486 0.028950624007848091 0.041697437758557498
leaf_count=2819 34 5 7 35 173 356 4 11 15 16 26 40 17 22 36 45 15 30 2 22 30 3 12 30 11 3 10 12 59 38
internal_value=-0.0294735 0.00168049 0.020403 -0.00410419 -0.0459079 -0.0212931 0.015162 -0.0515566 -0.0523093 -0.0502932 -0.0527364 -0.0525986 -0.0527673 -0.0501344 -0.0503123 -0.0527159 -0.0526226 -0.0501337 -0.0500158 -0.0500546 -0.0501361 -0.0500242 -0.0500552 -0.0500554 -0.0500811 -0.0500132 -0.0500263 -0.0500165 -0.050021 -0.0500321
internal_weight=6.25646 2.16064 1.6043 0.679103 4.09582 0.764491 0.337674 3.33133 0.556338 0.38416 1.88674 0.345622 1.54112 0.426817 0.132218 0.926184 0.325055 0.246378 1.44459 0.294598 0.13165 0.221091 0.06243 0.1243 0.0589938 1.42816 0.120866 0.099299 0.0405014 0.0653058
internal_count=3938 322 201 167 3616 638 199 2978 121 160 154 66 88 439 58 71 60 144 2824 381 116 359 86 114 41 2822 195 185 74 73
is_linear=0
shrinkage=0.1


Tree=60
num_leaves=31
num_cat=0
split_feature=7 8 0 7 4 2 0 10 6 8 0 2 6 8 8 7 4 10 10 8 6 0 1 8 6 6 6 10 0 10
split_gain=0.292773 0.194429 0.0641737 0.0775131 0.0511368 0.0727111 0.0722429 0.0221918 0.0158239 0.00210464 0.000444972 5.96828e-05 7.64327e-07 5.70154e-07 8.64134e-07 4.48946e-07 4.43374e-07 4.32186e-07 3.10619e-07 7.36469e-07 6.43571e-08 6.04977e-08 5.76409e-08 1.97054e-08 1.14753e-08 9.99902e-09 4.88665e-09 3.98092e-09 5.80774e-10 4.93482e-10
threshold=1003.5000000000001 2219.5000000000005 3.5000000000000004 1191.5000000000002 172.50000000000003 1.0000000180025095e-35 3.5000000000000004 0.19615384615384618 858.00000000000011 745.50000000000011 3.5000000000000004 1.0000000180025095e-35 1519.5000000000002 395.00000000000006 1484.0000000000002 670.50000000000011 168.50000000000003 0.20416666666666669 0.22474747474747472 -541.49999999999989 1564.0000000000002 3.5000000000000004 2.5000000000000004 -568.49999999999989 1519.5000000000002 2015.5000000000002 1344.0000000000002 0.19615384615384618 2.5000000000000004 0.19615384615384618
decision_type=2 2 2 2 2 2 2 2 2 2 2 2 2 2 2 2 2 2 2 2 2 2 2 2 2 2 2 2 2 2
left_child=4 2 3 9 10 6 27 -4 -9 -2 20 -3 23 16 -15 21 18 -17 -12 -20 26 24 25 -5 -7 29 -1 28 -6 -13
right_child=1 11 7 12 5 15 -8 8 -10 -11 13 22 -14 14 -16 17 -18 -19 19 -21 -22 -23 -24 -25 -26 -27 -28 -29 -30 -31
leaf_value=0.050011377727108855 -0.030303495404125282 0.052683206457749369 -0.057493496622514788 0.050025404362736559 0.050011471568472403 0.050015554782034781 -0.051356575145500474 -0.043000400554505325 -0.0087936287063952196 -0.015645707924460402 0.052489439896338065 0.050037330793425483 0.05044937702854714 0.052465138622454111 0.052118987056082512 0.050484063652121151 0.052559644583736992 0.050103376276608269 0.052151891138535855 0.052480695630368723 0.050221152317643104 0.050131983521979409 0.050189211865576511 0.050117302172098949 0.05011223217486626 0.050107088869831944 0.05008216362595605 0.05006475240398961 0.050033639137420906 0.050011630492670482
leaf_weight=1.2824585111520721 0.17877794927335366 0.38634872509283003 0.33177676051855087 0.035450454510282836 0.075852015848795307 0.18691918716649525 0.19670777395367622 0.25243806757498533 0.2912750052055344 0.21669008157914504 0.54664729940122903 0.010452325383084826 0.13081773853627965 0.20203602316905755 0.11215282762714196 0.056322647811612114 0.55928347820008639 0.063380729843629524 0.10650941616040643 0.18900041989400063 0.014869315549731366 0.066529828007332981 0.062656202193466015 0.068263804801972472 0.013140787370502949 0.01984608534257859 0.0098272808827458702 0.01951756261405535 0.014000131981447339 0.02619621652411297
leaf_count=2819 31 5 3 47 173 356 4 16 33 13 11 15 21 26 40 22 17 36 45 15 2 22 30 37 3 12 3 10 12 59
internal_value=0.0291533 -0.0015806 -0.0195982 0.00474036 0.0457894 0.0212754 -0.0151306 -0.0371121 -0.0246753 -0.022272 0.0514043 0.0520798 0.0502886 0.0524633 0.0523416 0.0501216 0.0524906 0.0502825 0.0524448 0.0523622 0.0500143 0.0500494 0.0501232 0.0500859 0.0500219 0.0500499 0.0500119 0.0500238 0.0500149 0.050019
internal_weight=5.72614 2.01099 1.50549 0.63 3.71516 0.692371 0.306077 0.87549 0.543713 0.395468 3.02278 0.5055 0.234532 1.71563 0.314189 0.386293 1.40144 0.119703 0.842157 0.29551 1.30716 0.26659 0.119151 0.103714 0.20006 0.0564946 1.29229 0.10937 0.0898521 0.0366485
internal_count=3938 322 201 149 3616 638 199 52 49 44 2978 121 105 154 66 439 88 58 71 60 2824 381 116 84 359 86 2822 195 185 74
is_linear=0
shrinkage=0.1


Tree=61
num_leaves=31
num_cat=0
split_feature=7 8 0 7 4 2 0 10 6 8 0 2 6 8 8 7 4 10 10 8 6 0 1 8 6 6 6 10 0 10
split_gain=0.292773 0.194429 0.0641737 0.0775131 0.0511368 0.0727111 0.0722429 0.0221918 0.0158239 0.00210464 0.000444972 5.96828e-05 7.64327e-07 5.70154e-07 8.64134e-07 4.48946e-07 4.43374e-07 4.32186e-07 3.10619e-07 7.36469e-07 6.43571e-08 6.04977e-08 5.76409e-08 1.97054e-08 1.14753e-08 9.99902e-09 4.88665e-09 3.98092e-09 5.80774e-10 4.93482e-10
threshold=1003.5000000000001 2219.5000000000005 3.5000000000000004 1191.5000000000002 172.50000000000003 1.0000000180025095e-35 3.5000000000000004 0.19615384615384618 858.00000000000011 745.50000000000011 3.5000000000000004 1.0000000180025095e-35 1519.5000000000002 395.00000000000006 1484.0000000000002 670.50000000000011 168.50000000000003 0.20416666666666669 0.22474747474747472 -541.49999999999989 1564.0000000000002 3.5000000000000004 2.5000000000000004 -568.49999999999989 1519.5000000000002 2015.5000000000002 1344.0000000000002 0.19615384615384618 2.5000000000000004 0.19615384615384618
decision_type=2 2 2 2 2 2 2 2 2 2 2 2 2 2 2 2 2 2 2 2 2 2 2 2 2 2 2 2 2 2
left_child=4 2 3 9 10 6 27 -4 -9 -2 20 -3 23 16 -15 21 18 -17 -12 -20 26 24 25 -5 -7 29 -1 28 -6 -13
right_child=1 11 7 12 5 15 -8 8 -10 -11 13 22 -14 14 -16 17 -18 -19 19 -21 -22 -23 -24 -25 -26 -27 -28 -29 -30 -31
leaf_value=-0.050011377727108855 0.030303495404125282 -0.052683206457749369 0.057493496622514788 -0.050025404362736559 -0.050011471568472403 -0.050015554782034781 0.051356575145500474 0.043000400554505325 0.0087936287063952196 0.015645707924460402 -0.052489439896338065 -0.050037330793425483 -0.05044937702854714 -0.052465138622454111 -0.052118987056082512 -0.050484063652121151 -0.052559644583736992 -0.050103376276608269 -0.052151891138535855 -0.052480695630368723 -0.050221152317643104 -0.050131983521979409 -0.050189211865576511 -0.050117302172098949 -0.05011223217486626 -0.050107088869831944 -0.05008216362595605 -0.05006475240398961 -0.050033639137420906 -0.050011630492670482
leaf_weight=1.2824585111520721 0.17877794927335366 0.38634872509283003 0.33177676051855087 0.035450454510282836 0.075852015848795307 0.18691918716649525 0.19670777395367622 0.25243806757498533 0.2912750052055344 0.21669008157914504 0.54664729940122903 0.010452325383084826 0.13081773853627965 0.20203602316905755 0.11215282762714196 0.056322647811612114 0.55928347820008639 0.063380729843629524 0.10650941616040643 0.18900041989400063 0.014869315549731366 0.066529828007332981 0.062656202193466015 0.068263804801972472 0.013140787370502949 0.01984608534257859 0.0098272808827458702 0.01951756261405535 0.014000131981447339 0.02619621652411297
leaf_count=2819 31 5 3 47 173 356 4 16 33 13 11 15 21 26 40 22 17 36 45 15 2 22 30 37 3 12 3 10 12 59
internal_value=-0.0291533 0.0015806 0.0195982 -0.00474036 -0.0457894 -0.0212754 0.0151306 0.0371121 0.0246753 0.022272 -0.0514043 -0.0520798 -0.0502886 -0.0524633 -0.0523416 -0.0501216 -0.0524906 -0.0502825 -0.0524448 -0.0523622 -0.0500143 -0.0500494 -0.0501232 -0.0500859 -0.0500219 -0.0500499 -0.0500119 -0.0500238 -0.0500149 -0.050019
internal_weight=5.72614 2.01099 1.50549 0.63 3.71516 0.692371 0.306077 0.87549 0.543713 0.395468 3.02278 0.5055 0.234532 1.71563 0.314189 0.386293 1.40144 0.119703 0.842157 0.29551 1.30716 0.26659 0.119151 0.103714 0.20006 0.0564946 1.29229 0.10937 0.0898521 0.0366485
internal_count=3938 322 201 149 3616 638 199 52 49 44 2978 121 105 154 66 439 88 58 71 60 2824 381 116 84 359 86 2822 195 185 74
is_linear=0
shrinkage=0.1


Tree=62
num_leaves=31
num_cat=0
split_feature=7 8 2 10 4 2 0 0 2 8 8 8 7 4 10 10 8 6 6 0 1 6 6 0 6 10 1 7 0 10
split_gain=0.269618 0.172535 0.0607427 0.154765 0.0459517 0.065776 0.0652536 0.000327225 4.37797e-05 1.14963e-06 4.06224e-07 6.23693e-07 3.32527e-07 3.21401e-07 3.19904e-07 2.2194e-07 5.30129e-07 1.09715e-07 4.76604e-08 4.4843e-08 4.27082e-08 8.49838e-09 7.4063e-09 6.08869e-09 3.61947e-09 2.94872e-09 1.53325e-09 8.91472e-10 4.30191e-10 3.65579e-10
threshold=1003.5000000000001 2219.5000000000005 1.0000000180025095e-35 0.18634259259259259 172.50000000000003 1.0000000180025095e-35 3.5000000000000004 3.5000000000000004 1.0000000180025095e-35 1842.5000000000002 395.00000000000006 1484.0000000000002 670.50000000000011 168.50000000000003 0.20416666666666669 0.22474747474747472 -541.49999999999989 1519.5000000000002 1564.0000000000002 3.5000000000000004 2.5000000000000004 1519.5000000000002 2015.5000000000002 3.5000000000000004 1344.0000000000002 0.19615384615384618 2.5000000000000004 1224.0000000000002 2.5000000000000004 0.19615384615384618
decision_type=2 2 2 2 2 2 2 2 2 2 2 2 2 2 2 2 2 2 2 2 2 2 2 2 2 2 2 2 2 2
left_child=4 2 -2 -4 7 6 25 18 -3 17 13 -12 19 15 -14 -9 -17 23 24 21 22 -7 29 26 -1 28 -5 -28 -6 -10
right_child=1 8 3 9 5 12 -8 10 20 -11 11 -13 14 -15 -16 16 -18 -19 -20 -21 -22 -23 -24 -25 -26 -27 27 -29 -30 -31
leaf_value=0.050010293983923815 -0.035853485717684264 0.052414954263497807 -0.05289231689994648 0.050012111209467816 0.050010379597474841 0.050014074775204399 -0.051224407895566218 0.052241447785873953 0.050033778000185873 0.050506567422393824 0.052220909454433785 0.051912373009167803 0.0504377628015273 0.052304432258797454 0.050093540898733024 0.051941382545656271 0.052234055825000493 0.050193966628899855 0.050200035793789843 0.05011944199914771 0.050171201983164021 0.050101529596421328 0.050096886717382286 0.050080665469201528 0.050074333234053296 0.050058584392354888 0.050057406271455933 0.050028792580793138 0.050030435785054353 0.050010524068490603
leaf_weight=1.1604402915691028 0.84063098614569731 0.35128056106623251 0.25506287580356002 0.023033825942547992 0.068635164570878149 0.16913622604624834 0.1784244030714035 0.49685512972064294 0.009458292493945919 0.12025138904573396 0.18362110930320352 0.10186338404309936 0.051007242887862958 0.50840385147603229 0.0573599437775556 0.096744380949530639 0.17178094225528195 0.10672688551130705 0.01345968432724487 0.060212975251488388 0.056712993158726022 0.011892687063664198 0.017960952056455426 0.044744556420482695 0.0088934116065501057 0.017662286205450073 0.023223941796459258 0.020499076490523294 0.012668613169807941 0.023703814978944138
leaf_count=2819 34 5 7 50 173 356 4 11 15 16 26 40 22 17 36 45 15 30 2 22 30 3 12 23 3 10 17 24 12 59
internal_value=0.0287143 -0.0014804 -0.0185605 0.00593141 0.0456826 0.0212595 -0.0151024 0.0512672 0.0518739 0.0502583 0.0522186 0.0521108 0.0501101 0.0522428 0.0502556 0.0522019 0.0521286 0.0501215 0.0500129 0.0500447 0.0501115 0.0500198 0.0500452 0.0500521 0.0500108 0.0500216 0.050033 0.050044 0.0500135 0.0500172
internal_weight=5.26235 1.89329 1.43417 0.593543 3.36906 0.627 0.27739 2.74206 0.459117 0.33848 1.55927 0.285484 0.349609 1.27378 0.108367 0.76538 0.268525 0.218228 1.18279 0.241242 0.107836 0.181029 0.0511231 0.111501 1.16933 0.0989661 0.0667568 0.043723 0.0813038 0.0331621
internal_count=3938 322 201 167 3616 638 199 2978 121 160 154 66 439 88 58 71 60 144 2824 381 116 359 86 114 2822 195 91 41 185 74
is_linear=0
shrinkage=0.1


Tree=63
num_leaves=31
num_cat=0
split_feature=7 8 2 10 4 2 0 0 2 8 8 8 7 4 10 10 8 6 6 0 1 6 6 0 6 10 1 7 0 10
split_gain=0.269618 0.172535 0.0607427 0.154765 0.0459517 0.065776 0.0652536 0.000327225 4.37797e-05 1.14963e-06 4.06224e-07 6.23693e-07 3.32527e-07 3.21401e-07 3.19904e-07 2.2194e-07 5.30129e-07 1.09715e-07 4.76604e-08 4.4843e-08 4.27082e-08 8.49838e-09 7.4063e-09 6.08869e-09 3.61947e-09 2.94872e-09 1.53325e-09 8.91472e-10 4.30191e-10 3.65579e-10
threshold=1003.5000000000001 2219.5000000000005 1.0000000180025095e-35 0.18634259259259259 172.50000000000003 1.0000000180025095e-35 3.5000000000000004 3.5000000000000004 1.0000000180025095e-35 1842.5000000000002 395.00000000000006 1484.0000000000002 670.50000000000011 168.50000000000003 0.20416666666666669 0.22474747474747472 -541.49999999999989 1519.5000000000002 1564.0000000000002 3.5000000000000004 2.5000000000000004 1519.5000000000002 2015.5000000000002 3.5000000000000004 1344.0000000000002 0.19615384615384618 2.5000000000000004 1224.0000000000002 2.5000000000000004 0.19615384615384618
decision_type=2 2 2 2 2 2 2 2 2 2 2 2 2 2 2 2 2 2 2 2 2 2 2 2 2 2 2 2 2 2
left_child=4 2 -2 -4 7 6 25 18 -3 17 13 -12 19 15 -14 -9 -17 23 24 21 22 -7 29 26 -1 28 -5 -28 -6 -10
right_child=1 8 3 9 5 12 -8 10 20 -11 11 -13 14 -15 -16 16 -18 -19 -20 -21 -22 -23 -24 -25 -26 -27 27 -29 -30 -31
leaf_value=-0.050010293983923815 0.035853485717684264 -0.052414954263497807 0.05289231689994648 -0.050012111209467816 -0.050010379597474841 -0.050014074775204399 0.051224407895566218 -0.052241447785873953 -0.050033778000185873 -0.050506567422393824 -0.052220909454433785 -0.051912373009167803 -0.0504377628015273 -0.052304432258797454 -0.050093540898733024 -0.051941382545656271 -0.052234055825000493 -0.050193966628899855 -0.050200035793789843 -0.05011944199914771 -0.050171201983164021 -0.050101529596421328 -0.050096886717382286 -0.050080665469201528 -0.050074333234053296 -0.050058584392354888 -0.050057406271455933 -0.050028792580793138 -0.050030435785054353 -0.050010524068490603
leaf_weight=1.1604402915691028 0.84063098614569731 0.35128056106623251 0.25506287580356002 0.023033825942547992 0.068635164570878149 0.16913622604624834 0.1784244030714035 0.49685512972064294 0.009458292493945919 0.12025138904573396 0.18362110930320352 0.10186338404309936 0.051007242887862958 0.50840385147603229 0.0573599437775556 0.096744380949530639 0.17178094225528195 0.10672688551130705 0.01345968432724487 0.060212975251488388 0.056712993158726022 0.011892687063664198 0.017960952056455426 0.044744556420482695 0.0088934116065501057 0.017662286205450073 0.023223941796459258 0.020499076490523294 0.012668613169807941 0.023703814978944138
leaf_count=2819 34 5 7 50 173 356 4 11 15 16 26 40 22 17 36 45 15 30 2 22 30 3 12 23 3 10 17 24 12 59
internal_value=-0.0287143 0.0014804 0.0185605 -0.00593141 -0.0456826 -0.0212595 0.0151024 -0.0512672 -0.0518739 -0.0502583 -0.0522186 -0.0521108 -0.0501101 -0.0522428 -0.0502556 -0.0522019 -0.0521286 -0.0501215 -0.0500129 -0.0500447 -0.0501115 -0.0500198 -0.0500452 -0.0500521 -0.0500108 -0.0500216 -0.050033 -0.050044 -0.0500135 -0.0500172
internal_weight=5.26235 1.89329 1.43417 0.593543 3.36906 0.627 0.27739 2.74206 0.459117 0.33848 1.55927 0.285484 0.349609 1.27378 0.108367 0.76538 0.268525 0.218228 1.18279 0.241242 0.107836 0.181029 0.0511231 0.111501 1.16933 0.0989661 0.0667568 0.043723 0.0813038 0.0331621
internal_count=3938 322 201 167 3616 638 199 2978 121 160 154 66 439 88 58 71 60 144 2824 381 116 359 86 114 2822 195 91 41 185 74
is_linear=0
shrinkage=0.1


Tree=64
num_leaves=31
num_cat=0
split_feature=7 8 1 4 2 0 8 8 0 10 6 0 2 2 8 8 7 10 4 10 8 6 0 1 6 6 6 7 6 10
split_gain=0.246962 0.153617 0.0583129 0.04132 0.0595037 0.0589506 0.0354893 0.0237526 0.0212476 0.0198193 0.00800266 0.000240809 3.21458e-05 3.63899e-07 2.90515e-07 4.51284e-07 2.46301e-07 2.36811e-07 2.33497e-07 1.59131e-07 3.82682e-07 3.52958e-08 3.32371e-08 3.16428e-08 1.13509e-08 6.29425e-09 5.48607e-09 3.02243e-09 2.68041e-09 2.18413e-09
threshold=1003.5000000000001 2219.5000000000005 2.5000000000000004 172.50000000000003 1.0000000180025095e-35 3.5000000000000004 980.50000000000011 249.00000000000003 3.5000000000000004 0.2124060150375939 1519.5000000000002 3.5000000000000004 1.0000000180025095e-35 1.0000000180025095e-35 395.00000000000006 1484.0000000000002 670.50000000000011 0.20416666666666669 168.50000000000003 0.22474747474747472 -541.49999999999989 1564.0000000000002 3.5000000000000004 2.5000000000000004 1683.0000000000002 1519.5000000000002 2015.5000000000002 1262.5000000000002 1344.0000000000002 0.19615384615384618
decision_type=2 2 2 2 2 2 2 2 2 2 2 2 2 2 2 2 2 2 2 2 2 2 2 2 2 2 2 2 2 2
left_child=3 2 8 11 5 29 7 9 13 -4 27 21 -3 -2 18 -16 22 -18 19 -13 -21 28 25 26 -15 -6 -14 -11 -1 -5
right_child=1 12 6 4 16 -7 -8 -9 -10 10 -12 14 23 24 15 -17 17 -19 -20 20 -22 -23 -24 -25 -26 -27 -28 -29 -30 -31
leaf_value=0.050009317551830093 0.050385377228572739 0.052174682021153766 -0.033075393770373718 0.050012219502292524 0.050012735123117803 -0.051105385572854337 0.0042396575029735048 -0.050063371254073334 -0.0049627400400110502 0.050081323055722875 -0.012438323846801828 0.052019152881267752 0.050015523314353764 0.050025589435884615 0.052001722500863136 0.051726315283360559 0.050395910462476858 0.050084641061822456 0.05207570910807964 0.051751947257082188 0.052012880464819417 0.050180943510280608 0.05010808981182116 0.050154904813210999 0.050110663960029306 0.05009185119722686 0.050087657503693206 0.05003334544501719 0.050067248370149781 0.050053004290784603
leaf_weight=1.0500292824290229 0.077401248971000203 0.31924086928484019 0.17074640578357481 0.073568494961364084 0.15304467512760311 0.16180192679166794 0.25464687641942874 0.56013330566929653 0.13778881984762847 0.02771670650690794 0.033534677466377616 0.45139627953176364 0.030007245164597407 0.035912006918806583 0.16681183653417986 0.092484439432155341 0.046189640313968994 0.051910177280660719 0.46194024733267725 0.087842028122395166 0.15606106929772079 0.01218322478234779 0.054494668147526681 0.051331864189705811 0.02784164622426033 0.010762922000139952 0.016254583664704114 0.024950277438620105 0.0080481723416595541 0.015983188670361415
leaf_count=2819 13 5 15 185 356 4 20 12 17 19 6 11 74 62 26 40 22 36 17 45 15 2 22 30 12 3 12 25 3 10
internal_value=0.0283715 -0.00137886 -0.0177563 0.0455865 0.021245 -0.0150768 -0.0283568 -0.0385156 0.0229715 -0.0133419 0.0257457 0.0511438 0.0516891 0.0502397 0.0519992 0.0519035 0.0500996 0.0502312 0.0520206 0.051984 0.0519189 0.0500117 0.0500404 0.0501008 0.0500627 0.0500179 0.0500409 0.0500586 0.0500098 0.0500195
internal_weight=4.82206 1.76751 1.35067 3.05455 0.567756 0.251354 1.07173 0.817081 0.278944 0.256948 0.0862017 2.4868 0.416835 0.141155 1.41654 0.259296 0.316402 0.0980998 1.15724 0.695299 0.243903 1.07026 0.218302 0.0975937 0.0637537 0.163808 0.0462618 0.052667 1.05808 0.0895517
internal_count=3938 322 201 3616 638 199 97 77 104 65 50 2978 121 87 154 66 439 58 88 71 60 2824 381 116 74 359 86 44 2822 195
is_linear=0
shrinkage=0.1


Tree=65
num_leaves=31
num_cat=0
split_feature=7 8 1 4 2 0 8 8 0 10 6 0 2 2 8 8 7 10 4 10 8 6 0 1 6 6 6 7 6 10
split_gain=0.246962 0.153617 0.0583129 0.04132 0.0595037 0.0589506 0.0354893 0.0237526 0.0212476 0.0198193 0.00800266 0.000240809 3.21458e-05 3.63899e-07 2.90515e-07 4.51284e-07 2.46301e-07 2.36811e-07 2.33497e-07 1.59131e-07 3.82682e-07 3.52958e-08 3.32371e-08 3.16428e-08 1.13509e-08 6.29425e-09 5.48607e-09 3.02243e-09 2.68041e-09 2.18413e-09
threshold=1003.5000000000001 2219.5000000000005 2.5000000000000004 172.50000000000003 1.0000000180025095e-35 3.5000000000000004 980.50000000000011 249.00000000000003 3.5000000000000004 0.2124060150375939 1519.5000000000002 3.5000000000000004 1.0000000180025095e-35 1.0000000180025095e-35 395.00000000000006 1484.0000000000002 670.50000000000011 0.20416666666666669 168.50000000000003 0.22474747474747472 -541.49999999999989 1564.0000000000002 3.5000000000000004 2.5000000000000004 1683.0000000000002 1519.5000000000002 2015.5000000000002 1262.5000000000002 1344.0000000000002 0.19615384615384618
decision_type=2 2 2 2 2 2 2 2 2 2 2 2 2 2 2 2 2 2 2 2 2 2 2 2 2 2 2 2 2 2
left_child=3 2 8 11 5 29 7 9 13 -4 27 21 -3 -2 18 -16 22 -18 19 -13 -21 28 25 26 -15 -6 -14 -11 -1 -5
right_child=1 12 6 4 16 -7 -8 -9 -10 10 -12 14 23 24 15 -17 17 -19 -20 20 -22 -23 -24 -25 -26 -27 -28 -29 -30 -31
leaf_value=-0.050009317551830093 -0.050385377228572739 -0.052174682021153766 0.033075393770373718 -0.050012219502292524 -0.050012735123117803 0.051105385572854337 -0.0042396575029735048 0.050063371254073334 0.0049627400400110502 -0.050081323055722875 0.012438323846801828 -0.052019152881267752 -0.050015523314353764 -0.050025589435884615 -0.052001722500863136 -0.051726315283360559 -0.050395910462476858 -0.050084641061822456 -0.05207570910807964 -0.051751947257082188 -0.052012880464819417 -0.050180943510280608 -0.05010808981182116 -0.050154904813210999 -0.050110663960029306 -0.05009185119722686 -0.050087657503693206 -0.05003334544501719 -0.050067248370149781 -0.050053004290784603
leaf_weight=1.0500292824290229 0.077401248971000203 0.31924086928484019 0.17074640578357481 0.073568494961364084 0.15304467512760311 0.16180192679166794 0.25464687641942874 0.56013330566929653 0.13778881984762847 0.02771670650690794 0.033534677466377616 0.45139627953176364 0.030007245164597407 0.035912006918806583 0.16681183653417986 0.092484439432155341 0.046189640313968994 0.051910177280660719 0.46194024733267725 0.087842028122395166 0.15606106929772079 0.01218322478234779 0.054494668147526681 0.051331864189705811 0.02784164622426033 0.010762922000139952 0.016254583664704114 0.024950277438620105 0.0080481723416595541 0.015983188670361415
leaf_count=2819 13 5 15 185 356 4 20 12 17 19 6 11 74 62 26 40 22 36 17 45 15 2 22 30 12 3 12 25 3 10
internal_value=-0.0283715 0.00137886 0.0177563 -0.0455865 -0.021245 0.0150768 0.0283568 0.0385156 -0.0229715 0.0133419 -0.0257457 -0.0511438 -0.0516891 -0.0502397 -0.0519992 -0.0519035 -0.0500996 -0.0502312 -0.0520206 -0.051984 -0.0519189 -0.0500117 -0.0500404 -0.0501008 -0.0500627 -0.0500179 -0.0500409 -0.0500586 -0.0500098 -0.0500195
internal_weight=4.82206 1.76751 1.35067 3.05455 0.567756 0.251354 1.07173 0.817081 0.278944 0.256948 0.0862017 2.4868 0.416835 0.141155 1.41654 0.259296 0.316402 0.0980998 1.15724 0.695299 0.243903 1.07026 0.218302 0.0975937 0.0637537 0.163808 0.0462618 0.052667 1.05808 0.0895517
internal_count=3938 322 201 3616 638 199 97 77 104 65 50 2978 121 87 154 66 439 58 88 71 60 2824 381 116 74 359 86 44 2822 195
is_linear=0
shrinkage=0.1


Tree=66
num_leaves=31
num_cat=0
split_feature=7 8 0 7 4 2 0 2 8 0 2 6 8 8 7 10 4 10 8 6 0 1 6 6 6 10 6 10 0 10
split_gain=0.227564 0.136629 0.0545218 0.0553521 0.0371776 0.0538307 0.0532647 0.0244916 0.00217158 0.000177331 2.36242e-05 4.45232e-07 2.08423e-07 3.27269e-07 1.82436e-07 1.75312e-07 1.69969e-07 1.14451e-07 2.76921e-07 2.61402e-08 2.46346e-08 2.34442e-08 1.70152e-08 4.66152e-09 4.06407e-09 3.25465e-09 1.98541e-09 1.61788e-09 2.36056e-10 2.00658e-10
threshold=1003.5000000000001 2219.5000000000005 3.5000000000000004 1191.5000000000002 172.50000000000003 1.0000000180025095e-35 3.5000000000000004 1.0000000180025095e-35 745.50000000000011 3.5000000000000004 1.0000000180025095e-35 1519.5000000000002 395.00000000000006 1484.0000000000002 670.50000000000011 0.20416666666666669 168.50000000000003 0.22474747474747472 -541.49999999999989 1564.0000000000002 3.5000000000000004 2.5000000000000004 1084.0000000000002 1519.5000000000002 2015.5000000000002 0.22474747474747472 1344.0000000000002 0.19615384615384618 2.5000000000000004 0.19615384615384618
decision_type=2 2 2 2 2 2 2 2 2 2 2 2 2 2 2 2 2 2 2 2 2 2 2 2 2 2 2 2 2 2
left_child=4 2 3 8 9 6 27 -4 -2 19 -3 22 16 -14 20 -16 17 -11 -19 26 23 24 25 -7 29 -5 -1 28 -6 -12
right_child=1 10 7 11 5 14 -8 -9 -10 12 21 -13 13 -15 15 -17 -18 18 -20 -21 -22 -23 -24 -25 -26 -27 -28 -29 -30 -31
leaf_value=0.050008427826567718 -0.025268579858787027 0.051959250508052314 -0.051442939525984867 0.050067890558027531 0.050008498533761797 0.050011523454683328 -0.050998153983174532 -0.014923037793848296 -0.009472895362761408 0.051819703254266242 0.050027654159078797 0.050386085903446648 0.051804862799720623 0.05155870803707744 0.050358075633554412 0.050076588319884187 0.051870527228895173 0.051581397572869114 0.051814358698917699 0.050163673823654775 0.050097817039990125 0.050140160887996013 0.050147555578858118 0.050083094464431537 0.050079311153193057 0.050018917676478702 0.050060838873139946 0.050047957245460406 0.050024916833554256 0.050008615373239723
leaf_weight=0.95012183219660129 0.15469971337006405 0.28999765397747967 0.39725635107606649 0.039633977023186162 0.056195408717030548 0.13848373504879419 0.14669659920036793 0.34149777912534773 0.19899012940004468 0.40993213036563225 0.0077449273812817401 0.10601075118756853 0.1514819210569841 0.083941563367261551 0.041823918494628742 0.046977440040791407 0.41954988750512712 0.07973216808750283 0.14172333995520614 0.011027439264580607 0.049318412085995078 0.046459955075988546 0.026273621246218681 0.009740310488268733 0.014710082541569136 0.020636027125874534 0.0072831723373383275 0.014463571453234181 0.010373586934292689 0.019407512183533981
leaf_count=2819 31 5 11 30 173 356 4 41 13 11 15 21 26 40 22 36 17 45 15 2 22 30 14 3 12 40 3 10 12 59
internal_value=0.0279376 -0.00129766 -0.0168488 0.00710589 0.0454998 0.021232 -0.0150538 -0.0345612 -0.0163817 0.0510327 0.0515231 0.0502487 0.0518021 0.0517171 0.0500901 0.0502092 0.0518212 0.0517884 0.0517305 0.0500106 0.0500366 0.0500913 0.0500804 0.0500162 0.050037 0.0500511 0.0500088 0.0500176 0.0500111 0.050014
internal_weight=4.43218 1.66332 1.285 0.546244 2.76887 0.514073 0.227729 0.738754 0.35369 2.25479 0.37832 0.192554 1.28636 0.235423 0.286344 0.0888014 1.05094 0.631388 0.221456 0.968432 0.197542 0.0883225 0.0865436 0.148224 0.0418625 0.06027 0.957405 0.0810326 0.066569 0.0271524
internal_count=3938 322 201 149 3616 638 199 52 44 2978 121 105 154 66 439 58 88 71 60 2824 381 116 84 359 86 70 2822 195 185 74
is_linear=0
shrinkage=0.1


Tree=67
num_leaves=31
num_cat=0
split_feature=7 8 0 7 4 2 0 2 8 0 2 6 8 8 7 10 4 10 8 6 0 1 6 6 6 10 6 10 0 10
split_gain=0.227564 0.136629 0.0545218 0.0553521 0.0371776 0.0538307 0.0532647 0.0244916 0.00217158 0.000177331 2.36242e-05 4.45232e-07 2.08423e-07 3.27269e-07 1.82436e-07 1.75312e-07 1.69969e-07 1.14451e-07 2.76921e-07 2.61402e-08 2.46346e-08 2.34442e-08 1.70152e-08 4.66152e-09 4.06407e-09 3.25465e-09 1.98541e-09 1.61788e-09 2.36056e-10 2.00658e-10
threshold=1003.5000000000001 2219.5000000000005 3.5000000000000004 1191.5000000000002 172.50000000000003 1.0000000180025095e-35 3.5000000000000004 1.0000000180025095e-35 745.50000000000011 3.5000000000000004 1.0000000180025095e-35 1519.5000000000002 395.00000000000006 1484.0000000000002 670.50000000000011 0.20416666666666669 168.50000000000003 0.22474747474747472 -541.49999999999989 1564.0000000000002 3.5000000000000004 2.5000000000000004 1084.0000000000002 1519.5000000000002 2015.5000000000002 0.22474747474747472 1344.0000000000002 0.19615384615384618 2.5000000000000004 0.19615384615384618
decision_type=2 2 2 2 2 2 2 2 2 2 2 2 2 2 2 2 2 2 2 2 2 2 2 2 2 2 2 2 2 2
left_child=4 2 3 8 9 6 27 -4 -2 19 -3 22 16 -14 20 -16 17 -11 -19 26 23 24 25 -7 29 -5 -1 28 -6 -12
right_child=1 10 7 11 5 14 -8 -9 -10 12 21 -13 13 -15 15 -17 -18 18 -20 -21 -22 -23 -24 -25 -26 -27 -28 -29 -30 -31
leaf_value=-0.050008427826567718 0.025268579858787027 -0.051959250508052314 0.051442939525984867 -0.050067890558027531 -0.050008498533761797 -0.050011523454683328 0.050998153983174532 0.014923037793848296 0.009472895362761408 -0.051819703254266242 -0.050027654159078797 -0.050386085903446648 -0.051804862799720623 -0.05155870803707744 -0.050358075633554412 -0.050076588319884187 -0.051870527228895173 -0.051581397572869114 -0.051814358698917699 -0.050163673823654775 -0.050097817039990125 -0.050140160887996013 -0.050147555578858118 -0.050083094464431537 -0.050079311153193057 -0.050018917676478702 -0.050060838873139946 -0.050047957245460406 -0.050024916833554256 -0.050008615373239723
leaf_weight=0.95012183219660129 0.15469971337006405 0.28999765397747967 0.39725635107606649 0.039633977023186162 0.056195408717030548 0.13848373504879419 0.14669659920036793 0.34149777912534773 0.19899012940004468 0.40993213036563225 0.0077449273812817401 0.10601075118756853 0.1514819210569841 0.083941563367261551 0.041823918494628742 0.046977440040791407 0.41954988750512712 0.07973216808750283 0.14172333995520614 0.011027439264580607 0.049318412085995078 0.046459955075988546 0.026273621246218681 0.009740310488268733 0.014710082541569136 0.020636027125874534 0.0072831723373383275 0.014463571453234181 0.010373586934292689 0.019407512183533981
leaf_count=2819 31 5 11 30 173 356 4 41 13 11 15 21 26 40 22 36 17 45 15 2 22 30 14 3 12 40 3 10 12 59
internal_value=-0.0279376 0.00129766 0.0168488 -0.00710589 -0.0454998 -0.021232 0.0150538 0.0345612 0.0163817 -0.0510327 -0.0515231 -0.0502487 -0.0518021 -0.0517171 -0.0500901 -0.0502092 -0.0518212 -0.0517884 -0.0517305 -0.0500106 -0.0500366 -0.0500913 -0.0500804 -0.0500162 -0.050037 -0.0500511 -0.0500088 -0.0500176 -0.0500111 -0.050014
internal_weight=4.43218 1.66332 1.285 0.546244 2.76887 0.514073 0.227729 0.738754 0.35369 2.25479 0.37832 0.192554 1.28636 0.235423 0.286344 0.0888014 1.05094 0.631388 0.221456 0.968432 0.197542 0.0883225 0.0865436 0.148224 0.0418625 0.06027 0.957405 0.0810326 0.066569 0.0271524
internal_count=3938 322 201 149 3616 638 199 52 44 2978 121 105 154 66 439 58 88 71 60 2824 381 116 84 359 86 70 2822 195 185 74
is_linear=0
shrinkage=0.1


Tree=68
num_leaves=31
num_cat=0
split_feature=7 8 1 4 2 0 6 0 0 0 2 8 2 4 10 6 7 10 6 0 1 6 6 6 8 6 10 10 0 10
split_gain=0.209988 0.121505 0.0485543 0.0334687 0.0486994 0.0481339 0.0332167 0.0491054 0.016585 0.000130661 1.73754e-05 1.41314e-06 2.10535e-07 1.50095e-07 4.90369e-07 5.03768e-07 1.35134e-07 1.29793e-07 1.93599e-08 1.82577e-08 1.73701e-08 5.91234e-09 3.45267e-09 3.0101e-09 2.86873e-09 1.47031e-09 1.19846e-09 7.21113e-10 1.74902e-10 1.4869e-10
threshold=1003.5000000000001 2219.5000000000005 2.5000000000000004 172.50000000000003 1.0000000180025095e-35 3.5000000000000004 1344.0000000000002 3.5000000000000004 3.5000000000000004 3.5000000000000004 1.0000000180025095e-35 1650.0000000000002 1.0000000180025095e-35 168.50000000000003 0.23669467787114842 -1926.4999999999998 670.50000000000011 0.20416666666666669 1564.0000000000002 3.5000000000000004 2.5000000000000004 1683.0000000000002 1519.5000000000002 2015.5000000000002 -1149.4999999999998 1344.0000000000002 0.19615384615384618 0.2124060150375939 2.5000000000000004 0.19615384615384618
decision_type=2 2 2 2 2 2 2 2 2 2 2 2 2 2 2 2 2 2 2 2 2 2 2 2 2 2 2 2 2 2
left_child=3 2 8 9 5 26 7 11 12 18 -3 24 -2 14 -11 -16 19 -18 25 22 23 27 -6 29 -4 -1 28 -14 -5 -12
right_child=1 10 6 4 16 -7 -8 -9 -10 13 20 -13 21 -15 15 -17 17 -19 -20 -21 -22 -23 -24 -25 -26 -27 -28 -29 -30 -31
leaf_value=0.050007629686389325 0.050318689144694888 0.051765916124356243 0.050053161791649418 0.050007688941137156 0.050010425815309234 -0.050901504474797202 -0.040586138206816801 -0.027486305874918918 -0.0011707739801580944 0.051638767138631074 0.050025024228026141 0.0507689666873598 0.050045057963898243 0.051670517414273504 0.051649510351881173 0.051275588257095273 0.050323870242031089 0.050069301136366678 0.050148062595284551 0.050088518195343469 0.050126820209865357 0.050090539439477569 0.050075175118492112 0.050071754829093165 0.050095218006396547 0.050055042303894182 0.050043390305934611 0.050012672144031947 0.050022545718273914 0.050007795309282323
leaf_weight=0.85971881329896915 0.065721445600501971 0.26333077330491494 0.029443340899888426 0.050848488601331954 0.12530787409923505 0.13297577761113644 0.60173005505930632 0.25319278740789741 0.13258822541683912 0.57150526724581141 0.0070082499296404413 0.053491380531340837 0.010299029527232051 0.44872977399791125 0.062588286513346247 0.084911604601074941 0.037868261148105375 0.04251281771576032 0.009980988223105669 0.044633008248638362 0.042049325726111419 0.022790491173509508 0.0088147204369306564 0.013312139170011505 0.03611183344037272 0.0065908110700547686 0.013088314124615863 0.020682041911641136 0.0093868319527246058 0.017560916690854356
leaf_count=2819 13 5 28 173 356 4 23 21 17 33 15 6 12 27 3 91 22 36 2 22 30 12 3 12 19 3 10 50 12 59
internal_value=0.0274786 -0.00121386 -0.015937 0.0454217 0.0212202 -0.0150331 -0.0260612 -0.00258132 0.0231796 0.0509325 0.0513739 0.0503876 0.0501986 0.0516251 0.0515968 0.0514343 0.0500815 0.0501892 0.0500096 0.0500331 0.0500826 0.0500519 0.0500147 0.0500335 0.0500763 0.050008 0.050016 0.0500234 0.05001 0.0500127
internal_weight=4.07877 1.56931 1.22605 2.50946 0.465436 0.206299 0.973969 0.372239 0.252081 2.04403 0.343261 0.119047 0.119493 1.16773 0.719005 0.1475 0.259137 0.0803811 0.876291 0.178756 0.0799306 0.0537716 0.134123 0.0378813 0.0655552 0.86631 0.0733236 0.0309811 0.0602353 0.0245692
internal_count=3938 322 201 3616 638 199 97 74 104 2978 121 53 87 154 127 94 439 58 2824 381 116 74 359 86 47 2822 195 62 185 74
is_linear=0
shrinkage=0.1


Tree=69
num_leaves=31
num_cat=0
split_feature=7 8 1 4 2 0 6 0 0 0 2 8 2 4 10 6 7 10 6 0 1 6 6 6 8 6 10 10 0 10
split_gain=0.209988 0.121505 0.0485543 0.0334687 0.0486994 0.0481339 0.0332167 0.0491054 0.016585 0.000130661 1.73754e-05 1.41314e-06 2.10535e-07 1.50095e-07 4.90369e-07 5.03768e-07 1.35134e-07 1.29793e-07 1.93599e-08 1.82577e-08 1.73701e-08 5.91234e-09 3.45267e-09 3.0101e-09 2.86873e-09 1.47031e-09 1.19846e-09 7.21113e-10 1.74902e-10 1.4869e-10
threshold=1003.5000000000001 2219.5000000000005 2.5000000000000004 172.50000000000003 1.0000000180025095e-35 3.5000000000000004 1344.0000000000002 3.5000000000000004 3.5000000000000004 3.5000000000000004 1.0000000180025095e-35 1650.0000000000002 1.0000000180025095e-35 168.50000000000003 0.23669467787114842 -1926.4999999999998 670.50000000000011 0.20416666666666669 1564.0000000000002 3.5000000000000004 2.5000000000000004 1683.0000000000002 1519.5000000000002 2015.5000000000002 -1149.4999999999998 1344.0000000000002 0.19615384615384618 0.2124060150375939 2.5000000000000004 0.19615384615384618
decision_type=2 2 2 2 2 2 2 2 2 2 2 2 2 2 2 2 2 2 2 2 2 2 2 2 2 2 2 2 2 2
left_child=3 2 8 9 5 26 7 11 12 18 -3 24 -2 14 -11 -16 19 -18 25 22 23 27 -6 29 -4 -1 28 -14 -5 -12
right_child=1 10 6 4 16 -7 -8 -9 -10 13 20 -13 21 -15 15 -17 17 -19 -20 -21 -22 -23 -24 -25 -26 -27 -28 -29 -30 -31
leaf_value=-0.050007629686389325 -0.050318689144694888 -0.051765916124356243 -0.050053161791649418 -0.050007688941137156 -0.050010425815309234 0.050901504474797202 0.040586138206816801 0.027486305874918918 0.0011707739801580944 -0.051638767138631074 -0.050025024228026141 -0.0507689666873598 -0.050045057963898243 -0.051670517414273504 -0.051649510351881173 -0.051275588257095273 -0.050323870242031089 -0.050069301136366678 -0.050148062595284551 -0.050088518195343469 -0.050126820209865357 -0.050090539439477569 -0.050075175118492112 -0.050071754829093165 -0.050095218006396547 -0.050055042303894182 -0.050043390305934611 -0.050012672144031947 -0.050022545718273914 -0.050007795309282323
leaf_weight=0.85971881329896915 0.065721445600501971 0.26333077330491494 0.029443340899888426 0.050848488601331954 0.12530787409923505 0.13297577761113644 0.60173005505930632 0.25319278740789741 0.13258822541683912 0.57150526724581141 0.0070082499296404413 0.053491380531340837 0.010299029527232051 0.44872977399791125 0.062588286513346247 0.084911604601074941 0.037868261148105375 0.04251281771576032 0.009980988223105669 0.044633008248638362 0.042049325726111419 0.022790491173509508 0.0088147204369306564 0.013312139170011505 0.03611183344037272 0.0065908110700547686 0.013088314124615863 0.020682041911641136 0.0093868319527246058 0.017560916690854356
leaf_count=2819 13 5 28 173 356 4 23 21 17 33 15 6 12 27 3 91 22 36 2 22 30 12 3 12 19 3 10 50 12 59
internal_value=-0.0274786 0.00121386 0.015937 -0.0454217 -0.0212202 0.0150331 0.0260612 0.00258132 -0.0231796 -0.0509325 -0.0513739 -0.0503876 -0.0501986 -0.0516251 -0.0515968 -0.0514343 -0.0500815 -0.0501892 -0.0500096 -0.0500331 -0.0500826 -0.0500519 -0.0500147 -0.0500335 -0.0500763 -0.050008 -0.050016 -0.0500234 -0.05001 -0.0500127
internal_weight=4.07877 1.56931 1.22605 2.50946 0.465436 0.206299 0.973969 0.372239 0.252081 2.04403 0.343261 0.119047 0.119493 1.16773 0.719005 0.1475 0.259137 0.0803811 0.876291 0.178756 0.0799306 0.0537716 0.134123 0.0378813 0.0655552 0.86631 0.0733236 0.0309811 0.0602353 0.0245692
internal_count=3938 322 201 3616 638 199 97 74 104 2978 121 53 87 154 127 94 439 58 2824 381 116 74 359 86 47 2822 195 62 185 74
is_linear=0
shrinkage=0.1


Tree=70
num_leaves=31
num_cat=0
split_feature=7 8 2 10 4 2 0 0 2 8 4 10 6 7 6 10 6 0 1 0 6 6 7 6 10 4 0 10 6 10
split_gain=0.193488 0.108074 0.0519554 0.120081 0.0301446 0.044058 0.0435028 9.63246e-05 1.27885e-05 8.90277e-07 1.09448e-07 3.56219e-07 3.65948e-07 1.00098e-07 9.71324e-08 9.61012e-08 1.43398e-08 1.35308e-08 1.28692e-08 5.12652e-09 2.55734e-09 2.22978e-09 1.7483e-09 1.08938e-09 8.87828e-10 2.2994e-10 1.29573e-10 1.10127e-10 8.82242e-11 5.86411e-11
threshold=1003.5000000000001 2219.5000000000005 1.0000000180025095e-35 0.18634259259259259 172.50000000000003 1.0000000180025095e-35 3.5000000000000004 3.5000000000000004 1.0000000180025095e-35 1842.5000000000002 168.50000000000003 0.23669467787114842 -1926.4999999999998 670.50000000000011 1519.5000000000002 0.20416666666666669 1564.0000000000002 3.5000000000000004 2.5000000000000004 3.5000000000000004 1519.5000000000002 2015.5000000000002 1071.0000000000002 1344.0000000000002 0.19615384615384618 180.50000000000003 2.5000000000000004 0.19615384615384618 597.50000000000011 0.19139194139194138
decision_type=2 2 2 2 2 2 2 2 2 2 2 2 2 2 2 2 2 2 2 2 2 2 2 2 2 2 2 2 2 2
left_child=4 2 -2 -4 7 6 24 16 -3 14 11 -9 -13 17 19 -15 23 20 21 22 28 27 -5 -1 26 -24 -6 -10 -7 -30
right_child=1 8 3 9 5 13 -8 10 18 -11 -12 12 -14 15 -16 -17 -18 -19 -20 -21 -22 -23 25 -25 -26 -27 -28 -29 29 -31
leaf_value=0.050006897468871749 -0.033217825122964326 0.051592270552320588 -0.049728538156709537 0.050062040225128702 0.050006955933443231 0.050008097763839514 -0.050814358254944583 0.051478129712466694 0.050022640828662195 0.050484250165651695 0.051506666922038528 0.051487681166924842 0.051153094605862426 0.050292945226782106 0.050195287303427483 0.050062706420369113 0.050133939167482905 0.050080102718679048 0.050114748766782284 0.050076565456953895 0.050068012062980873 0.050064921721033377 0.050010506910679764 0.050049798821575009 0.050039258648139386 0.050026075591407038 0.050020398784119881 0.050007053558627335 0.050019831987231637 0.05000919633947444
leaf_weight=0.77791651434381548 0.67095911561045773 0.23903262197563879 0.2029921889770776 0.01216593399294652 0.046010255267901701 0.092234482377534732 0.1205173060297966 0.51865078589617042 0.0063416133780265218 0.10865790731622837 0.40725329057750059 0.056801151469699107 0.077005816041491926 0.034284617562661879 0.093906372669152915 0.038471997453598306 0.0090335861314088106 0.040392056980635971 0.03805650160938967 0.041506037639919668 0.0079769720323383808 0.012046882198774256 0.018524314829846844 0.005964205600321292 0.011843724583741277 0.019444433622993529 0.0084939027728978544 0.015889998190687038 0.012055820465320721 0.0090950859885197133
leaf_count=2819 34 5 7 11 173 306 4 33 15 16 27 3 91 22 30 36 2 22 30 23 3 12 50 3 10 30 12 59 23 27
internal_value=0.0270377 -0.00110987 -0.0150635 0.00943556 0.0453513 0.0212095 -0.0150143 0.0508423 0.0512397 0.0502569 0.051466 0.0514406 0.0512951 0.0500738 0.0501238 0.0501712 0.0500087 0.05003 0.0500747 0.0500506 0.0500133 0.0500303 0.0500291 0.0500072 0.0500144 0.0500185 0.0500091 0.0500115 0.0500094 0.0500153
internal_weight=3.75353 1.47952 1.16816 0.497197 2.274 0.421376 0.186865 1.85263 0.311368 0.294205 1.05971 0.652458 0.133807 0.234511 0.185547 0.0727566 0.792914 0.161754 0.072335 0.0916407 0.121362 0.0342785 0.0501347 0.783881 0.0663479 0.0379687 0.0545042 0.0222316 0.113385 0.0211509
internal_count=3938 322 201 167 3616 638 199 2978 121 160 154 127 94 439 144 58 2824 381 116 114 359 86 91 2822 195 80 185 74 356 50
is_linear=0
shrinkage=0.1


Tree=71
num_leaves=31
num_cat=0
split_feature=7 8 2 10 4 2 0 0 2 8 4 10 6 7 6 10 6 0 1 0 6 6 7 6 10 4 0 10 6 10
split_gain=0.193488 0.108074 0.0519554 0.120081 0.0301446 0.044058 0.0435028 9.63246e-05 1.27885e-05 8.90277e-07 1.09448e-07 3.56219e-07 3.65948e-07 1.00098e-07 9.71324e-08 9.61012e-08 1.43398e-08 1.35308e-08 1.28692e-08 5.12652e-09 2.55734e-09 2.22978e-09 1.7483e-09 1.08938e-09 8.87828e-10 2.2994e-10 1.29573e-10 1.10127e-10 8.82242e-11 5.86411e-11
threshold=1003.5000000000001 2219.5000000000005 1.0000000180025095e-35 0.18634259259259259 172.50000000000003 1.0000000180025095e-35 3.5000000000000004 3.5000000000000004 1.0000000180025095e-35 1842.5000000000002 168.50000000000003 0.23669467787114842 -1926.4999999999998 670.50000000000011 1519.5000000000002 0.20416666666666669 1564.0000000000002 3.5000000000000004 2.5000000000000004 3.5000000000000004 1519.5000000000002 2015.5000000000002 1071.0000000000002 1344.0000000000002 0.19615384615384618 180.50000000000003 2.5000000000000004 0.19615384615384618 597.50000000000011 0.19139194139194138
decision_type=2 2 2 2 2 2 2 2 2 2 2 2 2 2 2 2 2 2 2 2 2 2 2 2 2 2 2 2 2 2
left_child=4 2 -2 -4 7 6 24 16 -3 14 11 -9 -13 17 19 -15 23 20 21 22 28 27 -5 -1 26 -24 -6 -10 -7 -30
right_child=1 8 3 9 5 13 -8 10 18 -11 -12 12 -14 15 -16 -17 -18 -19 -20 -21 -22 -23 25 -25 -26 -27 -28 -29 29 -31
leaf_value=-0.050006897468871749 0.033217825122964326 -0.051592270552320588 0.049728538156709537 -0.050062040225128702 -0.050006955933443231 -0.050008097763839514 0.050814358254944583 -0.051478129712466694 -0.050022640828662195 -0.050484250165651695 -0.051506666922038528 -0.051487681166924842 -0.051153094605862426 -0.050292945226782106 -0.050195287303427483 -0.050062706420369113 -0.050133939167482905 -0.050080102718679048 -0.050114748766782284 -0.050076565456953895 -0.050068012062980873 -0.050064921721033377 -0.050010506910679764 -0.050049798821575009 -0.050039258648139386 -0.050026075591407038 -0.050020398784119881 -0.050007053558627335 -0.050019831987231637 -0.05000919633947444
leaf_weight=0.77791651434381548 0.67095911561045773 0.23903262197563879 0.2029921889770776 0.01216593399294652 0.046010255267901701 0.092234482377534732 0.1205173060297966 0.51865078589617042 0.0063416133780265218 0.10865790731622837 0.40725329057750059 0.056801151469699107 0.077005816041491926 0.034284617562661879 0.093906372669152915 0.038471997453598306 0.0090335861314088106 0.040392056980635971 0.03805650160938967 0.041506037639919668 0.0079769720323383808 0.012046882198774256 0.018524314829846844 0.005964205600321292 0.011843724583741277 0.019444433622993529 0.0084939027728978544 0.015889998190687038 0.012055820465320721 0.0090950859885197133
leaf_count=2819 34 5 7 11 173 306 4 33 15 16 27 3 91 22 30 36 2 22 30 23 3 12 50 3 10 30 12 59 23 27
internal_value=-0.0270377 0.00110987 0.0150635 -0.00943556 -0.0453513 -0.0212095 0.0150143 -0.0508423 -0.0512397 -0.0502569 -0.051466 -0.0514406 -0.0512951 -0.0500738 -0.0501238 -0.0501712 -0.0500087 -0.05003 -0.0500747 -0.0500506 -0.0500133 -0.0500303 -0.0500291 -0.0500072 -0.0500144 -0.0500185 -0.0500091 -0.0500115 -0.0500094 -0.0500153
internal_weight=3.75353 1.47952 1.16816 0.497197 2.274 0.421376 0.186865 1.85263 0.311368 0.294205 1.05971 0.652458 0.133807 0.234511 0.185547 0.0727566 0.792914 0.161754 0.072335 0.0916407 0.121362 0.0342785 0.0501347 0.783881 0.0663479 0.0379687 0.0545042 0.0222316 0.113385 0.0211509
internal_count=3938 322 201 167 3616 638 199 2978 121 160 154 127 94 439 144 58 2824 381 116 114 359 86 91 2822 195 80 185 74 356 50
is_linear=0
shrinkage=0.1


Tree=72
num_leaves=31
num_cat=0
split_feature=7 8 2 10 4 2 0 0 2 8 4 10 6 7 6 10 6 0 1 0 6 6 7 6 10 4 0 10 6 10
split_gain=0.177552 0.0964076 0.0437329 0.107051 0.0271627 0.0398596 0.0393217 7.10438e-05 9.41851e-06 6.59234e-07 7.99372e-08 2.59253e-07 2.66325e-07 7.41447e-08 7.19808e-08 7.11566e-08 1.06202e-08 1.00276e-08 9.53456e-09 3.7986e-09 1.89416e-09 1.65153e-09 1.29517e-09 8.06779e-10 6.57616e-10 1.70338e-10 9.59541e-11 8.16118e-11 6.53358e-11 4.34344e-11
threshold=1003.5000000000001 2219.5000000000005 1.0000000180025095e-35 0.18634259259259259 172.50000000000003 1.0000000180025095e-35 3.5000000000000004 3.5000000000000004 1.0000000180025095e-35 1842.5000000000002 168.50000000000003 0.23669467787114842 -1926.4999999999998 670.50000000000011 1519.5000000000002 0.20416666666666669 1564.0000000000002 3.5000000000000004 2.5000000000000004 3.5000000000000004 1519.5000000000002 2015.5000000000002 1071.0000000000002 1344.0000000000002 0.19615384615384618 180.50000000000003 2.5000000000000004 0.19615384615384618 597.50000000000011 0.19139194139194138
decision_type=2 2 2 2 2 2 2 2 2 2 2 2 2 2 2 2 2 2 2 2 2 2 2 2 2 2 2 2 2 2
left_child=4 2 -2 -4 7 6 24 16 -3 14 11 -9 -13 17 19 -15 23 20 21 22 28 27 -5 -1 26 -24 -6 -10 -7 -30
right_child=1 8 3 9 5 13 -8 10 18 -11 -12 12 -14 15 -16 -17 -18 -19 -20 -21 -22 -23 25 -25 -26 -27 -28 -29 29 -31
leaf_value=0.050006247421273055 -0.031101896869107627 0.051436195623092533 -0.048064193347306834 0.050056134466524599 0.050006294505423314 0.050007327504818913 -0.050735752968748604 0.051333650693965019 0.050020488739092352 0.050438004763335056 0.051359319182330491 0.051342155698252935 0.051042450369720029 0.050264979667105317 0.050176712139578653 0.050056739540737277 0.050121169615271167 0.0500724878323257 0.050103827164684367 0.050069281654305499 0.050061531799427052 0.050058737797741393 0.050009507120960764 0.050045058421282311 0.050035519887001681 0.050023593782365476 0.05001845561276326 0.050006382609740066 0.050017943400943093 0.05000832087588436
leaf_weight=0.70389671405428156 0.6462844737106932 0.21690850218874391 0.18971415376290679 0.011009424983058125 0.041632324311649316 0.083458430905011483 0.10920891910791397 0.47054817577009089 0.0057383636303711674 0.098403298019547947 0.36950135896768188 0.051534059457480907 0.069821095748920925 0.0310383864416508 0.084999856713693589 0.034814841346815228 0.0081759036984294653 0.03655352076748386 0.034442070951627102 0.037561402306891978 0.0072187497280538073 0.010901747853495181 0.016761811391916126 0.0053971217712387434 0.010717404948081821 0.017594879667740315 0.0076858842803630969 0.014378048210346606 0.010908948257565498 0.0082297108601778746
leaf_count=2819 34 5 7 11 173 306 4 33 15 16 27 3 91 22 30 36 2 22 30 23 3 12 50 3 10 30 12 59 23 27
internal_value=0.0266766 -0.0010156 -0.0143702 0.00934117 0.0452877 0.0211999 -0.0149974 0.0507609 0.0511189 0.0502325 0.0513228 0.0513 0.0511697 0.0500668 0.050112 0.0501549 0.0500078 0.0500271 0.0500676 0.0500458 0.050012 0.0500274 0.0500263 0.0500065 0.0500131 0.0500167 0.0500082 0.0500104 0.0500085 0.0500138
internal_weight=3.44504 1.3847 1.10233 0.456045 2.06034 0.381467 0.169245 1.67887 0.282369 0.266331 0.961405 0.591903 0.121355 0.212223 0.167927 0.0658532 0.71747 0.146369 0.0654602 0.0829275 0.109816 0.0310182 0.0453661 0.709294 0.0600356 0.0343567 0.0493182 0.0201164 0.102597 0.0191387
internal_count=3938 322 201 167 3616 638 199 2978 121 160 154 127 94 439 144 58 2824 381 116 114 359 86 91 2822 195 80 185 74 356 50
is_linear=0
shrinkage=0.1


Tree=73
num_leaves=31
num_cat=0
split_feature=7 8 2 10 4 2 0 0 2 8 4 10 6 7 6 10 6 0 1 0 6 6 7 6 10 4 0 10 6 10
split_gain=0.177552 0.0964076 0.0437329 0.107051 0.0271627 0.0398596 0.0393217 7.10438e-05 9.41851e-06 6.59234e-07 7.99372e-08 2.59253e-07 2.66325e-07 7.41447e-08 7.19808e-08 7.11566e-08 1.06202e-08 1.00276e-08 9.53456e-09 3.7986e-09 1.89416e-09 1.65153e-09 1.29517e-09 8.06779e-10 6.57616e-10 1.70338e-10 9.59541e-11 8.16118e-11 6.53358e-11 4.34344e-11
threshold=1003.5000000000001 2219.5000000000005 1.0000000180025095e-35 0.18634259259259259 172.50000000000003 1.0000000180025095e-35 3.5000000000000004 3.5000000000000004 1.0000000180025095e-35 1842.5000000000002 168.50000000000003 0.23669467787114842 -1926.4999999999998 670.50000000000011 1519.5000000000002 0.20416666666666669 1564.0000000000002 3.5000000000000004 2.5000000000000004 3.5000000000000004 1519.5000000000002 2015.5000000000002 1071.0000000000002 1344.0000000000002 0.19615384615384618 180.50000000000003 2.5000000000000004 0.19615384615384618 597.50000000000011 0.19139194139194138
decision_type=2 2 2 2 2 2 2 2 2 2 2 2 2 2 2 2 2 2 2 2 2 2 2 2 2 2 2 2 2 2
left_child=4 2 -2 -4 7 6 24 16 -3 14 11 -9 -13 17 19 -15 23 20 21 22 28 27 -5 -1 26 -24 -6 -10 -7 -30
right_child=1 8 3 9 5 13 -8 10 18 -11 -12 12 -14 15 -16 -17 -18 -19 -20 -21 -22 -23 25 -25 -26 -27 -28 -29 29 -31
leaf_value=-0.050006247421273055 0.031101896869107627 -0.051436195623092533 0.048064193347306834 -0.050056134466524599 -0.050006294505423314 -0.050007327504818913 0.050735752968748604 -0.051333650693965019 -0.050020488739092352 -0.050438004763335056 -0.051359319182330491 -0.051342155698252935 -0.051042450369720029 -0.050264979667105317 -0.050176712139578653 -0.050056739540737277 -0.050121169615271167 -0.0500724878323257 -0.050103827164684367 -0.050069281654305499 -0.050061531799427052 -0.050058737797741393 -0.050009507120960764 -0.050045058421282311 -0.050035519887001681 -0.050023593782365476 -0.05001845561276326 -0.050006382609740066 -0.050017943400943093 -0.05000832087588436
leaf_weight=0.70389671405428156 0.6462844737106932 0.21690850218874391 0.18971415376290679 0.011009424983058125 0.041632324311649316 0.083458430905011483 0.10920891910791397 0.47054817577009089 0.0057383636303711674 0.098403298019547947 0.36950135896768188 0.051534059457480907 0.069821095748920925 0.0310383864416508 0.084999856713693589 0.034814841346815228 0.0081759036984294653 0.03655352076748386 0.034442070951627102 0.037561402306891978 0.0072187497280538073 0.010901747853495181 0.016761811391916126 0.0053971217712387434 0.010717404948081821 0.017594879667740315 0.0076858842803630969 0.014378048210346606 0.010908948257565498 0.0082297108601778746
leaf_count=2819 34 5 7 11 173 306 4 33 15 16 27 3 91 22 30 36 2 22 30 23 3 12 50 3 10 30 12 59 23 27
internal_value=-0.0266766 0.0010156 0.0143702 -0.00934117 -0.0452877 -0.0211999 0.0149974 -0.0507609 -0.0511189 -0.0502325 -0.0513228 -0.0513 -0.0511697 -0.0500668 -0.050112 -0.0501549 -0.0500078 -0.0500271 -0.0500676 -0.0500458 -0.050012 -0.0500274 -0.0500263 -0.0500065 -0.0500131 -0.0500167 -0.0500082 -0.0500104 -0.0500085 -0.0500138
internal_weight=3.44504 1.3847 1.10233 0.456045 2.06034 0.381467 0.169245 1.67887 0.282369 0.266331 0.961405 0.591903 0.121355 0.212223 0.167927 0.0658532 0.71747 0.146369 0.0654602 0.0829275 0.109816 0.0310182 0.0453661 0.709294 0.0600356 0.0343567 0.0493182 0.0201164 0.102597 0.0191387
internal_count=3938 322 201 167 3616 638 199 2978 121 160 154 127 94 439 144 58 2824 381 116 114 359 86 91 2822 195 80 185 74 356 50
is_linear=0
shrinkage=0.1


Tree=74
num_leaves=31
num_cat=0
split_feature=7 8 7 1 4 2 0 6 7 4 6 6 6 8 0 2 2 8 4 10 6 7 10 6 0 1 10 6 4 6
split_gain=0.163219 0.0866618 0.0559476 0.0438545 0.0244856 0.0360618 0.0355461 0.0236227 0.0241875 0.0116543 0.0096553 0.0237618 0.00629987 0.000457246 5.24216e-05 7.79905e-06 1.5989e-07 1.42411e-07 5.84564e-08 1.88999e-07 1.94148e-07 5.49222e-08 5.26901e-08 7.86626e-09 7.4308e-09 6.55665e-09 2.66769e-09 1.40301e-09 9.56682e-10 5.97733e-10
threshold=1003.5000000000001 980.50000000000011 1044.0000000000002 2.5000000000000004 172.50000000000003 1.0000000180025095e-35 3.5000000000000004 1344.0000000000002 1965.5000000000002 173.50000000000003 813.50000000000011 795.50000000000011 1084.0000000000002 1898.5000000000002 3.5000000000000004 1.0000000180025095e-35 1.0000000180025095e-35 2219.5000000000005 168.50000000000003 0.23669467787114842 -1926.4999999999998 670.50000000000011 0.20416666666666669 1564.0000000000002 3.5000000000000004 2.5000000000000004 0.23904761904761904 1519.5000000000002 169.50000000000003 1344.0000000000002
decision_type=2 2 2 2 2 2 2 2 2 2 2 2 2 2 2 2 2 2 2 2 2 2 2 2 2 2 2 2 2 2
left_child=4 3 -3 9 14 6 -6 8 12 -2 11 -4 26 -12 23 -15 -11 -17 19 -16 -21 24 -23 29 27 28 -5 -7 -19 -1
right_child=1 2 10 7 5 21 -8 -9 -10 16 13 -13 -14 15 18 17 -18 25 -20 20 -22 22 -24 -25 -26 -27 -28 -29 -30 -31
leaf_value=0.050005648462411505 -0.019008007403393767 -0.04419171824518961 0.050653459558023341 0.050085393619923813 0.050011825199666876 0.050007724167541956 -0.050664834584996779 -0.046284156469310042 -0.048648543927920888 0.050403944928609293 0.042018315672373074 -0.049747349179519798 -0.0047738150633934232 0.051259715521779561 0.051203631236436058 0.050306217239615994 0.050134071838028121 0.050053374328964118 0.051226729611882627 0.051211215832464234 0.050942498655989134 0.050239693191085358 0.05005134092277036 0.050109614262005678 0.050065595215530959 0.050103078636334099 0.050042647878294037 0.050055670673537278 0.050011350800004628 0.050040766331216846
leaf_weight=0.63691929634660505 0.033555892863659897 0.089709889740333892 0.065656182719976641 0.03708657153765671 0.054323751195624825 0.09283511720423121 0.098947595804929733 0.45186243543867022 0.063825868128333241 0.042422440135851502 0.07148121259524487 0.036776158653083257 0.031854250119067729 0.20325455114652868 0.42679567111190408 0.053115021655685268 0.04549888550536707 0.0097927918686764315 0.33515993252512999 0.046743100763706025 0.063294388579379302 0.028098110517021269 0.031504996295552701 0.0073994826525449744 0.033079315209761262 0.028135761982412077 0.024079073162283748 0.0065325206378474823 0.0121244486363139 0.0048839151859283439
leaf_count=2819 27 5 52 23 195 356 4 16 4 7 22 3 7 6 33 9 38 12 27 3 91 22 36 2 22 18 27 3 46 3
internal_value=0.026282 -0.000919026 0.0283 -0.0237299 0.0452304 0.0211912 -0.0149821 -0.0346779 -0.00124087 0.0311291 0.0418389 0.0146067 0.031288 0.0492202 0.0506874 0.0509003 0.0502643 0.0501922 0.051194 0.0511735 0.0510566 0.0500604 0.0501401 0.0500071 0.0500245 0.0500711 0.0500686 0.0500109 0.0500301 0.0500059
internal_weight=3.16675 1.30023 0.570046 0.730185 1.86652 0.345321 0.153271 0.608708 0.156846 0.121477 0.480336 0.102432 0.0930199 0.377904 1.5212 0.306423 0.0879213 0.103168 0.871993 0.536833 0.110037 0.19205 0.0596031 0.649203 0.132447 0.050053 0.0611656 0.0993676 0.0219172 0.641803
internal_count=3938 322 173 149 3616 638 199 77 61 72 168 55 57 113 2978 91 45 85 154 127 94 439 58 2824 381 76 50 359 58 2822
is_linear=0
shrinkage=0.1


Tree=75
num_leaves=31
num_cat=0
split_feature=7 8 7 1 4 2 0 6 7 4 6 6 6 8 0 2 2 8 4 10 6 7 10 6 0 1 10 6 4 6
split_gain=0.163219 0.0866618 0.0559476 0.0438545 0.0244856 0.0360618 0.0355461 0.0236227 0.0241875 0.0116543 0.0096553 0.0237618 0.00629987 0.000457246 5.24216e-05 7.79905e-06 1.5989e-07 1.42411e-07 5.84564e-08 1.88999e-07 1.94148e-07 5.49222e-08 5.26901e-08 7.86626e-09 7.4308e-09 6.55665e-09 2.66769e-09 1.40301e-09 9.56682e-10 5.97733e-10
threshold=1003.5000000000001 980.50000000000011 1044.0000000000002 2.5000000000000004 172.50000000000003 1.0000000180025095e-35 3.5000000000000004 1344.0000000000002 1965.5000000000002 173.50000000000003 813.50000000000011 795.50000000000011 1084.0000000000002 1898.5000000000002 3.5000000000000004 1.0000000180025095e-35 1.0000000180025095e-35 2219.5000000000005 168.50000000000003 0.23669467787114842 -1926.4999999999998 670.50000000000011 0.20416666666666669 1564.0000000000002 3.5000000000000004 2.5000000000000004 0.23904761904761904 1519.5000000000002 169.50000000000003 1344.0000000000002
decision_type=2 2 2 2 2 2 2 2 2 2 2 2 2 2 2 2 2 2 2 2 2 2 2 2 2 2 2 2 2 2
left_child=4 3 -3 9 14 6 -6 8 12 -2 11 -4 26 -12 23 -15 -11 -17 19 -16 -21 24 -23 29 27 28 -5 -7 -19 -1
right_child=1 2 10 7 5 21 -8 -9 -10 16 13 -13 -14 15 18 17 -18 25 -20 20 -22 22 -24 -25 -26 -27 -28 -29 -30 -31
leaf_value=-0.050005648462411505 0.019008007403393767 0.04419171824518961 -0.050653459558023341 -0.050085393619923813 -0.050011825199666876 -0.050007724167541956 0.050664834584996779 0.046284156469310042 0.048648543927920888 -0.050403944928609293 -0.042018315672373074 0.049747349179519798 0.0047738150633934232 -0.051259715521779561 -0.051203631236436058 -0.050306217239615994 -0.050134071838028121 -0.050053374328964118 -0.051226729611882627 -0.051211215832464234 -0.050942498655989134 -0.050239693191085358 -0.05005134092277036 -0.050109614262005678 -0.050065595215530959 -0.050103078636334099 -0.050042647878294037 -0.050055670673537278 -0.050011350800004628 -0.050040766331216846
leaf_weight=0.63691929634660505 0.033555892863659897 0.089709889740333892 0.065656182719976641 0.03708657153765671 0.054323751195624825 0.09283511720423121 0.098947595804929733 0.45186243543867022 0.063825868128333241 0.042422440135851502 0.07148121259524487 0.036776158653083257 0.031854250119067729 0.20325455114652868 0.42679567111190408 0.053115021655685268 0.04549888550536707 0.0097927918686764315 0.33515993252512999 0.046743100763706025 0.063294388579379302 0.028098110517021269 0.031504996295552701 0.0073994826525449744 0.033079315209761262 0.028135761982412077 0.024079073162283748 0.0065325206378474823 0.0121244486363139 0.0048839151859283439
leaf_count=2819 27 5 52 23 195 356 4 16 4 7 22 3 7 6 33 9 38 12 27 3 91 22 36 2 22 18 27 3 46 3
internal_value=-0.026282 0.000919026 -0.0283 0.0237299 -0.0452304 -0.0211912 0.0149821 0.0346779 0.00124087 -0.0311291 -0.0418389 -0.0146067 -0.031288 -0.0492202 -0.0506874 -0.0509003 -0.0502643 -0.0501922 -0.051194 -0.0511735 -0.0510566 -0.0500604 -0.0501401 -0.0500071 -0.0500245 -0.0500711 -0.0500686 -0.0500109 -0.0500301 -0.0500059
internal_weight=3.16675 1.30023 0.570046 0.730185 1.86652 0.345321 0.153271 0.608708 0.156846 0.121477 0.480336 0.102432 0.0930199 0.377904 1.5212 0.306423 0.0879213 0.103168 0.871993 0.536833 0.110037 0.19205 0.0596031 0.649203 0.132447 0.050053 0.0611656 0.0993676 0.0219172 0.641803
internal_count=3938 322 173 149 3616 638 199 77 61 72 168 55 57 113 2978 91 45 85 154 127 94 439 58 2824 381 76 50 359 58 2822
is_linear=0
shrinkage=0.1


Tree=76
num_leaves=31
num_cat=0
split_feature=4 8 0 6 2 10 6 4 0 2 8 10 4 10 6 8 8 6 7 1 10 10 7 2 2 7 8 10 7 6
split_gain=0.148971 0.0703915 0.0663867 0.0455139 0.0290981 0.075262 0.0276625 0.000674656 3.92079e-05 5.59085e-06 1.40506e-06 4.68215e-07 2.18457e-06 4.4128e-07 4.87364e-08 1.10347e-08 3.0775e-08 1.05157e-08 8.80776e-09 7.57384e-09 6.18928e-09 6.17529e-09 5.72668e-09 4.23218e-09 3.24463e-09 2.84751e-09 5.62155e-09 1.09218e-09 3.72537e-10 2.72052e-10
threshold=172.50000000000003 2219.5000000000005 3.5000000000000004 1344.0000000000002 1.0000000180025095e-35 0.19615384615384618 2015.5000000000002 178.50000000000003 3.5000000000000004 1.0000000180025095e-35 1650.0000000000002 0.26969696969696971 169.50000000000003 0.22474747474747472 989.00000000000011 -541.49999999999989 -114.99999999999999 1311.0000000000002 1003.5000000000001 2.5000000000000004 0.26969696969696971 0.17752100840336132 1003.5000000000001 1.0000000180025095e-35 1.0000000180025095e-35 1309.5000000000002 2729.0000000000005 0.18350168350168347 1044.0000000000002 952.00000000000011
decision_type=2 2 2 2 2 2 2 2 2 2 2 2 2 2 2 2 2 2 2 2 2 2 2 2 2 2 2 2 2 2
left_child=6 2 3 10 -4 -6 8 -5 17 -3 14 15 28 -7 18 -10 -17 22 -2 -11 -15 -18 -1 -20 -24 26 -21 -26 -13 -28
right_child=1 9 4 7 5 13 -8 -9 11 19 -12 12 -14 20 -16 16 21 -19 23 25 -22 -23 24 -25 27 -27 29 -29 -30 -31
leaf_value=0.05000511069713031 0.050007831159514397 0.051146749030216411 -0.050948584586879689 -0.013794213110259832 -0.054488447719330535 0.050451886546196728 -0.016884605508964767 -0.0041831587178606062 0.051072119010522027 0.050008568967202377 0.050613528288764136 0.050004330717908156 0.051097060191400104 0.050096774091489715 0.050164316968454983 0.051130709534632682 0.051092488186602641 0.050077177694774391 0.050093923010974456 0.050119257595603484 0.050040211418065896 0.051061922880518057 0.050078260409201637 0.050031237549404917 0.050051265472521769 0.050110232457859255 0.050005156002835921 0.050007464500395865 0.050029448770060429 0.050033053153208662
leaf_weight=0.57590560155222215 0.10753211485280167 0.18204318792777474 0.32831298699602485 0.13831126148579642 0.15117758512496948 0.046984847751446068 0.063414628617465385 0.15475773069192655 0.25298436728189699 0.021191254585573915 0.057605278416303918 0.012584479991346598 0.088438051257980987 0.03411022003274411 0.029192737027187832 0.17613296105992049 0.12847794580738991 0.022596614740905352 0.020702844369225204 0.0091229572426527739 0.044693033676594496 0.13614297312597046 0.016254047310212627 0.022449278068961576 0.0083500087057473138 0.019227894881623797 0.0073628812097012997 0.017889234077301808 0.011124230237328447 0.0066555343219079077
leaf_count=2817 439 34 13 13 1 4 8 28 23 91 34 74 14 11 30 5 6 16 7 9 35 40 7 35 11 10 36 68 13 6
internal_value=0.0260532 0.00232098 -0.00817579 0.0176467 -0.0308102 -0.00693839 0.0477606 -0.00871901 0.0505939 0.0508648 0.0501837 0.0510581 0.0508685 0.0502093 0.0500461 0.0510888 0.0510983 0.0500102 0.0500231 0.0500574 0.0500647 0.0510768 0.0500077 0.0500613 0.0500432 0.0500818 0.0500582 0.0500214 0.0500161 0.0500184
internal_weight=2.89173 1.38143 1.13583 0.530551 0.605279 0.276966 1.5103 0.293069 1.44688 0.245604 0.237482 0.805885 0.112147 0.125788 0.179877 0.693738 0.440754 0.640996 0.150684 0.0635605 0.0788033 0.264621 0.618399 0.0431521 0.0424933 0.0423693 0.0231414 0.0262392 0.0237087 0.0140184
internal_count=3938 836 650 586 64 51 3102 41 3094 186 545 175 101 50 511 74 51 2919 481 152 46 46 2903 42 86 61 51 79 87 42
is_linear=0
shrinkage=0.1


Tree=77
num_leaves=31
num_cat=0
split_feature=4 8 0 6 2 10 6 4 0 2 8 10 4 10 6 8 8 6 7 1 10 10 7 2 2 7 8 10 7 6
split_gain=0.148971 0.0703915 0.0663867 0.0455139 0.0290981 0.075262 0.0276625 0.000674656 3.92079e-05 5.59085e-06 1.40506e-06 4.68215e-07 2.18457e-06 4.4128e-07 4.87364e-08 1.10347e-08 3.0775e-08 1.05157e-08 8.80776e-09 7.57384e-09 6.18928e-09 6.17529e-09 5.72668e-09 4.23218e-09 3.24463e-09 2.84751e-09 5.62155e-09 1.09218e-09 3.72537e-10 2.72052e-10
threshold=172.50000000000003 2219.5000000000005 3.5000000000000004 1344.0000000000002 1.0000000180025095e-35 0.19615384615384618 2015.5000000000002 178.50000000000003 3.5000000000000004 1.0000000180025095e-35 1650.0000000000002 0.26969696969696971 169.50000000000003 0.22474747474747472 989.00000000000011 -541.49999999999989 -114.99999999999999 1311.0000000000002 1003.5000000000001 2.5000000000000004 0.26969696969696971 0.17752100840336132 1003.5000000000001 1.0000000180025095e-35 1.0000000180025095e-35 1309.5000000000002 2729.0000000000005 0.18350168350168347 1044.0000000000002 952.00000000000011
decision_type=2 2 2 2 2 2 2 2 2 2 2 2 2 2 2 2 2 2 2 2 2 2 2 2 2 2 2 2 2 2
left_child=6 2 3 10 -4 -6 8 -5 17 -3 14 15 28 -7 18 -10 -17 22 -2 -11 -15 -18 -1 -20 -24 26 -21 -26 -13 -28
right_child=1 9 4 7 5 13 -8 -9 11 19 -12 12 -14 20 -16 16 21 -19 23 25 -22 -23 24 -25 27 -27 29 -29 -30 -31
leaf_value=-0.05000511069713031 -0.050007831159514397 -0.051146749030216411 0.050948584586879689 0.013794213110259832 0.054488447719330535 -0.050451886546196728 0.016884605508964767 0.0041831587178606062 -0.051072119010522027 -0.050008568967202377 -0.050613528288764136 -0.050004330717908156 -0.051097060191400104 -0.050096774091489715 -0.050164316968454983 -0.051130709534632682 -0.051092488186602641 -0.050077177694774391 -0.050093923010974456 -0.050119257595603484 -0.050040211418065896 -0.051061922880518057 -0.050078260409201637 -0.050031237549404917 -0.050051265472521769 -0.050110232457859255 -0.050005156002835921 -0.050007464500395865 -0.050029448770060429 -0.050033053153208662
leaf_weight=0.57590560155222215 0.10753211485280167 0.18204318792777474 0.32831298699602485 0.13831126148579642 0.15117758512496948 0.046984847751446068 0.063414628617465385 0.15475773069192655 0.25298436728189699 0.021191254585573915 0.057605278416303918 0.012584479991346598 0.088438051257980987 0.03411022003274411 0.029192737027187832 0.17613296105992049 0.12847794580738991 0.022596614740905352 0.020702844369225204 0.0091229572426527739 0.044693033676594496 0.13614297312597046 0.016254047310212627 0.022449278068961576 0.0083500087057473138 0.019227894881623797 0.0073628812097012997 0.017889234077301808 0.011124230237328447 0.0066555343219079077
leaf_count=2817 439 34 13 13 1 4 8 28 23 91 34 74 14 11 30 5 6 16 7 9 35 40 7 35 11 10 36 68 13 6
internal_value=-0.0260532 -0.00232098 0.00817579 -0.0176467 0.0308102 0.00693839 -0.0477606 0.00871901 -0.0505939 -0.0508648 -0.0501837 -0.0510581 -0.0508685 -0.0502093 -0.0500461 -0.0510888 -0.0510983 -0.0500102 -0.0500231 -0.0500574 -0.0500647 -0.0510768 -0.0500077 -0.0500613 -0.0500432 -0.0500818 -0.0500582 -0.0500214 -0.0500161 -0.0500184
internal_weight=2.89173 1.38143 1.13583 0.530551 0.605279 0.276966 1.5103 0.293069 1.44688 0.245604 0.237482 0.805885 0.112147 0.125788 0.179877 0.693738 0.440754 0.640996 0.150684 0.0635605 0.0788033 0.264621 0.618399 0.0431521 0.0424933 0.0423693 0.0231414 0.0262392 0.0237087 0.0140184
internal_count=3938 836 650 586 64 51 3102 41 3094 186 545 175 101 50 511 74 51 2919 481 152 46 46 2903 42 86 61 51 79 87 42
is_linear=0
shrinkage=0.1


Tree=78
num_leaves=31
num_cat=0
split_feature=7 8 7 1 4 2 0 6 7 4 6 6 8 0 2 8 8 7 8 8 10 4 10 8 0 6 1 6 4 6
split_gain=0.137577 0.0717174 0.0454991 0.0371082 0.0196613 0.0296818 0.0291055 0.0184766 0.0198195 0.00980953 0.00781865 0.019361 0.000498329 2.85561e-05 4.1719e-06 1.49426e-07 1.16711e-07 4.42351e-08 3.29497e-08 5.25776e-08 1.05837e-07 2.6209e-08 1.66522e-08 4.35322e-08 1.5119e-08 4.31623e-09 3.25638e-09 1.69316e-09 8.18259e-10 3.2782e-10
threshold=1003.5000000000001 980.50000000000011 1044.0000000000002 2.5000000000000004 172.50000000000003 1.0000000180025095e-35 3.5000000000000004 1344.0000000000002 1397.5000000000002 173.50000000000003 813.50000000000011 795.50000000000011 1898.5000000000002 3.5000000000000004 1.0000000180025095e-35 26.500000000000004 2219.5000000000005 914.50000000000011 395.00000000000006 980.50000000000011 0.16064516129032258 168.50000000000003 0.22474747474747472 -541.49999999999989 3.5000000000000004 1564.0000000000002 2.5000000000000004 1430.5000000000002 169.50000000000003 1344.0000000000002
decision_type=2 2 2 2 2 2 2 2 2 2 2 2 2 2 2 2 2 2 2 2 2 2 2 2 2 2 2 2 2 2
left_child=4 3 -3 9 13 6 -6 8 -5 -2 11 -4 -12 25 -14 -11 -16 24 21 -20 -21 22 -15 -24 27 29 28 -7 -18 -1
right_child=1 2 10 7 5 17 -8 -9 -10 15 12 -13 14 18 16 -17 26 -19 19 20 -22 -23 23 -25 -26 -27 -28 -29 -30 -31
leaf_value=0.050004625493932767 -0.017312654514280393 -0.042538745777327941 0.050534891483926647 0.0500812853763202 0.050009840689992549 0.050006143892080128 -0.050542670999751682 -0.04434788750112871 -0.030531179493628265 0.050058216302161854 0.040664001223022536 -0.049326395482549412 0.051023952536055843 0.050981877962288702 0.050287655198428753 0.050348320860232693 0.050051017107957445 0.050199185447717502 0.05101935167468305 0.051008140907155809 0.05078809398042694 0.051009077931685624 0.050856923294993577 0.050980745102604579 0.050080055189496125 0.050089719221030143 0.050084910226590146 0.050046368301927463 0.050009292137448008 0.050033366941408267
leaf_weight=0.52147551105008483 0.029977618178236076 0.076339141523931175 0.053889804803475272 0.047962987213395536 0.044614223068492609 0.080184735088550951 0.081141460686922073 0.40090639493428171 0.083763522910885513 0.02828460099408403 0.060772499578888528 0.030348481057444587 0.16774380433344049 0.22848952426284086 0.048227564955595881 0.047692384832771495 0.008926117981900461 0.018633620362379588 0.0423923121925327 0.038747396320104599 0.050145307039201725 0.23397659480542643 0.044298385131696705 0.079080470961343963 0.049167770455824211 0.0060607339255511752 0.023368957874481566 0.012035120969812851 0.0099270485079614446 0.003998850821517407
leaf_count=2819 27 5 52 33 195 378 4 16 28 31 22 3 6 11 9 14 12 19 13 1 52 17 45 15 33 2 18 9 46 3
internal_value=0.0257054 -0.000973526 0.028252 -0.0229203 0.045146 0.0214846 -0.0148698 -0.0336718 -0.00117935 0.0311276 0.0416549 0.0145579 0.0488111 0.0505613 0.0507288 0.0502403 0.0501814 0.0500544 0.050973 0.0509277 0.050884 0.0509831 0.0509659 0.0509363 0.0500353 0.0500058 0.05006 0.0500114 0.050029 0.0500048
internal_weight=2.65257 1.11813 0.479543 0.638588 1.53444 0.285777 0.125756 0.532633 0.131727 0.105955 0.403204 0.0842383 0.318966 1.24867 0.258193 0.075977 0.0904497 0.160021 0.71713 0.131285 0.0888927 0.585845 0.351868 0.123379 0.141388 0.531535 0.0422221 0.0922199 0.0188532 0.525474
internal_count=3938 322 173 149 3616 638 199 77 61 72 168 55 113 2978 91 45 85 439 154 66 53 88 71 60 420 2824 76 387 58 2822
is_linear=0
shrinkage=0.1


Tree=79
num_leaves=31
num_cat=0
split_feature=7 8 7 1 4 2 0 6 7 4 6 6 8 0 2 8 8 7 8 8 10 4 10 8 0 6 1 6 4 6
split_gain=0.137577 0.0717174 0.0454991 0.0371082 0.0196613 0.0296818 0.0291055 0.0184766 0.0198195 0.00980953 0.00781865 0.019361 0.000498329 2.85561e-05 4.1719e-06 1.49426e-07 1.16711e-07 4.42351e-08 3.29497e-08 5.25776e-08 1.05837e-07 2.6209e-08 1.66522e-08 4.35322e-08 1.5119e-08 4.31623e-09 3.25638e-09 1.69316e-09 8.18259e-10 3.2782e-10
threshold=1003.5000000000001 980.50000000000011 1044.0000000000002 2.5000000000000004 172.50000000000003 1.0000000180025095e-35 3.5000000000000004 1344.0000000000002 1397.5000000000002 173.50000000000003 813.50000000000011 795.50000000000011 1898.5000000000002 3.5000000000000004 1.0000000180025095e-35 26.500000000000004 2219.5000000000005 914.50000000000011 395.00000000000006 980.50000000000011 0.16064516129032258 168.50000000000003 0.22474747474747472 -541.49999999999989 3.5000000000000004 1564.0000000000002 2.5000000000000004 1430.5000000000002 169.50000000000003 1344.0000000000002
decision_type=2 2 2 2 2 2 2 2 2 2 2 2 2 2 2 2 2 2 2 2 2 2 2 2 2 2 2 2 2 2
left_child=4 3 -3 9 13 6 -6 8 -5 -2 11 -4 -12 25 -14 -11 -16 24 21 -20 -21 22 -15 -24 27 29 28 -7 -18 -1
right_child=1 2 10 7 5 17 -8 -9 -10 15 12 -13 14 18 16 -17 26 -19 19 20 -22 -23 23 -25 -26 -27 -28 -29 -30 -31
leaf_value=-0.050004625493932767 0.017312654514280393 0.042538745777327941 -0.050534891483926647 -0.0500812853763202 -0.050009840689992549 -0.050006143892080128 0.050542670999751682 0.04434788750112871 0.030531179493628265 -0.050058216302161854 -0.040664001223022536 0.049326395482549412 -0.051023952536055843 -0.050981877962288702 -0.050287655198428753 -0.050348320860232693 -0.050051017107957445 -0.050199185447717502 -0.05101935167468305 -0.051008140907155809 -0.05078809398042694 -0.051009077931685624 -0.050856923294993577 -0.050980745102604579 -0.050080055189496125 -0.050089719221030143 -0.050084910226590146 -0.050046368301927463 -0.050009292137448008 -0.050033366941408267
leaf_weight=0.52147551105008483 0.029977618178236076 0.076339141523931175 0.053889804803475272 0.047962987213395536 0.044614223068492609 0.080184735088550951 0.081141460686922073 0.40090639493428171 0.083763522910885513 0.02828460099408403 0.060772499578888528 0.030348481057444587 0.16774380433344049 0.22848952426284086 0.048227564955595881 0.047692384832771495 0.008926117981900461 0.018633620362379588 0.0423923121925327 0.038747396320104599 0.050145307039201725 0.23397659480542643 0.044298385131696705 0.079080470961343963 0.049167770455824211 0.0060607339255511752 0.023368957874481566 0.012035120969812851 0.0099270485079614446 0.003998850821517407
leaf_count=2819 27 5 52 33 195 378 4 16 28 31 22 3 6 11 9 14 12 19 13 1 52 17 45 15 33 2 18 9 46 3
internal_value=-0.0257054 0.000973526 -0.028252 0.0229203 -0.045146 -0.0214846 0.0148698 0.0336718 0.00117935 -0.0311276 -0.0416549 -0.0145579 -0.0488111 -0.0505613 -0.0507288 -0.0502403 -0.0501814 -0.0500544 -0.050973 -0.0509277 -0.050884 -0.0509831 -0.0509659 -0.0509363 -0.0500353 -0.0500058 -0.05006 -0.0500114 -0.050029 -0.0500048
internal_weight=2.65257 1.11813 0.479543 0.638588 1.53444 0.285777 0.125756 0.532633 0.131727 0.105955 0.403204 0.0842383 0.318966 1.24867 0.258193 0.075977 0.0904497 0.160021 0.71713 0.131285 0.0888927 0.585845 0.351868 0.123379 0.141388 0.531535 0.0422221 0.0922199 0.0188532 0.525474
internal_count=3938 322 173 149 3616 638 199 77 61 72 168 55 113 2978 91 45 85 439 154 66 53 88 71 60 420 2824 76 387 58 2822
is_linear=0
shrinkage=0.1


Tree=80
num_leaves=31
num_cat=0
split_feature=7 8 7 6 7 4 2 0 2 6 6 8 0 2 8 7 8 8 10 4 10 8 0 2 6 1 8 6 4 10
split_gain=0.12576 0.0632952 0.0405892 0.0324662 0.0199849 0.0177406 0.0268544 0.0263174 0.00729637 0.0069531 0.0174561 0.000607981 2.10927e-05 3.07906e-06 8.64012e-08 3.27751e-08 2.40583e-08 3.86009e-08 7.75048e-08 1.92509e-08 1.21551e-08 3.18842e-08 1.12031e-08 5.62191e-09 3.19706e-09 2.41227e-09 1.86367e-09 1.2543e-09 6.0618e-10 4.05994e-10
threshold=1003.5000000000001 980.50000000000011 1044.0000000000002 1137.0000000000002 2239.5000000000005 172.50000000000003 1.0000000180025095e-35 3.5000000000000004 1.0000000180025095e-35 813.50000000000011 795.50000000000011 1898.5000000000002 3.5000000000000004 1.0000000180025095e-35 2219.5000000000005 914.50000000000011 395.00000000000006 980.50000000000011 0.16064516129032258 168.50000000000003 0.22474747474747472 -541.49999999999989 3.5000000000000004 1.0000000180025095e-35 1564.0000000000002 2.5000000000000004 -347.49999999999994 1430.5000000000002 169.50000000000003 0.20416666666666669
decision_type=2 2 2 2 2 2 2 2 2 2 2 2 2 2 2 2 2 2 2 2 2 2 2 2 2 2 2 2 2 2
left_child=5 3 -3 4 23 12 7 -7 -5 10 -4 -11 24 -13 -15 22 19 -18 -19 20 -14 -22 27 -2 -1 28 29 -8 -16 -25
right_child=1 2 9 8 -6 6 15 -9 -10 11 -12 13 16 14 25 -17 17 18 -20 -21 21 -23 -24 26 -26 -27 -28 -29 -30 -31
leaf_value=0.050004383951366943 0.050090563583561093 -0.040915902123067949 0.050484013879416527 -0.043149842068546496 -0.050657641542365545 0.050008904791327725 0.050005559810916714 -0.050490537458680242 -0.0181584990900499 0.039142581775712622 -0.048950540606767227 0.050924721738977011 0.050886709877513661 0.050260177349734161 0.050046161051804462 0.050180221225170268 0.050920609921757044 0.050910364895808892 0.050712568274554462 0.050911239703434447 0.050774445166095361 0.050885757177089534 0.050072441707658004 0.05003854288520615 0.050081170078462439 0.050076826387226575 0.050058526761035838 0.050041954771561939 0.050008407817113534 0.050013281893398966
leaf_weight=0.47547300592123087 0.031631166872102545 0.071676453095278703 0.048808154861035291 0.29305107519030571 0.025627030059695244 0.040369335572904563 0.072554953585495241 0.073491782881319523 0.19426541183202062 0.057019391824724153 0.027660931969876401 0.15206156812928384 0.20711283998389263 0.043660748735419475 0.0080774293019203469 0.016866444901097566 0.038428743078839034 0.035124000161886215 0.045437488144671079 0.21209691753028892 0.040144633392628748 0.071681739580526482 0.044495258713141084 0.0091295294841984287 0.0054848673753440371 0.021148347921553068 0.023467735067242756 0.010890739707974717 0.0089825156246661209 0.020990939156035893
leaf_count=2822 12 5 52 11 1 195 378 4 38 22 3 6 11 9 12 19 13 1 52 17 45 15 33 10 2 18 22 9 46 55
internal_value=0.025437 -0.000911318 0.0279205 -0.022076 0.0267725 0.0451038 0.021478 -0.0148586 -0.0331872 0.0413492 0.0145159 0.0484017 0.0505073 0.0506585 0.0501641 0.0500492 0.0508788 0.0508381 0.0507988 0.0508879 0.0508724 0.0508458 0.0500319 0.0500571 0.0500053 0.0500543 0.0500374 0.0500103 0.0500263 0.0500209
internal_weight=2.42691 1.03726 0.439096 0.598163 0.110846 1.38965 0.258669 0.113861 0.487316 0.367419 0.0764691 0.29095 1.13098 0.233931 0.081869 0.144807 0.650026 0.11899 0.0805615 0.531036 0.318939 0.111826 0.127941 0.0852194 0.480958 0.0382083 0.0535882 0.0834457 0.0170599 0.0301205
internal_count=3938 322 173 149 100 3616 638 199 49 168 55 113 2978 91 85 439 154 66 53 88 71 60 420 99 2824 76 87 387 58 65
is_linear=0
shrinkage=0.1


Tree=81
num_leaves=31
num_cat=0
split_feature=7 8 7 6 7 4 2 0 2 6 6 8 0 2 8 7 8 8 10 4 10 8 0 2 6 1 8 6 4 10
split_gain=0.12576 0.0632952 0.0405892 0.0324662 0.0199849 0.0177406 0.0268544 0.0263174 0.00729637 0.0069531 0.0174561 0.000607981 2.10927e-05 3.07906e-06 8.64012e-08 3.27751e-08 2.40583e-08 3.86009e-08 7.75048e-08 1.92509e-08 1.21551e-08 3.18842e-08 1.12031e-08 5.62191e-09 3.19706e-09 2.41227e-09 1.86367e-09 1.2543e-09 6.0618e-10 4.05994e-10
threshold=1003.5000000000001 980.50000000000011 1044.0000000000002 1137.0000000000002 2239.5000000000005 172.50000000000003 1.0000000180025095e-35 3.5000000000000004 1.0000000180025095e-35 813.50000000000011 795.50000000000011 1898.5000000000002 3.5000000000000004 1.0000000180025095e-35 2219.5000000000005 914.50000000000011 395.00000000000006 980.50000000000011 0.16064516129032258 168.50000000000003 0.22474747474747472 -541.49999999999989 3.5000000000000004 1.0000000180025095e-35 1564.0000000000002 2.5000000000000004 -347.49999999999994 1430.5000000000002 169.50000000000003 0.20416666666666669
decision_type=2 2 2 2 2 2 2 2 2 2 2 2 2 2 2 2 2 2 2 2 2 2 2 2 2 2 2 2 2 2
left_child=5 3 -3 4 23 12 7 -7 -5 10 -4 -11 24 -13 -15 22 19 -18 -19 20 -14 -22 27 -2 -1 28 29 -8 -16 -25
right_child=1 2 9 8 -6 6 15 -9 -10 11 -12 13 16 14 25 -17 17 18 -20 -21 21 -23 -24 26 -26 -27 -28 -29 -30 -31
leaf_value=-0.050004383951366943 -0.050090563583561093 0.040915902123067949 -0.050484013879416527 0.043149842068546496 0.050657641542365545 -0.050008904791327725 -0.050005559810916714 0.050490537458680242 0.0181584990900499 -0.039142581775712622 0.048950540606767227 -0.050924721738977011 -0.050886709877513661 -0.050260177349734161 -0.050046161051804462 -0.050180221225170268 -0.050920609921757044 -0.050910364895808892 -0.050712568274554462 -0.050911239703434447 -0.050774445166095361 -0.050885757177089534 -0.050072441707658004 -0.05003854288520615 -0.050081170078462439 -0.050076826387226575 -0.050058526761035838 -0.050041954771561939 -0.050008407817113534 -0.050013281893398966
leaf_weight=0.47547300592123087 0.031631166872102545 0.071676453095278703 0.048808154861035291 0.29305107519030571 0.025627030059695244 0.040369335572904563 0.072554953585495241 0.073491782881319523 0.19426541183202062 0.057019391824724153 0.027660931969876401 0.15206156812928384 0.20711283998389263 0.043660748735419475 0.0080774293019203469 0.016866444901097566 0.038428743078839034 0.035124000161886215 0.045437488144671079 0.21209691753028892 0.040144633392628748 0.071681739580526482 0.044495258713141084 0.0091295294841984287 0.0054848673753440371 0.021148347921553068 0.023467735067242756 0.010890739707974717 0.0089825156246661209 0.020990939156035893
leaf_count=2822 12 5 52 11 1 195 378 4 38 22 3 6 11 9 12 19 13 1 52 17 45 15 33 10 2 18 22 9 46 55
internal_value=-0.025437 0.000911318 -0.0279205 0.022076 -0.0267725 -0.0451038 -0.021478 0.0148586 0.0331872 -0.0413492 -0.0145159 -0.0484017 -0.0505073 -0.0506585 -0.0501641 -0.0500492 -0.0508788 -0.0508381 -0.0507988 -0.0508879 -0.0508724 -0.0508458 -0.0500319 -0.0500571 -0.0500053 -0.0500543 -0.0500374 -0.0500103 -0.0500263 -0.0500209
internal_weight=2.42691 1.03726 0.439096 0.598163 0.110846 1.38965 0.258669 0.113861 0.487316 0.367419 0.0764691 0.29095 1.13098 0.233931 0.081869 0.144807 0.650026 0.11899 0.0805615 0.531036 0.318939 0.111826 0.127941 0.0852194 0.480958 0.0382083 0.0535882 0.0834457 0.0170599 0.0301205
internal_count=3938 322 173 149 100 3616 638 199 49 168 55 113 2978 91 85 439 154 66 53 88 71 60 420 99 2824 76 87 387 58 65
is_linear=0
shrinkage=0.1


Tree=82
num_leaves=31
num_cat=0
split_feature=7 8 0 10 2 2 4 2 0 0 2 4 8 7 8 8 10 4 10 8 0 6 6 6 8 6 6 10 4 4
split_gain=0.115441 0.0562943 0.0343688 0.0294291 0.0585244 0.0173979 0.0160118 0.0242966 0.0237979 1.55845e-05 2.10465e-06 4.8833e-07 1.18801e-07 2.4283e-08 1.75901e-08 2.83694e-08 5.68215e-08 1.41511e-08 8.88602e-09 2.33763e-08 8.30178e-09 4.81317e-09 2.36824e-09 2.2199e-09 1.23977e-09 9.29049e-10 1.79928e-10 1.57509e-10 3.11419e-11 2.91865e-11
threshold=1003.5000000000001 2219.5000000000005 3.5000000000000004 0.2124060150375939 1.0000000180025095e-35 1.0000000180025095e-35 172.50000000000003 1.0000000180025095e-35 3.5000000000000004 3.5000000000000004 1.0000000180025095e-35 180.50000000000003 861.50000000000011 914.50000000000011 395.00000000000006 980.50000000000011 0.16064516129032258 168.50000000000003 0.22474747474747472 -541.49999999999989 3.5000000000000004 1344.0000000000002 1564.0000000000002 1430.5000000000002 3440.5000000000005 1430.5000000000002 1344.0000000000002 0.19615384615384618 181.50000000000003 177.50000000000003
decision_type=2 2 2 2 2 2 2 2 2 2 2 2 2 2 2 2 2 2 2 2 2 2 2 2 2 2 2 2 2 2
left_child=6 2 3 11 -5 -4 9 8 27 22 -3 -2 21 20 17 -16 -17 18 -11 -20 25 28 26 29 -25 -9 -1 -8 -6 -12
right_child=1 10 5 4 12 -7 7 13 -10 14 23 -13 -14 -15 15 16 -18 -19 19 -21 -22 -23 -24 24 -26 -27 -28 -29 -30 -31
leaf_value=0.050003785552879543 0.050094365837428816 0.050861131384179671 -0.050763933497241814 -0.050451384272333546 0.050006640606243727 -0.010637413651150063 0.050004966635006746 0.050005030517496774 -0.05044345445330959 0.050800920000811767 0.050004051384198771 0.050493473925257576 0.050272885352267455 0.050163061309667391 0.050831593394738611 0.05082223320938483 0.05064432196342529 0.050823047420044613 0.050699988896436302 0.050800112868061055 0.050065552842996741 0.050077590352029279 0.050073435612816811 0.050032255988451492 0.050075084661951291 0.050037958055364762 0.050027316225531186 0.050022010726659086 0.050015070198571737 0.050013797592064362
leaf_weight=0.42695464781718351 0.057583483168855198 0.13300443334446754 0.22118901321664453 0.14315333194099367 0.0098885918851010501 0.21124909102218226 0.029905585008236701 0.065651096621877514 0.066557025536894798 0.18770381837384775 0.007913447407190688 0.065562199670239352 0.052560017080395482 0.015266345551935956 0.034829558673663996 0.031833816319704056 0.041166122693539364 0.19222929411625955 0.036374996961967554 0.064964103752572555 0.040266233496367931 0.026628758758306503 0.0049636409385129801 0.01129325749934651 0.016833352819958236 0.0098550955881364644 0.0032745267963036886 0.0066226878843735895 0.0078710146772209555 0.0050229480111738676
leaf_count=2819 33 5 11 3 41 41 185 378 4 11 52 13 21 19 13 1 52 17 45 15 33 19 2 25 23 9 3 10 19 16
internal_value=0.0250844 -0.000844682 -0.0121138 0.0105625 -0.00982197 -0.0311618 0.0450657 0.021472 -0.0148485 0.0504586 0.0506679 0.0503068 0.0501712 0.0500445 0.0507938 0.0507573 0.0507219 0.050802 0.050788 0.0507642 0.0500289 0.0500507 0.0500048 0.0500421 0.0500579 0.0500093 0.050004 0.0500081 0.0500104 0.0500078
internal_weight=2.22817 0.969753 0.795686 0.363247 0.240102 0.432438 1.25842 0.234124 0.103085 1.02429 0.174067 0.123146 0.0969484 0.131039 0.589102 0.107829 0.0729999 0.481272 0.289043 0.101339 0.115772 0.0443884 0.435193 0.041063 0.0281266 0.0755062 0.430229 0.0365283 0.0177596 0.0129364
internal_count=3938 322 201 149 103 52 3616 638 199 2978 121 46 100 439 154 66 53 88 71 60 420 79 2824 116 48 387 2822 195 60 68
is_linear=0
shrinkage=0.1


Tree=83
num_leaves=31
num_cat=0
split_feature=7 8 0 10 2 2 4 2 0 0 2 4 8 7 8 8 10 4 10 8 0 6 6 6 8 6 6 10 4 4
split_gain=0.115441 0.0562943 0.0343688 0.0294291 0.0585244 0.0173979 0.0160118 0.0242966 0.0237979 1.55845e-05 2.10465e-06 4.8833e-07 1.18801e-07 2.4283e-08 1.75901e-08 2.83694e-08 5.68215e-08 1.41511e-08 8.88602e-09 2.33763e-08 8.30178e-09 4.81317e-09 2.36824e-09 2.2199e-09 1.23977e-09 9.29049e-10 1.79928e-10 1.57509e-10 3.11419e-11 2.91865e-11
threshold=1003.5000000000001 2219.5000000000005 3.5000000000000004 0.2124060150375939 1.0000000180025095e-35 1.0000000180025095e-35 172.50000000000003 1.0000000180025095e-35 3.5000000000000004 3.5000000000000004 1.0000000180025095e-35 180.50000000000003 861.50000000000011 914.50000000000011 395.00000000000006 980.50000000000011 0.16064516129032258 168.50000000000003 0.22474747474747472 -541.49999999999989 3.5000000000000004 1344.0000000000002 1564.0000000000002 1430.5000000000002 3440.5000000000005 1430.5000000000002 1344.0000000000002 0.19615384615384618 181.50000000000003 177.50000000000003
decision_type=2 2 2 2 2 2 2 2 2 2 2 2 2 2 2 2 2 2 2 2 2 2 2 2 2 2 2 2 2 2
left_child=6 2 3 11 -5 -4 9 8 27 22 -3 -2 21 20 17 -16 -17 18 -11 -20 25 28 26 29 -25 -9 -1 -8 -6 -12
right_child=1 10 5 4 12 -7 7 13 -10 14 23 -13 -14 -15 15 16 -18 -19 19 -21 -22 -23 -24 24 -26 -27 -28 -29 -30 -31
leaf_value=-0.050003785552879543 -0.050094365837428816 -0.050861131384179671 0.050763933497241814 0.050451384272333546 -0.050006640606243727 0.010637413651150063 -0.050004966635006746 -0.050005030517496774 0.05044345445330959 -0.050800920000811767 -0.050004051384198771 -0.050493473925257576 -0.050272885352267455 -0.050163061309667391 -0.050831593394738611 -0.05082223320938483 -0.05064432196342529 -0.050823047420044613 -0.050699988896436302 -0.050800112868061055 -0.050065552842996741 -0.050077590352029279 -0.050073435612816811 -0.050032255988451492 -0.050075084661951291 -0.050037958055364762 -0.050027316225531186 -0.050022010726659086 -0.050015070198571737 -0.050013797592064362
leaf_weight=0.42695464781718351 0.057583483168855198 0.13300443334446754 0.22118901321664453 0.14315333194099367 0.0098885918851010501 0.21124909102218226 0.029905585008236701 0.065651096621877514 0.066557025536894798 0.18770381837384775 0.007913447407190688 0.065562199670239352 0.052560017080395482 0.015266345551935956 0.034829558673663996 0.031833816319704056 0.041166122693539364 0.19222929411625955 0.036374996961967554 0.064964103752572555 0.040266233496367931 0.026628758758306503 0.0049636409385129801 0.01129325749934651 0.016833352819958236 0.0098550955881364644 0.0032745267963036886 0.0066226878843735895 0.0078710146772209555 0.0050229480111738676
leaf_count=2819 33 5 11 3 41 41 185 378 4 11 52 13 21 19 13 1 52 17 45 15 33 19 2 25 23 9 3 10 19 16
internal_value=-0.0250844 0.000844682 0.0121138 -0.0105625 0.00982197 0.0311618 -0.0450657 -0.021472 0.0148485 -0.0504586 -0.0506679 -0.0503068 -0.0501712 -0.0500445 -0.0507938 -0.0507573 -0.0507219 -0.050802 -0.050788 -0.0507642 -0.0500289 -0.0500507 -0.0500048 -0.0500421 -0.0500579 -0.0500093 -0.050004 -0.0500081 -0.0500104 -0.0500078
internal_weight=2.22817 0.969753 0.795686 0.363247 0.240102 0.432438 1.25842 0.234124 0.103085 1.02429 0.174067 0.123146 0.0969484 0.131039 0.589102 0.107829 0.0729999 0.481272 0.289043 0.101339 0.115772 0.0443884 0.435193 0.041063 0.0281266 0.0755062 0.430229 0.0365283 0.0177596 0.0129364
internal_count=3938 322 201 149 103 52 3616 638 199 2978 121 46 100 439 154 66 53 88 71 60 420 79 2824 116 48 387 2822 195 60 68
is_linear=0
shrinkage=0.1


Tree=84
num_leaves=31
num_cat=0
split_feature=7 8 7 8 0 4 2 0 6 6 8 0 2 8 8 8 7 8 8 10 4 10 8 0 8 6 7 1 6 4
split_gain=0.105594 0.051638 0.0329635 0.0306957 0.0290965 0.014455 0.0219826 0.021521 0.00557771 0.0142594 0.00109293 1.15177e-05 1.50393e-06 2.38431e-07 1.83354e-07 5.05151e-08 1.79926e-08 1.28779e-08 2.08624e-08 4.17007e-08 1.04104e-08 6.50456e-09 1.71566e-08 6.15147e-09 2.40107e-09 1.75447e-09 1.36895e-09 1.32368e-09 6.88183e-10 3.32614e-10
threshold=1003.5000000000001 980.50000000000011 1044.0000000000002 572.00000000000011 3.5000000000000004 172.50000000000003 1.0000000180025095e-35 3.5000000000000004 813.50000000000011 795.50000000000011 1802.5000000000002 3.5000000000000004 1.0000000180025095e-35 26.500000000000004 1898.5000000000002 2219.5000000000005 914.50000000000011 395.00000000000006 980.50000000000011 0.16064516129032258 168.50000000000003 0.22474747474747472 -541.49999999999989 3.5000000000000004 -1149.4999999999998 1564.0000000000002 1108.5000000000002 2.5000000000000004 1430.5000000000002 169.50000000000003
decision_type=2 2 2 2 2 2 2 2 2 2 2 2 2 2 2 2 2 2 2 2 2 2 2 2 2 2 2 2 2 2
left_child=5 3 -3 4 13 11 7 -7 9 -4 -10 25 -12 24 -14 -16 23 20 -19 -20 21 -13 -23 28 26 -1 -2 29 -8 -17
right_child=1 2 8 -5 -6 6 16 -9 10 -11 12 17 14 -15 15 27 -18 18 19 -21 -22 22 -24 -25 -26 -27 -28 -29 -30 -31
leaf_value=0.050003586505109887 0.050059489711607591 -0.03908957562267306 0.050393757575619903 -0.04204794823302916 -0.022408389300926621 0.050007290634048053 0.050004552021543559 -0.050400926830389062 0.030694702148820342 -0.048463917312893276 0.050754523085352804 0.050723552398078679 0.050480434957654467 0.050419920962063929 0.050216772493027043 0.050037789246835121 0.050147541561674308 0.050751299008597074 0.050742766063297431 0.050582647379856564 0.050743518847671455 0.050632752847301947 0.050722866963310943 0.050059318259534594 0.050073086954010353 0.050066442942329183 0.050017337816342204 0.05006289298777844 0.050034343580887278 0.050006883630253553
leaf_weight=0.38929026093683228 0.013417449459666386 0.061398709629429504 0.040345370551222004 0.29822729433362838 0.13849877950269729 0.033052629081794294 0.059404108549642842 0.060271516442298889 0.031926066760206595 0.02285696440958418 0.12489392564020818 0.17008730975794606 0.020272549052606337 0.024447705640341155 0.037253679533023387 0.0066142641735495999 0.013817619226756506 0.03156241000033333 0.028847241774201393 0.037291754451871384 0.1741949887436931 0.032954940819763578 0.058866915231192252 0.036438701790757477 0.035994215926620998 0.0044918835628777734 0.018095831474056467 0.0173198030970525 0.0089178706839447841 0.0073540903540560976
leaf_count=2822 11 5 52 16 31 195 378 4 19 3 6 11 3 12 9 12 19 13 1 52 17 45 15 33 32 2 47 18 9 46
internal_value=0.0248161 -0.000809226 0.0278314 -0.0208663 0.00654462 0.0450313 0.0214666 -0.0148393 0.0411358 0.0146421 0.0479526 0.0504146 0.0505308 0.0501523 0.0502162 0.0501381 0.0500403 0.0507172 0.0506844 0.0506525 0.0507246 0.050712 0.0506905 0.0500261 0.0500554 0.0500043 0.0500353 0.0500444 0.0500084 0.0500215
internal_weight=2.03841 0.898917 0.370235 0.528681 0.230454 1.13949 0.211902 0.0933241 0.308837 0.0632023 0.245634 0.927588 0.213708 0.0919552 0.0888144 0.0685418 0.118578 0.533806 0.0977014 0.066139 0.436104 0.261909 0.0918219 0.104761 0.0675075 0.393782 0.0315133 0.0312882 0.068322 0.0139684
internal_count=3938 322 173 149 133 3616 638 199 168 55 113 2978 94 102 88 85 439 154 66 53 88 71 60 420 90 2824 58 76 387 58
is_linear=0
shrinkage=0.1


Tree=85
num_leaves=31
num_cat=0
split_feature=7 8 7 8 0 4 2 0 6 6 8 0 2 8 8 8 7 8 8 10 4 10 8 0 8 6 7 1 6 4
split_gain=0.105594 0.051638 0.0329635 0.0306957 0.0290965 0.014455 0.0219826 0.021521 0.00557771 0.0142594 0.00109293 1.15177e-05 1.50393e-06 2.38431e-07 1.83354e-07 5.05151e-08 1.79926e-08 1.28779e-08 2.08624e-08 4.17007e-08 1.04104e-08 6.50456e-09 1.71566e-08 6.15147e-09 2.40107e-09 1.75447e-09 1.36895e-09 1.32368e-09 6.88183e-10 3.32614e-10
threshold=1003.5000000000001 980.50000000000011 1044.0000000000002 572.00000000000011 3.5000000000000004 172.50000000000003 1.0000000180025095e-35 3.5000000000000004 813.50000000000011 795.50000000000011 1802.5000000000002 3.5000000000000004 1.0000000180025095e-35 26.500000000000004 1898.5000000000002 2219.5000000000005 914.50000000000011 395.00000000000006 980.50000000000011 0.16064516129032258 168.50000000000003 0.22474747474747472 -541.49999999999989 3.5000000000000004 -1149.4999999999998 1564.0000000000002 1108.5000000000002 2.5000000000000004 1430.5000000000002 169.50000000000003
decision_type=2 2 2 2 2 2 2 2 2 2 2 2 2 2 2 2 2 2 2 2 2 2 2 2 2 2 2 2 2 2
left_child=5 3 -3 4 13 11 7 -7 9 -4 -10 25 -12 24 -14 -16 23 20 -19 -20 21 -13 -23 28 26 -1 -2 29 -8 -17
right_child=1 2 8 -5 -6 6 16 -9 10 -11 12 17 14 -15 15 27 -18 18 19 -21 -22 22 -24 -25 -26 -27 -28 -29 -30 -31
leaf_value=-0.050003586505109887 -0.050059489711607591 0.03908957562267306 -0.050393757575619903 0.04204794823302916 0.022408389300926621 -0.050007290634048053 -0.050004552021543559 0.050400926830389062 -0.030694702148820342 0.048463917312893276 -0.050754523085352804 -0.050723552398078679 -0.050480434957654467 -0.050419920962063929 -0.050216772493027043 -0.050037789246835121 -0.050147541561674308 -0.050751299008597074 -0.050742766063297431 -0.050582647379856564 -0.050743518847671455 -0.050632752847301947 -0.050722866963310943 -0.050059318259534594 -0.050073086954010353 -0.050066442942329183 -0.050017337816342204 -0.05006289298777844 -0.050034343580887278 -0.050006883630253553
leaf_weight=0.38929026093683228 0.013417449459666386 0.061398709629429504 0.040345370551222004 0.29822729433362838 0.13849877950269729 0.033052629081794294 0.059404108549642842 0.060271516442298889 0.031926066760206595 0.02285696440958418 0.12489392564020818 0.17008730975794606 0.020272549052606337 0.024447705640341155 0.037253679533023387 0.0066142641735495999 0.013817619226756506 0.03156241000033333 0.028847241774201393 0.037291754451871384 0.1741949887436931 0.032954940819763578 0.058866915231192252 0.036438701790757477 0.035994215926620998 0.0044918835628777734 0.018095831474056467 0.0173198030970525 0.0089178706839447841 0.0073540903540560976
leaf_count=2822 11 5 52 16 31 195 378 4 19 3 6 11 3 12 9 12 19 13 1 52 17 45 15 33 32 2 47 18 9 46
internal_value=-0.0248161 0.000809226 -0.0278314 0.0208663 -0.00654462 -0.0450313 -0.0214666 0.0148393 -0.0411358 -0.0146421 -0.0479526 -0.0504146 -0.0505308 -0.0501523 -0.0502162 -0.0501381 -0.0500403 -0.0507172 -0.0506844 -0.0506525 -0.0507246 -0.050712 -0.0506905 -0.0500261 -0.0500554 -0.0500043 -0.0500353 -0.0500444 -0.0500084 -0.0500215
internal_weight=2.03841 0.898917 0.370235 0.528681 0.230454 1.13949 0.211902 0.0933241 0.308837 0.0632023 0.245634 0.927588 0.213708 0.0919552 0.0888144 0.0685418 0.118578 0.533806 0.0977014 0.066139 0.436104 0.261909 0.0918219 0.104761 0.0675075 0.393782 0.0315133 0.0312882 0.068322 0.0139684
internal_count=3938 322 173 149 133 3616 638 199 168 55 113 2978 94 102 88 85 439 154 66 53 88 71 60 420 90 2824 58 76 387 58
is_linear=0
shrinkage=0.1


Tree=86
num_leaves=31
num_cat=0
split_feature=7 1 10 8 4 2 0 10 0 8 0 2 6 10 7 8 8 10 4 10 8 0 6 6 6 0 6 10 0 0
split_gain=0.0968734 0.0459509 0.0407152 0.0263532 0.0130524 0.0198892 0.019463 0.00887832 0.0206915 0.00128159 8.51401e-06 1.34217e-06 9.80308e-08 4.17601e-08 1.33311e-08 9.4375e-09 1.53546e-08 3.0631e-08 7.66458e-09 4.76665e-09 1.26023e-08 4.55807e-09 2.78402e-09 1.29955e-09 5.09765e-10 2.16871e-10 9.87796e-11 8.64534e-11 1.1746e-11 9.34254e-12
threshold=1003.5000000000001 2.5000000000000004 0.25543478260869573 980.50000000000011 172.50000000000003 1.0000000180025095e-35 3.5000000000000004 0.20416666666666669 3.5000000000000004 363.50000000000006 3.5000000000000004 1.0000000180025095e-35 1057.0000000000002 0.21583850931677012 914.50000000000011 395.00000000000006 980.50000000000011 0.16064516129032258 168.50000000000003 0.22474747474747472 -541.49999999999989 3.5000000000000004 1617.0000000000002 1564.0000000000002 1430.5000000000002 3.5000000000000004 1344.0000000000002 0.19615384615384618 2.5000000000000004 2.5000000000000004
decision_type=2 2 2 2 2 2 2 2 2 2 2 2 2 2 2 2 2 2 2 2 2 2 2 2 2 2 2 2 2 2
left_child=4 7 3 -3 10 6 27 8 12 -4 23 -9 -2 -13 21 18 -17 -18 19 -12 -21 24 25 26 29 -15 -1 28 -6 -7
right_child=1 2 9 -5 5 14 -8 11 -10 -11 15 13 -14 22 -16 16 17 -19 -20 20 -22 -23 -24 -25 -26 -27 -28 -29 -30 -31
leaf_value=0.050003098066712159 0.050080361041897628 -0.042197503017989371 0.027263038936953074 0.0091245301979410772 0.050003124482096185 0.050003396562530888 -0.050362504853889205 0.050680591515227684 -0.046283013920102471 0.050471979014975216 0.050653757847918014 0.050208579676161241 0.050348526633385529 0.050005455975852257 0.050133496583341632 0.05067886401192348 0.050671086056450577 0.050526907051622133 0.050671780875681742 0.050572029482558734 0.050653173592022295 0.050053675636019181 0.050061079711084415 0.050060111984495108 0.050031072490572773 0.050025127753353174 0.050022365260008306 0.050018020479040338 0.050009162592521986 0.050006526947969344
leaf_weight=0.34956536283425499 0.029670496925973677 0.35321044712327421 0.037933817831799388 0.13959408758455538 0.02066825088695623 0.041361820418387651 0.054575414396822453 0.079490043222904205 0.037349551770603284 0.063822842283116188 0.15410262628574856 0.02080914724865579 0.025218254872015677 0.011892362635990139 0.01250602345680818 0.028597591943253065 0.026137109845876694 0.033778305441956036 0.15782993414541124 0.029852846531866817 0.053334544045355869 0.032974628731608391 0.030565840355848195 0.0040649122092872849 0.0080697237754066009 0.010598887944070157 0.0026813210570253423 0.005422745758551172 0.0038166528684087089 0.012389682320645079
leaf_count=2819 34 39 33 33 173 314 4 3 5 23 11 11 12 70 19 13 1 52 17 45 15 33 36 2 9 23 3 10 12 64
internal_value=0.0244716 -0.000737956 -0.0157686 -0.0276598 0.0450002 0.0214617 -0.0148311 0.0356499 0.0111338 0.0418199 0.0503748 0.0503954 0.0502036 0.0500885 0.0500365 0.0506481 0.0506186 0.0505898 0.0506547 0.0506433 0.0506241 0.0500237 0.0500414 0.0500039 0.0500076 0.0500147 0.0500032 0.0500066 0.0500041 0.0500041
internal_weight=1.87189 0.840156 0.594561 0.492805 1.03173 0.191785 0.0844831 0.245595 0.0922383 0.101757 0.839945 0.153356 0.0548888 0.0738662 0.107302 0.483633 0.088513 0.0599154 0.39512 0.23729 0.0831874 0.0947959 0.0530571 0.356312 0.0618212 0.0224913 0.352247 0.0299076 0.0244849 0.0537515
internal_count=3938 322 128 72 3616 638 199 194 51 56 2978 143 46 140 439 154 66 53 88 71 60 420 129 2824 387 93 2822 195 185 378
is_linear=0
shrinkage=0.1


Tree=87
num_leaves=31
num_cat=0
split_feature=7 1 10 8 4 2 0 10 0 8 0 2 6 10 7 8 8 10 4 10 8 0 6 6 6 0 6 10 0 0
split_gain=0.0968734 0.0459509 0.0407152 0.0263532 0.0130524 0.0198892 0.019463 0.00887832 0.0206915 0.00128159 8.51401e-06 1.34217e-06 9.80308e-08 4.17601e-08 1.33311e-08 9.4375e-09 1.53546e-08 3.0631e-08 7.66458e-09 4.76665e-09 1.26023e-08 4.55807e-09 2.78402e-09 1.29955e-09 5.09765e-10 2.16871e-10 9.87796e-11 8.64534e-11 1.1746e-11 9.34254e-12
threshold=1003.5000000000001 2.5000000000000004 0.25543478260869573 980.50000000000011 172.50000000000003 1.0000000180025095e-35 3.5000000000000004 0.20416666666666669 3.5000000000000004 363.50000000000006 3.5000000000000004 1.0000000180025095e-35 1057.0000000000002 0.21583850931677012 914.50000000000011 395.00000000000006 980.50000000000011 0.16064516129032258 168.50000000000003 0.22474747474747472 -541.49999999999989 3.5000000000000004 1617.0000000000002 1564.0000000000002 1430.5000000000002 3.5000000000000004 1344.0000000000002 0.19615384615384618 2.5000000000000004 2.5000000000000004
decision_type=2 2 2 2 2 2 2 2 2 2 2 2 2 2 2 2 2 2 2 2 2 2 2 2 2 2 2 2 2 2
left_child=4 7 3 -3 10 6 27 8 12 -4 23 -9 -2 -13 21 18 -17 -18 19 -12 -21 24 25 26 29 -15 -1 28 -6 -7
right_child=1 2 9 -5 5 14 -8 11 -10 -11 15 13 -14 22 -16 16 17 -19 -20 20 -22 -23 -24 -25 -26 -27 -28 -29 -30 -31
leaf_value=-0.050003098066712159 -0.050080361041897628 0.042197503017989371 -0.027263038936953074 -0.0091245301979410772 -0.050003124482096185 -0.050003396562530888 0.050362504853889205 -0.050680591515227684 0.046283013920102471 -0.050471979014975216 -0.050653757847918014 -0.050208579676161241 -0.050348526633385529 -0.050005455975852257 -0.050133496583341632 -0.05067886401192348 -0.050671086056450577 -0.050526907051622133 -0.050671780875681742 -0.050572029482558734 -0.050653173592022295 -0.050053675636019181 -0.050061079711084415 -0.050060111984495108 -0.050031072490572773 -0.050025127753353174 -0.050022365260008306 -0.050018020479040338 -0.050009162592521986 -0.050006526947969344
leaf_weight=0.34956536283425499 0.029670496925973677 0.35321044712327421 0.037933817831799388 0.13959408758455538 0.02066825088695623 0.041361820418387651 0.054575414396822453 0.079490043222904205 0.037349551770603284 0.063822842283116188 0.15410262628574856 0.02080914724865579 0.025218254872015677 0.011892362635990139 0.01250602345680818 0.028597591943253065 0.026137109845876694 0.033778305441956036 0.15782993414541124 0.029852846531866817 0.053334544045355869 0.032974628731608391 0.030565840355848195 0.0040649122092872849 0.0080697237754066009 0.010598887944070157 0.0026813210570253423 0.005422745758551172 0.0038166528684087089 0.012389682320645079
leaf_count=2819 34 39 33 33 173 314 4 3 5 23 11 11 12 70 19 13 1 52 17 45 15 33 36 2 9 23 3 10 12 64
internal_value=-0.0244716 0.000737956 0.0157686 0.0276598 -0.0450002 -0.0214617 0.0148311 -0.0356499 -0.0111338 -0.0418199 -0.0503748 -0.0503954 -0.0502036 -0.0500885 -0.0500365 -0.0506481 -0.0506186 -0.0505898 -0.0506547 -0.0506433 -0.0506241 -0.0500237 -0.0500414 -0.0500039 -0.0500076 -0.0500147 -0.0500032 -0.0500066 -0.0500041 -0.0500041
internal_weight=1.87189 0.840156 0.594561 0.492805 1.03173 0.191785 0.0844831 0.245595 0.0922383 0.101757 0.839945 0.153356 0.0548888 0.0738662 0.107302 0.483633 0.088513 0.0599154 0.39512 0.23729 0.0831874 0.0947959 0.0530571 0.356312 0.0618212 0.0224913 0.352247 0.0299076 0.0244849 0.0537515
internal_count=3938 322 128 72 3616 638 199 194 51 56 2978 143 46 140 439 154 66 53 88 71 60 420 129 2824 387 93 2822 195 185 378
is_linear=0
shrinkage=0.1


Tree=88
num_leaves=31
num_cat=0
split_feature=4 8 0 10 2 2 10 6 0 2 7 10 10 4 8 7 7 6 6 2 1 10 6 7 8 1 6 6 7 6
split_gain=0.0896515 0.0388782 0.0401086 0.0251601 0.0479735 0.018951 0.0500004 0.0169956 6.31429e-06 9.21608e-07 2.94285e-07 1.27088e-07 1.0964e-07 3.96947e-07 9.47749e-08 2.34608e-08 4.48581e-09 3.41751e-09 2.70874e-09 1.9106e-09 1.34762e-09 1.23895e-09 9.62592e-10 5.85021e-10 9.29568e-10 3.25171e-10 2.91793e-10 7.3163e-11 6.6434e-11 4.55288e-11
threshold=172.50000000000003 2219.5000000000005 3.5000000000000004 0.2124060150375939 1.0000000180025095e-35 1.0000000180025095e-35 0.19615384615384618 2015.5000000000002 3.5000000000000004 1.0000000180025095e-35 1108.5000000000002 0.22902097902097898 0.26969696969696971 169.50000000000003 861.50000000000011 914.50000000000011 1003.5000000000001 -30.999999999999996 1344.0000000000002 1.0000000180025095e-35 2.5000000000000004 0.28285714285714292 1564.0000000000002 1309.5000000000002 2729.0000000000005 2.5000000000000004 1617.0000000000002 1344.0000000000002 1044.0000000000002 952.00000000000011
decision_type=2 2 2 2 2 2 2 2 2 2 2 2 2 2 2 2 2 2 2 2 2 2 2 2 2 2 2 2 2 2
left_child=7 2 3 10 -5 -4 -7 8 16 -3 15 -8 17 26 18 -2 22 -10 -6 -18 -11 -13 27 24 -22 -21 28 -1 -14 -26
right_child=1 9 5 4 14 6 11 -9 12 20 -12 21 13 -15 -16 -17 19 -19 -20 25 23 -23 -24 -25 29 -27 -28 -29 -30 -31
leaf_value=0.050002804591609086 0.050004322885120966 0.050622877050541838 -0.050601770109590327 -0.04812748291851545 0.050007026799308331 -0.05293806835839359 0.050293241558401508 -0.015752301731024345 0.050595988195171027 0.050005428853701551 0.050336500258530516 0.050063323383199354 0.050002294331304001 0.050589562531931767 0.050243404380466122 0.050119797018557816 0.050067242908431259 0.050575848198954713 0.050055844006406586 0.050005398151919893 0.050065433087852051 0.050031243136068854 0.050054386463709855 0.050063287473108398 0.050002835497048398 0.050030826368378946 0.050038835978719935 0.050020236169876768 0.050017647514751143 0.050018190510686615
leaf_weight=0.31630158014013432 0.051798603999486659 0.10092070263999631 0.20312592480331659 0.1133965830958914 0.01919537759386003 0.10483963042497635 0.037183181324508041 0.040895015350542963 0.26163096878735814 0.012021267353702569 0.060920314899703953 0.023857385473093018 0.0066699860544758849 0.04957631489742198 0.041374498032382689 0.026644773490261286 0.015419656090671197 0.12427472080162261 0.027868240824318491 0.008209416046156548 0.0050127903596148826 0.024301541357999668 0.0036784838885068885 0.011091898151789792 0.0040490598548785783 0.012980935942323413 0.0044847040626336812 0.0024262576480396083 0.0048805874830577523 0.0036915148521075025
leaf_count=2819 385 34 13 8 112 1 7 8 37 91 20 14 73 14 24 12 8 37 25 55 9 29 2 10 36 32 5 3 9 6
internal_value=0.0240698 0.00151891 -0.00759692 0.0174921 -0.00507259 -0.0293619 -0.0066764 0.0471468 0.0503203 0.0504681 0.0501716 0.0501544 0.0505692 0.0504497 0.050133 0.0500435 0.0500073 0.0505895 0.0500359 0.0500405 0.0500327 0.0500471 0.0500035 0.0500465 0.0500319 0.050021 0.0500172 0.0500029 0.0500088 0.0500102
internal_weight=1.72272 0.871293 0.734506 0.341198 0.201835 0.393308 0.190182 0.851429 0.810534 0.136787 0.139364 0.0853421 0.451517 0.0656116 0.0884381 0.0784434 0.359016 0.385906 0.0470636 0.03661 0.0358665 0.0481589 0.322406 0.0238453 0.0127534 0.0211904 0.0160353 0.318728 0.0115506 0.00774057
internal_count=3938 836 650 586 169 64 51 3102 3094 186 417 50 175 101 161 397 2919 74 137 95 152 43 2824 61 51 87 87 2822 82 42
is_linear=0
shrinkage=0.1


Tree=89
num_leaves=31
num_cat=0
split_feature=4 8 0 10 2 2 10 6 0 2 7 10 10 4 8 7 7 6 6 2 1 10 6 7 8 1 6 6 7 6
split_gain=0.0896515 0.0388782 0.0401086 0.0251601 0.0479735 0.018951 0.0500004 0.0169956 6.31429e-06 9.21608e-07 2.94285e-07 1.27088e-07 1.0964e-07 3.96947e-07 9.47749e-08 2.34608e-08 4.48581e-09 3.41751e-09 2.70874e-09 1.9106e-09 1.34762e-09 1.23895e-09 9.62592e-10 5.85021e-10 9.29568e-10 3.25171e-10 2.91793e-10 7.3163e-11 6.6434e-11 4.55288e-11
threshold=172.50000000000003 2219.5000000000005 3.5000000000000004 0.2124060150375939 1.0000000180025095e-35 1.0000000180025095e-35 0.19615384615384618 2015.5000000000002 3.5000000000000004 1.0000000180025095e-35 1108.5000000000002 0.22902097902097898 0.26969696969696971 169.50000000000003 861.50000000000011 914.50000000000011 1003.5000000000001 -30.999999999999996 1344.0000000000002 1.0000000180025095e-35 2.5000000000000004 0.28285714285714292 1564.0000000000002 1309.5000000000002 2729.0000000000005 2.5000000000000004 1617.0000000000002 1344.0000000000002 1044.0000000000002 952.00000000000011
decision_type=2 2 2 2 2 2 2 2 2 2 2 2 2 2 2 2 2 2 2 2 2 2 2 2 2 2 2 2 2 2
left_child=7 2 3 10 -5 -4 -7 8 16 -3 15 -8 17 26 18 -2 22 -10 -6 -18 -11 -13 27 24 -22 -21 28 -1 -14 -26
right_child=1 9 5 4 14 6 11 -9 12 20 -12 21 13 -15 -16 -17 19 -19 -20 25 23 -23 -24 -25 29 -27 -28 -29 -30 -31
leaf_value=-0.050002804591609086 -0.050004322885120966 -0.050622877050541838 0.050601770109590327 0.04812748291851545 -0.050007026799308331 0.05293806835839359 -0.050293241558401508 0.015752301731024345 -0.050595988195171027 -0.050005428853701551 -0.050336500258530516 -0.050063323383199354 -0.050002294331304001 -0.050589562531931767 -0.050243404380466122 -0.050119797018557816 -0.050067242908431259 -0.050575848198954713 -0.050055844006406586 -0.050005398151919893 -0.050065433087852051 -0.050031243136068854 -0.050054386463709855 -0.050063287473108398 -0.050002835497048398 -0.050030826368378946 -0.050038835978719935 -0.050020236169876768 -0.050017647514751143 -0.050018190510686615
leaf_weight=0.31630158014013432 0.051798603999486659 0.10092070263999631 0.20312592480331659 0.1133965830958914 0.01919537759386003 0.10483963042497635 0.037183181324508041 0.040895015350542963 0.26163096878735814 0.012021267353702569 0.060920314899703953 0.023857385473093018 0.0066699860544758849 0.04957631489742198 0.041374498032382689 0.026644773490261286 0.015419656090671197 0.12427472080162261 0.027868240824318491 0.008209416046156548 0.0050127903596148826 0.024301541357999668 0.0036784838885068885 0.011091898151789792 0.0040490598548785783 0.012980935942323413 0.0044847040626336812 0.0024262576480396083 0.0048805874830577523 0.0036915148521075025
leaf_count=2819 385 34 13 8 112 1 7 8 37 91 20 14 73 14 24 12 8 37 25 55 9 29 2 10 36 32 5 3 9 6
internal_value=-0.0240698 -0.00151891 0.00759692 -0.0174921 0.00507259 0.0293619 0.0066764 -0.0471468 -0.0503203 -0.0504681 -0.0501716 -0.0501544 -0.0505692 -0.0504497 -0.050133 -0.0500435 -0.0500073 -0.0505895 -0.0500359 -0.0500405 -0.0500327 -0.0500471 -0.0500035 -0.0500465 -0.0500319 -0.050021 -0.0500172 -0.0500029 -0.0500088 -0.0500102
internal_weight=1.72272 0.871293 0.734506 0.341198 0.201835 0.393308 0.190182 0.851429 0.810534 0.136787 0.139364 0.0853421 0.451517 0.0656116 0.0884381 0.0784434 0.359016 0.385906 0.0470636 0.03661 0.0358665 0.0481589 0.322406 0.0238453 0.0127534 0.0211904 0.0160353 0.318728 0.0115506 0.00774057
internal_count=3938 836 650 586 169 64 51 3102 3094 186 417 50 175 101 161 397 2919 74 137 95 152 43 2824 61 51 87 87 2822 82 42
is_linear=0
shrinkage=0.1


Tree=90
num_leaves=31
num_cat=0
split_feature=7 1 10 8 4 2 0 10 0 8 0 2 6 10 7 8 8 10 4 10 8 0 6 6 6 0 10 6 0 0
split_gain=0.0811456 0.0374684 0.0319982 0.0211498 0.0105824 0.0160288 0.0162199 0.00733488 0.0168019 0.00128374 4.6525e-06 7.30772e-07 5.37401e-08 2.62722e-08 7.31804e-09 5.45245e-09 8.67509e-09 1.72558e-08 4.17947e-09 2.57765e-09 6.84388e-09 2.50021e-09 1.57393e-09 7.13034e-10 2.79738e-10 1.18988e-10 8.32575e-11 5.42031e-11 6.44603e-12 5.12515e-12
threshold=1003.5000000000001 2.5000000000000004 0.25543478260869573 980.50000000000011 172.50000000000003 1.0000000180025095e-35 3.5000000000000004 0.20416666666666669 3.5000000000000004 363.50000000000006 3.5000000000000004 1.0000000180025095e-35 1057.0000000000002 0.21583850931677012 914.50000000000011 395.00000000000006 980.50000000000011 0.16064516129032258 168.50000000000003 0.22474747474747472 -541.49999999999989 3.5000000000000004 1617.0000000000002 1564.0000000000002 1430.5000000000002 3.5000000000000004 0.19615384615384618 1344.0000000000002 2.5000000000000004 2.5000000000000004
decision_type=2 2 2 2 2 2 2 2 2 2 2 2 2 2 2 2 2 2 2 2 2 2 2 2 2 2 2 2 2 2
left_child=4 7 3 -3 10 6 26 8 12 -4 23 -9 -2 -13 21 18 -17 -18 19 -12 -21 24 25 27 29 -15 28 -1 -6 -7
right_child=1 2 9 -5 5 14 -8 11 -10 -11 15 13 -14 22 -16 16 17 -19 -20 20 -22 -23 -24 -25 -26 -27 -28 -29 -30 -31
leaf_value=0.05000253696188342 0.050065788896969478 -0.040517090831224803 0.025299830664825329 0.0082086166298486248 0.05000255811780735 0.050002781094800192 -0.050296252717115457 0.050555768869615582 -0.045406776225692586 0.050384885934922831 0.050533927069120334 0.050177608998817097 0.050285148031773169 0.050004466744011246 0.050109284944619109 0.050554489691670992 0.05054804793851763 0.050428722500664935 0.050548654088993429 0.050467481143186159 0.050533499343424042 0.050043935131379808 0.050050442330403344 0.050049205588398274 0.050025438453423804 0.050020570583730009 0.050017563154031636 0.050018309790982873 0.050007501660666857 0.050005343541982855
leaf_weight=0.28620295989094302 0.024293772505188826 0.30347292823716998 0.033348403441777918 0.12609701479959767 0.016919697691264446 0.033864229117170908 0.044714076444506645 0.065232427790760994 0.031128471775446087 0.052545453138009179 0.1264512073903461 0.018069478242978221 0.020671281792601803 0.0097363658387621399 0.010244391727610491 0.023469590669265017 0.02144913375377655 0.02786065055988729 0.12952591193243279 0.024489090796123492 0.043766101905930554 0.026999360939953476 0.025435725554416422 0.003328757011331617 0.006607344428630312 0.0086773943585285451 0.0051686685183085493 0.0021954489056952289 0.0031247684528352684 0.010143403134861728
leaf_count=2819 34 39 33 33 173 314 4 3 5 23 11 11 12 70 19 13 1 52 17 45 15 33 36 2 9 23 10 3 12 64
internal_value=0.0239751 -0.000735642 -0.0150729 -0.026214 0.0449548 0.0215952 -0.0141309 0.0356262 0.0110693 0.0406456 0.0503064 0.0503222 0.0501666 0.0500761 0.0500298 0.0505292 0.0505044 0.0504806 0.0505347 0.0505255 0.0505098 0.0500194 0.0500343 0.0500032 0.0500063 0.0500121 0.0500062 0.0500027 0.0500033 0.0500034
internal_weight=1.56523 0.718709 0.515464 0.42957 0.846525 0.157786 0.0699272 0.203245 0.0760935 0.0858939 0.688739 0.127151 0.0449651 0.061919 0.0878587 0.397012 0.0727794 0.0493098 0.324232 0.194706 0.0682552 0.0776143 0.0438495 0.291727 0.050615 0.0184138 0.0252131 0.288398 0.0200445 0.0440076
internal_count=3938 322 128 72 3616 638 199 194 51 56 2978 143 46 140 439 154 66 53 88 71 60 420 129 2824 387 93 195 2822 185 378
is_linear=0
shrinkage=0.1


Tree=91
num_leaves=31
num_cat=0
split_feature=7 1 10 8 4 2 0 10 0 8 0 2 6 10 7 8 8 10 4 10 8 0 6 6 6 0 10 6 0 0
split_gain=0.0811456 0.0374684 0.0319982 0.0211498 0.0105824 0.0160288 0.0162199 0.00733488 0.0168019 0.00128374 4.6525e-06 7.30772e-07 5.37401e-08 2.62722e-08 7.31804e-09 5.45245e-09 8.67509e-09 1.72558e-08 4.17947e-09 2.57765e-09 6.84388e-09 2.50021e-09 1.57393e-09 7.13034e-10 2.79738e-10 1.18988e-10 8.32575e-11 5.42031e-11 6.44603e-12 5.12515e-12
threshold=1003.5000000000001 2.5000000000000004 0.25543478260869573 980.50000000000011 172.50000000000003 1.0000000180025095e-35 3.5000000000000004 0.20416666666666669 3.5000000000000004 363.50000000000006 3.5000000000000004 1.0000000180025095e-35 1057.0000000000002 0.21583850931677012 914.50000000000011 395.00000000000006 980.50000000000011 0.16064516129032258 168.50000000000003 0.22474747474747472 -541.49999999999989 3.5000000000000004 1617.0000000000002 1564.0000000000002 1430.5000000000002 3.5000000000000004 0.19615384615384618 1344.0000000000002 2.5000000000000004 2.5000000000000004
decision_type=2 2 2 2 2 2 2 2 2 2 2 2 2 2 2 2 2 2 2 2 2 2 2 2 2 2 2 2 2 2
left_child=4 7 3 -3 10 6 26 8 12 -4 23 -9 -2 -13 21 18 -17 -18 19 -12 -21 24 25 27 29 -15 28 -1 -6 -7
right_child=1 2 9 -5 5 14 -8 11 -10 -11 15 13 -14 22 -16 16 17 -19 -20 20 -22 -23 -24 -25 -26 -27 -28 -29 -30 -31
leaf_value=-0.05000253696188342 -0.050065788896969478 0.040517090831224803 -0.025299830664825329 -0.0082086166298486248 -0.05000255811780735 -0.050002781094800192 0.050296252717115457 -0.050555768869615582 0.045406776225692586 -0.050384885934922831 -0.050533927069120334 -0.050177608998817097 -0.050285148031773169 -0.050004466744011246 -0.050109284944619109 -0.050554489691670992 -0.05054804793851763 -0.050428722500664935 -0.050548654088993429 -0.050467481143186159 -0.050533499343424042 -0.050043935131379808 -0.050050442330403344 -0.050049205588398274 -0.050025438453423804 -0.050020570583730009 -0.050017563154031636 -0.050018309790982873 -0.050007501660666857 -0.050005343541982855
leaf_weight=0.28620295989094302 0.024293772505188826 0.30347292823716998 0.033348403441777918 0.12609701479959767 0.016919697691264446 0.033864229117170908 0.044714076444506645 0.065232427790760994 0.031128471775446087 0.052545453138009179 0.1264512073903461 0.018069478242978221 0.020671281792601803 0.0097363658387621399 0.010244391727610491 0.023469590669265017 0.02144913375377655 0.02786065055988729 0.12952591193243279 0.024489090796123492 0.043766101905930554 0.026999360939953476 0.025435725554416422 0.003328757011331617 0.006607344428630312 0.0086773943585285451 0.0051686685183085493 0.0021954489056952289 0.0031247684528352684 0.010143403134861728
leaf_count=2819 34 39 33 33 173 314 4 3 5 23 11 11 12 70 19 13 1 52 17 45 15 33 36 2 9 23 10 3 12 64
internal_value=-0.0239751 0.000735642 0.0150729 0.026214 -0.0449548 -0.0215952 0.0141309 -0.0356262 -0.0110693 -0.0406456 -0.0503064 -0.0503222 -0.0501666 -0.0500761 -0.0500298 -0.0505292 -0.0505044 -0.0504806 -0.0505347 -0.0505255 -0.0505098 -0.0500194 -0.0500343 -0.0500032 -0.0500063 -0.0500121 -0.0500062 -0.0500027 -0.0500033 -0.0500034
internal_weight=1.56523 0.718709 0.515464 0.42957 0.846525 0.157786 0.0699272 0.203245 0.0760935 0.0858939 0.688739 0.127151 0.0449651 0.061919 0.0878587 0.397012 0.0727794 0.0493098 0.324232 0.194706 0.0682552 0.0776143 0.0438495 0.291727 0.050615 0.0184138 0.0252131 0.288398 0.0200445 0.0440076
internal_count=3938 322 128 72 3616 638 199 194 51 56 2978 143 46 140 439 154 66 53 88 71 60 420 129 2824 387 93 195 2822 185 378
is_linear=0
shrinkage=0.1


Tree=92
num_leaves=31
num_cat=0
split_feature=4 8 0 6 2 10 6 4 0 2 8 10 7 4 10 6 7 7 10 7 6 2 10 7 1 6 7 8 7 1
split_gain=0.0748289 0.0321677 0.03439 0.0212914 0.0163245 0.0418616 0.0148765 0.000621188 3.45314e-06 5.11322e-07 2.04609e-07 1.08387e-07 6.28539e-08 7.69289e-08 1.55081e-07 7.84115e-09 3.87172e-09 3.81628e-09 3.68874e-09 4.66962e-09 7.64598e-09 1.56831e-09 1.43833e-09 1.40588e-09 7.9717e-10 5.28282e-10 4.05808e-10 5.1011e-10 3.77633e-10 2.57816e-10
threshold=172.50000000000003 2219.5000000000005 3.5000000000000004 1344.0000000000002 1.0000000180025095e-35 0.19615384615384618 2015.5000000000002 178.50000000000003 3.5000000000000004 1.0000000180025095e-35 1650.0000000000002 0.21583850931677012 503.00000000000006 171.50000000000003 0.23669467787114842 989.00000000000011 1003.5000000000001 74.500000000000014 0.19139194139194138 -987.49999999999989 -1040.4999999999998 1.0000000180025095e-35 0.26969696969696971 1003.5000000000001 2.5000000000000004 1564.0000000000002 1309.5000000000002 2729.0000000000005 1152.5000000000002 2.5000000000000004
decision_type=2 2 2 2 2 2 2 2 2 2 2 2 2 2 2 2 2 2 2 2 2 2 2 2 2 2 2 2 2 2
left_child=6 2 3 10 -4 -6 8 -5 16 -3 15 -7 17 14 -14 23 25 18 -10 -20 -21 -18 -13 -2 -11 -1 27 -26 -25 -23
right_child=1 9 4 7 5 11 -8 -9 12 24 -12 22 13 -15 -16 -17 21 -19 19 20 -22 29 -24 28 26 -27 -28 -29 -30 -31
leaf_value=0.05000240156016475 0.050003733588220682 0.050508866497562047 -0.050546421204402593 -0.011641525071657083 -0.052437177257690926 0.050294060533186635 -0.014761576436454944 0.00048898455573367222 0.050486160403596082 0.050005249412071656 0.050326488011303828 0.050061592474278986 0.050453892881682311 0.050519170883208842 0.050021639597001247 0.050091819859736209 0.050064016051275306 0.050497508408924877 0.050478251917541496 0.050481407005246226 0.050395371067512441 0.050004419681642459 0.050025529477098457 0.050046776768493596 0.050053573403351342 0.050044520698944175 0.050054555478211138 0.050008384239069559 0.050021599294872744 0.050028871054944274
leaf_weight=0.26095493043976603 0.048796093964483589 0.082814344561484177 0.17470364226028323 0.077300298842601478 0.088635742664337158 0.027464322280138731 0.037142529152333736 0.093007691612001508 0.11529884643096011 0.010134950141946319 0.030830529962258879 0.020025409408845007 0.019888118527887855 0.02034207247197628 0.014245053731428925 0.015495079554966651 0.014366700161190238 0.10152572122024139 0.057940516580856638 0.018890831619501114 0.022791658993810415 0.0067208679975010446 0.024701313290279359 0.011144961274112575 0.0041048353159567341 0.003012251458130776 0.0095654031028971076 0.0063815115026955027 0.012798170377209317 0.012032562706735916
leaf_count=2822 439 34 13 13 1 3 8 28 8 91 34 12 5 1 50 30 8 36 15 1 59 55 35 11 9 2 10 42 31 32
internal_value=0.0235416 0.00128117 -0.00759744 0.0176634 -0.0293832 -0.00639393 0.046836 -0.00501688 0.050261 0.0503804 0.0501047 0.0501377 0.0504645 0.0503652 0.0502735 0.0500272 0.0500069 0.0504815 0.050474 0.0504599 0.0504344 0.0500392 0.0500417 0.0500135 0.0500281 0.0500029 0.0500397 0.0500261 0.0500333 0.0500201
internal_weight=1.44306 0.737904 0.624903 0.289373 0.33553 0.160827 0.705153 0.170308 0.66801 0.113001 0.119065 0.072191 0.370923 0.0544752 0.0341332 0.0882343 0.297087 0.316448 0.214922 0.099623 0.0416825 0.0331201 0.0447267 0.0727392 0.0301867 0.263967 0.0200517 0.0104863 0.0239431 0.0187534
internal_count=3938 836 650 586 64 51 3102 41 3094 186 545 50 175 56 55 511 2919 119 83 75 60 95 47 481 152 2824 61 51 42 87
is_linear=0
shrinkage=0.1


Tree=93
num_leaves=31
num_cat=0
split_feature=4 8 0 6 2 10 6 4 0 2 8 10 7 4 10 6 7 7 10 7 6 2 10 7 1 6 7 8 7 1
split_gain=0.0748289 0.0321677 0.03439 0.0212914 0.0163245 0.0418616 0.0148765 0.000621188 3.45314e-06 5.11322e-07 2.04609e-07 1.08387e-07 6.28539e-08 7.69289e-08 1.55081e-07 7.84115e-09 3.87172e-09 3.81628e-09 3.68874e-09 4.66962e-09 7.64598e-09 1.56831e-09 1.43833e-09 1.40588e-09 7.9717e-10 5.28282e-10 4.05808e-10 5.1011e-10 3.77633e-10 2.57816e-10
threshold=172.50000000000003 2219.5000000000005 3.5000000000000004 1344.0000000000002 1.0000000180025095e-35 0.19615384615384618 2015.5000000000002 178.50000000000003 3.5000000000000004 1.0000000180025095e-35 1650.0000000000002 0.21583850931677012 503.00000000000006 171.50000000000003 0.23669467787114842 989.00000000000011 1003.5000000000001 74.500000000000014 0.19139194139194138 -987.49999999999989 -1040.4999999999998 1.0000000180025095e-35 0.26969696969696971 1003.5000000000001 2.5000000000000004 1564.0000000000002 1309.5000000000002 2729.0000000000005 1152.5000000000002 2.5000000000000004
decision_type=2 2 2 2 2 2 2 2 2 2 2 2 2 2 2 2 2 2 2 2 2 2 2 2 2 2 2 2 2 2
left_child=6 2 3 10 -4 -6 8 -5 16 -3 15 -7 17 14 -14 23 25 18 -10 -20 -21 -18 -13 -2 -11 -1 27 -26 -25 -23
right_child=1 9 4 7 5 11 -8 -9 12 24 -12 22 13 -15 -16 -17 21 -19 19 20 -22 29 -24 28 26 -27 -28 -29 -30 -31
leaf_value=-0.05000240156016475 -0.050003733588220682 -0.050508866497562047 0.050546421204402593 0.011641525071657083 0.052437177257690926 -0.050294060533186635 0.014761576436454944 -0.00048898455573367222 -0.050486160403596082 -0.050005249412071656 -0.050326488011303828 -0.050061592474278986 -0.050453892881682311 -0.050519170883208842 -0.050021639597001247 -0.050091819859736209 -0.050064016051275306 -0.050497508408924877 -0.050478251917541496 -0.050481407005246226 -0.050395371067512441 -0.050004419681642459 -0.050025529477098457 -0.050046776768493596 -0.050053573403351342 -0.050044520698944175 -0.050054555478211138 -0.050008384239069559 -0.050021599294872744 -0.050028871054944274
leaf_weight=0.26095493043976603 0.048796093964483589 0.082814344561484177 0.17470364226028323 0.077300298842601478 0.088635742664337158 0.027464322280138731 0.037142529152333736 0.093007691612001508 0.11529884643096011 0.010134950141946319 0.030830529962258879 0.020025409408845007 0.019888118527887855 0.02034207247197628 0.014245053731428925 0.015495079554966651 0.014366700161190238 0.10152572122024139 0.057940516580856638 0.018890831619501114 0.022791658993810415 0.0067208679975010446 0.024701313290279359 0.011144961274112575 0.0041048353159567341 0.003012251458130776 0.0095654031028971076 0.0063815115026955027 0.012798170377209317 0.012032562706735916
leaf_count=2822 439 34 13 13 1 3 8 28 8 91 34 12 5 1 50 30 8 36 15 1 59 55 35 11 9 2 10 42 31 32
internal_value=-0.0235416 -0.00128117 0.00759744 -0.0176634 0.0293832 0.00639393 -0.046836 0.00501688 -0.050261 -0.0503804 -0.0501047 -0.0501377 -0.0504645 -0.0503652 -0.0502735 -0.0500272 -0.0500069 -0.0504815 -0.050474 -0.0504599 -0.0504344 -0.0500392 -0.0500417 -0.0500135 -0.0500281 -0.0500029 -0.0500397 -0.0500261 -0.0500333 -0.0500201
internal_weight=1.44306 0.737904 0.624903 0.289373 0.33553 0.160827 0.705153 0.170308 0.66801 0.113001 0.119065 0.072191 0.370923 0.0544752 0.0341332 0.0882343 0.297087 0.316448 0.214922 0.099623 0.0416825 0.0331201 0.0447267 0.0727392 0.0301867 0.263967 0.0200517 0.0104863 0.0239431 0.0187534
internal_count=3938 836 650 586 64 51 3102 41 3094 186 545 50 175 56 55 511 2919 119 83 75 60 95 47 481 152 2824 61 51 42 87
is_linear=0
shrinkage=0.1


Tree=94
num_leaves=31
num_cat=0
split_feature=7 1 8 6 2 7 4 2 0 10 0 8 0 2 6 6 10 7 8 8 10 4 10 8 0 6 8 6 6 7
split_gain=0.0690578 0.0314664 0.0196394 0.0144664 0.0244163 0.0119308 0.00852145 0.013199 0.0132964 0.00588077 0.0138803 0.000501429 2.54398e-06 4.0052e-07 4.58035e-08 4.05568e-08 1.68067e-08 6.2447e-09 3.17301e-09 4.92113e-09 9.76575e-09 2.28005e-09 1.39612e-09 3.71822e-09 1.32675e-09 1.01414e-09 9.70438e-10 3.91212e-10 2.17302e-10 2.02105e-10
threshold=1003.5000000000001 2.5000000000000004 980.50000000000011 1564.0000000000002 1.0000000180025095e-35 1152.5000000000002 172.50000000000003 1.0000000180025095e-35 3.5000000000000004 0.20416666666666669 3.5000000000000004 2124.5000000000005 3.5000000000000004 1.0000000180025095e-35 1344.0000000000002 1519.5000000000002 0.21583850931677012 914.50000000000011 395.00000000000006 980.50000000000011 0.16064516129032258 168.50000000000003 0.22474747474747472 -541.49999999999989 3.5000000000000004 1617.0000000000002 -347.49999999999994 1564.0000000000002 1430.5000000000002 1262.5000000000002
decision_type=2 2 2 2 2 2 2 2 2 2 2 2 2 2 2 2 2 2 2 2 2 2 2 2 2 2 2 2 2 2
left_child=6 9 3 4 -3 -4 12 8 -8 10 14 -7 27 -11 -2 26 -15 24 21 -20 -21 22 -14 -24 28 -18 29 -1 -9 -6
right_child=1 2 5 -5 15 11 7 17 -10 13 -12 -13 18 16 -16 -17 25 -19 19 20 -22 -23 23 -25 -26 -27 -28 -29 -30 -31
leaf_value=0.050002177188656988 0.050052266186668581 -0.035327090927502781 -0.014768823120618172 -0.048321740929135409 0.050032601659255306 0.034089246057565331 0.050005199234481226 0.050002761156582989 -0.050242164672026468 0.050454058450242992 -0.04441988155316122 0.050307283562418585 0.050436258786346513 0.050152987347101677 0.050271194713727846 0.05022482708183932 0.050009929471060678 0.050104608348664328 0.05045309189226288 0.050447772349365122 0.050348782769280176 0.050448293783139121 0.050382204004379094 0.050435938352885325 0.050035961010764608 0.050043468352695887 0.050058468830153968 0.050040279372800062 0.050023265550821552 0.050012787780722115
leaf_weight=0.23612279759254307 0.020766505745996255 0.095555759267881513 0.066529820276628016 0.16880200488958508 0.011616512907494325 0.034562989341793582 0.02071346800585161 0.036029231385327876 0.036625891923904419 0.053509285673499107 0.026013130700448528 0.042512821746640839 0.10371911102993181 0.0157401526812464 0.017703017561871093 0.017422291915863752 0.015236102619383018 0.0091085562962689437 0.019252200356277172 0.017594514414668083 0.022986431642493699 0.10625150994383148 0.020080920527107082 0.03589831377757946 0.022106787037046161 0.022083029256464215 0.013197839478380047 0.0027258170302957288 0.0060342029937601174 0.0092450853990158066
leaf_count=2822 36 9 11 10 19 12 195 378 4 3 5 28 11 11 10 3 93 19 13 1 52 17 45 15 33 36 12 2 9 24
internal_value=0.0231913 -0.000775217 -0.0144062 -0.0283474 -0.00541654 0.0162554 0.0449257 0.0219077 -0.0140285 0.0358378 0.0120011 0.0430347 0.0502505 0.050261 0.050153 0.0501007 0.0500663 0.0500271 0.0504323 0.0504115 0.0503917 0.0504369 0.0504294 0.0504167 0.0500161 0.0500298 0.0500372 0.0500026 0.0500057 0.0500238
internal_weight=1.32575 0.630496 0.459445 0.315839 0.147037 0.143606 0.69525 0.130618 0.0573394 0.171051 0.0644827 0.0770758 0.564632 0.106569 0.0384695 0.0514817 0.0530593 0.0732788 0.325783 0.0598331 0.0405809 0.26595 0.159698 0.0559792 0.0641702 0.0373191 0.0340594 0.238849 0.0420634 0.0208616
internal_count=3938 322 128 77 67 51 3616 638 199 194 51 40 2978 143 46 58 140 439 154 66 53 88 71 60 420 129 55 2824 387 43
is_linear=0
shrinkage=0.1


Tree=95
num_leaves=31
num_cat=0
split_feature=7 1 8 6 2 7 4 2 0 10 0 8 0 2 6 6 10 7 8 8 10 4 10 8 0 6 8 6 6 7
split_gain=0.0690578 0.0314664 0.0196394 0.0144664 0.0244163 0.0119308 0.00852145 0.013199 0.0132964 0.00588077 0.0138803 0.000501429 2.54398e-06 4.0052e-07 4.58035e-08 4.05568e-08 1.68067e-08 6.2447e-09 3.17301e-09 4.92113e-09 9.76575e-09 2.28005e-09 1.39612e-09 3.71822e-09 1.32675e-09 1.01414e-09 9.70438e-10 3.91212e-10 2.17302e-10 2.02105e-10
threshold=1003.5000000000001 2.5000000000000004 980.50000000000011 1564.0000000000002 1.0000000180025095e-35 1152.5000000000002 172.50000000000003 1.0000000180025095e-35 3.5000000000000004 0.20416666666666669 3.5000000000000004 2124.5000000000005 3.5000000000000004 1.0000000180025095e-35 1344.0000000000002 1519.5000000000002 0.21583850931677012 914.50000000000011 395.00000000000006 980.50000000000011 0.16064516129032258 168.50000000000003 0.22474747474747472 -541.49999999999989 3.5000000000000004 1617.0000000000002 -347.49999999999994 1564.0000000000002 1430.5000000000002 1262.5000000000002
decision_type=2 2 2 2 2 2 2 2 2 2 2 2 2 2 2 2 2 2 2 2 2 2 2 2 2 2 2 2 2 2
left_child=6 9 3 4 -3 -4 12 8 -8 10 14 -7 27 -11 -2 26 -15 24 21 -20 -21 22 -14 -24 28 -18 29 -1 -9 -6
right_child=1 2 5 -5 15 11 7 17 -10 13 -12 -13 18 16 -16 -17 25 -19 19 20 -22 -23 23 -25 -26 -27 -28 -29 -30 -31
leaf_value=-0.050002177188656988 -0.050052266186668581 0.035327090927502781 0.014768823120618172 0.048321740929135409 -0.050032601659255306 -0.034089246057565331 -0.050005199234481226 -0.050002761156582989 0.050242164672026468 -0.050454058450242992 0.04441988155316122 -0.050307283562418585 -0.050436258786346513 -0.050152987347101677 -0.050271194713727846 -0.05022482708183932 -0.050009929471060678 -0.050104608348664328 -0.05045309189226288 -0.050447772349365122 -0.050348782769280176 -0.050448293783139121 -0.050382204004379094 -0.050435938352885325 -0.050035961010764608 -0.050043468352695887 -0.050058468830153968 -0.050040279372800062 -0.050023265550821552 -0.050012787780722115
leaf_weight=0.23612279759254307 0.020766505745996255 0.095555759267881513 0.066529820276628016 0.16880200488958508 0.011616512907494325 0.034562989341793582 0.02071346800585161 0.036029231385327876 0.036625891923904419 0.053509285673499107 0.026013130700448528 0.042512821746640839 0.10371911102993181 0.0157401526812464 0.017703017561871093 0.017422291915863752 0.015236102619383018 0.0091085562962689437 0.019252200356277172 0.017594514414668083 0.022986431642493699 0.10625150994383148 0.020080920527107082 0.03589831377757946 0.022106787037046161 0.022083029256464215 0.013197839478380047 0.0027258170302957288 0.0060342029937601174 0.0092450853990158066
leaf_count=2822 36 9 11 10 19 12 195 378 4 3 5 28 11 11 10 3 93 19 13 1 52 17 45 15 33 36 12 2 9 24
internal_value=-0.0231913 0.000775217 0.0144062 0.0283474 0.00541654 -0.0162554 -0.0449257 -0.0219077 0.0140285 -0.0358378 -0.0120011 -0.0430347 -0.0502505 -0.050261 -0.050153 -0.0501007 -0.0500663 -0.0500271 -0.0504323 -0.0504115 -0.0503917 -0.0504369 -0.0504294 -0.0504167 -0.0500161 -0.0500298 -0.0500372 -0.0500026 -0.0500057 -0.0500238
internal_weight=1.32575 0.630496 0.459445 0.315839 0.147037 0.143606 0.69525 0.130618 0.0573394 0.171051 0.0644827 0.0770758 0.564632 0.106569 0.0384695 0.0514817 0.0530593 0.0732788 0.325783 0.0598331 0.0405809 0.26595 0.159698 0.0559792 0.0641702 0.0373191 0.0340594 0.238849 0.0420634 0.0208616
internal_count=3938 322 128 77 67 51 3616 638 199 194 51 40 2978 143 46 58 140 439 154 66 53 88 71 60 420 129 55 2824 387 43
is_linear=0
shrinkage=0.1


Tree=96
num_leaves=31
num_cat=0
split_feature=7 1 10 8 4 2 0 10 0 2 0 2 6 7 10 7 8 8 10 4 10 8 0 6 6 6 6 0 10 6
split_gain=0.0631839 0.0280652 0.0236893 0.0162273 0.00770077 0.0119424 0.0120274 0.00537396 0.0124431 0.00125421 1.88221e-06 2.9623e-07 3.39145e-08 2.50169e-08 1.24464e-08 4.62634e-09 2.33535e-09 3.63111e-09 7.19751e-09 1.68283e-09 1.02756e-09 2.7405e-09 9.82973e-10 7.51162e-10 3.80655e-10 2.89893e-10 1.60992e-10 4.70975e-11 3.58263e-11 2.20421e-11
threshold=1003.5000000000001 2.5000000000000004 0.25543478260869573 980.50000000000011 172.50000000000003 1.0000000180025095e-35 3.5000000000000004 0.20416666666666669 3.5000000000000004 1.0000000180025095e-35 3.5000000000000004 1.0000000180025095e-35 1344.0000000000002 1108.5000000000002 0.21583850931677012 914.50000000000011 395.00000000000006 980.50000000000011 0.16064516129032258 168.50000000000003 0.22474747474747472 -541.49999999999989 3.5000000000000004 1617.0000000000002 1519.5000000000002 1564.0000000000002 1430.5000000000002 3.5000000000000004 0.19615384615384618 1344.0000000000002
decision_type=2 2 2 2 2 2 2 2 2 2 2 2 2 2 2 2 2 2 2 2 2 2 2 2 2 2 2 2 2 2
left_child=4 7 3 -3 10 6 28 8 12 -4 25 -9 -2 -11 -13 22 19 -18 -19 20 -12 -22 26 27 -15 29 -7 -16 -6 -1
right_child=1 2 9 -5 5 15 -8 11 -10 13 16 14 -14 24 23 -17 17 18 -20 -21 21 -23 -24 -25 -26 -27 -28 -29 -30 -31
leaf_value=0.050001876708080442 0.050047292575737569 -0.038332261903233043 0.022092204281471822 0.007457533429783789 0.050002466134663394 0.050002498044783551 -0.05021902109421196 0.050410476708196095 -0.043335210490841942 0.050192605914723354 0.050394401599948006 0.050138396950117785 0.050245305572813419 0.050022801886984561 0.050003522096847754 0.050094648454245161 0.050409632634202152 0.050404799161090579 0.050315492460910674 0.050405275437722524 0.050345644831775199 0.050394124195271929 0.050032539305374324 0.050039329350095911 0.050046324334479711 0.050036445262541612 0.050021051458047694 0.050015238421147572 0.05001324154307199 0.050013561940141164
leaf_weight=0.2120269355000346 0.01879208337777527 0.24932966331834905 0.025230225641280413 0.11223208128649276 0.014847483143967111 0.032600759190245299 0.033154973294585943 0.048456933349370956 0.02409761369926855 0.015995893303625053 0.093922919149918016 0.014246213115256978 0.01602618649485521 0.012693500983004924 0.0073578215487941634 0.0082433179923100397 0.017434365563531173 0.01593305729329586 0.02081204629757849 0.096218218803187483 0.018182491046900395 0.032507717645785306 0.02000434653746197 0.019983119727839949 0.015020482012914727 0.0024666007375344625 0.0054602020572929169 0.0064286212545994204 0.0038950135203776872 0.0016266627935692659
leaf_count=2819 36 39 2 33 185 378 4 3 5 11 11 11 10 31 70 19 13 1 52 17 45 15 33 36 12 2 9 23 10 3
internal_value=0.022906 -0.000726379 -0.0138755 -0.0241187 0.044907 0.0219046 -0.0140238 0.0357032 0.0119061 0.0398455 0.0502266 0.050236 0.0501384 0.050093 0.05006 0.0500245 0.0503908 0.050372 0.0503542 0.050395 0.0503882 0.0503767 0.0500146 0.0500269 0.0500356 0.0500024 0.0500052 0.050009 0.0500047 0.050002
internal_weight=1.21523 0.58589 0.430502 0.361562 0.629337 0.118206 0.0518975 0.155389 0.0589159 0.0689401 0.511131 0.0964727 0.0348183 0.0437099 0.0480158 0.0663086 0.295011 0.0541795 0.0367451 0.240831 0.144613 0.0506902 0.0580653 0.0337696 0.027714 0.21612 0.038061 0.0137864 0.0187425 0.213654
internal_count=3938 322 128 72 3616 638 199 194 51 56 2978 143 46 54 140 439 154 66 53 88 71 60 420 129 43 2824 387 93 195 2822
is_linear=0
shrinkage=0.1


Tree=97
num_leaves=31
num_cat=0
split_feature=7 1 10 8 4 2 0 10 0 2 0 2 6 7 10 7 8 8 10 4 10 8 0 6 6 6 6 0 10 6
split_gain=0.0631839 0.0280652 0.0236893 0.0162273 0.00770077 0.0119424 0.0120274 0.00537396 0.0124431 0.00125421 1.88221e-06 2.9623e-07 3.39145e-08 2.50169e-08 1.24464e-08 4.62634e-09 2.33535e-09 3.63111e-09 7.19751e-09 1.68283e-09 1.02756e-09 2.7405e-09 9.82973e-10 7.51162e-10 3.80655e-10 2.89893e-10 1.60992e-10 4.70975e-11 3.58263e-11 2.20421e-11
threshold=1003.5000000000001 2.5000000000000004 0.25543478260869573 980.50000000000011 172.50000000000003 1.0000000180025095e-35 3.5000000000000004 0.20416666666666669 3.5000000000000004 1.0000000180025095e-35 3.5000000000000004 1.0000000180025095e-35 1344.0000000000002 1108.5000000000002 0.21583850931677012 914.50000000000011 395.00000000000006 980.50000000000011 0.16064516129032258 168.50000000000003 0.22474747474747472 -541.49999999999989 3.5000000000000004 1617.0000000000002 1519.5000000000002 1564.0000000000002 1430.5000000000002 3.5000000000000004 0.19615384615384618 1344.0000000000002
decision_type=2 2 2 2 2 2 2 2 2 2 2 2 2 2 2 2 2 2 2 2 2 2 2 2 2 2 2 2 2 2
left_child=4 7 3 -3 10 6 28 8 12 -4 25 -9 -2 -11 -13 22 19 -18 -19 20 -12 -22 26 27 -15 29 -7 -16 -6 -1
right_child=1 2 9 -5 5 15 -8 11 -10 13 16 14 -14 24 23 -17 17 18 -20 -21 21 -23 -24 -25 -26 -27 -28 -29 -30 -31
leaf_value=-0.050001876708080442 -0.050047292575737569 0.038332261903233043 -0.022092204281471822 -0.007457533429783789 -0.050002466134663394 -0.050002498044783551 0.05021902109421196 -0.050410476708196095 0.043335210490841942 -0.050192605914723354 -0.050394401599948006 -0.050138396950117785 -0.050245305572813419 -0.050022801886984561 -0.050003522096847754 -0.050094648454245161 -0.050409632634202152 -0.050404799161090579 -0.050315492460910674 -0.050405275437722524 -0.050345644831775199 -0.050394124195271929 -0.050032539305374324 -0.050039329350095911 -0.050046324334479711 -0.050036445262541612 -0.050021051458047694 -0.050015238421147572 -0.05001324154307199 -0.050013561940141164
leaf_weight=0.2120269355000346 0.01879208337777527 0.24932966331834905 0.025230225641280413 0.11223208128649276 0.014847483143967111 0.032600759190245299 0.033154973294585943 0.048456933349370956 0.02409761369926855 0.015995893303625053 0.093922919149918016 0.014246213115256978 0.01602618649485521 0.012693500983004924 0.0073578215487941634 0.0082433179923100397 0.017434365563531173 0.01593305729329586 0.02081204629757849 0.096218218803187483 0.018182491046900395 0.032507717645785306 0.02000434653746197 0.019983119727839949 0.015020482012914727 0.0024666007375344625 0.0054602020572929169 0.0064286212545994204 0.0038950135203776872 0.0016266627935692659
leaf_count=2819 36 39 2 33 185 378 4 3 5 11 11 11 10 31 70 19 13 1 52 17 45 15 33 36 12 2 9 23 10 3
internal_value=-0.022906 0.000726379 0.0138755 0.0241187 -0.044907 -0.0219046 0.0140238 -0.0357032 -0.0119061 -0.0398455 -0.0502266 -0.050236 -0.0501384 -0.050093 -0.05006 -0.0500245 -0.0503908 -0.050372 -0.0503542 -0.050395 -0.0503882 -0.0503767 -0.0500146 -0.0500269 -0.0500356 -0.0500024 -0.0500052 -0.050009 -0.0500047 -0.050002
internal_weight=1.21523 0.58589 0.430502 0.361562 0.629337 0.118206 0.0518975 0.155389 0.0589159 0.0689401 0.511131 0.0964727 0.0348183 0.0437099 0.0480158 0.0663086 0.295011 0.0541795 0.0367451 0.240831 0.144613 0.0506902 0.0580653 0.0337696 0.027714 0.21612 0.038061 0.0137864 0.0187425 0.213654
internal_count=3938 322 128 72 3616 638 199 194 51 56 2978 143 46 54 140 439 154 66 53 88 71 60 420 129 43 2824 387 93 195 2822
is_linear=0
shrinkage=0.1


Tree=98
num_leaves=31
num_cat=0
split_feature=4 8 0 10 2 2 10 6 0 2 7 10 8 7 4 10 7 7 2 7 10 7 6 10 6 1 6 7 8 1
split_gain=0.0584788 0.024608 0.0275193 0.0176007 0.0337954 0.0129817 0.0319554 0.0118711 1.39084e-06 2.22308e-07 1.33671e-07 5.85949e-08 3.79412e-08 2.9599e-08 3.37852e-08 6.49448e-08 7.19206e-09 3.73885e-09 1.63785e-09 1.54095e-09 1.48304e-09 1.87955e-09 3.07213e-09 8.84381e-10 8.2527e-10 3.26814e-10 2.14719e-10 2.12351e-10 2.06745e-10 1.58261e-10
threshold=172.50000000000003 2219.5000000000005 3.5000000000000004 0.2124060150375939 1.0000000180025095e-35 1.0000000180025095e-35 0.19615384615384618 2015.5000000000002 3.5000000000000004 1.0000000180025095e-35 1108.5000000000002 0.21583850931677012 861.50000000000011 503.00000000000006 171.50000000000003 0.23669467787114842 914.50000000000011 1003.5000000000001 1.0000000180025095e-35 74.500000000000014 0.19139194139194138 -987.49999999999989 -1040.4999999999998 0.26969696969696971 1344.0000000000002 2.5000000000000004 1564.0000000000002 1309.5000000000002 2729.0000000000005 2.5000000000000004
decision_type=2 2 2 2 2 2 2 2 2 2 2 2 2 2 2 2 2 2 2 2 2 2 2 2 2 2 2 2 2 2
left_child=7 2 3 10 -5 -4 -7 8 17 -3 16 -8 24 19 15 -15 -2 26 -19 20 -10 -22 -23 -13 -6 -11 -1 28 -27 -20
right_child=1 9 5 4 12 6 11 -9 13 25 -12 23 -14 14 -16 -17 -18 18 29 -21 21 22 -24 -25 -26 27 -28 -29 -30 -31
leaf_value=0.05000178036643841 0.050002684806313862 0.050383381519670506 -0.050485356108423529 -0.04762251028498854 0.050005901127176081 -0.051845332235335911 0.050243961718520705 -0.01367842122683028 0.05035923211646072 0.050005880070782861 0.050268165007929945 0.050051367932571256 0.050181374817510949 0.050335443067953248 0.050383553735550493 0.050019789070991638 0.050081156270301998 0.050065395697288587 0.050003274390690459 0.050367619830859661 0.050353418294548306 0.050355701548627479 0.050292404238995773 0.050018924950045535 0.050038767715298027 0.050039682970335821 0.050032974924691664 0.050042791397428454 0.050006398285956169 0.050025008076077418
leaf_weight=0.19332245423720451 0.031516586685029324 0.062451634037643089 0.14150321949273348 0.081432727587525733 0.012728767527732998 0.068652309477329254 0.021801473805680871 0.030893756600562483 0.085624501225538552 0.0080775768547027837 0.045794151163136121 0.015483385039260611 0.030745730618946254 0.01476494856615318 0.01510947197675705 0.011669874969811644 0.018556413866463117 0.013880976108339382 0.0049783477079472513 0.075398007658805 0.043026792558521265 0.014027772471308708 0.016912187340494711 0.018372293212451041 0.019109588691208046 0.0030416836889344268 0.0022320195566862813 0.007481893742806279 0.0048286352757713757 0.010246418765746057
leaf_count=2822 385 34 13 8 112 1 3 8 8 91 20 12 24 5 1 50 12 8 55 36 15 1 59 35 25 9 2 10 42 32
internal_value=0.0224291 0.000793648 -0.00761134 0.0169448 -0.00515519 -0.0297722 -0.00619408 0.0464835 0.0501919 0.0502848 0.0501447 0.0501161 0.0501021 0.0503421 0.0502643 0.0501961 0.0500318 0.0500071 0.0500406 0.0503558 0.0503503 0.0503399 0.0503211 0.0500338 0.0500256 0.0500222 0.0500021 0.0500307 0.0500193 0.0500179
internal_weight=1.12367 0.591578 0.505697 0.239884 0.144017 0.265813 0.124309 0.532088 0.501194 0.0858814 0.0958672 0.0556572 0.0625841 0.276534 0.0415443 0.0264348 0.050073 0.22466 0.0291057 0.234989 0.159591 0.0739668 0.03094 0.0338557 0.0318384 0.0234298 0.195554 0.0153522 0.00787032 0.0152248
internal_count=3938 836 650 586 169 64 51 3102 3094 186 417 50 161 175 56 55 397 2919 95 119 83 75 60 47 137 152 2824 61 51 87
is_linear=0
shrinkage=0.1


Tree=99
num_leaves=31
num_cat=0
split_feature=4 8 0 10 2 2 10 6 0 2 7 10 8 7 4 10 7 7 2 7 10 7 6 10 6 1 6 7 8 1
split_gain=0.0584788 0.024608 0.0275193 0.0176007 0.0337954 0.0129817 0.0319554 0.0118711 1.39084e-06 2.22308e-07 1.33671e-07 5.85949e-08 3.79412e-08 2.9599e-08 3.37852e-08 6.49448e-08 7.19206e-09 3.73885e-09 1.63785e-09 1.54095e-09 1.48304e-09 1.87955e-09 3.07213e-09 8.84381e-10 8.2527e-10 3.26814e-10 2.14719e-10 2.12351e-10 2.06745e-10 1.58261e-10
threshold=172.50000000000003 2219.5000000000005 3.5000000000000004 0.2124060150375939 1.0000000180025095e-35 1.0000000180025095e-35 0.19615384615384618 2015.5000000000002 3.5000000000000004 1.0000000180025095e-35 1108.5000000000002 0.21583850931677012 861.50000000000011 503.00000000000006 171.50000000000003 0.23669467787114842 914.50000000000011 1003.5000000000001 1.0000000180025095e-35 74.500000000000014 0.19139194139194138 -987.49999999999989 -1040.4999999999998 0.26969696969696971 1344.0000000000002 2.5000000000000004 1564.0000000000002 1309.5000000000002 2729.0000000000005 2.5000000000000004
decision_type=2 2 2 2 2 2 2 2 2 2 2 2 2 2 2 2 2 2 2 2 2 2 2 2 2 2 2 2 2 2
left_child=7 2 3 10 -5 -4 -7 8 17 -3 16 -8 24 19 15 -15 -2 26 -19 20 -10 -22 -23 -13 -6 -11 -1 28 -27 -20
right_child=1 9 5 4 12 6 11 -9 13 25 -12 23 -14 14 -16 -17 -18 18 29 -21 21 22 -24 -25 -26 27 -28 -29 -30 -31
leaf_value=-0.05000178036643841 -0.050002684806313862 -0.050383381519670506 0.050485356108423529 0.04762251028498854 -0.050005901127176081 0.051845332235335911 -0.050243961718520705 0.01367842122683028 -0.05035923211646072 -0.050005880070782861 -0.050268165007929945 -0.050051367932571256 -0.050181374817510949 -0.050335443067953248 -0.050383553735550493 -0.050019789070991638 -0.050081156270301998 -0.050065395697288587 -0.050003274390690459 -0.050367619830859661 -0.050353418294548306 -0.050355701548627479 -0.050292404238995773 -0.050018924950045535 -0.050038767715298027 -0.050039682970335821 -0.050032974924691664 -0.050042791397428454 -0.050006398285956169 -0.050025008076077418
leaf_weight=0.19332245423720451 0.031516586685029324 0.062451634037643089 0.14150321949273348 0.081432727587525733 0.012728767527732998 0.068652309477329254 0.021801473805680871 0.030893756600562483 0.085624501225538552 0.0080775768547027837 0.045794151163136121 0.015483385039260611 0.030745730618946254 0.01476494856615318 0.01510947197675705 0.011669874969811644 0.018556413866463117 0.013880976108339382 0.0049783477079472513 0.075398007658805 0.043026792558521265 0.014027772471308708 0.016912187340494711 0.018372293212451041 0.019109588691208046 0.0030416836889344268 0.0022320195566862813 0.007481893742806279 0.0048286352757713757 0.010246418765746057
leaf_count=2822 385 34 13 8 112 1 3 8 8 91 20 12 24 5 1 50 12 8 55 36 15 1 59 35 25 9 2 10 42 32
internal_value=-0.0224291 -0.000793648 0.00761134 -0.0169448 0.00515519 0.0297722 0.00619408 -0.0464835 -0.0501919 -0.0502848 -0.0501447 -0.0501161 -0.0501021 -0.0503421 -0.0502643 -0.0501961 -0.0500318 -0.0500071 -0.0500406 -0.0503558 -0.0503503 -0.0503399 -0.0503211 -0.0500338 -0.0500256 -0.0500222 -0.0500021 -0.0500307 -0.0500193 -0.0500179
internal_weight=1.12367 0.591578 0.505697 0.239884 0.144017 0.265813 0.124309 0.532088 0.501194 0.0858814 0.0958672 0.0556572 0.0625841 0.276534 0.0415443 0.0264348 0.050073 0.22466 0.0291057 0.234989 0.159591 0.0739668 0.03094 0.0338557 0.0318384 0.0234298 0.195554 0.0153522 0.00787032 0.0152248
internal_count=3938 836 650 586 169 64 51 3102 3094 186 417 50 161 175 56 55 397 2919 95 119 83 75 60 47 137 152 2824 61 51 87
is_linear=0
shrinkage=0.1


Tree=100
num_leaves=31
num_cat=0
split_feature=7 8 0 6 2 4 2 0 0 2 8 2 7 8 8 10 4 10 8 0 6 10 6 6 7 10 6 6 4 0
split_gain=0.0530793 0.0233446 0.018221 0.015511 0.0118153 0.00624504 0.00959647 0.0100561 1.02993e-06 1.65003e-07 9.61434e-08 3.36924e-09 2.53952e-09 1.36846e-09 2.06929e-09 4.09481e-09 9.19483e-10 5.58483e-10 1.493e-09 5.39172e-10 2.557e-10 1.78782e-10 1.59033e-10 8.83327e-11 7.89167e-11 3.41186e-11 1.69015e-11 1.20849e-11 9.40787e-12 1.4398e-12
threshold=1003.5000000000001 2219.5000000000005 3.5000000000000004 1344.0000000000002 1.0000000180025095e-35 172.50000000000003 1.0000000180025095e-35 3.5000000000000004 3.5000000000000004 1.0000000180025095e-35 1650.0000000000002 1.0000000180025095e-35 914.50000000000011 395.00000000000006 980.50000000000011 0.16064516129032258 168.50000000000003 0.22474747474747472 -541.49999999999989 3.5000000000000004 1430.5000000000002 0.20416666666666669 1564.0000000000002 1430.5000000000002 1397.5000000000002 0.19615384615384618 1137.0000000000002 1344.0000000000002 181.50000000000003 2.5000000000000004
decision_type=2 2 2 2 2 2 2 2 2 2 2 2 2 2 2 2 2 2 2 2 2 2 2 2 2 2 2 2 2 2
left_child=5 2 3 10 -4 8 7 25 22 -3 11 -2 19 16 -15 -16 17 -10 -19 23 26 -13 27 -8 -22 29 -11 -1 -23 -7
right_child=1 9 4 -5 -6 6 12 -9 13 20 -12 21 -14 14 15 -17 -18 18 -20 -21 24 28 -24 -25 -26 -27 -28 -29 -30 -31
leaf_value=0.050001541912479686 0.050069746587701192 0.050353296861837142 -0.050467334733690132 -0.0085461403615725608 -0.0055226023715716456 0.050001549861293772 0.050002045302383794 -0.050179080036533499 0.050322424772682929 0.050003019006650967 0.050295246318064771 0.050025570389347435 0.050077485670087699 0.050334895985752415 0.050330919076908988 0.050256632096163212 0.050331315127863645 0.050282692505819654 0.050322214340687454 0.050026634382849648 0.050038315461037132 0.050003803588831053 0.050029836779562777 0.050017233443857473 0.050023412858012595 0.050012957914978784 0.050013990167262282 0.050011103861945343 0.050009969827173199 0.050004549975158352
leaf_weight=0.17359405335446354 0.0279936631268356 0.055480199909652583 0.1201059753075242 0.1236547335756768 0.11401522395317443 0.01026019439814263 0.026690990322094876 0.027149961329996586 0.077001607933198102 0.0044564539530256289 0.023374292388325557 0.0093697086340398528 0.0067515673435991621 0.014294317463281914 0.013063234277069569 0.01717658663255861 0.078889111200624029 0.014903560253515025 0.026651094791304786 0.016378851025365293 0.0066866983434010763 0.0058540105746942572 0.0020197351113893083 0.0044706162807415231 0.0075832460061064921 0.0037238570657791561 0.0020501416693150532 0.0013318889832589767 0.0042857191401708405 0.0018951174497487963
leaf_count=2819 16 5 11 34 41 173 378 4 11 57 13 17 19 13 1 52 17 45 15 33 10 49 2 9 38 10 11 3 20 12
internal_value=0.0223368 -0.000716797 -0.00978607 0.0128321 -0.0285796 0.0448841 0.0220647 -0.013208 0.0501853 0.0502633 0.0501292 0.0500475 0.0500201 0.0503194 0.0503035 0.0502887 0.0503229 0.0503174 0.050308 0.0500119 0.0500229 0.0500156 0.0500019 0.0500042 0.0500304 0.0500046 0.0500065 0.0500016 0.0500064 0.050002
internal_weight=1.02116 0.50491 0.428653 0.194532 0.234121 0.516246 0.0973212 0.0430291 0.418925 0.0762567 0.0708774 0.0475031 0.054292 0.24198 0.0445341 0.0302398 0.197445 0.118556 0.0415547 0.0475405 0.0207765 0.0195094 0.176946 0.0311616 0.0142699 0.0158792 0.0065066 0.174926 0.0101397 0.0121553
internal_count=3938 322 201 149 52 3616 638 199 2978 121 115 102 439 154 66 53 88 71 60 420 116 86 2824 387 48 195 68 2822 69 185
is_linear=0
shrinkage=0.1


Tree=101
num_leaves=31
num_cat=0
split_feature=7 8 0 6 2 4 2 0 0 2 8 2 7 8 8 10 4 10 8 0 6 10 6 6 7 10 6 6 4 0
split_gain=0.0530793 0.0233446 0.018221 0.015511 0.0118153 0.00624504 0.00959647 0.0100561 1.02993e-06 1.65003e-07 9.61434e-08 3.36924e-09 2.53952e-09 1.36846e-09 2.06929e-09 4.09481e-09 9.19483e-10 5.58483e-10 1.493e-09 5.39172e-10 2.557e-10 1.78782e-10 1.59033e-10 8.83327e-11 7.89167e-11 3.41186e-11 1.69015e-11 1.20849e-11 9.40787e-12 1.4398e-12
threshold=1003.5000000000001 2219.5000000000005 3.5000000000000004 1344.0000000000002 1.0000000180025095e-35 172.50000000000003 1.0000000180025095e-35 3.5000000000000004 3.5000000000000004 1.0000000180025095e-35 1650.0000000000002 1.0000000180025095e-35 914.50000000000011 395.00000000000006 980.50000000000011 0.16064516129032258 168.50000000000003 0.22474747474747472 -541.49999999999989 3.5000000000000004 1430.5000000000002 0.20416666666666669 1564.0000000000002 1430.5000000000002 1397.5000000000002 0.19615384615384618 1137.0000000000002 1344.0000000000002 181.50000000000003 2.5000000000000004
decision_type=2 2 2 2 2 2 2 2 2 2 2 2 2 2 2 2 2 2 2 2 2 2 2 2 2 2 2 2 2 2
left_child=5 2 3 10 -4 8 7 25 22 -3 11 -2 19 16 -15 -16 17 -10 -19 23 26 -13 27 -8 -22 29 -11 -1 -23 -7
right_child=1 9 4 -5 -6 6 12 -9 13 20 -12 21 -14 14 15 -17 -18 18 -20 -21 24 28 -24 -25 -26 -27 -28 -29 -30 -31
leaf_value=-0.050001541912479686 -0.050069746587701192 -0.050353296861837142 0.050467334733690132 0.0085461403615725608 0.0055226023715716456 -0.050001549861293772 -0.050002045302383794 0.050179080036533499 -0.050322424772682929 -0.050003019006650967 -0.050295246318064771 -0.050025570389347435 -0.050077485670087699 -0.050334895985752415 -0.050330919076908988 -0.050256632096163212 -0.050331315127863645 -0.050282692505819654 -0.050322214340687454 -0.050026634382849648 -0.050038315461037132 -0.050003803588831053 -0.050029836779562777 -0.050017233443857473 -0.050023412858012595 -0.050012957914978784 -0.050013990167262282 -0.050011103861945343 -0.050009969827173199 -0.050004549975158352
leaf_weight=0.17359405335446354 0.0279936631268356 0.055480199909652583 0.1201059753075242 0.1236547335756768 0.11401522395317443 0.01026019439814263 0.026690990322094876 0.027149961329996586 0.077001607933198102 0.0044564539530256289 0.023374292388325557 0.0093697086340398528 0.0067515673435991621 0.014294317463281914 0.013063234277069569 0.01717658663255861 0.078889111200624029 0.014903560253515025 0.026651094791304786 0.016378851025365293 0.0066866983434010763 0.0058540105746942572 0.0020197351113893083 0.0044706162807415231 0.0075832460061064921 0.0037238570657791561 0.0020501416693150532 0.0013318889832589767 0.0042857191401708405 0.0018951174497487963
leaf_count=2819 16 5 11 34 41 173 378 4 11 57 13 17 19 13 1 52 17 45 15 33 10 49 2 9 38 10 11 3 20 12
internal_value=-0.0223368 0.000716797 0.00978607 -0.0128321 0.0285796 -0.0448841 -0.0220647 0.013208 -0.0501853 -0.0502633 -0.0501292 -0.0500475 -0.0500201 -0.0503194 -0.0503035 -0.0502887 -0.0503229 -0.0503174 -0.050308 -0.0500119 -0.0500229 -0.0500156 -0.0500019 -0.0500042 -0.0500304 -0.0500046 -0.0500065 -0.0500016 -0.0500064 -0.050002
internal_weight=1.02116 0.50491 0.428653 0.194532 0.234121 0.516246 0.0973212 0.0430291 0.418925 0.0762567 0.0708774 0.0475031 0.054292 0.24198 0.0445341 0.0302398 0.197445 0.118556 0.0415547 0.0475405 0.0207765 0.0195094 0.176946 0.0311616 0.0142699 0.0158792 0.0065066 0.174926 0.0101397 0.0121553
internal_count=3938 322 201 149 52 3616 638 199 2978 121 115 102 439 154 66 53 88 71 60 420 116 86 2824 387 48 195 68 2822 69 185
is_linear=0
shrinkage=0.1


Tree=102
num_leaves=31
num_cat=0
split_feature=7 1 10 8 4 2 0 10 0 2 0 2 6 7 10 7 8 8 10 4 6 10 8 0 6 6 6 0 10 6
split_gain=0.0490592 0.0220844 0.0182669 0.0132772 0.00564542 0.00868296 0.00909706 0.00392818 0.00931551 0.00115079 7.62265e-07 1.17237e-07 1.96054e-08 1.85515e-08 8.58748e-09 1.88148e-09 1.00915e-09 1.52822e-09 3.02236e-09 6.79144e-10 4.17843e-10 4.11702e-10 1.10163e-09 3.99471e-10 1.81912e-10 1.17824e-10 6.54389e-11 2.67611e-11 2.52576e-11 8.95559e-12
threshold=1003.5000000000001 2.5000000000000004 0.25543478260869573 980.50000000000011 172.50000000000003 1.0000000180025095e-35 3.5000000000000004 0.20416666666666669 3.5000000000000004 1.0000000180025095e-35 3.5000000000000004 1.0000000180025095e-35 1344.0000000000002 1071.0000000000002 0.21583850931677012 914.50000000000011 395.00000000000006 980.50000000000011 0.16064516129032258 168.50000000000003 1617.0000000000002 0.22474747474747472 -541.49999999999989 3.5000000000000004 1519.5000000000002 1564.0000000000002 1430.5000000000002 3.5000000000000004 0.19615384615384618 1344.0000000000002
decision_type=2 2 2 2 2 2 2 2 2 2 2 2 2 2 2 2 2 2 2 2 2 2 2 2 2 2 2 2 2 2
left_child=4 7 3 -3 10 6 28 8 12 -4 25 -9 -2 -11 -13 23 19 -18 -19 21 27 -12 -23 26 -15 29 -7 -16 -6 -1
right_child=1 2 9 -5 5 15 -8 11 -10 13 16 14 -14 24 20 -17 17 18 -20 -21 -22 22 -24 -25 -26 -27 -28 -29 -30 -31
leaf_value=0.050001393947757357 0.050035029847726134 -0.037096831327060098 0.020266526945366754 0.0080678663385838328 0.05000182736260167 0.050001850427031341 -0.050161983085449148 0.050303391823826975 -0.042066833377128181 0.050182962294685773 0.050291556565002032 0.050123193415995776 0.050204755462098266 0.050018748841311536 0.050002832088244756 0.050070110814936321 0.050302836737504658 0.050299232368826607 0.050232156503956321 0.050299591010694471 0.050032908802158965 0.050255692297166726 0.05029137222308902 0.050024100301986008 0.050036233588614455 0.050026996555535108 0.050015593087674053 0.050012780043817942 0.050011722932683647 0.050010047277585817
leaf_weight=0.15707483869846328 0.013920485760536394 0.20698127207288053 0.020309113431721926 0.094946500510559417 0.010998620962709538 0.02415109612775268 0.024574247188866138 0.03596816211938858 0.018345417818636633 0.011484529139124788 0.069714526674943045 0.012412333779138862 0.013316238313564099 0.010485729759238893 0.0056054535198200028 0.0061099250233382909 0.012941857108671684 0.011827170848846436 0.015549206060313736 0.071424550693336641 0.016506254891282879 0.013492176305589965 0.024128944447511458 0.014820909753325395 0.013757100659859134 0.0018276303308084598 0.004045306795887881 0.0052246804334572516 0.0033695641614031055 0.0012051671219523987
leaf_count=2819 36 39 2 33 185 378 4 3 5 6 11 11 10 34 70 19 13 1 52 17 36 45 15 33 14 2 9 23 10 3
internal_value=0.0218131 -0.000666326 -0.0131621 -0.022894 0.0448703 0.0220624 -0.0132047 0.0362099 0.0130164 0.0392737 0.0501676 0.0501726 0.050118 0.0500783 0.0500542 0.0500182 0.0502888 0.0502745 0.0502611 0.050292 0.0500229 0.050287 0.0502786 0.0500108 0.0500287 0.0500018 0.0500038 0.0500076 0.0500041 0.0500015
internal_weight=0.946519 0.479263 0.357964 0.301928 0.467256 0.0880697 0.0389424 0.121299 0.0455821 0.0560365 0.379186 0.0757169 0.0272367 0.0357274 0.0397487 0.0491272 0.219078 0.0403182 0.0273764 0.17876 0.0273364 0.107336 0.0376211 0.0430173 0.0242428 0.160108 0.0281964 0.0108301 0.0143682 0.15828
internal_count=3938 322 128 72 3616 638 199 194 51 56 2978 143 46 54 140 439 154 66 53 88 129 71 60 420 48 2824 387 93 195 2822
is_linear=0
shrinkage=0.1


Tree=103
num_leaves=31
num_cat=0
split_feature=7 1 10 8 4 2 0 10 0 2 0 2 6 7 10 7 8 8 10 4 6 10 8 0 6 6 6 0 10 6
split_gain=0.0490592 0.0220844 0.0182669 0.0132772 0.00564542 0.00868296 0.00909706 0.00392818 0.00931551 0.00115079 7.62265e-07 1.17237e-07 1.96054e-08 1.85515e-08 8.58748e-09 1.88148e-09 1.00915e-09 1.52822e-09 3.02236e-09 6.79144e-10 4.17843e-10 4.11702e-10 1.10163e-09 3.99471e-10 1.81912e-10 1.17824e-10 6.54389e-11 2.67611e-11 2.52576e-11 8.95559e-12
threshold=1003.5000000000001 2.5000000000000004 0.25543478260869573 980.50000000000011 172.50000000000003 1.0000000180025095e-35 3.5000000000000004 0.20416666666666669 3.5000000000000004 1.0000000180025095e-35 3.5000000000000004 1.0000000180025095e-35 1344.0000000000002 1071.0000000000002 0.21583850931677012 914.50000000000011 395.00000000000006 980.50000000000011 0.16064516129032258 168.50000000000003 1617.0000000000002 0.22474747474747472 -541.49999999999989 3.5000000000000004 1519.5000000000002 1564.0000000000002 1430.5000000000002 3.5000000000000004 0.19615384615384618 1344.0000000000002
decision_type=2 2 2 2 2 2 2 2 2 2 2 2 2 2 2 2 2 2 2 2 2 2 2 2 2 2 2 2 2 2
left_child=4 7 3 -3 10 6 28 8 12 -4 25 -9 -2 -11 -13 23 19 -18 -19 21 27 -12 -23 26 -15 29 -7 -16 -6 -1
right_child=1 2 9 -5 5 15 -8 11 -10 13 16 14 -14 24 20 -17 17 18 -20 -21 -22 22 -24 -25 -26 -27 -28 -29 -30 -31
leaf_value=-0.050001393947757357 -0.050035029847726134 0.037096831327060098 -0.020266526945366754 -0.0080678663385838328 -0.05000182736260167 -0.050001850427031341 0.050161983085449148 -0.050303391823826975 0.042066833377128181 -0.050182962294685773 -0.050291556565002032 -0.050123193415995776 -0.050204755462098266 -0.050018748841311536 -0.050002832088244756 -0.050070110814936321 -0.050302836737504658 -0.050299232368826607 -0.050232156503956321 -0.050299591010694471 -0.050032908802158965 -0.050255692297166726 -0.05029137222308902 -0.050024100301986008 -0.050036233588614455 -0.050026996555535108 -0.050015593087674053 -0.050012780043817942 -0.050011722932683647 -0.050010047277585817
leaf_weight=0.15707483869846328 0.013920485760536394 0.20698127207288053 0.020309113431721926 0.094946500510559417 0.010998620962709538 0.02415109612775268 0.024574247188866138 0.03596816211938858 0.018345417818636633 0.011484529139124788 0.069714526674943045 0.012412333779138862 0.013316238313564099 0.010485729759238893 0.0056054535198200028 0.0061099250233382909 0.012941857108671684 0.011827170848846436 0.015549206060313736 0.071424550693336641 0.016506254891282879 0.013492176305589965 0.024128944447511458 0.014820909753325395 0.013757100659859134 0.0018276303308084598 0.004045306795887881 0.0052246804334572516 0.0033695641614031055 0.0012051671219523987
leaf_count=2819 36 39 2 33 185 378 4 3 5 6 11 11 10 34 70 19 13 1 52 17 36 45 15 33 14 2 9 23 10 3
internal_value=-0.0218131 0.000666326 0.0131621 0.022894 -0.0448703 -0.0220624 0.0132047 -0.0362099 -0.0130164 -0.0392737 -0.0501676 -0.0501726 -0.050118 -0.0500783 -0.0500542 -0.0500182 -0.0502888 -0.0502745 -0.0502611 -0.050292 -0.0500229 -0.050287 -0.0502786 -0.0500108 -0.0500287 -0.0500018 -0.0500038 -0.0500076 -0.0500041 -0.0500015
internal_weight=0.946519 0.479263 0.357964 0.301928 0.467256 0.0880697 0.0389424 0.121299 0.0455821 0.0560365 0.379186 0.0757169 0.0272367 0.0357274 0.0397487 0.0491272 0.219078 0.0403182 0.0273764 0.17876 0.0273364 0.107336 0.0376211 0.0430173 0.0242428 0.160108 0.0281964 0.0108301 0.0143682 0.15828
internal_count=3938 322 128 72 3616 638 199 194 51 56 2978 143 46 54 140 439 154 66 53 88 129 71 60 420 48 2824 387 93 195 2822
is_linear=0
shrinkage=0.1


Tree=104
num_leaves=31
num_cat=0
split_feature=4 8 0 2 10 2 10 6 0 2 10 10 6 7 4 10 7 2 10 7 7 10 7 6 7 7 1 7 1 6
split_gain=0.0455662 0.0187418 0.0208955 0.0145092 0.0275367 0.0105129 0.0265262 0.00932547 5.59292e-07 9.6623e-08 5.23542e-08 4.01575e-08 2.38347e-08 1.4294e-08 1.50665e-08 2.73411e-08 2.49211e-09 9.75649e-10 7.83987e-10 6.77998e-10 6.23312e-10 5.9803e-10 7.58498e-10 1.23781e-09 3.43933e-10 1.53059e-10 1.39082e-10 1.10777e-10 1.07937e-10 8.72914e-11
threshold=172.50000000000003 2219.5000000000005 3.5000000000000004 1.0000000180025095e-35 0.2124060150375939 1.0000000180025095e-35 0.19615384615384618 2015.5000000000002 3.5000000000000004 1.0000000180025095e-35 0.17519181585677748 0.21583850931677012 1519.5000000000002 503.00000000000006 171.50000000000003 0.23669467787114842 1003.5000000000001 1.0000000180025095e-35 0.26969696969696971 1003.5000000000001 74.500000000000014 0.19139194139194138 -987.49999999999989 -1040.4999999999998 1003.5000000000001 1108.5000000000002 2.5000000000000004 1309.5000000000002 2.5000000000000004 1564.0000000000002
decision_type=2 2 2 2 2 2 2 2 2 2 2 2 2 2 2 2 2 2 2 2 2 2 2 2 2 2 2 2 2 2
left_child=7 2 3 4 10 -4 -7 8 16 -3 19 -8 24 20 15 -15 29 -18 -13 -2 21 -10 -23 -24 -5 -26 -11 -28 -19 -1
right_child=1 9 5 12 -6 6 11 -9 13 26 -12 18 -14 14 -16 -17 17 28 -20 -21 -22 22 23 -25 25 -27 27 -29 -30 -31
leaf_value=0.050001318782733117 0.050001627291525935 0.050290024907001088 -0.050406111829068706 0.050002136140927272 -0.047199362687340075 -0.051527648895951995 0.050221215437983052 -0.011706294783266447 0.050265622151855649 0.050005520096835246 0.050240004383586723 0.05004932974224973 0.050122697238945836 0.050247474082203369 0.050283565766326865 0.050016770681161553 0.050056864995544285 0.050002435061335726 0.050015603983271789 0.050042581293468696 0.050271825104739966 0.050261339038199487 0.050262997686044968 0.050216352200430518 0.050034642184131839 0.05001450645306299 0.050014266327536298 0.050033708139991279 0.050022781806367336 0.050024425524118968
leaf_weight=0.14321804997234722 0.0081847683395608328 0.047140816709543287 0.11119159683585167 0.019859397045365768 0.068218050917494111 0.057536408305168152 0.018730296986177564 0.026072795095387846 0.063546940771630034 0.0062565547286794745 0.03440742512975703 0.013091305270791054 0.040302652574609965 0.010982665455230745 0.011215154081583023 0.0096511473238933831 0.011772510577429784 0.0037065363976580565 0.01455692011222709 0.0079871115740388632 0.055958240885956911 0.031931774556142045 0.0104101886972785 0.012544079458166379 0.0058671206570579662 0.010587113079964183 0.0058630014609661885 0.0058598866125976201 0.0087909386347746477 0.0016537889314349732
leaf_count=2822 146 34 13 323 8 1 3 8 8 91 19 12 29 5 1 50 8 55 35 8 36 15 1 59 10 43 51 10 32 2
internal_value=0.021315 0.000375027 -0.00753099 0.0161395 -0.00574316 -0.0290345 -0.00616633 0.0461246 0.0501413 0.0502148 0.0501703 0.0501082 0.0500698 0.0502519 0.0501903 0.0501396 0.0500066 0.0500362 0.0500316 0.0500219 0.0502631 0.050259 0.0502514 0.0502375 0.050011 0.0500217 0.0500176 0.050024 0.0500167 0.0500016
internal_weight=0.877095 0.47564 0.41052 0.195414 0.118797 0.215107 0.103915 0.401455 0.375382 0.0651203 0.0505793 0.0463785 0.0766163 0.20624 0.031849 0.0206338 0.169142 0.02427 0.0276482 0.0161719 0.174391 0.118433 0.054886 0.0229543 0.0363136 0.0164542 0.0179794 0.0117229 0.0124975 0.144872
internal_count=3938 836 650 586 181 64 51 3102 3094 186 173 50 405 175 56 55 2919 95 47 154 119 83 75 60 376 53 152 61 87 2824
is_linear=0
shrinkage=0.1


Tree=105
num_leaves=31
num_cat=0
split_feature=4 8 0 2 10 2 10 6 0 2 10 10 6 7 4 10 7 2 10 7 7 10 7 6 7 7 1 7 1 6
split_gain=0.0455662 0.0187418 0.0208955 0.0145092 0.0275367 0.0105129 0.0265262 0.00932547 5.59292e-07 9.6623e-08 5.23542e-08 4.01575e-08 2.38347e-08 1.4294e-08 1.50665e-08 2.73411e-08 2.49211e-09 9.75649e-10 7.83987e-10 6.77998e-10 6.23312e-10 5.9803e-10 7.58498e-10 1.23781e-09 3.43933e-10 1.53059e-10 1.39082e-10 1.10777e-10 1.07937e-10 8.72914e-11
threshold=172.50000000000003 2219.5000000000005 3.5000000000000004 1.0000000180025095e-35 0.2124060150375939 1.0000000180025095e-35 0.19615384615384618 2015.5000000000002 3.5000000000000004 1.0000000180025095e-35 0.17519181585677748 0.21583850931677012 1519.5000000000002 503.00000000000006 171.50000000000003 0.23669467787114842 1003.5000000000001 1.0000000180025095e-35 0.26969696969696971 1003.5000000000001 74.500000000000014 0.19139194139194138 -987.49999999999989 -1040.4999999999998 1003.5000000000001 1108.5000000000002 2.5000000000000004 1309.5000000000002 2.5000000000000004 1564.0000000000002
decision_type=2 2 2 2 2 2 2 2 2 2 2 2 2 2 2 2 2 2 2 2 2 2 2 2 2 2 2 2 2 2
left_child=7 2 3 4 10 -4 -7 8 16 -3 19 -8 24 20 15 -15 29 -18 -13 -2 21 -10 -23 -24 -5 -26 -11 -28 -19 -1
right_child=1 9 5 12 -6 6 11 -9 13 26 -12 18 -14 14 -16 -17 17 28 -20 -21 -22 22 23 -25 25 -27 27 -29 -30 -31
leaf_value=-0.050001318782733117 -0.050001627291525935 -0.050290024907001088 0.050406111829068706 -0.050002136140927272 0.047199362687340075 0.051527648895951995 -0.050221215437983052 0.011706294783266447 -0.050265622151855649 -0.050005520096835246 -0.050240004383586723 -0.05004932974224973 -0.050122697238945836 -0.050247474082203369 -0.050283565766326865 -0.050016770681161553 -0.050056864995544285 -0.050002435061335726 -0.050015603983271789 -0.050042581293468696 -0.050271825104739966 -0.050261339038199487 -0.050262997686044968 -0.050216352200430518 -0.050034642184131839 -0.05001450645306299 -0.050014266327536298 -0.050033708139991279 -0.050022781806367336 -0.050024425524118968
leaf_weight=0.14321804997234722 0.0081847683395608328 0.047140816709543287 0.11119159683585167 0.019859397045365768 0.068218050917494111 0.057536408305168152 0.018730296986177564 0.026072795095387846 0.063546940771630034 0.0062565547286794745 0.03440742512975703 0.013091305270791054 0.040302652574609965 0.010982665455230745 0.011215154081583023 0.0096511473238933831 0.011772510577429784 0.0037065363976580565 0.01455692011222709 0.0079871115740388632 0.055958240885956911 0.031931774556142045 0.0104101886972785 0.012544079458166379 0.0058671206570579662 0.010587113079964183 0.0058630014609661885 0.0058598866125976201 0.0087909386347746477 0.0016537889314349732
leaf_count=2822 146 34 13 323 8 1 3 8 8 91 19 12 29 5 1 50 8 55 35 8 36 15 1 59 10 43 51 10 32 2
internal_value=-0.021315 -0.000375027 0.00753099 -0.0161395 0.00574316 0.0290345 0.00616633 -0.0461246 -0.0501413 -0.0502148 -0.0501703 -0.0501082 -0.0500698 -0.0502519 -0.0501903 -0.0501396 -0.0500066 -0.0500362 -0.0500316 -0.0500219 -0.0502631 -0.050259 -0.0502514 -0.0502375 -0.050011 -0.0500217 -0.0500176 -0.050024 -0.0500167 -0.0500016
internal_weight=0.877095 0.47564 0.41052 0.195414 0.118797 0.215107 0.103915 0.401455 0.375382 0.0651203 0.0505793 0.0463785 0.0766163 0.20624 0.031849 0.0206338 0.169142 0.02427 0.0276482 0.0161719 0.174391 0.118433 0.054886 0.0229543 0.0363136 0.0164542 0.0179794 0.0117229 0.0124975 0.144872
internal_count=3938 836 650 586 181 64 51 3102 3094 186 173 50 405 175 56 55 2919 95 47 154 119 83 75 60 376 53 152 61 87 2824
is_linear=0
shrinkage=0.1


Tree=106
num_leaves=31
num_cat=0
split_feature=6 10 1 8 7 8 7 10 0 6 4 0 0 2 2 0 6 1 10 6 10 7 7 0 7 7 6 6 8 6
split_gain=0.0412692 0.0246106 0.0210349 0.00962209 0.0138363 0.0105662 0.00592774 0.00563607 0.00900976 0.00164192 0.00145217 0.00263105 3.77658e-07 1.15378e-07 5.24488e-08 1.39703e-08 1.3016e-08 5.3965e-09 6.82267e-09 1.53532e-08 5.0602e-09 1.57246e-09 6.30151e-10 4.34537e-10 2.10201e-10 1.66447e-10 1.62072e-10 8.88706e-11 8.43852e-11 7.59268e-11
threshold=527.50000000000011 0.26491228070175438 2.5000000000000004 1026.5000000000002 1071.0000000000002 96.000000000000014 1359.5000000000002 0.20416666666666669 3.5000000000000004 1311.0000000000002 183.50000000000003 3.5000000000000004 3.5000000000000004 1.0000000180025095e-35 1.0000000180025095e-35 2.5000000000000004 1519.5000000000002 3.5000000000000004 0.19139194139194138 454.50000000000006 0.21583850931677012 1003.5000000000001 1108.5000000000002 2.5000000000000004 1003.5000000000001 -56.499999999999993 1617.0000000000002 391.00000000000006 -478.49999999999994 1344.0000000000002
decision_type=2 2 2 2 2 2 2 2 2 2 2 2 2 2 2 2 2 2 2 2 2 2 2 2 2 2 2 2 2 2
left_child=10 2 7 5 -5 6 9 8 16 -4 12 27 21 -3 -9 -15 23 18 -14 28 -16 -1 -23 -2 -17 -19 -22 -12 -20 -26
right_child=1 13 3 4 -6 -7 -8 14 -10 -11 11 -13 17 15 20 24 -18 25 19 -21 26 22 -24 -25 29 -27 -28 -29 -30 -31
leaf_value=0.050001291228733362 0.050006975238109222 0.050273068418643589 0.050146632607340383 -0.041657205978848297 0.040794699910203167 -0.049697863224121397 -0.032535560743881045 0.050240656573392772 -0.042725452315512558 0.0051496658627315402 0.050002553111446829 -0.045120427257002049 0.050231043739444814 0.05016065885882353 0.050107851877901045 0.050007115149540808 0.050189835315988154 0.050234381203060244 0.050008103964821277 0.0502210613364679 0.050007489291571311 0.050047114654828452 0.050012615337152691 0.050046752260902376 0.050014845827004377 0.05024254722887142 0.050028068656193136 0.050024478373262543 0.050031590073237597 0.050026857131173975
leaf_weight=0.14525329202569992 0.0049445485219621332 0.042755753733217716 0.017523510769024142 0.035150137189702946 0.048345353992772289 0.13838859667157521 0.02950262775993906 0.030453611660050228 0.021533249397180043 0.015094643385964446 0.0050979352054127958 0.0045674165012314924 0.02089035208337009 0.0083594025963975582 0.010913625799730653 0.012791125407602522 0.0092029504539823392 0.067628776689161896 0.0026851645725400877 0.010081407639518147 0.005368396483390824 0.010957133479678305 0.010244738812616561 0.0061777576975146076 0.0077723556278215247 0.039562465852213791 0.013327311278771958 0.002900566891185008 0.0035555603808461456 0.016299208706186619
leaf_count=3116 50 4 37 51 22 19 9 5 7 6 91 2 3 20 13 111 12 37 21 8 53 13 59 14 41 16 31 7 25 35
internal_value=0.0212211 0.00242642 -0.00845411 -0.0224399 0.00608389 -0.0343177 -5.48466e-05 0.0305175 0.00234875 0.0293235 0.0487604 0.0154326 0.0501077 0.0501553 0.0501485 0.0500439 0.0501019 0.050226 0.0501932 0.0501448 0.0500537 0.050005 0.0500304 0.0500291 0.0500175 0.0502374 0.0500222 0.0500105 0.0500215 0.050023
internal_weight=0.797329 0.473904 0.385926 0.284005 0.0834955 0.200509 0.0621208 0.101921 0.0418585 0.0326182 0.323425 0.0125659 0.310859 0.0879778 0.0600629 0.0452221 0.0203253 0.144404 0.0372125 0.0163221 0.0296093 0.166455 0.0212019 0.0111223 0.0368627 0.107191 0.0186957 0.0079985 0.00624072 0.0240716
internal_count=3938 540 329 144 73 71 52 185 83 43 3398 100 3298 211 102 207 76 110 57 54 97 3188 72 64 187 53 84 98 46 76
is_linear=0
shrinkage=0.1


Tree=107
num_leaves=31
num_cat=0
split_feature=6 10 1 8 7 8 7 10 0 6 4 0 0 2 2 0 6 1 10 6 10 7 7 0 7 7 6 6 8 6
split_gain=0.0412692 0.0246106 0.0210349 0.00962209 0.0138363 0.0105662 0.00592774 0.00563607 0.00900976 0.00164192 0.00145217 0.00263105 3.77658e-07 1.15378e-07 5.24488e-08 1.39703e-08 1.3016e-08 5.3965e-09 6.82267e-09 1.53532e-08 5.0602e-09 1.57246e-09 6.30151e-10 4.34537e-10 2.10201e-10 1.66447e-10 1.62072e-10 8.88706e-11 8.43852e-11 7.59268e-11
threshold=527.50000000000011 0.26491228070175438 2.5000000000000004 1026.5000000000002 1071.0000000000002 96.000000000000014 1359.5000000000002 0.20416666666666669 3.5000000000000004 1311.0000000000002 183.50000000000003 3.5000000000000004 3.5000000000000004 1.0000000180025095e-35 1.0000000180025095e-35 2.5000000000000004 1519.5000000000002 3.5000000000000004 0.19139194139194138 454.50000000000006 0.21583850931677012 1003.5000000000001 1108.5000000000002 2.5000000000000004 1003.5000000000001 -56.499999999999993 1617.0000000000002 391.00000000000006 -478.49999999999994 1344.0000000000002
decision_type=2 2 2 2 2 2 2 2 2 2 2 2 2 2 2 2 2 2 2 2 2 2 2 2 2 2 2 2 2 2
left_child=10 2 7 5 -5 6 9 8 16 -4 12 27 21 -3 -9 -15 23 18 -14 28 -16 -1 -23 -2 -17 -19 -22 -12 -20 -26
right_child=1 13 3 4 -6 -7 -8 14 -10 -11 11 -13 17 15 20 24 -18 25 19 -21 26 22 -24 -25 29 -27 -28 -29 -30 -31
leaf_value=-0.050001291228733362 -0.050006975238109222 -0.050273068418643589 -0.050146632607340383 0.041657205978848297 -0.040794699910203167 0.049697863224121397 0.032535560743881045 -0.050240656573392772 0.042725452315512558 -0.0051496658627315402 -0.050002553111446829 0.045120427257002049 -0.050231043739444814 -0.05016065885882353 -0.050107851877901045 -0.050007115149540808 -0.050189835315988154 -0.050234381203060244 -0.050008103964821277 -0.0502210613364679 -0.050007489291571311 -0.050047114654828452 -0.050012615337152691 -0.050046752260902376 -0.050014845827004377 -0.05024254722887142 -0.050028068656193136 -0.050024478373262543 -0.050031590073237597 -0.050026857131173975
leaf_weight=0.14525329202569992 0.0049445485219621332 0.042755753733217716 0.017523510769024142 0.035150137189702946 0.048345353992772289 0.13838859667157521 0.02950262775993906 0.030453611660050228 0.021533249397180043 0.015094643385964446 0.0050979352054127958 0.0045674165012314924 0.02089035208337009 0.0083594025963975582 0.010913625799730653 0.012791125407602522 0.0092029504539823392 0.067628776689161896 0.0026851645725400877 0.010081407639518147 0.005368396483390824 0.010957133479678305 0.010244738812616561 0.0061777576975146076 0.0077723556278215247 0.039562465852213791 0.013327311278771958 0.002900566891185008 0.0035555603808461456 0.016299208706186619
leaf_count=3116 50 4 37 51 22 19 9 5 7 6 91 2 3 20 13 111 12 37 21 8 53 13 59 14 41 16 31 7 25 35
internal_value=-0.0212211 -0.00242642 0.00845411 0.0224399 -0.00608389 0.0343177 5.48466e-05 -0.0305175 -0.00234875 -0.0293235 -0.0487604 -0.0154326 -0.0501077 -0.0501553 -0.0501485 -0.0500439 -0.0501019 -0.050226 -0.0501932 -0.0501448 -0.0500537 -0.050005 -0.0500304 -0.0500291 -0.0500175 -0.0502374 -0.0500222 -0.0500105 -0.0500215 -0.050023
internal_weight=0.797329 0.473904 0.385926 0.284005 0.0834955 0.200509 0.0621208 0.101921 0.0418585 0.0326182 0.323425 0.0125659 0.310859 0.0879778 0.0600629 0.0452221 0.0203253 0.144404 0.0372125 0.0163221 0.0296093 0.166455 0.0212019 0.0111223 0.0368627 0.107191 0.0186957 0.0079985 0.00624072 0.0240716
internal_count=3938 540 329 144 73 71 52 185 83 43 3398 100 3298 211 102 207 76 110 57 54 97 3188 72 64 187 53 84 98 46 76
is_linear=0
shrinkage=0.1


Tree=108
num_leaves=31
num_cat=0
split_feature=7 1 8 4 6 7 4 2 0 10 0 6 0 2 6 10 7 8 8 10 4 8 6 10 8 0 6 6 10 0
split_gain=0.037819 0.016347 0.00980822 0.0114847 0.010761 0.00700161 0.00413664 0.00638724 0.00692656 0.00300017 0.00670976 0.00101427 3.09135e-07 4.64466e-08 7.95906e-09 4.3304e-09 1.04707e-09 4.79622e-10 6.76645e-10 1.34309e-09 2.76311e-10 2.13626e-10 1.78495e-10 1.68192e-10 4.4129e-10 1.6426e-10 6.18716e-11 2.63605e-11 1.8468e-11 1.08798e-11
threshold=1003.5000000000001 2.5000000000000004 980.50000000000011 173.50000000000003 1344.0000000000002 1784.5000000000002 172.50000000000003 1.0000000180025095e-35 3.5000000000000004 0.20416666666666669 3.5000000000000004 989.00000000000011 3.5000000000000004 1.0000000180025095e-35 1344.0000000000002 0.21583850931677012 914.50000000000011 395.00000000000006 980.50000000000011 0.16064516129032258 168.50000000000003 -813.49999999999989 1617.0000000000002 0.22474747474747472 -541.49999999999989 3.5000000000000004 1564.0000000000002 1430.5000000000002 0.2124060150375939 3.5000000000000004
decision_type=2 2 2 2 2 2 2 2 2 2 2 2 2 2 2 2 2 2 2 2 2 2 2 2 2 2 2 2 2 2
left_child=6 9 4 -4 5 11 12 8 28 10 14 21 26 -11 -2 -15 25 20 -19 -20 23 -3 29 -14 -25 27 -1 -9 -8 -17
right_child=1 2 3 -5 -6 -7 7 16 -10 13 -12 -13 17 15 -16 22 -18 18 19 -21 -22 -23 -24 24 -26 -27 -28 -29 -30 -31
leaf_value=0.050001090387746285 0.050025940342858712 0.050025203686773913 -0.029392611538614988 0.041686191399097988 -0.039807380095309916 -0.041133145692135581 0.05000158869735101 0.050001424043679826 -0.050120718404016475 0.050224384622735964 -0.039106689751962284 0.015149788421496283 0.050215650420352635 0.050098029372929453 0.050151549720798286 0.050002097622475074 0.050057980471115961 0.050223909691976258 0.050221320205320163 0.050169572044031135 0.050221592716245426 0.050044310135223438 0.050024778129139205 0.050189199356671571 0.050215416980970297 0.050017878787414219 0.050021912426453811 0.050011549950684589 0.050011418126897411 0.050009467241855725
leaf_weight=0.11756935914308997 0.010312821859770338 0.011726132019248325 0.037406303457828471 0.057946733253629645 0.14084125641966239 0.016378350021113874 0.0086318844832931063 0.018096920437528752 0.018336619948968291 0.026685216464102268 0.014486094703897834 0.01294279355352046 0.051719882398174377 0.0098305733663437422 0.0098746557232516352 0.0041523000272718491 0.0048291046841768539 0.0096065218585863477 0.008775009773671627 0.011706740382578573 0.05299261047548498 0.011681414955091896 0.012457277909561526 0.010007300852521439 0.017909770556798321 0.011127628808026202 0.0014446041022893033 0.0029966127840452819 0.0024551145470468336 0.0038705326423951192
leaf_count=2822 36 30 26 25 16 8 189 378 4 3 5 9 11 11 10 70 19 13 1 52 17 14 36 45 15 33 2 9 6 23
internal_value=0.0210137 -0.000775366 -0.0124491 0.0138025 -0.0253807 0.0131537 0.0448295 0.0223907 -0.0123932 0.0360178 0.0128234 0.0376137 0.0501238 0.0501282 0.0500874 0.0500435 0.0500146 0.0502134 0.050202 0.0501917 0.050216 0.0500347 0.0500173 0.0502123 0.050206 0.050008 0.0500013 0.0500029 0.0500038 0.0500057
internal_weight=0.728798 0.380592 0.288923 0.095353 0.19357 0.0527287 0.348206 0.0664739 0.0294236 0.0916695 0.0346736 0.0363503 0.281732 0.0569959 0.0201875 0.0303107 0.0370503 0.162718 0.0300883 0.0204818 0.13263 0.0234075 0.0204801 0.079637 0.0279171 0.0322212 0.119014 0.0210935 0.011087 0.00802283
internal_count=3938 322 128 51 77 61 3616 638 199 194 51 53 2978 143 46 140 439 154 66 53 88 44 129 71 60 420 2824 387 195 93
is_linear=0
shrinkage=0.1


Tree=109
num_leaves=31
num_cat=0
split_feature=7 1 8 4 6 7 4 2 0 10 0 6 0 2 6 10 7 8 8 10 4 8 6 10 8 0 6 6 10 0
split_gain=0.037819 0.016347 0.00980822 0.0114847 0.010761 0.00700161 0.00413664 0.00638724 0.00692656 0.00300017 0.00670976 0.00101427 3.09135e-07 4.64466e-08 7.95906e-09 4.3304e-09 1.04707e-09 4.79622e-10 6.76645e-10 1.34309e-09 2.76311e-10 2.13626e-10 1.78495e-10 1.68192e-10 4.4129e-10 1.6426e-10 6.18716e-11 2.63605e-11 1.8468e-11 1.08798e-11
threshold=1003.5000000000001 2.5000000000000004 980.50000000000011 173.50000000000003 1344.0000000000002 1784.5000000000002 172.50000000000003 1.0000000180025095e-35 3.5000000000000004 0.20416666666666669 3.5000000000000004 989.00000000000011 3.5000000000000004 1.0000000180025095e-35 1344.0000000000002 0.21583850931677012 914.50000000000011 395.00000000000006 980.50000000000011 0.16064516129032258 168.50000000000003 -813.49999999999989 1617.0000000000002 0.22474747474747472 -541.49999999999989 3.5000000000000004 1564.0000000000002 1430.5000000000002 0.2124060150375939 3.5000000000000004
decision_type=2 2 2 2 2 2 2 2 2 2 2 2 2 2 2 2 2 2 2 2 2 2 2 2 2 2 2 2 2 2
left_child=6 9 4 -4 5 11 12 8 28 10 14 21 26 -11 -2 -15 25 20 -19 -20 23 -3 29 -14 -25 27 -1 -9 -8 -17
right_child=1 2 3 -5 -6 -7 7 16 -10 13 -12 -13 17 15 -16 22 -18 18 19 -21 -22 -23 -24 24 -26 -27 -28 -29 -30 -31
leaf_value=-0.050001090387746285 -0.050025940342858712 -0.050025203686773913 0.029392611538614988 -0.041686191399097988 0.039807380095309916 0.041133145692135581 -0.05000158869735101 -0.050001424043679826 0.050120718404016475 -0.050224384622735964 0.039106689751962284 -0.015149788421496283 -0.050215650420352635 -0.050098029372929453 -0.050151549720798286 -0.050002097622475074 -0.050057980471115961 -0.050223909691976258 -0.050221320205320163 -0.050169572044031135 -0.050221592716245426 -0.050044310135223438 -0.050024778129139205 -0.050189199356671571 -0.050215416980970297 -0.050017878787414219 -0.050021912426453811 -0.050011549950684589 -0.050011418126897411 -0.050009467241855725
leaf_weight=0.11756935914308997 0.010312821859770338 0.011726132019248325 0.037406303457828471 0.057946733253629645 0.14084125641966239 0.016378350021113874 0.0086318844832931063 0.018096920437528752 0.018336619948968291 0.026685216464102268 0.014486094703897834 0.01294279355352046 0.051719882398174377 0.0098305733663437422 0.0098746557232516352 0.0041523000272718491 0.0048291046841768539 0.0096065218585863477 0.008775009773671627 0.011706740382578573 0.05299261047548498 0.011681414955091896 0.012457277909561526 0.010007300852521439 0.017909770556798321 0.011127628808026202 0.0014446041022893033 0.0029966127840452819 0.0024551145470468336 0.0038705326423951192
leaf_count=2822 36 30 26 25 16 8 189 378 4 3 5 9 11 11 10 70 19 13 1 52 17 14 36 45 15 33 2 9 6 23
internal_value=-0.0210137 0.000775366 0.0124491 -0.0138025 0.0253807 -0.0131537 -0.0448295 -0.0223907 0.0123932 -0.0360178 -0.0128234 -0.0376137 -0.0501238 -0.0501282 -0.0500874 -0.0500435 -0.0500146 -0.0502134 -0.050202 -0.0501917 -0.050216 -0.0500347 -0.0500173 -0.0502123 -0.050206 -0.050008 -0.0500013 -0.0500029 -0.0500038 -0.0500057
internal_weight=0.728798 0.380592 0.288923 0.095353 0.19357 0.0527287 0.348206 0.0664739 0.0294236 0.0916695 0.0346736 0.0363503 0.281732 0.0569959 0.0201875 0.0303107 0.0370503 0.162718 0.0300883 0.0204818 0.13263 0.0234075 0.0204801 0.079637 0.0279171 0.0322212 0.119014 0.0210935 0.011087 0.00802283
internal_count=3938 322 128 51 77 61 3616 638 199 194 51 53 2978 143 46 140 439 154 66 53 88 44 129 71 60 420 2824 387 195 93
is_linear=0
shrinkage=0.1


Tree=110
num_leaves=31
num_cat=0
split_feature=7 8 2 10 4 2 0 0 2 8 4 7 6 10 8 8 10 4 7 4 10 0 6 6 8 7 6 10 6 4
split_gain=0.0346644 0.0147356 0.0137601 0.0259744 0.00374061 0.00577929 0.00626647 2.28872e-07 4.24018e-08 1.79726e-08 3.77378e-09 7.75773e-10 7.43068e-10 5.30164e-10 3.5429e-10 5.00294e-10 9.92788e-10 2.04231e-10 1.24368e-10 2.04129e-10 3.57117e-10 1.21719e-10 7.78524e-11 4.5837e-11 4.36177e-11 3.8875e-11 1.95251e-11 1.36785e-11 2.89841e-12 2.06867e-12
threshold=1003.5000000000001 2219.5000000000005 1.0000000180025095e-35 0.18634259259259259 172.50000000000003 1.0000000180025095e-35 3.5000000000000004 3.5000000000000004 1.0000000180025095e-35 861.50000000000011 177.50000000000003 914.50000000000011 922.50000000000011 0.25543478260869573 395.00000000000006 980.50000000000011 0.16064516129032258 168.50000000000003 -692.49999999999989 149.50000000000003 0.18019480519480516 3.5000000000000004 1137.0000000000002 1564.0000000000002 -76.999999999999986 1709.0000000000002 1430.5000000000002 0.2124060150375939 1241.5000000000002 180.50000000000003
decision_type=2 2 2 2 2 2 2 2 2 2 2 2 2 2 2 2 2 2 2 2 2 2 2 2 2 2 2 2 2 2
left_child=4 2 -2 -4 7 6 27 23 -3 12 -11 21 24 -14 17 -16 -17 18 -9 -20 -21 26 -10 28 29 -24 -7 -6 -1 -5
right_child=1 8 3 9 5 11 -8 14 22 10 -12 -13 13 -15 15 16 -18 -19 19 20 -22 -23 25 -25 -26 -27 -28 -29 -30 -31
leaf_value=0.050000932722585427 -0.027014651565403721 0.050220085620430191 -0.042436877649795479 0.05000566904550803 0.050001437647921254 0.0500012883202159 -0.050109201983301981 0.050195030062857943 0.050002132394583468 0.050094840078530191 0.050153118590411043 0.050052463632668014 0.050055392855468353 0.0500261744349218 0.050202517561279525 0.050200172988851655 0.050153409529395669 0.050200417220571808 0.050199286025209615 0.050195793058960915 0.050166627728632132 0.050016178712659447 0.050025754767195001 0.050019824338598876 0.050019664418279902 0.05001417366324698 0.05001044976522049 0.05001033066111446 0.050006311494762548 0.050008882501510844
leaf_weight=0.10536992290508351 0.17682551118195988 0.034500818608648842 0.048185506020672619 0.0059151815512450412 0.0078104745407472365 0.016374812834328623 0.016595278400927782 0.047011703027237672 0.0029335586186789451 0.022008061921951594 0.022440832475695061 0.0043700118731067042 0.012028564702632139 0.012838096296036383 0.0086958557712932816 0.0079431319609284401 0.010595936573736253 0.047968893813049363 0.0081714215803003754 0.0077707306481897822 0.0091322732896514935 0.01006901989603648 0.0062215155703597702 0.0013071836146991691 0.0037018385010014762 0.0054266565912257647 0.0027115039611089733 0.0022215253411559388 0.0010114471297129049 0.0030291979091998655
leaf_count=2815 34 5 7 44 189 378 4 16 57 26 18 19 13 30 13 1 52 17 7 1 47 33 22 2 13 37 9 6 7 16
internal_value=0.0206638 -0.00071621 -0.00885086 0.0158275 0.0448202 0.0223892 -0.0123911 0.050112 0.0501597 0.0500812 0.0501243 0.0500132 0.0500303 0.0500403 0.050193 0.0501827 0.0501734 0.0501954 0.050192 0.0501863 0.05018 0.0500073 0.0500167 0.0500012 0.0500105 0.0500204 0.0500026 0.0500034 0.050001 0.0500068
internal_weight=0.671186 0.356055 0.306973 0.130147 0.315131 0.0601526 0.0266273 0.254979 0.0490825 0.0819618 0.0444489 0.0335253 0.0375129 0.0248667 0.14729 0.0272349 0.0185391 0.120055 0.0720861 0.0250744 0.016903 0.0291553 0.0145817 0.107689 0.0126462 0.0116482 0.0190863 0.010032 0.106381 0.00894438
internal_count=3938 322 201 167 3616 638 199 2978 121 160 44 439 116 43 154 66 53 88 71 55 48 420 116 2824 73 59 387 195 2822 60
is_linear=0
shrinkage=0.1


Tree=111
num_leaves=31
num_cat=0
split_feature=7 8 2 10 4 2 0 0 2 8 4 7 6 10 8 8 10 4 7 4 10 0 6 6 8 7 6 10 6 4
split_gain=0.0346644 0.0147356 0.0137601 0.0259744 0.00374061 0.00577929 0.00626647 2.28872e-07 4.24018e-08 1.79726e-08 3.77378e-09 7.75773e-10 7.43068e-10 5.30164e-10 3.5429e-10 5.00294e-10 9.92788e-10 2.04231e-10 1.24368e-10 2.04129e-10 3.57117e-10 1.21719e-10 7.78524e-11 4.5837e-11 4.36177e-11 3.8875e-11 1.95251e-11 1.36785e-11 2.89841e-12 2.06867e-12
threshold=1003.5000000000001 2219.5000000000005 1.0000000180025095e-35 0.18634259259259259 172.50000000000003 1.0000000180025095e-35 3.5000000000000004 3.5000000000000004 1.0000000180025095e-35 861.50000000000011 177.50000000000003 914.50000000000011 922.50000000000011 0.25543478260869573 395.00000000000006 980.50000000000011 0.16064516129032258 168.50000000000003 -692.49999999999989 149.50000000000003 0.18019480519480516 3.5000000000000004 1137.0000000000002 1564.0000000000002 -76.999999999999986 1709.0000000000002 1430.5000000000002 0.2124060150375939 1241.5000000000002 180.50000000000003
decision_type=2 2 2 2 2 2 2 2 2 2 2 2 2 2 2 2 2 2 2 2 2 2 2 2 2 2 2 2 2 2
left_child=4 2 -2 -4 7 6 27 23 -3 12 -11 21 24 -14 17 -16 -17 18 -9 -20 -21 26 -10 28 29 -24 -7 -6 -1 -5
right_child=1 8 3 9 5 11 -8 14 22 10 -12 -13 13 -15 15 16 -18 -19 19 20 -22 -23 25 -25 -26 -27 -28 -29 -30 -31
leaf_value=-0.050000932722585427 0.027014651565403721 -0.050220085620430191 0.042436877649795479 -0.05000566904550803 -0.050001437647921254 -0.0500012883202159 0.050109201983301981 -0.050195030062857943 -0.050002132394583468 -0.050094840078530191 -0.050153118590411043 -0.050052463632668014 -0.050055392855468353 -0.0500261744349218 -0.050202517561279525 -0.050200172988851655 -0.050153409529395669 -0.050200417220571808 -0.050199286025209615 -0.050195793058960915 -0.050166627728632132 -0.050016178712659447 -0.050025754767195001 -0.050019824338598876 -0.050019664418279902 -0.05001417366324698 -0.05001044976522049 -0.05001033066111446 -0.050006311494762548 -0.050008882501510844
leaf_weight=0.10536992290508351 0.17682551118195988 0.034500818608648842 0.048185506020672619 0.0059151815512450412 0.0078104745407472365 0.016374812834328623 0.016595278400927782 0.047011703027237672 0.0029335586186789451 0.022008061921951594 0.022440832475695061 0.0043700118731067042 0.012028564702632139 0.012838096296036383 0.0086958557712932816 0.0079431319609284401 0.010595936573736253 0.047968893813049363 0.0081714215803003754 0.0077707306481897822 0.0091322732896514935 0.01006901989603648 0.0062215155703597702 0.0013071836146991691 0.0037018385010014762 0.0054266565912257647 0.0027115039611089733 0.0022215253411559388 0.0010114471297129049 0.0030291979091998655
leaf_count=2815 34 5 7 44 189 378 4 16 57 26 18 19 13 30 13 1 52 17 7 1 47 33 22 2 13 37 9 6 7 16
internal_value=-0.0206638 0.00071621 0.00885086 -0.0158275 -0.0448202 -0.0223892 0.0123911 -0.050112 -0.0501597 -0.0500812 -0.0501243 -0.0500132 -0.0500303 -0.0500403 -0.050193 -0.0501827 -0.0501734 -0.0501954 -0.050192 -0.0501863 -0.05018 -0.0500073 -0.0500167 -0.0500012 -0.0500105 -0.0500204 -0.0500026 -0.0500034 -0.050001 -0.0500068
internal_weight=0.671186 0.356055 0.306973 0.130147 0.315131 0.0601526 0.0266273 0.254979 0.0490825 0.0819618 0.0444489 0.0335253 0.0375129 0.0248667 0.14729 0.0272349 0.0185391 0.120055 0.0720861 0.0250744 0.016903 0.0291553 0.0145817 0.107689 0.0126462 0.0116482 0.0190863 0.010032 0.106381 0.00894438
internal_count=3938 322 201 167 3616 638 199 2978 121 160 44 439 116 43 154 66 53 88 71 55 48 420 116 2824 73 59 387 195 2822 60
is_linear=0
shrinkage=0.1


Tree=112
num_leaves=31
num_cat=0
split_feature=6 10 1 8 7 8 7 10 0 10 4 0 0 2 2 0 6 1 10 6 10 7 7 0 7 7 6 6 6 8
split_gain=0.032302 0.0192364 0.0158602 0.0070961 0.0105117 0.00857761 0.00417262 0.00407815 0.00706211 0.00164947 0.00103696 0.0019831 1.52433e-07 4.46336e-08 2.12681e-08 9.85172e-09 8.29013e-09 2.18785e-09 2.7705e-09 6.23242e-09 2.05575e-09 1.12768e-09 4.44005e-10 2.70354e-10 1.32337e-10 6.74762e-11 6.58729e-11 6.41677e-11 5.88809e-11 3.41996e-11
threshold=527.50000000000011 0.26491228070175438 2.5000000000000004 1026.5000000000002 1071.0000000000002 96.000000000000014 1359.5000000000002 0.20416666666666669 3.5000000000000004 0.2124060150375939 183.50000000000003 3.5000000000000004 3.5000000000000004 1.0000000180025095e-35 1.0000000180025095e-35 2.5000000000000004 1519.5000000000002 3.5000000000000004 0.19139194139194138 454.50000000000006 0.21583850931677012 1003.5000000000001 1108.5000000000002 2.5000000000000004 1003.5000000000001 -56.499999999999993 1617.0000000000002 1344.0000000000002 391.00000000000006 -478.49999999999994
decision_type=2 2 2 2 2 2 2 2 2 2 2 2 2 2 2 2 2 2 2 2 2 2 2 2 2 2 2 2 2 2
left_child=10 2 7 5 -5 6 9 8 16 -4 12 28 21 -3 -9 -15 23 18 -14 29 -16 -1 -23 -2 -17 -19 -22 -26 -12 -20
right_child=1 13 3 4 -6 -7 -8 14 -10 -11 11 -13 17 15 20 24 -18 25 19 -21 26 22 -24 -25 27 -27 -28 -29 -30 -31
leaf_value=0.050000956798731788 0.050006298657424147 0.05020333124471419 0.00012557714696802977 -0.040892556249961354 0.037689116812108708 -0.049322190133198496 -0.028723551427188396 0.050178047180565725 -0.040466518771133615 0.050100592426607304 0.050002255135358935 -0.044076491785314337 0.050170970950081585 0.050145213217995671 0.050079860410796498 0.050005270399609475 0.050166142271505933 0.050173419477462469 0.050006005642062847 0.05016357300509388 0.050005546968117702 0.050042753164321309 0.050011225652558028 0.05004098670629098 0.050010987412271668 0.050179456650180067 0.050020790405612706 0.050023467946610195 0.050021991091311668 0.050023371587024634
leaf_weight=0.10760687323818274 0.0039249740329978522 0.031876178458333015 0.012007862482278142 0.02925970505020814 0.040703243901589303 0.10887809423911676 0.025915665624779649 0.022586568768019788 0.01742502985871397 0.014676972698907775 0.003899542054568883 0.0034559765626909211 0.015495060826651752 0.0072637761040823525 0.0080896301824395778 0.0094752153418085072 0.0078462749697791878 0.050158189475951076 0.0019889378172592842 0.007476293865693151 0.0039767626076354654 0.0095676356067997403 0.0083788070969603723 0.0052551360768120503 0.0059158146468689657 0.029344115901949408 0.0098733325976354536 0.013567352581958403 0.002468657217832515 0.0026383011572761461
leaf_count=3116 50 4 14 51 22 19 9 5 7 29 91 2 3 20 13 111 12 37 21 8 53 13 59 14 41 16 31 35 7 25
internal_value=0.0202402 0.00198599 -0.00857278 -0.021777 0.00482491 -0.0333026 -0.000143668 0.0301217 0.00428815 0.0276124 0.0487358 0.0169119 0.0500796 0.050117 0.0501099 0.0500411 0.0500907 0.0501672 0.050143 0.0501071 0.0500398 0.0500048 0.050028 0.0500262 0.050015 0.0501756 0.0500164 0.0500197 0.0500099 0.0500159
internal_weight=0.620996 0.378518 0.310419 0.231442 0.0699629 0.161479 0.0526005 0.0789777 0.0344514 0.0266848 0.242478 0.00982418 0.232654 0.0680983 0.0445263 0.0362222 0.0170264 0.107101 0.0275986 0.0121035 0.0219397 0.125553 0.0179464 0.00918011 0.0289584 0.0795023 0.0138501 0.0194832 0.0063682 0.00462724
internal_count=3938 540 329 144 73 71 52 185 83 43 3398 100 3298 211 102 207 76 110 57 54 97 3188 72 64 187 53 84 76 98 46
is_linear=0
shrinkage=0.1


Tree=113
num_leaves=31
num_cat=0
split_feature=6 10 1 8 7 8 7 10 0 10 4 0 0 2 2 0 6 1 10 6 10 7 7 0 7 7 6 6 6 8
split_gain=0.032302 0.0192364 0.0158602 0.0070961 0.0105117 0.00857761 0.00417262 0.00407815 0.00706211 0.00164947 0.00103696 0.0019831 1.52433e-07 4.46336e-08 2.12681e-08 9.85172e-09 8.29013e-09 2.18785e-09 2.7705e-09 6.23242e-09 2.05575e-09 1.12768e-09 4.44005e-10 2.70354e-10 1.32337e-10 6.74762e-11 6.58729e-11 6.41677e-11 5.88809e-11 3.41996e-11
threshold=527.50000000000011 0.26491228070175438 2.5000000000000004 1026.5000000000002 1071.0000000000002 96.000000000000014 1359.5000000000002 0.20416666666666669 3.5000000000000004 0.2124060150375939 183.50000000000003 3.5000000000000004 3.5000000000000004 1.0000000180025095e-35 1.0000000180025095e-35 2.5000000000000004 1519.5000000000002 3.5000000000000004 0.19139194139194138 454.50000000000006 0.21583850931677012 1003.5000000000001 1108.5000000000002 2.5000000000000004 1003.5000000000001 -56.499999999999993 1617.0000000000002 1344.0000000000002 391.00000000000006 -478.49999999999994
decision_type=2 2 2 2 2 2 2 2 2 2 2 2 2 2 2 2 2 2 2 2 2 2 2 2 2 2 2 2 2 2
left_child=10 2 7 5 -5 6 9 8 16 -4 12 28 21 -3 -9 -15 23 18 -14 29 -16 -1 -23 -2 -17 -19 -22 -26 -12 -20
right_child=1 13 3 4 -6 -7 -8 14 -10 -11 11 -13 17 15 20 24 -18 25 19 -21 26 22 -24 -25 27 -27 -28 -29 -30 -31
leaf_value=-0.050000956798731788 -0.050006298657424147 -0.05020333124471419 -0.00012557714696802977 0.040892556249961354 -0.037689116812108708 0.049322190133198496 0.028723551427188396 -0.050178047180565725 0.040466518771133615 -0.050100592426607304 -0.050002255135358935 0.044076491785314337 -0.050170970950081585 -0.050145213217995671 -0.050079860410796498 -0.050005270399609475 -0.050166142271505933 -0.050173419477462469 -0.050006005642062847 -0.05016357300509388 -0.050005546968117702 -0.050042753164321309 -0.050011225652558028 -0.05004098670629098 -0.050010987412271668 -0.050179456650180067 -0.050020790405612706 -0.050023467946610195 -0.050021991091311668 -0.050023371587024634
leaf_weight=0.10760687323818274 0.0039249740329978522 0.031876178458333015 0.012007862482278142 0.02925970505020814 0.040703243901589303 0.10887809423911676 0.025915665624779649 0.022586568768019788 0.01742502985871397 0.014676972698907775 0.003899542054568883 0.0034559765626909211 0.015495060826651752 0.0072637761040823525 0.0080896301824395778 0.0094752153418085072 0.0078462749697791878 0.050158189475951076 0.0019889378172592842 0.007476293865693151 0.0039767626076354654 0.0095676356067997403 0.0083788070969603723 0.0052551360768120503 0.0059158146468689657 0.029344115901949408 0.0098733325976354536 0.013567352581958403 0.002468657217832515 0.0026383011572761461
leaf_count=3116 50 4 14 51 22 19 9 5 7 29 91 2 3 20 13 111 12 37 21 8 53 13 59 14 41 16 31 35 7 25
internal_value=-0.0202402 -0.00198599 0.00857278 0.021777 -0.00482491 0.0333026 0.000143668 -0.0301217 -0.00428815 -0.0276124 -0.0487358 -0.0169119 -0.0500796 -0.050117 -0.0501099 -0.0500411 -0.0500907 -0.0501672 -0.050143 -0.0501071 -0.0500398 -0.0500048 -0.050028 -0.0500262 -0.050015 -0.0501756 -0.0500164 -0.0500197 -0.0500099 -0.0500159
internal_weight=0.620996 0.378518 0.310419 0.231442 0.0699629 0.161479 0.0526005 0.0789777 0.0344514 0.0266848 0.242478 0.00982418 0.232654 0.0680983 0.0445263 0.0362222 0.0170264 0.107101 0.0275986 0.0121035 0.0219397 0.125553 0.0179464 0.00918011 0.0289584 0.0795023 0.0138501 0.0194832 0.0063682 0.00462724
internal_count=3938 540 329 144 73 71 52 185 83 43 3398 100 3298 211 102 207 76 110 57 54 97 3188 72 64 187 53 84 76 98 46
is_linear=0
shrinkage=0.1


Tree=114
num_leaves=31
num_cat=0
split_feature=6 10 1 8 0 8 10 0 7 4 4 0 0 2 2 2 0 6 6 1 10 6 10 7 7 0 7 6 7 6
split_gain=0.0294653 0.0173477 0.0140627 0.00630696 0.00941741 0.00798484 0.00373413 0.00628815 0.00355126 0.00159142 0.000952425 0.00178031 1.12868e-07 3.30418e-08 2.5757e-08 1.57461e-08 7.29629e-09 6.13868e-09 3.79053e-09 1.61899e-09 2.05086e-09 4.61476e-09 1.52274e-09 8.35256e-10 3.28895e-10 2.00278e-10 9.80372e-11 8.2923e-11 4.99061e-11 4.87924e-11
threshold=527.50000000000011 0.26491228070175438 2.5000000000000004 1026.5000000000002 3.5000000000000004 96.000000000000014 0.20416666666666669 3.5000000000000004 1359.5000000000002 170.50000000000003 183.50000000000003 3.5000000000000004 3.5000000000000004 1.0000000180025095e-35 1.0000000180025095e-35 1.0000000180025095e-35 2.5000000000000004 1519.5000000000002 1893.0000000000002 3.5000000000000004 0.19139194139194138 454.50000000000006 0.21583850931677012 1003.5000000000001 1108.5000000000002 2.5000000000000004 1003.5000000000001 1430.5000000000002 -56.499999999999993 1617.0000000000002
decision_type=2 2 2 2 2 2 2 2 2 2 2 2 2 2 2 2 2 2 2 2 2 2 2 2 2 2 2 2 2 2
left_child=10 2 6 5 14 8 7 17 9 -4 12 -12 23 -3 -5 -8 -15 25 27 20 -14 -22 -17 -1 -25 -2 -18 -16 -21 -24
right_child=1 13 3 4 -6 -7 15 -9 -10 -11 11 -13 19 16 18 22 26 -19 -20 28 21 -23 29 24 -26 -27 -28 -29 -30 -31
leaf_value=0.050000868126240244 0.050005698862376637 0.050183911602097647 -0.00014722197216200054 0.050272635492524011 -0.026715685766340577 -0.048967721766815624 0.050161051115847857 -0.038952463658418139 -0.026727570283103037 0.050099255359605036 0.050008963488800698 -0.042996131134741516 0.050154653603627725 0.05013136560600874 0.050006020140688494 0.050072252964296564 0.050004769277143368 0.050150290801368153 0.050115706338181368 0.050156865018086895 0.050014393084104394 0.050147964239324029 0.050005018832239984 0.050038682919081472 0.050010157711740125 0.050037084940482403 0.050017806022261038 0.050028158945660754 0.050162322350796887 0.050018810491832169
leaf_weight=0.097366893258367782 0.0035515037752702483 0.028853353578597307 0.01194783236769581 0.011010177155185374 0.039108671344365575 0.099195115768452524 0.02044374511751812 0.01634893479058519 0.025109950118348934 0.013342698468477465 0.0057622880121925846 0.0032017811026889831 0.01402484014397487 0.0065742597216740242 0.0034328543515584889 0.00732085567597096 0.0085736109567733365 0.00710173296283756 0.0091193378902971745 0.045399224950415373 0.0041870191889756825 0.0067668290357687511 0.003598359644456651 0.0086578231748717371 0.0075816118423972503 0.0047553957729178364 0.017629725207370939 0.0033360067754983902 0.026560262273051194 0.008934096454140672
leaf_count=3116 50 4 28 4 18 19 5 7 9 15 98 2 3 20 45 13 111 12 2 37 46 8 53 13 59 14 76 4 16 31
internal_value=0.0200022 0.00195909 -0.00835643 -0.0211385 0.00460974 -0.0324995 0.0298902 0.00424668 -8.785e-05 0.0263617 0.0487128 0.0167895 0.050072 0.0501059 0.0501551 0.0500995 0.0500372 0.050082 0.0500736 0.0501513 0.0501293 0.0500969 0.050036 0.0500044 0.0500254 0.0500237 0.0500135 0.0500169 0.0501589 0.0500149
internal_weight=0.568797 0.349288 0.287657 0.215603 0.066007 0.149596 0.0720546 0.0317576 0.0504005 0.0252905 0.219509 0.00896407 0.210545 0.0616309 0.0268984 0.0402971 0.0327776 0.0154086 0.0158882 0.0969382 0.0249787 0.0109538 0.0198533 0.113606 0.0162394 0.0083069 0.0262033 0.00676886 0.0719595 0.0125325
internal_count=3938 540 329 144 73 71 185 83 52 43 3398 100 3298 211 55 102 207 76 51 110 57 54 97 3188 72 64 187 49 53 84
is_linear=0
shrinkage=0.1


Tree=115
num_leaves=31
num_cat=0
split_feature=6 10 1 8 0 8 10 0 7 4 4 0 0 2 2 2 0 6 6 1 10 6 10 7 7 0 7 6 7 6
split_gain=0.0294653 0.0173477 0.0140627 0.00630696 0.00941741 0.00798484 0.00373413 0.00628815 0.00355126 0.00159142 0.000952425 0.00178031 1.12868e-07 3.30418e-08 2.5757e-08 1.57461e-08 7.29629e-09 6.13868e-09 3.79053e-09 1.61899e-09 2.05086e-09 4.61476e-09 1.52274e-09 8.35256e-10 3.28895e-10 2.00278e-10 9.80372e-11 8.2923e-11 4.99061e-11 4.87924e-11
threshold=527.50000000000011 0.26491228070175438 2.5000000000000004 1026.5000000000002 3.5000000000000004 96.000000000000014 0.20416666666666669 3.5000000000000004 1359.5000000000002 170.50000000000003 183.50000000000003 3.5000000000000004 3.5000000000000004 1.0000000180025095e-35 1.0000000180025095e-35 1.0000000180025095e-35 2.5000000000000004 1519.5000000000002 1893.0000000000002 3.5000000000000004 0.19139194139194138 454.50000000000006 0.21583850931677012 1003.5000000000001 1108.5000000000002 2.5000000000000004 1003.5000000000001 1430.5000000000002 -56.499999999999993 1617.0000000000002
decision_type=2 2 2 2 2 2 2 2 2 2 2 2 2 2 2 2 2 2 2 2 2 2 2 2 2 2 2 2 2 2
left_child=10 2 6 5 14 8 7 17 9 -4 12 -12 23 -3 -5 -8 -15 25 27 20 -14 -22 -17 -1 -25 -2 -18 -16 -21 -24
right_child=1 13 3 4 -6 -7 15 -9 -10 -11 11 -13 19 16 18 22 26 -19 -20 28 21 -23 29 24 -26 -27 -28 -29 -30 -31
leaf_value=-0.050000868126240244 -0.050005698862376637 -0.050183911602097647 0.00014722197216200054 -0.050272635492524011 0.026715685766340577 0.048967721766815624 -0.050161051115847857 0.038952463658418139 0.026727570283103037 -0.050099255359605036 -0.050008963488800698 0.042996131134741516 -0.050154653603627725 -0.05013136560600874 -0.050006020140688494 -0.050072252964296564 -0.050004769277143368 -0.050150290801368153 -0.050115706338181368 -0.050156865018086895 -0.050014393084104394 -0.050147964239324029 -0.050005018832239984 -0.050038682919081472 -0.050010157711740125 -0.050037084940482403 -0.050017806022261038 -0.050028158945660754 -0.050162322350796887 -0.050018810491832169
leaf_weight=0.097366893258367782 0.0035515037752702483 0.028853353578597307 0.01194783236769581 0.011010177155185374 0.039108671344365575 0.099195115768452524 0.02044374511751812 0.01634893479058519 0.025109950118348934 0.013342698468477465 0.0057622880121925846 0.0032017811026889831 0.01402484014397487 0.0065742597216740242 0.0034328543515584889 0.00732085567597096 0.0085736109567733365 0.00710173296283756 0.0091193378902971745 0.045399224950415373 0.0041870191889756825 0.0067668290357687511 0.003598359644456651 0.0086578231748717371 0.0075816118423972503 0.0047553957729178364 0.017629725207370939 0.0033360067754983902 0.026560262273051194 0.008934096454140672
leaf_count=3116 50 4 28 4 18 19 5 7 9 15 98 2 3 20 45 13 111 12 2 37 46 8 53 13 59 14 76 4 16 31
internal_value=-0.0200022 -0.00195909 0.00835643 0.0211385 -0.00460974 0.0324995 -0.0298902 -0.00424668 8.785e-05 -0.0263617 -0.0487128 -0.0167895 -0.050072 -0.0501059 -0.0501551 -0.0500995 -0.0500372 -0.050082 -0.0500736 -0.0501513 -0.0501293 -0.0500969 -0.050036 -0.0500044 -0.0500254 -0.0500237 -0.0500135 -0.0500169 -0.0501589 -0.0500149
internal_weight=0.568797 0.349288 0.287657 0.215603 0.066007 0.149596 0.0720546 0.0317576 0.0504005 0.0252905 0.219509 0.00896407 0.210545 0.0616309 0.0268984 0.0402971 0.0327776 0.0154086 0.0158882 0.0969382 0.0249787 0.0109538 0.0198533 0.113606 0.0162394 0.0083069 0.0262033 0.00676886 0.0719595 0.0125325
internal_count=3938 540 329 144 73 71 185 83 52 43 3398 100 3298 211 55 102 207 76 51 110 57 54 97 3188 72 64 187 49 53 84
is_linear=0
shrinkage=0.1


Tree=116
num_leaves=31
num_cat=0
split_feature=6 10 1 6 0 10 0 4 0 0 2 6 2 0 6 6 1 10 6 10 7 7 0 7 2 7 6 6 6 8
split_gain=0.0268796 0.0156315 0.012434 0.00599269 0.00963689 0.00342537 0.00558982 0.000877179 0.00159658 8.35785e-08 2.44614e-08 1.65989e-08 1.16576e-08 5.40405e-09 4.5458e-09 2.80524e-09 1.19805e-09 1.51816e-09 3.41729e-09 1.12786e-09 6.1876e-10 2.43617e-10 1.4837e-10 7.26165e-11 7.07182e-11 3.69329e-11 3.61471e-11 3.52165e-11 3.23187e-11 1.8767e-11
threshold=527.50000000000011 0.26491228070175438 2.5000000000000004 1344.0000000000002 3.5000000000000004 0.20416666666666669 3.5000000000000004 183.50000000000003 3.5000000000000004 3.5000000000000004 1.0000000180025095e-35 597.50000000000011 1.0000000180025095e-35 2.5000000000000004 1519.5000000000002 1084.0000000000002 3.5000000000000004 0.19139194139194138 454.50000000000006 0.21583850931677012 1003.5000000000001 1108.5000000000002 2.5000000000000004 1003.5000000000001 1.0000000180025095e-35 -56.499999999999993 1617.0000000000002 1344.0000000000002 391.00000000000006 -478.49999999999994
decision_type=2 2 2 2 2 2 2 2 2 2 2 2 2 2 2 2 2 2 2 2 2 2 2 2 2 2 2 2 2 2
left_child=7 2 5 4 11 6 14 9 28 20 -3 -4 -7 -12 22 24 17 -11 29 -14 -1 -22 -2 -15 -13 -18 -21 -25 -9 -19
right_child=1 10 3 -5 -6 12 -8 8 -10 16 13 15 19 23 -16 -17 25 18 -20 26 21 -23 -24 27 -26 -27 -28 -29 -30 -31
leaf_value=0.05000078482568137 0.050005155908659706 0.050166350597587332 0.050224779814794007 -0.035668612888377534 -0.022313414199167721 0.050145677439560471 -0.037306247945939237 0.050001847188485528 -0.041774247486165601 0.050139897683875667 0.050118842670198671 0.050029345813950146 0.050065369818958906 0.050004316136508214 0.050135955476957206 0.050099576382057621 0.050141894292983762 0.050004916767889242 0.050133851397443377 0.05000454106285538 0.050034998958942339 0.05000919066988601 0.050033554739475128 0.050008995640436676 0.050005636331320283 0.050146829012670396 0.050017020308239096 0.050019213698627198 0.050018006203667878 0.050019133707873156
leaf_weight=0.088101345139421028 0.0032135666469912394 0.026116268243640661 0.010962975949951215 0.11317919285647804 0.062113136757034226 0.018503647806937806 0.015413017725222744 0.0031926554820529418 0.002977619122248143 0.012693744909483939 0.0059500471288629333 0.0017371161393384691 0.0066250486415810874 0.0077577907877639509 0.0064276579087163555 0.0088074545892595779 0.041090558439464075 0.0016284090206681867 0.006124516186901019 0.0032559599731030184 0.0078344696757994825 0.0068602519359046718 0.0043031481473008171 0.0048435662847623453 0.004561341575026745 0.024039766354690073 0.0080841793924264493 0.011108981761026371 0.0020213626976328669 0.0021602611441267072
leaf_count=3116 50 4 15 23 27 5 7 91 2 3 20 9 13 111 12 8 37 21 8 53 13 59 14 41 62 16 31 35 7 25
internal_value=0.0197504 0.00194483 -0.00810691 -0.0204411 -0.000896938 0.0296231 0.00419832 0.0486876 0.0166457 0.0500651 0.0500958 0.0501311 0.05009 0.0500336 0.0500742 0.0500631 0.0501368 0.050117 0.0500877 0.0500326 0.050004 0.050023 0.0500214 0.0500123 0.0500122 0.0501437 0.0500134 0.0500161 0.0500081 0.050013
internal_weight=0.521689 0.322964 0.267187 0.201361 0.088182 0.0658262 0.0293574 0.198725 0.00819164 0.190533 0.0557767 0.0260689 0.0364688 0.0296604 0.0139444 0.0151059 0.0877373 0.0226069 0.00991319 0.0179652 0.102796 0.0146947 0.00751671 0.0237103 0.00629846 0.0651303 0.0113401 0.0159525 0.00521402 0.00378867
internal_count=3938 540 329 144 121 185 83 3398 100 3298 211 94 102 207 76 79 110 57 54 97 3188 72 64 187 71 53 84 76 98 46
is_linear=0
shrinkage=0.1


Tree=117
num_leaves=31
num_cat=0
split_feature=6 10 1 6 0 10 0 4 0 0 2 6 2 0 6 6 1 10 6 10 7 7 0 7 2 7 6 6 6 8
split_gain=0.0268796 0.0156315 0.012434 0.00599269 0.00963689 0.00342537 0.00558982 0.000877179 0.00159658 8.35785e-08 2.44614e-08 1.65989e-08 1.16576e-08 5.40405e-09 4.5458e-09 2.80524e-09 1.19805e-09 1.51816e-09 3.41729e-09 1.12786e-09 6.1876e-10 2.43617e-10 1.4837e-10 7.26165e-11 7.07182e-11 3.69329e-11 3.61471e-11 3.52165e-11 3.23187e-11 1.8767e-11
threshold=527.50000000000011 0.26491228070175438 2.5000000000000004 1344.0000000000002 3.5000000000000004 0.20416666666666669 3.5000000000000004 183.50000000000003 3.5000000000000004 3.5000000000000004 1.0000000180025095e-35 597.50000000000011 1.0000000180025095e-35 2.5000000000000004 1519.5000000000002 1084.0000000000002 3.5000000000000004 0.19139194139194138 454.50000000000006 0.21583850931677012 1003.5000000000001 1108.5000000000002 2.5000000000000004 1003.5000000000001 1.0000000180025095e-35 -56.499999999999993 1617.0000000000002 1344.0000000000002 391.00000000000006 -478.49999999999994
decision_type=2 2 2 2 2 2 2 2 2 2 2 2 2 2 2 2 2 2 2 2 2 2 2 2 2 2 2 2 2 2
left_child=7 2 5 4 11 6 14 9 28 20 -3 -4 -7 -12 22 24 17 -11 29 -14 -1 -22 -2 -15 -13 -18 -21 -25 -9 -19
right_child=1 10 3 -5 -6 12 -8 8 -10 16 13 15 19 23 -16 -17 25 18 -20 26 21 -23 -24 27 -26 -27 -28 -29 -30 -31
leaf_value=-0.05000078482568137 -0.050005155908659706 -0.050166350597587332 -0.050224779814794007 0.035668612888377534 0.022313414199167721 -0.050145677439560471 0.037306247945939237 -0.050001847188485528 0.041774247486165601 -0.050139897683875667 -0.050118842670198671 -0.050029345813950146 -0.050065369818958906 -0.050004316136508214 -0.050135955476957206 -0.050099576382057621 -0.050141894292983762 -0.050004916767889242 -0.050133851397443377 -0.05000454106285538 -0.050034998958942339 -0.05000919066988601 -0.050033554739475128 -0.050008995640436676 -0.050005636331320283 -0.050146829012670396 -0.050017020308239096 -0.050019213698627198 -0.050018006203667878 -0.050019133707873156
leaf_weight=0.088101345139421028 0.0032135666469912394 0.026116268243640661 0.010962975949951215 0.11317919285647804 0.062113136757034226 0.018503647806937806 0.015413017725222744 0.0031926554820529418 0.002977619122248143 0.012693744909483939 0.0059500471288629333 0.0017371161393384691 0.0066250486415810874 0.0077577907877639509 0.0064276579087163555 0.0088074545892595779 0.041090558439464075 0.0016284090206681867 0.006124516186901019 0.0032559599731030184 0.0078344696757994825 0.0068602519359046718 0.0043031481473008171 0.0048435662847623453 0.004561341575026745 0.024039766354690073 0.0080841793924264493 0.011108981761026371 0.0020213626976328669 0.0021602611441267072
leaf_count=3116 50 4 15 23 27 5 7 91 2 3 20 9 13 111 12 8 37 21 8 53 13 59 14 41 62 16 31 35 7 25
internal_value=-0.0197504 -0.00194483 0.00810691 0.0204411 0.000896938 -0.0296231 -0.00419832 -0.0486876 -0.0166457 -0.0500651 -0.0500958 -0.0501311 -0.05009 -0.0500336 -0.0500742 -0.0500631 -0.0501368 -0.050117 -0.0500877 -0.0500326 -0.050004 -0.050023 -0.0500214 -0.0500123 -0.0500122 -0.0501437 -0.0500134 -0.0500161 -0.0500081 -0.050013
internal_weight=0.521689 0.322964 0.267187 0.201361 0.088182 0.0658262 0.0293574 0.198725 0.00819164 0.190533 0.0557767 0.0260689 0.0364688 0.0296604 0.0139444 0.0151059 0.0877373 0.0226069 0.00991319 0.0179652 0.102796 0.0146947 0.00751671 0.0237103 0.00629846 0.0651303 0.0113401 0.0159525 0.00521402 0.00378867
internal_count=3938 540 329 144 121 185 83 3398 100 3298 211 94 102 207 76 79 110 57 54 97 3188 72 64 187 71 53 84 76 98 46
is_linear=0
shrinkage=0.1


Tree=118
num_leaves=31
num_cat=0
split_feature=6 10 1 8 7 8 7 10 0 4 4 0 0 2 2 0 6 1 10 6 10 7 7 0 7 7 6 6 6 8
split_gain=0.0246566 0.0140449 0.0108292 0.00560526 0.00858148 0.00733256 0.00319556 0.00314825 0.00496132 0.00148727 0.000810372 0.00143028 6.18911e-08 1.81104e-08 8.63213e-09 4.00232e-09 3.36628e-09 8.86701e-10 1.12381e-09 2.53061e-09 8.35405e-10 4.58352e-10 1.80465e-10 1.09898e-10 5.38014e-11 2.7326e-11 2.67764e-11 2.60849e-11 2.39398e-11 1.3905e-11
threshold=527.50000000000011 0.26491228070175438 2.5000000000000004 1026.5000000000002 1071.0000000000002 96.000000000000014 1359.5000000000002 0.20416666666666669 3.5000000000000004 170.50000000000003 183.50000000000003 3.5000000000000004 3.5000000000000004 1.0000000180025095e-35 1.0000000180025095e-35 2.5000000000000004 1519.5000000000002 3.5000000000000004 0.19139194139194138 454.50000000000006 0.21583850931677012 1003.5000000000001 1108.5000000000002 2.5000000000000004 1003.5000000000001 -56.499999999999993 1617.0000000000002 1344.0000000000002 391.00000000000006 -478.49999999999994
decision_type=2 2 2 2 2 2 2 2 2 2 2 2 2 2 2 2 2 2 2 2 2 2 2 2 2 2 2 2 2 2
left_child=10 2 7 5 -5 6 9 8 16 -4 12 28 21 -3 -9 -15 23 18 -14 29 -16 -1 -23 -2 -17 -19 -22 -26 -12 -20
right_child=1 13 3 4 -6 -7 -8 14 -10 -11 11 -13 17 15 20 24 -18 25 19 -21 26 22 -24 -25 27 -27 -28 -29 -30 -31
leaf_value=0.050000710905516534 0.050004666795166811 0.050150470659494829 -3.2546406477112829e-05 -0.039430759404877586 0.03679902186788022 -0.048489695161327784 -0.025721126864806966 0.050131781642466615 -0.035542284028164964 0.050094723574024613 0.050001671306528411 -0.040408444404970545 0.050126551634344291 0.050107511340819789 0.050059143479296624 0.05000390476937764 0.050122989744711181 0.050128356584307213 0.050004449427724612 0.050121087769606859 0.050004109373630104 0.050031667188512256 0.050008315998506372 0.050030360733391656 0.050008140005493432 0.050132818294165452 0.050015400546230784 0.050017384846470753 0.050016291666832552 0.050017314248006164
leaf_weight=0.079717506677752681 0.0029077823674015235 0.023638078942894936 0.011151341370350565 0.024925280986280995 0.036237860647815978 0.08455366843372758 0.022986971191130579 0.016747198271332309 0.014603381816414185 0.012614309642231092 0.002888843812797858 0.0027807824371848255 0.01148867781739682 0.0053849806699872707 0.0059952996434731167 0.007019594212579249 0.00581741313180828 0.037189805335401616 0.0014734584847246879 0.0055430310403608019 0.0029461385693139164 0.0070893694792175665 0.006207515713867906 0.0038938853331274004 0.0043827112222061268 0.021757850300673454 0.0073150928519680747 0.010052171061033732 0.0018290640709892614 0.0019547526262613246
leaf_count=3116 50 4 28 51 22 19 9 5 7 15 91 2 3 20 13 111 12 37 21 8 53 13 59 14 41 16 31 35 7 25
internal_value=0.0193331 0.00192925 -0.00769049 -0.0192705 0.00573376 -0.0309177 0.000861911 0.0293168 0.00414231 0.026574 0.0486594 0.0164779 0.0500589 0.0500866 0.0500814 0.0500304 0.0500671 0.0501238 0.0501058 0.0500793 0.0500295 0.0500036 0.0500208 0.0500194 0.0500111 0.05013 0.0500122 0.0500146 0.0500073 0.0500118
internal_weight=0.483094 0.303173 0.252696 0.192469 0.0611631 0.131306 0.0467526 0.0602262 0.0272225 0.0237657 0.179921 0.00749869 0.172422 0.0504775 0.0330037 0.0268395 0.0126191 0.0794076 0.0204599 0.00897124 0.0162565 0.0930144 0.0132969 0.00680167 0.0214545 0.0589477 0.0102612 0.0144349 0.00471791 0.00342821
internal_count=3938 540 329 144 73 71 52 185 83 43 3398 100 3298 211 102 207 76 110 57 54 97 3188 72 64 187 53 84 76 98 46
is_linear=0
shrinkage=0.1


Tree=119
num_leaves=31
num_cat=0
split_feature=6 10 1 8 7 8 7 10 0 4 4 0 0 2 2 0 6 1 10 6 10 7 7 0 7 7 6 6 6 8
split_gain=0.0246566 0.0140449 0.0108292 0.00560526 0.00858148 0.00733256 0.00319556 0.00314825 0.00496132 0.00148727 0.000810372 0.00143028 6.18911e-08 1.81104e-08 8.63213e-09 4.00232e-09 3.36628e-09 8.86701e-10 1.12381e-09 2.53061e-09 8.35405e-10 4.58352e-10 1.80465e-10 1.09898e-10 5.38014e-11 2.7326e-11 2.67764e-11 2.60849e-11 2.39398e-11 1.3905e-11
threshold=527.50000000000011 0.26491228070175438 2.5000000000000004 1026.5000000000002 1071.0000000000002 96.000000000000014 1359.5000000000002 0.20416666666666669 3.5000000000000004 170.50000000000003 183.50000000000003 3.5000000000000004 3.5000000000000004 1.0000000180025095e-35 1.0000000180025095e-35 2.5000000000000004 1519.5000000000002 3.5000000000000004 0.19139194139194138 454.50000000000006 0.21583850931677012 1003.5000000000001 1108.5000000000002 2.5000000000000004 1003.5000000000001 -56.499999999999993 1617.0000000000002 1344.0000000000002 391.00000000000006 -478.49999999999994
decision_type=2 2 2 2 2 2 2 2 2 2 2 2 2 2 2 2 2 2 2 2 2 2 2 2 2 2 2 2 2 2
left_child=10 2 7 5 -5 6 9 8 16 -4 12 28 21 -3 -9 -15 23 18 -14 29 -16 -1 -23 -2 -17 -19 -22 -26 -12 -20
right_child=1 13 3 4 -6 -7 -8 14 -10 -11 11 -13 17 15 20 24 -18 25 19 -21 26 22 -24 -25 27 -27 -28 -29 -30 -31
leaf_value=-0.050000710905516534 -0.050004666795166811 -0.050150470659494829 3.2546406477112829e-05 0.039430759404877586 -0.03679902186788022 0.048489695161327784 0.025721126864806966 -0.050131781642466615 0.035542284028164964 -0.050094723574024613 -0.050001671306528411 0.040408444404970545 -0.050126551634344291 -0.050107511340819789 -0.050059143479296624 -0.05000390476937764 -0.050122989744711181 -0.050128356584307213 -0.050004449427724612 -0.050121087769606859 -0.050004109373630104 -0.050031667188512256 -0.050008315998506372 -0.050030360733391656 -0.050008140005493432 -0.050132818294165452 -0.050015400546230784 -0.050017384846470753 -0.050016291666832552 -0.050017314248006164
leaf_weight=0.079717506677752681 0.0029077823674015235 0.023638078942894936 0.011151341370350565 0.024925280986280995 0.036237860647815978 0.08455366843372758 0.022986971191130579 0.016747198271332309 0.014603381816414185 0.012614309642231092 0.002888843812797858 0.0027807824371848255 0.01148867781739682 0.0053849806699872707 0.0059952996434731167 0.007019594212579249 0.00581741313180828 0.037189805335401616 0.0014734584847246879 0.0055430310403608019 0.0029461385693139164 0.0070893694792175665 0.006207515713867906 0.0038938853331274004 0.0043827112222061268 0.021757850300673454 0.0073150928519680747 0.010052171061033732 0.0018290640709892614 0.0019547526262613246
leaf_count=3116 50 4 28 51 22 19 9 5 7 15 91 2 3 20 13 111 12 37 21 8 53 13 59 14 41 16 31 35 7 25
internal_value=-0.0193331 -0.00192925 0.00769049 0.0192705 -0.00573376 0.0309177 -0.000861911 -0.0293168 -0.00414231 -0.026574 -0.0486594 -0.0164779 -0.0500589 -0.0500866 -0.0500814 -0.0500304 -0.0500671 -0.0501238 -0.0501058 -0.0500793 -0.0500295 -0.0500036 -0.0500208 -0.0500194 -0.0500111 -0.05013 -0.0500122 -0.0500146 -0.0500073 -0.0500118
internal_weight=0.483094 0.303173 0.252696 0.192469 0.0611631 0.131306 0.0467526 0.0602262 0.0272225 0.0237657 0.179921 0.00749869 0.172422 0.0504775 0.0330037 0.0268395 0.0126191 0.0794076 0.0204599 0.00897124 0.0162565 0.0930144 0.0132969 0.00680167 0.0214545 0.0589477 0.0102612 0.0144349 0.00471791 0.00342821
internal_count=3938 540 329 144 73 71 52 185 83 43 3398 100 3298 211 102 207 76 110 57 54 97 3188 72 64 187 53 84 76 98 46
is_linear=0
shrinkage=0.1


Tree=120
num_leaves=31
num_cat=0
split_feature=4 10 0 8 6 2 10 8 7 0 2 2 10 2 6 0 7 7 2 7 10 7 6 6 6 10 8 7 4 7
split_gain=0.0226563 0.00951646 0.00933586 0.00921511 0.00563553 0.00618549 0.0148197 0.00252442 0.00108908 4.02204e-08 1.01436e-08 8.87948e-09 8.36068e-09 5.63254e-09 4.13498e-09 2.70458e-09 8.00399e-10 5.12449e-10 3.04256e-10 8.65277e-11 5.04771e-11 3.11757e-11 3.06153e-11 2.90686e-11 2.19946e-11 2.01517e-11 1.90829e-11 7.62342e-12 2.82988e-12 1.71618e-12
threshold=169.50000000000003 0.26491228070175438 2.5000000000000004 2289.5000000000005 619.50000000000011 1.0000000180025095e-35 0.18898809523809523 -270.99999999999994 1877.0000000000002 3.5000000000000004 1.0000000180025095e-35 1.0000000180025095e-35 0.22474747474747472 1.0000000180025095e-35 1084.0000000000002 2.5000000000000004 1003.5000000000001 2239.5000000000005 1.0000000180025095e-35 1003.5000000000001 0.19615384615384618 1003.5000000000001 1564.0000000000002 1617.0000000000002 1617.0000000000002 0.18898809523809523 -541.49999999999989 2239.5000000000005 179.50000000000003 1044.0000000000002
decision_type=2 2 2 2 2 2 2 2 2 2 2 2 2 2 2 2 2 2 2 2 2 2 2 2 2 2 2 2 2 2
left_child=9 2 14 4 7 -6 -7 8 -4 16 -3 -11 -8 -5 19 -12 22 24 -18 -2 -15 -17 -1 25 29 -20 -23 -22 -28 -13
right_child=1 10 3 13 5 6 12 -9 -10 11 15 17 -14 20 -16 21 18 -19 23 -21 27 26 -24 -25 -26 -27 28 -29 -30 -31
leaf_value=0.05000063658180845 0.050000643907251244 0.050136051581452026 0.017618518202965096 0.050122258119807084 -0.038205135807908769 -0.049905099259866421 0.050142635834698274 0.050147264627601829 -0.039583963073867752 0.050121279631006023 0.050093899538288481 0.050000830408501208 0.050037990649990885 0.050022809677160357 0.050087625142769855 0.050003742621111763 0.050041281877649502 0.050055407836672089 0.050015521320505768 0.050015904548827865 0.050002421799554247 0.050017669173890722 0.050017830831252913 0.050022099319075711 0.050013870554348708 0.050002134994817808 0.050006307400919464 0.050012361790984942 0.050010931454146958 0.05000484735679827
leaf_weight=0.061008464885162539 0.014415483979064447 0.016017389947592164 0.0071606776718908804 0.014748499461347819 0.11443123147182632 0.028785273229004815 0.014959689526222064 0.015698264100137749 0.006219077855348587 0.06747482530772686 0.0050489359855419016 0.0024417776430709637 0.015593033038385329 0.0041615932550485004 0.0086726476201874902 0.0055136316696007262 0.007416926819132641 0.0031570793289574794 0.0018804078245011624 0.0050055650926879016 0.0020250888110240339 0.004796184866791009 0.0010534344619372851 0.0019308550108689815 0.0028701115497824503 0.0027977999070571968 0.0022521648661495419 0.0012465004083423992 0.0032096898576128297 0.0018843560665118275
leaf_count=2642 608 4 40 7 22 2 8 27 3 14 29 116 32 16 24 83 6 3 9 27 53 24 2 3 8 59 19 11 23 14
internal_value=0.0190483 0.00258802 -0.00432314 -0.0111089 -0.0178007 -0.024619 0.00158129 0.0229455 -0.00896991 0.0500575 0.0500762 0.050108 0.0500892 0.0500865 0.0500302 0.0500302 0.0500058 0.0500218 0.0500274 0.0500046 0.0500155 0.0500098 0.0500009 0.0500118 0.0500071 0.0500075 0.0500131 0.0500062 0.050009 0.0500026
internal_weight=0.443877 0.289961 0.253123 0.225029 0.202847 0.173769 0.059338 0.029078 0.0133798 0.153916 0.036838 0.0778281 0.0305527 0.0221817 0.0280937 0.0208206 0.0760879 0.0103533 0.014026 0.019421 0.00743318 0.0157717 0.0620619 0.00660906 0.00719625 0.00467821 0.010258 0.00327159 0.00546185 0.00432613
internal_count=3938 1062 880 221 134 64 42 70 43 2876 182 155 40 87 659 178 2721 141 77 635 80 149 2644 71 138 68 66 64 42 130
is_linear=0
shrinkage=0.1


Tree=121
num_leaves=31
num_cat=0
split_feature=4 10 0 8 6 2 10 8 7 0 2 2 10 2 6 0 7 7 2 7 10 7 6 6 6 10 8 7 4 7
split_gain=0.0226563 0.00951646 0.00933586 0.00921511 0.00563553 0.00618549 0.0148197 0.00252442 0.00108908 4.02204e-08 1.01436e-08 8.87948e-09 8.36068e-09 5.63254e-09 4.13498e-09 2.70458e-09 8.00399e-10 5.12449e-10 3.04256e-10 8.65277e-11 5.04771e-11 3.11757e-11 3.06153e-11 2.90686e-11 2.19946e-11 2.01517e-11 1.90829e-11 7.62342e-12 2.82988e-12 1.71618e-12
threshold=169.50000000000003 0.26491228070175438 2.5000000000000004 2289.5000000000005 619.50000000000011 1.0000000180025095e-35 0.18898809523809523 -270.99999999999994 1877.0000000000002 3.5000000000000004 1.0000000180025095e-35 1.0000000180025095e-35 0.22474747474747472 1.0000000180025095e-35 1084.0000000000002 2.5000000000000004 1003.5000000000001 2239.5000000000005 1.0000000180025095e-35 1003.5000000000001 0.19615384615384618 1003.5000000000001 1564.0000000000002 1617.0000000000002 1617.0000000000002 0.18898809523809523 -541.49999999999989 2239.5000000000005 179.50000000000003 1044.0000000000002
decision_type=2 2 2 2 2 2 2 2 2 2 2 2 2 2 2 2 2 2 2 2 2 2 2 2 2 2 2 2 2 2
left_child=9 2 14 4 7 -6 -7 8 -4 16 -3 -11 -8 -5 19 -12 22 24 -18 -2 -15 -17 -1 25 29 -20 -23 -22 -28 -13
right_child=1 10 3 13 5 6 12 -9 -10 11 15 17 -14 20 -16 21 18 -19 23 -21 27 26 -24 -25 -26 -27 28 -29 -30 -31
leaf_value=-0.05000063658180845 -0.050000643907251244 -0.050136051581452026 -0.017618518202965096 -0.050122258119807084 0.038205135807908769 0.049905099259866421 -0.050142635834698274 -0.050147264627601829 0.039583963073867752 -0.050121279631006023 -0.050093899538288481 -0.050000830408501208 -0.050037990649990885 -0.050022809677160357 -0.050087625142769855 -0.050003742621111763 -0.050041281877649502 -0.050055407836672089 -0.050015521320505768 -0.050015904548827865 -0.050002421799554247 -0.050017669173890722 -0.050017830831252913 -0.050022099319075711 -0.050013870554348708 -0.050002134994817808 -0.050006307400919464 -0.050012361790984942 -0.050010931454146958 -0.05000484735679827
leaf_weight=0.061008464885162539 0.014415483979064447 0.016017389947592164 0.0071606776718908804 0.014748499461347819 0.11443123147182632 0.028785273229004815 0.014959689526222064 0.015698264100137749 0.006219077855348587 0.06747482530772686 0.0050489359855419016 0.0024417776430709637 0.015593033038385329 0.0041615932550485004 0.0086726476201874902 0.0055136316696007262 0.007416926819132641 0.0031570793289574794 0.0018804078245011624 0.0050055650926879016 0.0020250888110240339 0.004796184866791009 0.0010534344619372851 0.0019308550108689815 0.0028701115497824503 0.0027977999070571968 0.0022521648661495419 0.0012465004083423992 0.0032096898576128297 0.0018843560665118275
leaf_count=2642 608 4 40 7 22 2 8 27 3 14 29 116 32 16 24 83 6 3 9 27 53 24 2 3 8 59 19 11 23 14
internal_value=-0.0190483 -0.00258802 0.00432314 0.0111089 0.0178007 0.024619 -0.00158129 -0.0229455 0.00896991 -0.0500575 -0.0500762 -0.050108 -0.0500892 -0.0500865 -0.0500302 -0.0500302 -0.0500058 -0.0500218 -0.0500274 -0.0500046 -0.0500155 -0.0500098 -0.0500009 -0.0500118 -0.0500071 -0.0500075 -0.0500131 -0.0500062 -0.050009 -0.0500026
internal_weight=0.443877 0.289961 0.253123 0.225029 0.202847 0.173769 0.059338 0.029078 0.0133798 0.153916 0.036838 0.0778281 0.0305527 0.0221817 0.0280937 0.0208206 0.0760879 0.0103533 0.014026 0.019421 0.00743318 0.0157717 0.0620619 0.00660906 0.00719625 0.00467821 0.010258 0.00327159 0.00546185 0.00432613
internal_count=3938 1062 880 221 134 64 42 70 43 2876 182 155 40 87 659 178 2721 141 77 635 80 149 2644 71 138 68 66 64 42 130
is_linear=0
shrinkage=0.1


Tree=122
num_leaves=31
num_cat=0
split_feature=4 10 1 6 2 4 7 4 4 6 0 4 7 6 0 6 2 2 2 0 7 7 2 7 10 7 6 6 7 6
split_gain=0.0206643 0.00859055 0.0085505 0.00858304 0.00476805 0.0120646 0.00333258 0.00286485 0.00108068 0.00105946 0.00245487 0.000989915 0.000365581 0.00100616 2.97847e-08 1.28191e-08 7.51042e-09 6.57477e-09 5.1473e-09 2.00317e-09 5.92817e-10 3.7957e-10 2.2537e-10 9.48205e-11 8.58661e-11 2.30909e-11 2.24614e-11 2.15333e-11 2.00522e-11 1.62993e-11
threshold=169.50000000000003 0.26491228070175438 2.5000000000000004 619.50000000000011 1.0000000180025095e-35 184.50000000000003 2239.5000000000005 173.50000000000003 183.50000000000003 813.50000000000011 3.5000000000000004 184.50000000000003 1877.0000000000002 1683.0000000000002 3.5000000000000004 454.50000000000006 1.0000000180025095e-35 1.0000000180025095e-35 1.0000000180025095e-35 2.5000000000000004 1003.5000000000001 2239.5000000000005 1.0000000180025095e-35 385.50000000000006 0.20942982456140347 1003.5000000000001 1430.5000000000002 1617.0000000000002 1003.5000000000001 1617.0000000000002
decision_type=2 2 2 2 2 2 2 2 2 2 2 2 2 2 2 2 2 2 2 2 2 2 2 2 2 2 2 2 2 2
left_child=14 2 7 6 -5 -6 8 12 15 10 28 -10 13 -2 20 23 -3 -16 -11 -18 26 29 -22 -4 -20 -21 -1 -24 -9 -19
right_child=1 16 3 4 5 -7 -8 9 11 18 -12 -13 -14 -15 17 -17 19 21 24 25 22 -23 27 -25 -26 -27 -28 -29 -30 -31
leaf_value=0.050000539942987969 0.050002031028278396 0.050123069318737216 0.050001003019647876 -0.039125968701722261 0.050091645286589784 -0.047291329563599431 -0.041771142474286919 0.050001632609367942 -0.043993710616169773 0.050103177011203363 -0.039179882126196941 0.050005317857034007 -0.047088669493394554 -0.03854712519620903 0.050109712739717954 0.050148786820500946 0.050084950463324701 0.050002334537201924 0.050029164830125566 0.050003386942036876 0.050037351055827677 0.05005013060021829 0.050006800506538857 0.050018529759669472 0.050011210774973426 0.050011822627278261 0.050014067613661506 0.050019995791260423 0.050011633641193966 0.050012552154212221
leaf_weight=0.054900538438232616 0.0020482824929786148 0.014496696394417086 0.0081922286117332987 0.092885986974579282 0.024212709669882315 0.026805945686646737 0.0056105632102116934 0.0047316181694441184 0.0025557691160429377 0.021919577572589333 0.0049452194125478863 0.0019947680684708757 0.0034318151956540532 0.0034354309464106336 0.061067123897373676 0.012592650815349771 0.0045692411295021875 0.0039144659085650346 0.00469204079672636 0.0049889739493664828 0.0067116133141098544 0.0028569294045155402 0.004233074880175991 0.0049529574016560227 0.0061621510712939198 0.0092820772142658825 0.0012554836866911492 0.0017471795727033168 0.0034787720769600128 0.0025970493388740579
leaf_count=2641 71 4 349 18 34 8 2 184 9 16 5 39 4 3 14 17 29 130 26 83 6 3 68 28 49 66 3 3 18 8
internal_value=0.0188074 0.0025682 -0.00418033 -0.0147231 -0.0256356 -0.00107479 0.0290208 0.0303832 0.0421342 0.0404528 0.0164808 -0.00278841 -0.0214914 -0.00547215 0.050052 0.0500767 0.050069 0.0500977 0.0500753 0.0500273 0.0500053 0.0500197 0.0500248 0.0500076 0.050019 0.0500089 0.0500008 0.0500107 0.0500059 0.0500064
internal_weight=0.407269 0.267985 0.234648 0.179804 0.143905 0.0510187 0.0358989 0.0548449 0.0302884 0.0459294 0.0131556 0.00455054 0.00891553 0.00548371 0.139283 0.0257378 0.033337 0.0704356 0.0327738 0.0188403 0.0688479 0.00936844 0.0126919 0.0131452 0.0108542 0.0142711 0.056156 0.00598025 0.00821039 0.00651152
internal_count=3938 1062 880 504 60 42 444 376 442 298 207 48 78 74 2876 394 182 155 91 178 2721 141 77 377 75 149 2644 71 202 138
is_linear=0
shrinkage=0.1


Tree=123
num_leaves=31
num_cat=0
split_feature=4 10 1 6 2 4 7 4 4 6 0 4 7 6 0 6 2 2 2 0 7 7 2 7 10 7 6 6 7 6
split_gain=0.0206643 0.00859055 0.0085505 0.00858304 0.00476805 0.0120646 0.00333258 0.00286485 0.00108068 0.00105946 0.00245487 0.000989915 0.000365581 0.00100616 2.97847e-08 1.28191e-08 7.51042e-09 6.57477e-09 5.1473e-09 2.00317e-09 5.92817e-10 3.7957e-10 2.2537e-10 9.48205e-11 8.58661e-11 2.30909e-11 2.24614e-11 2.15333e-11 2.00522e-11 1.62993e-11
threshold=169.50000000000003 0.26491228070175438 2.5000000000000004 619.50000000000011 1.0000000180025095e-35 184.50000000000003 2239.5000000000005 173.50000000000003 183.50000000000003 813.50000000000011 3.5000000000000004 184.50000000000003 1877.0000000000002 1683.0000000000002 3.5000000000000004 454.50000000000006 1.0000000180025095e-35 1.0000000180025095e-35 1.0000000180025095e-35 2.5000000000000004 1003.5000000000001 2239.5000000000005 1.0000000180025095e-35 385.50000000000006 0.20942982456140347 1003.5000000000001 1430.5000000000002 1617.0000000000002 1003.5000000000001 1617.0000000000002
decision_type=2 2 2 2 2 2 2 2 2 2 2 2 2 2 2 2 2 2 2 2 2 2 2 2 2 2 2 2 2 2
left_child=14 2 7 6 -5 -6 8 12 15 10 28 -10 13 -2 20 23 -3 -16 -11 -18 26 29 -22 -4 -20 -21 -1 -24 -9 -19
right_child=1 16 3 4 5 -7 -8 9 11 18 -12 -13 -14 -15 17 -17 19 21 24 25 22 -23 27 -25 -26 -27 -28 -29 -30 -31
leaf_value=-0.050000539942987969 -0.050002031028278396 -0.050123069318737216 -0.050001003019647876 0.039125968701722261 -0.050091645286589784 0.047291329563599431 0.041771142474286919 -0.050001632609367942 0.043993710616169773 -0.050103177011203363 0.039179882126196941 -0.050005317857034007 0.047088669493394554 0.03854712519620903 -0.050109712739717954 -0.050148786820500946 -0.050084950463324701 -0.050002334537201924 -0.050029164830125566 -0.050003386942036876 -0.050037351055827677 -0.05005013060021829 -0.050006800506538857 -0.050018529759669472 -0.050011210774973426 -0.050011822627278261 -0.050014067613661506 -0.050019995791260423 -0.050011633641193966 -0.050012552154212221
leaf_weight=0.054900538438232616 0.0020482824929786148 0.014496696394417086 0.0081922286117332987 0.092885986974579282 0.024212709669882315 0.026805945686646737 0.0056105632102116934 0.0047316181694441184 0.0025557691160429377 0.021919577572589333 0.0049452194125478863 0.0019947680684708757 0.0034318151956540532 0.0034354309464106336 0.061067123897373676 0.012592650815349771 0.0045692411295021875 0.0039144659085650346 0.00469204079672636 0.0049889739493664828 0.0067116133141098544 0.0028569294045155402 0.004233074880175991 0.0049529574016560227 0.0061621510712939198 0.0092820772142658825 0.0012554836866911492 0.0017471795727033168 0.0034787720769600128 0.0025970493388740579
leaf_count=2641 71 4 349 18 34 8 2 184 9 16 5 39 4 3 14 17 29 130 26 83 6 3 68 28 49 66 3 3 18 8
internal_value=-0.0188074 -0.0025682 0.00418033 0.0147231 0.0256356 0.00107479 -0.0290208 -0.0303832 -0.0421342 -0.0404528 -0.0164808 0.00278841 0.0214914 0.00547215 -0.050052 -0.0500767 -0.050069 -0.0500977 -0.0500753 -0.0500273 -0.0500053 -0.0500197 -0.0500248 -0.0500076 -0.050019 -0.0500089 -0.0500008 -0.0500107 -0.0500059 -0.0500064
internal_weight=0.407269 0.267985 0.234648 0.179804 0.143905 0.0510187 0.0358989 0.0548449 0.0302884 0.0459294 0.0131556 0.00455054 0.00891553 0.00548371 0.139283 0.0257378 0.033337 0.0704356 0.0327738 0.0188403 0.0688479 0.00936844 0.0126919 0.0131452 0.0108542 0.0142711 0.056156 0.00598025 0.00821039 0.00651152
internal_count=3938 1062 880 504 60 42 444 376 442 298 207 48 78 74 2876 394 182 155 91 178 2721 141 77 377 75 149 2644 71 202 138
is_linear=0
shrinkage=0.1


Tree=124
num_leaves=31
num_cat=0
split_feature=7 8 0 6 2 4 2 0 0 2 6 6 4 7 10 6 4 7 10 0 6 6 10 6 10 6 6 6 10 0
split_gain=0.0190029 0.00784535 0.00909112 0.00633005 0.00554136 0.00221066 0.00339879 0.00335459 3.13281e-08 5.59308e-09 5.08964e-09 3.26991e-09 9.27343e-10 2.3257e-10 8.28714e-11 1.85419e-10 8.15592e-10 6.29306e-11 2.26078e-11 1.94964e-11 1.66668e-11 7.72424e-12 5.35807e-12 3.48409e-12 2.41707e-12 2.16551e-12 3.22199e-13 6.09894e-14 5.89966e-14 2.91611e-14
threshold=1003.5000000000001 2219.5000000000005 3.5000000000000004 1344.0000000000002 1.0000000180025095e-35 172.50000000000003 1.0000000180025095e-35 3.5000000000000004 3.5000000000000004 1.0000000180025095e-35 570.00000000000011 717.50000000000011 170.50000000000003 914.50000000000011 0.25543478260869573 1182.0000000000002 169.50000000000003 1108.5000000000002 0.19615384615384618 3.5000000000000004 1430.5000000000002 1519.5000000000002 0.18898809523809523 150.00000000000003 0.2124060150375939 1430.5000000000002 795.50000000000011 889.00000000000011 0.13484848484848483 2.5000000000000004
decision_type=2 2 2 2 2 2 2 2 2 2 2 2 2 2 2 2 2 2 2 2 2 2 2 2 2 2 2 2 2 2
left_child=5 2 3 10 -4 8 7 24 20 -3 17 -12 14 19 22 16 -16 -2 -11 25 27 -20 -10 -19 28 26 29 -1 -7 -8
right_child=1 9 4 -5 -6 6 13 -9 12 18 11 -13 -14 -15 15 -17 -18 23 21 -21 -22 -23 -24 -25 -26 -27 -28 -29 -30 -31
leaf_value=0.050000472637898211 0.050021356090657089 0.050109054899690114 -0.050211345022826342 -0.0062384942254710514 -0.0028774580822351274 0.050000478109607893 0.05000052256949912 -0.050062145658041651 0.05009540808954889 0.050018360851072169 0.050145073041014177 0.050063616783178257 0.05012314865813236 0.05003609312969054 0.050000386357699537 0.050100315661124176 0.050095370600461812 0.050003870464987915 0.050001703648347585 0.050008886154983112 0.050012729303060256 0.050009888888730675 0.050097450139625514 0.050008969427785446 0.050005846791344968 0.05000519026474283 0.050002357933342602 0.050001234447336708 0.050001308662682042 0.05000101826154927
leaf_weight=0.052018886906807893 0.0066054391409124946 0.017170868364701164 0.055027984548360109 0.051249246276711347 0.044924319110577926 0.0027200591716791686 0.0058364389096823288 0.0094969881465658545 0.023716604009678122 0.003003016261573066 0.0082322020771243842 0.012278912268811837 0.01432473493332509 0.0026662162308639372 0.0011819545470643789 0.0049393913304811576 0.0038441532260549138 0.0022234591306187212 0.0015749410658827401 0.0054953564922470841 0.0011360375065123654 0.0043023473781431676 0.028041555764502846 0.0033728790494933492 0.0012088451185263693 0.0013466055597746171 0.0012542162849058514 0.0010725790380092795 0.0012474894883780507 0.0014897411811034544
leaf_count=2780 15 5 11 34 41 152 295 4 12 24 10 41 16 19 79 8 4 26 57 33 3 35 35 23 6 9 35 41 37 48
internal_value=0.0186051 -0.00128442 -0.0085595 0.0156985 -0.0289368 0.0442194 0.0209993 -0.0147621 0.0500588 0.0500757 0.0500659 0.0500963 0.0501002 0.0500088 0.0500949 0.0500866 0.050073 0.0500147 0.0500113 0.0500041 0.0500007 0.0500077 0.0500965 0.0500069 0.0500019 0.0500015 0.0500009 0.0500005 0.0500007 0.0500006
internal_weight=0.373003 0.209966 0.183914 0.0839621 0.0999523 0.163038 0.032762 0.0146734 0.130276 0.0260512 0.0327129 0.0205111 0.0760484 0.0180886 0.0617237 0.0099655 0.00502611 0.0122018 0.0088803 0.0154224 0.0542275 0.00587729 0.0517582 0.00559634 0.00517639 0.009927 0.0085804 0.0530915 0.00396755 0.00732618
internal_count=3938 322 201 149 52 3616 638 199 2978 121 115 51 154 439 138 91 83 64 116 420 2824 92 47 49 195 387 378 2821 189 343
is_linear=0
shrinkage=0.1


Tree=125
num_leaves=31
num_cat=0
split_feature=7 8 0 6 2 4 2 0 0 2 6 6 4 7 10 6 4 7 10 0 6 6 10 6 10 6 6 6 10 0
split_gain=0.0190029 0.00784535 0.00909112 0.00633005 0.00554136 0.00221066 0.00339879 0.00335459 3.13281e-08 5.59308e-09 5.08964e-09 3.26991e-09 9.27343e-10 2.3257e-10 8.28714e-11 1.85419e-10 8.15592e-10 6.29306e-11 2.26078e-11 1.94964e-11 1.66668e-11 7.72424e-12 5.35807e-12 3.48409e-12 2.41707e-12 2.16551e-12 3.22199e-13 6.09894e-14 5.89966e-14 2.91611e-14
threshold=1003.5000000000001 2219.5000000000005 3.5000000000000004 1344.0000000000002 1.0000000180025095e-35 172.50000000000003 1.0000000180025095e-35 3.5000000000000004 3.5000000000000004 1.0000000180025095e-35 570.00000000000011 717.50000000000011 170.50000000000003 914.50000000000011 0.25543478260869573 1182.0000000000002 169.50000000000003 1108.5000000000002 0.19615384615384618 3.5000000000000004 1430.5000000000002 1519.5000000000002 0.18898809523809523 150.00000000000003 0.2124060150375939 1430.5000000000002 795.50000000000011 889.00000000000011 0.13484848484848483 2.5000000000000004
decision_type=2 2 2 2 2 2 2 2 2 2 2 2 2 2 2 2 2 2 2 2 2 2 2 2 2 2 2 2 2 2
left_child=5 2 3 10 -4 8 7 24 20 -3 17 -12 14 19 22 16 -16 -2 -11 25 27 -20 -10 -19 28 26 29 -1 -7 -8
right_child=1 9 4 -5 -6 6 13 -9 12 18 11 -13 -14 -15 15 -17 -18 23 21 -21 -22 -23 -24 -25 -26 -27 -28 -29 -30 -31
leaf_value=-0.050000472637898211 -0.050021356090657089 -0.050109054899690114 0.050211345022826342 0.0062384942254710514 0.0028774580822351274 -0.050000478109607893 -0.05000052256949912 0.050062145658041651 -0.05009540808954889 -0.050018360851072169 -0.050145073041014177 -0.050063616783178257 -0.05012314865813236 -0.05003609312969054 -0.050000386357699537 -0.050100315661124176 -0.050095370600461812 -0.050003870464987915 -0.050001703648347585 -0.050008886154983112 -0.050012729303060256 -0.050009888888730675 -0.050097450139625514 -0.050008969427785446 -0.050005846791344968 -0.05000519026474283 -0.050002357933342602 -0.050001234447336708 -0.050001308662682042 -0.05000101826154927
leaf_weight=0.052018886906807893 0.0066054391409124946 0.017170868364701164 0.055027984548360109 0.051249246276711347 0.044924319110577926 0.0027200591716791686 0.0058364389096823288 0.0094969881465658545 0.023716604009678122 0.003003016261573066 0.0082322020771243842 0.012278912268811837 0.01432473493332509 0.0026662162308639372 0.0011819545470643789 0.0049393913304811576 0.0038441532260549138 0.0022234591306187212 0.0015749410658827401 0.0054953564922470841 0.0011360375065123654 0.0043023473781431676 0.028041555764502846 0.0033728790494933492 0.0012088451185263693 0.0013466055597746171 0.0012542162849058514 0.0010725790380092795 0.0012474894883780507 0.0014897411811034544
leaf_count=2780 15 5 11 34 41 152 295 4 12 24 10 41 16 19 79 8 4 26 57 33 3 35 35 23 6 9 35 41 37 48
internal_value=-0.0186051 0.00128442 0.0085595 -0.0156985 0.0289368 -0.0442194 -0.0209993 0.0147621 -0.0500588 -0.0500757 -0.0500659 -0.0500963 -0.0501002 -0.0500088 -0.0500949 -0.0500866 -0.050073 -0.0500147 -0.0500113 -0.0500041 -0.0500007 -0.0500077 -0.0500965 -0.0500069 -0.0500019 -0.0500015 -0.0500009 -0.0500005 -0.0500007 -0.0500006
internal_weight=0.373003 0.209966 0.183914 0.0839621 0.0999523 0.163038 0.032762 0.0146734 0.130276 0.0260512 0.0327129 0.0205111 0.0760484 0.0180886 0.0617237 0.0099655 0.00502611 0.0122018 0.0088803 0.0154224 0.0542275 0.00587729 0.0517582 0.00559634 0.00517639 0.009927 0.0085804 0.0530915 0.00396755 0.00732618
internal_count=3938 322 201 149 52 3616 638 199 2978 121 115 51 154 439 138 91 83 64 116 420 2824 92 47 49 195 387 378 2821 189 343
is_linear=0
shrinkage=0.1


Tree=126
num_leaves=31
num_cat=0
split_feature=7 1 2 10 4 2 0 10 0 0 7 2 6 6 4 10 7 6 10 6 4 6 0 6 4 10 10 6 0 6
split_gain=0.0174889 0.00746893 0.00566895 0.0135532 0.00199974 0.0030753 0.00303511 0.00119344 0.00303882 2.32012e-08 6.71341e-09 3.03903e-09 2.57107e-09 1.11746e-09 6.86759e-10 3.99977e-10 1.72309e-10 6.7716e-11 6.13365e-11 1.37353e-10 6.04009e-10 1.46716e-11 1.44414e-11 1.23501e-11 9.23025e-12 3.97479e-12 1.78958e-12 1.60248e-12 1.30934e-12 2.38482e-13
threshold=1003.5000000000001 2.5000000000000004 1.0000000180025095e-35 0.18634259259259259 172.50000000000003 1.0000000180025095e-35 3.5000000000000004 0.20416666666666669 3.5000000000000004 3.5000000000000004 2463.5000000000005 1.0000000180025095e-35 1519.5000000000002 1519.5000000000002 170.50000000000003 0.21583850931677012 914.50000000000011 922.50000000000011 0.25543478260869573 1182.0000000000002 169.50000000000003 1617.0000000000002 3.5000000000000004 1430.5000000000002 177.50000000000003 0.18898809523809523 0.2124060150375939 1430.5000000000002 3.5000000000000004 795.50000000000011
decision_type=2 2 2 2 2 2 2 2 2 2 2 2 2 2 2 2 2 2 2 2 2 2 2 2 2 2 2 2 2 2
left_child=4 7 -3 -4 9 6 26 8 12 23 13 -9 -2 17 18 -13 22 24 25 20 -20 28 27 -1 -5 -11 -6 29 -17 -7
right_child=1 2 3 10 5 16 -8 11 -10 14 -12 15 -14 -15 -16 21 -18 -19 19 -21 -22 -23 -24 -25 -26 -27 -28 -29 -30 -31
leaf_value=0.0500004426875717 0.050016690894193652 -0.02705551065440075 -0.045365807700636224 0.050003231669583606 0.050000669423912347 0.050000564067016688 -0.050056225267124645 0.050090974589487539 -0.030420331160154697 0.050086312226618482 0.050132432091775606 0.05004466403758448 0.050112404159431023 0.050053553567165801 0.050111407273157708 0.050000941743851723 0.050032658468284724 0.050022103006481279 0.050000348880802251 0.050090756524362491 0.050086278439330792 0.050011127600654286 0.050008039684578648 0.050011520322703888 0.05001027861683123 0.050088161052062499 0.050005289574352144 0.050004694106349168 0.050004785116837085 0.050002132875379662
leaf_weight=0.048039186376627185 0.0062523430042347172 0.093352943222271279 0.024782754584521172 0.0031602684202880482 0.0035899912868444525 0.0066290093318457366 0.008594194776378572 0.010876867920160294 0.0080002600298030302 0.021463369510456687 0.0094471052634617081 0.0043943132968706786 0.0050923673270517611 0.01487742174504092 0.012964438961262204 0.0017529918086438556 0.0024126494881784302 0.0052645338309957879 0.0010694774518924532 0.0044701557635562494 0.0034789331316460448 0.0055232494451047387 0.0049724840537237478 0.0010279528505634508 0.0045130634189263219 0.025377515783929994 0.001093819853849709 0.0012184705256004236 0.0017930387930391589 0.001134866655775113
leaf_count=2821 37 20 10 36 189 343 4 3 5 12 3 11 9 21 16 70 19 20 79 8 4 36 33 3 18 35 6 9 23 35
internal_value=0.0181221 -0.00121476 -0.0114844 0.0119437 0.0442151 0.0209985 -0.0147608 0.0353166 0.0167765 0.0500532 0.0500596 0.0500517 0.0500597 0.0500349 0.0500907 0.0500199 0.050008 0.0500134 0.0500859 0.0500783 0.0500661 0.0500079 0.0500037 0.0500007 0.0500074 0.0500873 0.0500017 0.0500013 0.0500029 0.0500008
internal_weight=0.34662 0.199084 0.155398 0.0620451 0.147537 0.0296455 0.013278 0.0436854 0.019345 0.117891 0.0372624 0.0243405 0.0113447 0.0278153 0.0688239 0.0134636 0.0163675 0.0129379 0.0558595 0.00901857 0.00454841 0.00906928 0.0139548 0.0490671 0.00767333 0.0468409 0.00468381 0.00898235 0.00354603 0.00776388
internal_count=3938 322 128 108 3616 638 199 194 51 2978 98 143 46 95 154 140 439 74 138 91 83 129 420 2824 54 47 195 387 93 378
is_linear=0
shrinkage=0.1


Tree=127
num_leaves=31
num_cat=0
split_feature=7 1 2 10 4 2 0 10 0 0 7 2 6 6 4 10 7 6 10 6 4 6 0 6 4 10 10 6 0 6
split_gain=0.0174889 0.00746893 0.00566895 0.0135532 0.00199974 0.0030753 0.00303511 0.00119344 0.00303882 2.32012e-08 6.71341e-09 3.03903e-09 2.57107e-09 1.11746e-09 6.86759e-10 3.99977e-10 1.72309e-10 6.7716e-11 6.13365e-11 1.37353e-10 6.04009e-10 1.46716e-11 1.44414e-11 1.23501e-11 9.23025e-12 3.97479e-12 1.78958e-12 1.60248e-12 1.30934e-12 2.38482e-13
threshold=1003.5000000000001 2.5000000000000004 1.0000000180025095e-35 0.18634259259259259 172.50000000000003 1.0000000180025095e-35 3.5000000000000004 0.20416666666666669 3.5000000000000004 3.5000000000000004 2463.5000000000005 1.0000000180025095e-35 1519.5000000000002 1519.5000000000002 170.50000000000003 0.21583850931677012 914.50000000000011 922.50000000000011 0.25543478260869573 1182.0000000000002 169.50000000000003 1617.0000000000002 3.5000000000000004 1430.5000000000002 177.50000000000003 0.18898809523809523 0.2124060150375939 1430.5000000000002 3.5000000000000004 795.50000000000011
decision_type=2 2 2 2 2 2 2 2 2 2 2 2 2 2 2 2 2 2 2 2 2 2 2 2 2 2 2 2 2 2
left_child=4 7 -3 -4 9 6 26 8 12 23 13 -9 -2 17 18 -13 22 24 25 20 -20 28 27 -1 -5 -11 -6 29 -17 -7
right_child=1 2 3 10 5 16 -8 11 -10 14 -12 15 -14 -15 -16 21 -18 -19 19 -21 -22 -23 -24 -25 -26 -27 -28 -29 -30 -31
leaf_value=-0.0500004426875717 -0.050016690894193652 0.02705551065440075 0.045365807700636224 -0.050003231669583606 -0.050000669423912347 -0.050000564067016688 0.050056225267124645 -0.050090974589487539 0.030420331160154697 -0.050086312226618482 -0.050132432091775606 -0.05004466403758448 -0.050112404159431023 -0.050053553567165801 -0.050111407273157708 -0.050000941743851723 -0.050032658468284724 -0.050022103006481279 -0.050000348880802251 -0.050090756524362491 -0.050086278439330792 -0.050011127600654286 -0.050008039684578648 -0.050011520322703888 -0.05001027861683123 -0.050088161052062499 -0.050005289574352144 -0.050004694106349168 -0.050004785116837085 -0.050002132875379662
leaf_weight=0.048039186376627185 0.0062523430042347172 0.093352943222271279 0.024782754584521172 0.0031602684202880482 0.0035899912868444525 0.0066290093318457366 0.008594194776378572 0.010876867920160294 0.0080002600298030302 0.021463369510456687 0.0094471052634617081 0.0043943132968706786 0.0050923673270517611 0.01487742174504092 0.012964438961262204 0.0017529918086438556 0.0024126494881784302 0.0052645338309957879 0.0010694774518924532 0.0044701557635562494 0.0034789331316460448 0.0055232494451047387 0.0049724840537237478 0.0010279528505634508 0.0045130634189263219 0.025377515783929994 0.001093819853849709 0.0012184705256004236 0.0017930387930391589 0.001134866655775113
leaf_count=2821 37 20 10 36 189 343 4 3 5 12 3 11 9 21 16 70 19 20 79 8 4 36 33 3 18 35 6 9 23 35
internal_value=-0.0181221 0.00121476 0.0114844 -0.0119437 -0.0442151 -0.0209985 0.0147608 -0.0353166 -0.0167765 -0.0500532 -0.0500596 -0.0500517 -0.0500597 -0.0500349 -0.0500907 -0.0500199 -0.050008 -0.0500134 -0.0500859 -0.0500783 -0.0500661 -0.0500079 -0.0500037 -0.0500007 -0.0500074 -0.0500873 -0.0500017 -0.0500013 -0.0500029 -0.0500008
internal_weight=0.34662 0.199084 0.155398 0.0620451 0.147537 0.0296455 0.013278 0.0436854 0.019345 0.117891 0.0372624 0.0243405 0.0113447 0.0278153 0.0688239 0.0134636 0.0163675 0.0129379 0.0558595 0.00901857 0.00454841 0.00906928 0.0139548 0.0490671 0.00767333 0.0468409 0.00468381 0.00898235 0.00354603 0.00776388
internal_count=3938 322 128 108 3616 638 199 194 51 2978 98 143 46 95 154 140 439 74 138 91 83 129 420 2824 54 47 195 387 93 378
is_linear=0
shrinkage=0.1


Tree=128
num_leaves=31
num_cat=0
split_feature=4 10 0 1 6 2 4 7 0 7 2 7 2 0 7 7 7 6 2 7 6 7 6 10 8 6 6 4 4 7
split_gain=0.0162268 0.00691167 0.00682326 0.0066806 0.00464947 0.00479609 0.00194555 0.00143523 1.18393e-08 5.81624e-09 3.75738e-09 3.09341e-09 2.64894e-09 1.14891e-09 1.06979e-09 3.84598e-10 2.12329e-10 1.59518e-10 1.3735e-10 4.6537e-11 4.02986e-11 1.31739e-11 1.04217e-11 1.06306e-11 8.60558e-12 8.20629e-12 7.48737e-12 2.24402e-12 9.50052e-13 7.0998e-13
threshold=169.50000000000003 0.26491228070175438 2.5000000000000004 2.5000000000000004 1344.0000000000002 1.0000000180025095e-35 174.50000000000003 1397.5000000000002 3.5000000000000004 2463.5000000000005 1.0000000180025095e-35 1359.5000000000002 1.0000000180025095e-35 2.5000000000000004 1573.0000000000002 1003.5000000000001 2239.5000000000005 1564.0000000000002 1.0000000180025095e-35 1003.5000000000001 795.50000000000011 1003.5000000000001 1617.0000000000002 0.18898809523809523 -541.49999999999989 1344.0000000000002 1617.0000000000002 180.50000000000003 179.50000000000003 1044.0000000000002
decision_type=2 2 2 2 2 2 2 2 2 2 2 2 2 2 2 2 2 2 2 2 2 2 2 2 2 2 2 2 2 2
left_child=8 2 11 6 5 -5 -4 -8 15 20 -3 17 -10 -12 -9 25 26 19 -17 -2 27 -15 23 -20 -23 -1 29 -7 -26 -14
right_child=1 10 3 4 -6 9 7 14 12 -11 13 -13 16 21 -16 18 -18 -19 22 -21 -22 24 -24 -25 28 -27 -28 -29 -30 -31
leaf_value=0.050000386387103406 0.05000048668623977 0.050099571839159779 -0.020821227236222279 -0.016536033785992551 -0.038620274436915361 0.050006743455401792 -0.0030893526948639208 0.05008312889971929 0.050081228818865467 0.050144568980736229 0.050071458642166625 0.050094143391238494 0.050000556064787455 0.050002508810266438 0.050039592468640329 0.050032369291365841 0.050041701377736884 0.050035302184467667 0.050012736888068537 0.050015155428569519 0.05002368721449401 0.050013367236501363 0.050016719347915101 0.050001431275740943 0.050004747369856363 0.050008956198995536 0.050009819880457454 0.050010766623705349 0.050007896825534831 0.050003625290435817
leaf_weight=0.040452444992297387 0.010121007417637884 0.011445073343566037 0.0069027918275423863 0.046676215981278801 0.072449525929187075 0.0025951925490517169 0.0065407568536102181 0.012364980446363916 0.045264477375894785 0.0057495418004691609 0.0037328231301216883 0.0057340498133271458 0.0016365316269002497 0.00369586745819106 0.010383814385022561 0.0057792418519966304 0.0023102779450709932 0.0018132192617486007 0.0014907004042470362 0.0027505540601850962 0.0027498114213813096 0.0035596116431406699 0.0013898839533794671 0.0018813889673765516 0.0016428252174591762 0.001149130563135258 0.0020265492748876568 0.0029765430590487085 0.0022970143336351612 0.0013970977179269539
leaf_count=2639 619 4 31 28 17 40 37 9 14 1 29 17 116 83 36 6 3 6 9 17 10 24 3 59 19 5 8 12 23 14
internal_value=0.0177414 0.00208774 -0.00457736 -0.0111602 -0.0215122 -0.00110851 0.0269379 0.0381936 0.0500387 0.0500672 0.0500565 0.0500319 0.0500722 0.0500234 0.0500633 0.0500049 0.0500166 0.0500075 0.050022 0.0500036 0.0500138 0.0500074 0.0500094 0.0500064 0.0500098 0.0500006 0.0500051 0.0500089 0.0500066 0.050002
internal_weight=0.320959 0.216181 0.189808 0.169389 0.133197 0.0607473 0.0361923 0.0292896 0.104778 0.0140711 0.0263732 0.0204188 0.0526349 0.0149281 0.0227488 0.0521428 0.00737046 0.0146848 0.0105412 0.0128716 0.00832155 0.0111953 0.00476197 0.00337209 0.00749945 0.0416016 0.00506018 0.00557174 0.00393984 0.00303363
internal_count=3938 1062 880 221 108 91 113 82 2876 63 182 659 155 178 45 2721 141 642 77 636 62 149 71 68 66 2644 138 52 42 130
is_linear=0
shrinkage=0.1


Tree=129
num_leaves=31
num_cat=0
split_feature=4 10 0 1 6 2 4 7 0 7 2 7 2 0 7 7 7 6 2 7 6 7 6 10 8 6 6 4 4 7
split_gain=0.0162268 0.00691167 0.00682326 0.0066806 0.00464947 0.00479609 0.00194555 0.00143523 1.18393e-08 5.81624e-09 3.75738e-09 3.09341e-09 2.64894e-09 1.14891e-09 1.06979e-09 3.84598e-10 2.12329e-10 1.59518e-10 1.3735e-10 4.6537e-11 4.02986e-11 1.31739e-11 1.04217e-11 1.06306e-11 8.60558e-12 8.20629e-12 7.48737e-12 2.24402e-12 9.50052e-13 7.0998e-13
threshold=169.50000000000003 0.26491228070175438 2.5000000000000004 2.5000000000000004 1344.0000000000002 1.0000000180025095e-35 174.50000000000003 1397.5000000000002 3.5000000000000004 2463.5000000000005 1.0000000180025095e-35 1359.5000000000002 1.0000000180025095e-35 2.5000000000000004 1573.0000000000002 1003.5000000000001 2239.5000000000005 1564.0000000000002 1.0000000180025095e-35 1003.5000000000001 795.50000000000011 1003.5000000000001 1617.0000000000002 0.18898809523809523 -541.49999999999989 1344.0000000000002 1617.0000000000002 180.50000000000003 179.50000000000003 1044.0000000000002
decision_type=2 2 2 2 2 2 2 2 2 2 2 2 2 2 2 2 2 2 2 2 2 2 2 2 2 2 2 2 2 2
left_child=8 2 11 6 5 -5 -4 -8 15 20 -3 17 -10 -12 -9 25 26 19 -17 -2 27 -15 23 -20 -23 -1 29 -7 -26 -14
right_child=1 10 3 4 -6 9 7 14 12 -11 13 -13 16 21 -16 18 -18 -19 22 -21 -22 24 -24 -25 28 -27 -28 -29 -30 -31
leaf_value=-0.050000386387103406 -0.05000048668623977 -0.050099571839159779 0.020821227236222279 0.016536033785992551 0.038620274436915361 -0.050006743455401792 0.0030893526948639208 -0.05008312889971929 -0.050081228818865467 -0.050144568980736229 -0.050071458642166625 -0.050094143391238494 -0.050000556064787455 -0.050002508810266438 -0.050039592468640329 -0.050032369291365841 -0.050041701377736884 -0.050035302184467667 -0.050012736888068537 -0.050015155428569519 -0.05002368721449401 -0.050013367236501363 -0.050016719347915101 -0.050001431275740943 -0.050004747369856363 -0.050008956198995536 -0.050009819880457454 -0.050010766623705349 -0.050007896825534831 -0.050003625290435817
leaf_weight=0.040452444992297387 0.010121007417637884 0.011445073343566037 0.0069027918275423863 0.046676215981278801 0.072449525929187075 0.0025951925490517169 0.0065407568536102181 0.012364980446363916 0.045264477375894785 0.0057495418004691609 0.0037328231301216883 0.0057340498133271458 0.0016365316269002497 0.00369586745819106 0.010383814385022561 0.0057792418519966304 0.0023102779450709932 0.0018132192617486007 0.0014907004042470362 0.0027505540601850962 0.0027498114213813096 0.0035596116431406699 0.0013898839533794671 0.0018813889673765516 0.0016428252174591762 0.001149130563135258 0.0020265492748876568 0.0029765430590487085 0.0022970143336351612 0.0013970977179269539
leaf_count=2639 619 4 31 28 17 40 37 9 14 1 29 17 116 83 36 6 3 6 9 17 10 24 3 59 19 5 8 12 23 14
internal_value=-0.0177414 -0.00208774 0.00457736 0.0111602 0.0215122 0.00110851 -0.0269379 -0.0381936 -0.0500387 -0.0500672 -0.0500565 -0.0500319 -0.0500722 -0.0500234 -0.0500633 -0.0500049 -0.0500166 -0.0500075 -0.050022 -0.0500036 -0.0500138 -0.0500074 -0.0500094 -0.0500064 -0.0500098 -0.0500006 -0.0500051 -0.0500089 -0.0500066 -0.050002
internal_weight=0.320959 0.216181 0.189808 0.169389 0.133197 0.0607473 0.0361923 0.0292896 0.104778 0.0140711 0.0263732 0.0204188 0.0526349 0.0149281 0.0227488 0.0521428 0.00737046 0.0146848 0.0105412 0.0128716 0.00832155 0.0111953 0.00476197 0.00337209 0.00749945 0.0416016 0.00506018 0.00557174 0.00393984 0.00303363
internal_count=3938 1062 880 221 108 91 113 82 2876 63 182 659 155 178 45 2721 141 642 77 636 62 149 71 68 66 2644 138 52 42 130
is_linear=0
shrinkage=0.1


Tree=130
num_leaves=31
num_cat=0
split_feature=4 10 0 8 4 6 10 8 0 2 7 2 4 0 2 7 7 6 2 7 7 6 10 8 6 6 8 4 7 6
split_gain=0.0148938 0.00622829 0.00608285 0.00599163 0.00712761 0.00523798 0.00344911 0.00101124 8.76872e-09 2.78247e-09 2.29112e-09 1.96175e-09 9.65411e-10 8.51088e-10 5.3295e-10 2.84889e-10 1.57282e-10 1.18139e-10 1.01732e-10 3.44668e-11 9.75651e-12 7.72057e-12 7.8734e-12 6.37138e-12 6.07808e-12 5.54458e-12 2.58234e-12 7.04796e-13 5.25591e-13 3.02222e-13
threshold=169.50000000000003 0.26491228070175438 2.5000000000000004 945.00000000000011 173.50000000000003 1137.0000000000002 0.2124060150375939 2087.5000000000005 3.5000000000000004 1.0000000180025095e-35 1359.5000000000002 1.0000000180025095e-35 176.50000000000003 2.5000000000000004 1.0000000180025095e-35 1003.5000000000001 2239.5000000000005 1564.0000000000002 1.0000000180025095e-35 1003.5000000000001 1003.5000000000001 1617.0000000000002 0.18898809523809523 -541.49999999999989 1344.0000000000002 1617.0000000000002 3440.5000000000005 179.50000000000003 1044.0000000000002 1519.5000000000002
decision_type=2 2 2 2 2 2 2 2 2 2 2 2 2 2 2 2 2 2 2 2 2 2 2 2 2 2 2 2 2 2
left_child=8 2 10 5 -5 6 -4 -6 15 -3 17 -10 -9 -11 -14 24 25 19 -17 -2 29 22 -20 -22 -1 28 -16 -25 -13 -15
right_child=1 9 3 4 7 -7 -8 12 11 13 -12 16 14 20 26 18 -18 -19 21 -21 23 -23 -24 27 -26 -27 -28 -29 -30 -31
leaf_value=0.050000349708927007 0.050000440867168497 0.0500900785812399 -0.023607529628937467 -0.043738776171262032 0.020049687786209906 -0.038776416447505679 0.05007916040764198 0.050077561178278829 0.050073487183543409 0.05006465336071806 0.050085170120234272 0.050000503561358961 0.050062080053948847 0.050001454779446397 0.050009812224339013 0.05002928648107579 0.05003772988585057 0.05003193793003783 0.050011523894425106 0.050013711874441084 0.050012093257104318 0.050015128052803781 0.05000129549212376 0.0500042944107882 0.050008103110479964 0.050008883906385387 0.050014464633764515 0.050007146123415808 0.050003279715964299 0.050003378499166543
leaf_weight=0.036602911217414658 0.0091578742562887783 0.010357793309594854 0.012534207751741633 0.015697286035447178 0.023273308835996431 0.075201570636636461 0.012879565786079183 0.012941011838847771 0.040963003411889076 0.0033780337926145885 0.0051892648889406692 0.0014807965412728654 0.003901388990925625 0.0019266705539848772 0.0021145917135072523 0.0052295800560386851 0.0020905834280711133 0.0016407732691732244 0.0013488725489878561 0.0024888724160518913 0.003220947653062467 0.0012576570006785914 0.0017023555274136015 0.001486502485931851 0.0010397931619081638 0.0018337301680730889 0.0027375949171073444 0.0020784541279681434 0.0012641545845326618 0.0014175037540553603
leaf_count=2639 619 4 32 33 24 24 38 22 14 29 17 116 3 70 22 6 3 6 9 17 24 3 59 19 5 8 23 23 14 13
internal_value=0.0172968 0.00205288 -0.00431972 -0.0105461 0.0142764 -0.0255125 0.0137365 0.0345281 0.050035 0.0500511 0.0500288 0.0500653 0.0500602 0.0500212 0.0500346 0.0500045 0.050015 0.0500068 0.0500199 0.0500033 0.0500067 0.0500085 0.0500058 0.0500089 0.0500006 0.0500046 0.0500124 0.050006 0.0500018 0.0500023
internal_weight=0.298437 0.203623 0.179757 0.161281 0.0606652 0.100615 0.0254138 0.0449679 0.0948134 0.0238659 0.0184768 0.0476323 0.0216946 0.0135081 0.00875358 0.0471812 0.00666926 0.0132875 0.00953847 0.0116467 0.0101301 0.00430889 0.00305123 0.0067859 0.0376427 0.00457868 0.00485219 0.00356496 0.00274495 0.00334417
internal_count=3938 1062 880 221 127 94 70 94 2876 182 659 155 70 178 48 2721 141 642 77 636 149 71 68 66 2644 138 45 42 130 83
is_linear=0
shrinkage=0.1


Tree=131
num_leaves=31
num_cat=0
split_feature=4 10 0 8 4 6 10 8 0 2 7 2 4 0 2 7 7 6 2 7 7 6 10 8 6 6 8 4 7 6
split_gain=0.0148938 0.00622829 0.00608285 0.00599163 0.00712761 0.00523798 0.00344911 0.00101124 8.76872e-09 2.78247e-09 2.29112e-09 1.96175e-09 9.65411e-10 8.51088e-10 5.3295e-10 2.84889e-10 1.57282e-10 1.18139e-10 1.01732e-10 3.44668e-11 9.75651e-12 7.72057e-12 7.8734e-12 6.37138e-12 6.07808e-12 5.54458e-12 2.58234e-12 7.04796e-13 5.25591e-13 3.02222e-13
threshold=169.50000000000003 0.26491228070175438 2.5000000000000004 945.00000000000011 173.50000000000003 1137.0000000000002 0.2124060150375939 2087.5000000000005 3.5000000000000004 1.0000000180025095e-35 1359.5000000000002 1.0000000180025095e-35 176.50000000000003 2.5000000000000004 1.0000000180025095e-35 1003.5000000000001 2239.5000000000005 1564.0000000000002 1.0000000180025095e-35 1003.5000000000001 1003.5000000000001 1617.0000000000002 0.18898809523809523 -541.49999999999989 1344.0000000000002 1617.0000000000002 3440.5000000000005 179.50000000000003 1044.0000000000002 1519.5000000000002
decision_type=2 2 2 2 2 2 2 2 2 2 2 2 2 2 2 2 2 2 2 2 2 2 2 2 2 2 2 2 2 2
left_child=8 2 10 5 -5 6 -4 -6 15 -3 17 -10 -9 -11 -14 24 25 19 -17 -2 29 22 -20 -22 -1 28 -16 -25 -13 -15
right_child=1 9 3 4 7 -7 -8 12 11 13 -12 16 14 20 26 18 -18 -19 21 -21 23 -23 -24 27 -26 -27 -28 -29 -30 -31
leaf_value=-0.050000349708927007 -0.050000440867168497 -0.0500900785812399 0.023607529628937467 0.043738776171262032 -0.020049687786209906 0.038776416447505679 -0.05007916040764198 -0.050077561178278829 -0.050073487183543409 -0.05006465336071806 -0.050085170120234272 -0.050000503561358961 -0.050062080053948847 -0.050001454779446397 -0.050009812224339013 -0.05002928648107579 -0.05003772988585057 -0.05003193793003783 -0.050011523894425106 -0.050013711874441084 -0.050012093257104318 -0.050015128052803781 -0.05000129549212376 -0.0500042944107882 -0.050008103110479964 -0.050008883906385387 -0.050014464633764515 -0.050007146123415808 -0.050003279715964299 -0.050003378499166543
leaf_weight=0.036602911217414658 0.0091578742562887783 0.010357793309594854 0.012534207751741633 0.015697286035447178 0.023273308835996431 0.075201570636636461 0.012879565786079183 0.012941011838847771 0.040963003411889076 0.0033780337926145885 0.0051892648889406692 0.0014807965412728654 0.003901388990925625 0.0019266705539848772 0.0021145917135072523 0.0052295800560386851 0.0020905834280711133 0.0016407732691732244 0.0013488725489878561 0.0024888724160518913 0.003220947653062467 0.0012576570006785914 0.0017023555274136015 0.001486502485931851 0.0010397931619081638 0.0018337301680730889 0.0027375949171073444 0.0020784541279681434 0.0012641545845326618 0.0014175037540553603
leaf_count=2639 619 4 32 33 24 24 38 22 14 29 17 116 3 70 22 6 3 6 9 17 24 3 59 19 5 8 23 23 14 13
internal_value=-0.0172968 -0.00205288 0.00431972 0.0105461 -0.0142764 0.0255125 -0.0137365 -0.0345281 -0.050035 -0.0500511 -0.0500288 -0.0500653 -0.0500602 -0.0500212 -0.0500346 -0.0500045 -0.050015 -0.0500068 -0.0500199 -0.0500033 -0.0500067 -0.0500085 -0.0500058 -0.0500089 -0.0500006 -0.0500046 -0.0500124 -0.050006 -0.0500018 -0.0500023
internal_weight=0.298437 0.203623 0.179757 0.161281 0.0606652 0.100615 0.0254138 0.0449679 0.0948134 0.0238659 0.0184768 0.0476323 0.0216946 0.0135081 0.00875358 0.0471812 0.00666926 0.0132875 0.00953847 0.0116467 0.0101301 0.00430889 0.00305123 0.0067859 0.0376427 0.00457868 0.00485219 0.00356496 0.00274495 0.00334417
internal_count=3938 1062 880 221 127 94 70 94 2876 182 659 155 70 178 48 2721 141 642 77 636 149 71 68 66 2644 138 45 42 130 83
is_linear=0
shrinkage=0.1


Tree=132
num_leaves=31
num_cat=0
split_feature=4 10 1 6 0 4 6 0 7 6 6 0 2 2 2 0 7 7 2 10 7 7 7 6 10 8 6 6 8 4
split_gain=0.0136341 0.00561937 0.00557095 0.00590264 0.00585787 0.00180122 0.000977196 0.00181723 0.00025762 0.000616751 6.49513e-09 6.49483e-09 2.06074e-09 1.62664e-09 1.45284e-09 6.30368e-10 2.11081e-10 1.16517e-10 7.53602e-11 4.34931e-11 2.32241e-11 7.22993e-12 6.33711e-12 5.71744e-12 5.8361e-12 4.72281e-12 4.10917e-12 4.06194e-12 1.24074e-12 5.21794e-13
threshold=169.50000000000003 0.26491228070175438 2.5000000000000004 1344.0000000000002 3.5000000000000004 173.50000000000003 813.50000000000011 3.5000000000000004 1877.0000000000002 1683.0000000000002 570.00000000000011 3.5000000000000004 1.0000000180025095e-35 1.0000000180025095e-35 1.0000000180025095e-35 2.5000000000000004 1003.5000000000001 2239.5000000000005 1.0000000180025095e-35 0.20942982456140347 1003.5000000000001 1003.5000000000001 1003.5000000000001 1617.0000000000002 0.18898809523809523 -541.49999999999989 1617.0000000000002 1182.0000000000002 644.50000000000011 179.50000000000003
decision_type=2 2 2 2 2 2 2 2 2 2 2 2 2 2 2 2 2 2 2 2 2 2 2 2 2 2 2 2 2 2
left_child=11 2 5 4 10 8 7 22 9 -2 20 16 -3 -8 -13 -14 27 26 -18 -15 -4 -17 -7 24 -20 -23 -16 -1 -21 -27
right_child=1 12 3 -5 -6 6 13 -9 -10 -11 -12 14 15 19 17 21 18 -19 23 28 -22 25 -24 -25 -26 29 -28 -29 -30 -31
leaf_value=0.050000315907638385 0.050001436193271902 0.050081494231576165 0.050000656483182138 -0.035313276548631208 -0.013690730409597311 0.050001248019758499 0.050071190350685114 -0.038878037367913044 -0.045668962253150043 -0.033930140488575053 0.050115449928811819 0.050066484945460593 0.050058493438888102 0.050023972648919147 0.050001612332543834 0.05000205413883272 0.050026499402026983 0.050034138953285096 0.050010429933241167 0.050007046455818494 0.050011317072470751 0.050010944090329836 0.050008186594621508 0.050013688060857098 0.050001172295998035 0.050003886295454263 0.050008039572587849 0.050006662295543305 0.050010425804185132 0.050006465800243566
leaf_weight=0.033020279395714169 0.0013655149441547101 0.0093736441131113679 0.0060991043396825262 0.065038010592616047 0.04389320589007184 0.0029814811712185474 0.014637166860666184 0.0040419440829282394 0.0023963947551237652 0.0024397796150879003 0.012280473765713396 0.037069778656587005 0.0030569283362638098 0.0034603464337124024 0.0024837424662109689 0.0030259464533628488 0.0047321699603344314 0.0018917670186056057 0.0012205357452330645 0.0017061538273992483 0.0030731755305168917 0.0029144975851522759 0.0023567766538690194 0.0011380061623640358 0.0015403585857711732 0.0013450534925141255 0.0016592542724538362 0.0010402822654214097 0.002991311061578017 0.0018806873536050261
leaf_count=2631 71 4 411 18 25 184 16 5 4 3 35 14 29 26 130 83 6 3 9 14 15 24 18 3 59 19 8 13 35 23
internal_value=0.0169347 0.00201757 -0.00412878 -0.0139859 0.00724091 0.0293605 0.0388719 0.0117048 -0.0199857 -0.00381163 0.0500679 0.0500317 0.0500462 0.0500512 0.0500591 0.0500192 0.050004 0.0500136 0.050018 0.0500155 0.0500042 0.0500061 0.0500043 0.0500077 0.0500053 0.050008 0.0500042 0.0500005 0.0500092 0.0500054
internal_weight=0.276154 0.190358 0.168761 0.130384 0.065346 0.0383769 0.0321752 0.0093802 0.00620169 0.00380529 0.0214528 0.0857962 0.0215968 0.022795 0.0431045 0.0122231 0.0426916 0.00603476 0.00863107 0.00815781 0.00917228 0.00916618 0.00533826 0.0038989 0.00276089 0.00614024 0.004143 0.0340606 0.00469746 0.00322574
internal_count=3938 1062 880 504 486 376 298 207 78 74 461 2876 182 91 155 178 2721 141 77 75 426 149 202 71 68 66 138 2644 49 42
is_linear=0
shrinkage=0.1


Tree=133
num_leaves=31
num_cat=0
split_feature=4 10 1 6 0 4 6 0 7 6 6 0 2 2 2 0 7 7 2 10 7 7 7 6 10 8 6 6 8 4
split_gain=0.0136341 0.00561937 0.00557095 0.00590264 0.00585787 0.00180122 0.000977196 0.00181723 0.00025762 0.000616751 6.49513e-09 6.49483e-09 2.06074e-09 1.62664e-09 1.45284e-09 6.30368e-10 2.11081e-10 1.16517e-10 7.53602e-11 4.34931e-11 2.32241e-11 7.22993e-12 6.33711e-12 5.71744e-12 5.8361e-12 4.72281e-12 4.10917e-12 4.06194e-12 1.24074e-12 5.21794e-13
threshold=169.50000000000003 0.26491228070175438 2.5000000000000004 1344.0000000000002 3.5000000000000004 173.50000000000003 813.50000000000011 3.5000000000000004 1877.0000000000002 1683.0000000000002 570.00000000000011 3.5000000000000004 1.0000000180025095e-35 1.0000000180025095e-35 1.0000000180025095e-35 2.5000000000000004 1003.5000000000001 2239.5000000000005 1.0000000180025095e-35 0.20942982456140347 1003.5000000000001 1003.5000000000001 1003.5000000000001 1617.0000000000002 0.18898809523809523 -541.49999999999989 1617.0000000000002 1182.0000000000002 644.50000000000011 179.50000000000003
decision_type=2 2 2 2 2 2 2 2 2 2 2 2 2 2 2 2 2 2 2 2 2 2 2 2 2 2 2 2 2 2
left_child=11 2 5 4 10 8 7 22 9 -2 20 16 -3 -8 -13 -14 27 26 -18 -15 -4 -17 -7 24 -20 -23 -16 -1 -21 -27
right_child=1 12 3 -5 -6 6 13 -9 -10 -11 -12 14 15 19 17 21 18 -19 23 28 -22 25 -24 -25 -26 29 -28 -29 -30 -31
leaf_value=-0.050000315907638385 -0.050001436193271902 -0.050081494231576165 -0.050000656483182138 0.035313276548631208 0.013690730409597311 -0.050001248019758499 -0.050071190350685114 0.038878037367913044 0.045668962253150043 0.033930140488575053 -0.050115449928811819 -0.050066484945460593 -0.050058493438888102 -0.050023972648919147 -0.050001612332543834 -0.05000205413883272 -0.050026499402026983 -0.050034138953285096 -0.050010429933241167 -0.050007046455818494 -0.050011317072470751 -0.050010944090329836 -0.050008186594621508 -0.050013688060857098 -0.050001172295998035 -0.050003886295454263 -0.050008039572587849 -0.050006662295543305 -0.050010425804185132 -0.050006465800243566
leaf_weight=0.033020279395714169 0.0013655149441547101 0.0093736441131113679 0.0060991043396825262 0.065038010592616047 0.04389320589007184 0.0029814811712185474 0.014637166860666184 0.0040419440829282394 0.0023963947551237652 0.0024397796150879003 0.012280473765713396 0.037069778656587005 0.0030569283362638098 0.0034603464337124024 0.0024837424662109689 0.0030259464533628488 0.0047321699603344314 0.0018917670186056057 0.0012205357452330645 0.0017061538273992483 0.0030731755305168917 0.0029144975851522759 0.0023567766538690194 0.0011380061623640358 0.0015403585857711732 0.0013450534925141255 0.0016592542724538362 0.0010402822654214097 0.002991311061578017 0.0018806873536050261
leaf_count=2631 71 4 411 18 25 184 16 5 4 3 35 14 29 26 130 83 6 3 9 14 15 24 18 3 59 19 8 13 35 23
internal_value=-0.0169347 -0.00201757 0.00412878 0.0139859 -0.00724091 -0.0293605 -0.0388719 -0.0117048 0.0199857 0.00381163 -0.0500679 -0.0500317 -0.0500462 -0.0500512 -0.0500591 -0.0500192 -0.050004 -0.0500136 -0.050018 -0.0500155 -0.0500042 -0.0500061 -0.0500043 -0.0500077 -0.0500053 -0.050008 -0.0500042 -0.0500005 -0.0500092 -0.0500054
internal_weight=0.276154 0.190358 0.168761 0.130384 0.065346 0.0383769 0.0321752 0.0093802 0.00620169 0.00380529 0.0214528 0.0857962 0.0215968 0.022795 0.0431045 0.0122231 0.0426916 0.00603476 0.00863107 0.00815781 0.00917228 0.00916618 0.00533826 0.0038989 0.00276089 0.00614024 0.004143 0.0340606 0.00469746 0.00322574
internal_count=3938 1062 880 504 486 376 298 207 78 74 461 2876 182 91 155 178 2721 141 77 75 426 149 202 71 68 66 138 2644 49 42
is_linear=0
shrinkage=0.1


Tree=134
num_leaves=31
num_cat=0
split_feature=4 10 0 8 4 6 10 8 0 2 6 2 4 0 2 7 7 2 7 10 7 6 10 8 6 6 4 7 6 6
split_gain=0.0125117 0.00506453 0.0049339 0.00487286 0.00605956 0.0044897 0.00310785 0.000990404 4.81024e-09 1.52626e-09 1.25472e-09 1.07599e-09 8.38485e-10 4.66908e-10 2.84887e-10 1.56334e-10 8.63062e-11 5.58308e-11 1.51902e-11 8.91558e-12 5.35544e-12 4.23527e-12 4.32112e-12 3.50013e-12 3.04285e-12 2.82446e-12 3.8611e-13 2.88563e-13 1.65942e-13 5.83496e-15
threshold=169.50000000000003 0.26491228070175438 2.5000000000000004 945.00000000000011 173.50000000000003 1137.0000000000002 0.2124060150375939 2087.5000000000005 3.5000000000000004 1.0000000180025095e-35 1084.0000000000002 1.0000000180025095e-35 176.50000000000003 2.5000000000000004 1.0000000180025095e-35 1003.5000000000001 2239.5000000000005 1.0000000180025095e-35 1003.5000000000001 0.19615384615384618 1003.5000000000001 1617.0000000000002 0.18898809523809523 -541.49999999999989 1617.0000000000002 1084.0000000000002 179.50000000000003 1044.0000000000002 1519.5000000000002 431.00000000000006
decision_type=2 2 2 2 2 2 2 2 2 2 2 2 2 2 2 2 2 2 2 2 2 2 2 2 2 2 2 2 2 2
left_child=8 2 10 5 -5 6 -4 -6 15 -3 18 -10 -9 -11 -14 25 24 -17 29 -16 28 22 -19 -22 27 -1 -25 -13 -15 -2
right_child=1 9 3 4 7 -7 -8 12 11 13 -12 16 14 20 19 17 -18 21 -20 -21 23 -23 -24 26 -26 -27 -28 -29 -30 -31
leaf_value=0.050000287389855194 0.05000028852309002 0.050073728901953996 -0.02265650327712208 -0.042341541421292851 0.018807475086655784 -0.037277912046427837 0.050075057730387153 0.050071100993118581 0.050060149727069903 0.050052921298433299 0.05006222052171564 0.05000041209111581 0.050050819735059177 0.050001191361171538 0.050015368872957336 0.050023976909267548 0.050030887434381416 0.050009435245828439 0.050009235266935737 0.050006176108405 0.050009903244522293 0.050012384310480607 0.05000106093146689 0.050003516916084859 0.050007273402802581 0.050005690292234187 0.050005849593481345 0.050002685448412423 0.050002766739168196 0.050000544625654432
leaf_weight=0.029819282404787373 0.0061643279407235241 0.0084828722738166107 0.011787206881308521 0.014222801225514559 0.021608343666230212 0.066260126463021152 0.011713363970557111 0.011626094819803257 0.033546151360496879 0.0027663152804962019 0.0055406893266081178 0.0012123729629820437 0.0031947733878041609 0.0015774299995428009 0.0024387770281464327 0.0042820494127226985 0.0017118471278081415 0.0011044072180084186 0.0026055900698338519 0.0018593766999401851 0.0026371985841251444 0.0010297360422555357 0.0013937770318079856 0.0012170632699053385 0.0015013771726444247 0.0010000171769206636 0.0017017361919897667 0.0010350167062824767 0.0011605697309278185 0.0010396239545116259
leaf_count=2626 545 4 32 33 24 24 38 22 14 29 24 116 3 70 10 6 3 9 27 35 24 3 59 19 8 18 23 14 13 63
internal_value=0.0164846 0.00198482 -0.00388285 -0.00960105 0.013852 -0.0239587 0.013595 0.033476 0.0500287 0.0500418 0.0500242 0.0500534 0.0500543 0.0500173 0.0500282 0.0500037 0.0500123 0.0500163 0.0500027 0.0500114 0.0500055 0.050007 0.0500048 0.0500073 0.0500038 0.0500005 0.0500049 0.0500015 0.0500019 0.0500003
internal_weight=0.25724 0.179604 0.160061 0.144711 0.0549502 0.0897607 0.0235006 0.0407274 0.077636 0.0195432 0.0153502 0.0390068 0.019119 0.0110603 0.00749293 0.0386293 0.00546061 0.00780997 0.00980954 0.00429815 0.008294 0.00352792 0.00249818 0.005556 0.00374877 0.0308193 0.0029188 0.00224739 0.002738 0.00720395
internal_count=3938 1062 880 221 127 94 70 94 2876 182 659 155 70 178 48 2721 141 77 635 45 149 71 68 66 138 2644 42 130 83 608
is_linear=0
shrinkage=0.1


Tree=135
num_leaves=31
num_cat=0
split_feature=4 10 0 8 4 6 10 8 0 2 6 2 4 0 2 7 7 2 7 10 7 6 10 8 6 6 4 7 6 6
split_gain=0.0125117 0.00506453 0.0049339 0.00487286 0.00605956 0.0044897 0.00310785 0.000990404 4.81024e-09 1.52626e-09 1.25472e-09 1.07599e-09 8.38485e-10 4.66908e-10 2.84887e-10 1.56334e-10 8.63062e-11 5.58308e-11 1.51902e-11 8.91558e-12 5.35544e-12 4.23527e-12 4.32112e-12 3.50013e-12 3.04285e-12 2.82446e-12 3.8611e-13 2.88563e-13 1.65942e-13 5.83496e-15
threshold=169.50000000000003 0.26491228070175438 2.5000000000000004 945.00000000000011 173.50000000000003 1137.0000000000002 0.2124060150375939 2087.5000000000005 3.5000000000000004 1.0000000180025095e-35 1084.0000000000002 1.0000000180025095e-35 176.50000000000003 2.5000000000000004 1.0000000180025095e-35 1003.5000000000001 2239.5000000000005 1.0000000180025095e-35 1003.5000000000001 0.19615384615384618 1003.5000000000001 1617.0000000000002 0.18898809523809523 -541.49999999999989 1617.0000000000002 1084.0000000000002 179.50000000000003 1044.0000000000002 1519.5000000000002 431.00000000000006
decision_type=2 2 2 2 2 2 2 2 2 2 2 2 2 2 2 2 2 2 2 2 2 2 2 2 2 2 2 2 2 2
left_child=8 2 10 5 -5 6 -4 -6 15 -3 18 -10 -9 -11 -14 25 24 -17 29 -16 28 22 -19 -22 27 -1 -25 -13 -15 -2
right_child=1 9 3 4 7 -7 -8 12 11 13 -12 16 14 20 19 17 -18 21 -20 -21 23 -23 -24 26 -26 -27 -28 -29 -30 -31
leaf_value=-0.050000287389855194 -0.05000028852309002 -0.050073728901953996 0.02265650327712208 0.042341541421292851 -0.018807475086655784 0.037277912046427837 -0.050075057730387153 -0.050071100993118581 -0.050060149727069903 -0.050052921298433299 -0.05006222052171564 -0.05000041209111581 -0.050050819735059177 -0.050001191361171538 -0.050015368872957336 -0.050023976909267548 -0.050030887434381416 -0.050009435245828439 -0.050009235266935737 -0.050006176108405 -0.050009903244522293 -0.050012384310480607 -0.05000106093146689 -0.050003516916084859 -0.050007273402802581 -0.050005690292234187 -0.050005849593481345 -0.050002685448412423 -0.050002766739168196 -0.050000544625654432
leaf_weight=0.029819282404787373 0.0061643279407235241 0.0084828722738166107 0.011787206881308521 0.014222801225514559 0.021608343666230212 0.066260126463021152 0.011713363970557111 0.011626094819803257 0.033546151360496879 0.0027663152804962019 0.0055406893266081178 0.0012123729629820437 0.0031947733878041609 0.0015774299995428009 0.0024387770281464327 0.0042820494127226985 0.0017118471278081415 0.0011044072180084186 0.0026055900698338519 0.0018593766999401851 0.0026371985841251444 0.0010297360422555357 0.0013937770318079856 0.0012170632699053385 0.0015013771726444247 0.0010000171769206636 0.0017017361919897667 0.0010350167062824767 0.0011605697309278185 0.0010396239545116259
leaf_count=2626 545 4 32 33 24 24 38 22 14 29 24 116 3 70 10 6 3 9 27 35 24 3 59 19 8 18 23 14 13 63
internal_value=-0.0164846 -0.00198482 0.00388285 0.00960105 -0.013852 0.0239587 -0.013595 -0.033476 -0.0500287 -0.0500418 -0.0500242 -0.0500534 -0.0500543 -0.0500173 -0.0500282 -0.0500037 -0.0500123 -0.0500163 -0.0500027 -0.0500114 -0.0500055 -0.050007 -0.0500048 -0.0500073 -0.0500038 -0.0500005 -0.0500049 -0.0500015 -0.0500019 -0.0500003
internal_weight=0.25724 0.179604 0.160061 0.144711 0.0549502 0.0897607 0.0235006 0.0407274 0.077636 0.0195432 0.0153502 0.0390068 0.019119 0.0110603 0.00749293 0.0386293 0.00546061 0.00780997 0.00980954 0.00429815 0.008294 0.00352792 0.00249818 0.005556 0.00374877 0.0308193 0.0029188 0.00224739 0.002738 0.00720395
internal_count=3938 1062 880 221 127 94 70 94 2876 182 659 155 70 178 48 2721 141 77 635 45 149 71 68 66 138 2644 42 130 83 608
is_linear=0
shrinkage=0.1


Tree=136
num_leaves=31
num_cat=0
split_feature=6 10 1 6 0 10 0 0 10 6 2 6 2 0 10 1 7 10 10 7 6 6 7 7 6 7 6 6 4 0
split_gain=0.0115587 0.00590033 0.00476158 0.00340542 0.00431153 0.00152654 0.00305954 3.97684e-09 2.5195e-09 1.50379e-09 1.44913e-09 5.50943e-10 5.28874e-10 3.75717e-10 1.22952e-10 8.80684e-11 5.62399e-11 2.88636e-11 2.06144e-10 1.9111e-11 1.43536e-11 5.92139e-12 4.97831e-12 4.47811e-12 2.36908e-12 2.31062e-12 1.3525e-12 1.63934e-13 5.08274e-14 1.57723e-13
threshold=431.00000000000006 0.26491228070175438 2.5000000000000004 1344.0000000000002 3.5000000000000004 0.20416666666666669 3.5000000000000004 3.5000000000000004 0.18019480519480516 1519.5000000000002 1.0000000180025095e-35 1084.0000000000002 1.0000000180025095e-35 2.5000000000000004 0.21583850931677012 3.5000000000000004 1003.5000000000001 0.18898809523809523 0.19139194139194138 1108.5000000000002 989.00000000000011 1617.0000000000002 1003.5000000000001 1071.0000000000002 1344.0000000000002 -56.499999999999993 150.00000000000003 1344.0000000000002 173.50000000000003 2.5000000000000004
decision_type=2 2 2 2 2 2 2 2 2 2 2 2 2 2 2 2 2 2 2 2 2 2 2 2 2 2 2 2 2 2
left_child=7 2 5 4 8 6 9 16 -4 20 -3 23 -7 -12 -14 17 28 -9 -19 -18 -2 -16 27 -10 -24 -17 -21 -15 -1 -30
right_child=1 10 3 -5 -6 12 -8 15 11 -11 13 -13 14 22 21 25 19 18 -20 26 -22 -23 24 -25 -26 -27 -28 -29 29 -31
leaf_value=0.050000256240483432 0.050005296754465273 0.050065373955439196 0.050123163050506694 -0.031724873875162381 -0.013971273732240075 0.050052917805047718 -0.035801114646445691 0.050047874692087761 0.050001461693150465 0.050097645401460215 0.050048767535320227 0.050060318518284554 0.050032273110327458 0.050000840744357004 0.050002855359380496 0.050051926710494778 0.050015103174926717 0.050054749271540626 0.050008827316593486 0.050002206943180021 0.050017524836833249 0.050009883611535272 0.050003657019411257 0.05000920723897867 0.050007756124110458 0.050053959168109369 0.050006403091395028 0.050002325802153483 0.05000026314694167 0.050001475332675474
leaf_weight=0.027887207806088554 0.0017263986565012601 0.010096552781760693 0.0064691288989706672 0.059250045414955821 0.039665989966124471 0.0069115011574467635 0.0083568443296826445 0.0025361073785461477 0.0012500399316195399 0.0043568973842411651 0.0024579035707574812 0.0047272698675442371 0.0031735875368212874 0.0016127074063660984 0.0016471248800371541 0.015197271007309608 0.0037251485100568962 0.0021852350328117609 0.0017687450758785417 0.0014262785134633305 0.0021622172830575437 0.004403679291044682 0.0020662480715145648 0.0018527744705352234 0.0044389133327058516 0.008851393759869099 0.00166464059111604 0.0013788854257654748 0.0039787181515293915 0.0014699513981213386
leaf_count=2731 52 4 41 23 31 5 7 2 53 12 23 7 14 106 59 37 13 1 44 36 21 31 43 13 35 15 24 20 388 47
internal_value=0.0160982 0.00182399 -0.00546029 -0.0151731 0.00299966 0.0281284 0.00684022 0.0500227 0.050077 0.0500573 0.0500375 0.0500388 0.050032 0.0500139 0.0500163 0.0500499 0.050002 0.0500395 0.0500342 0.0500103 0.0500121 0.050008 0.0500049 0.0500061 0.0500065 0.0500527 0.0500045 0.0500015 0.0500003 0.0500006
internal_weight=0.238695 0.168005 0.145953 0.113215 0.0539652 0.0327383 0.0166024 0.0706907 0.0142992 0.00824551 0.0220512 0.00783008 0.0161359 0.0119547 0.00922439 0.0305388 0.0401519 0.00649009 0.00395398 0.00681607 0.00388862 0.0060508 0.00949675 0.00310281 0.00650516 0.0240487 0.00309092 0.00299159 0.0333359 0.00544867
internal_count=3938 600 369 168 145 201 92 3338 114 85 231 73 109 227 104 99 3239 47 45 73 73 90 204 66 78 52 60 126 3166 435
is_linear=0
shrinkage=0.1


Tree=137
num_leaves=31
num_cat=0
split_feature=6 10 1 6 0 10 0 0 10 6 2 6 2 0 10 1 7 10 10 7 6 6 7 7 6 7 6 6 4 0
split_gain=0.0115587 0.00590033 0.00476158 0.00340542 0.00431153 0.00152654 0.00305954 3.97684e-09 2.5195e-09 1.50379e-09 1.44913e-09 5.50943e-10 5.28874e-10 3.75717e-10 1.22952e-10 8.80684e-11 5.62399e-11 2.88636e-11 2.06144e-10 1.9111e-11 1.43536e-11 5.92139e-12 4.97831e-12 4.47811e-12 2.36908e-12 2.31062e-12 1.3525e-12 1.63934e-13 5.08274e-14 1.57723e-13
threshold=431.00000000000006 0.26491228070175438 2.5000000000000004 1344.0000000000002 3.5000000000000004 0.20416666666666669 3.5000000000000004 3.5000000000000004 0.18019480519480516 1519.5000000000002 1.0000000180025095e-35 1084.0000000000002 1.0000000180025095e-35 2.5000000000000004 0.21583850931677012 3.5000000000000004 1003.5000000000001 0.18898809523809523 0.19139194139194138 1108.5000000000002 989.00000000000011 1617.0000000000002 1003.5000000000001 1071.0000000000002 1344.0000000000002 -56.499999999999993 150.00000000000003 1344.0000000000002 173.50000000000003 2.5000000000000004
decision_type=2 2 2 2 2 2 2 2 2 2 2 2 2 2 2 2 2 2 2 2 2 2 2 2 2 2 2 2 2 2
left_child=7 2 5 4 8 6 9 16 -4 20 -3 23 -7 -12 -14 17 28 -9 -19 -18 -2 -16 27 -10 -24 -17 -21 -15 -1 -30
right_child=1 10 3 -5 -6 12 -8 15 11 -11 13 -13 14 22 21 25 19 18 -20 26 -22 -23 24 -25 -26 -27 -28 -29 29 -31
leaf_value=-0.050000256240483432 -0.050005296754465273 -0.050065373955439196 -0.050123163050506694 0.031724873875162381 0.013971273732240075 -0.050052917805047718 0.035801114646445691 -0.050047874692087761 -0.050001461693150465 -0.050097645401460215 -0.050048767535320227 -0.050060318518284554 -0.050032273110327458 -0.050000840744357004 -0.050002855359380496 -0.050051926710494778 -0.050015103174926717 -0.050054749271540626 -0.050008827316593486 -0.050002206943180021 -0.050017524836833249 -0.050009883611535272 -0.050003657019411257 -0.05000920723897867 -0.050007756124110458 -0.050053959168109369 -0.050006403091395028 -0.050002325802153483 -0.05000026314694167 -0.050001475332675474
leaf_weight=0.027887207806088554 0.0017263986565012601 0.010096552781760693 0.0064691288989706672 0.059250045414955821 0.039665989966124471 0.0069115011574467635 0.0083568443296826445 0.0025361073785461477 0.0012500399316195399 0.0043568973842411651 0.0024579035707574812 0.0047272698675442371 0.0031735875368212874 0.0016127074063660984 0.0016471248800371541 0.015197271007309608 0.0037251485100568962 0.0021852350328117609 0.0017687450758785417 0.0014262785134633305 0.0021622172830575437 0.004403679291044682 0.0020662480715145648 0.0018527744705352234 0.0044389133327058516 0.008851393759869099 0.00166464059111604 0.0013788854257654748 0.0039787181515293915 0.0014699513981213386
leaf_count=2731 52 4 41 23 31 5 7 2 53 12 23 7 14 106 59 37 13 1 44 36 21 31 43 13 35 15 24 20 388 47
internal_value=-0.0160982 -0.00182399 0.00546029 0.0151731 -0.00299966 -0.0281284 -0.00684022 -0.0500227 -0.050077 -0.0500573 -0.0500375 -0.0500388 -0.050032 -0.0500139 -0.0500163 -0.0500499 -0.050002 -0.0500395 -0.0500342 -0.0500103 -0.0500121 -0.050008 -0.0500049 -0.0500061 -0.0500065 -0.0500527 -0.0500045 -0.0500015 -0.0500003 -0.0500006
internal_weight=0.238695 0.168005 0.145953 0.113215 0.0539652 0.0327383 0.0166024 0.0706907 0.0142992 0.00824551 0.0220512 0.00783008 0.0161359 0.0119547 0.00922439 0.0305388 0.0401519 0.00649009 0.00395398 0.00681607 0.00388862 0.0060508 0.00949675 0.00310281 0.00650516 0.0240487 0.00309092 0.00299159 0.0333359 0.00544867
internal_count=3938 600 369 168 145 201 92 3338 114 85 231 73 109 227 104 99 3239 47 45 73 73 90 204 66 78 52 60 126 3166 435
is_linear=0
shrinkage=0.1


Tree=138
num_leaves=31
num_cat=0
split_feature=4 2 10 8 10 0 10 6 0 0 10 6 4 7 6 10 6 7 7 10 2 7 10 7 6 10 1 7 6 10
split_gain=0.0106791 0.00546046 0.00691856 0.00470407 0.00608513 0.00685835 0.00361298 0.00335155 4.87062e-09 3.7314e-09 2.11554e-09 1.11474e-09 9.943e-10 1.28744e-10 2.89088e-10 1.20077e-10 9.74792e-11 8.61794e-11 4.5994e-11 3.74904e-11 2.91532e-11 1.15772e-11 6.34478e-12 4.75853e-12 3.99186e-12 3.66421e-12 6.00326e-12 3.62279e-12 2.32425e-12 1.95318e-12
threshold=172.50000000000003 1.0000000180025095e-35 0.18634259259259259 2219.5000000000005 0.20942982456140347 3.5000000000000004 0.18350168350168347 2015.5000000000002 3.5000000000000004 4.5000000000000009 0.17519181585677748 1893.0000000000002 170.50000000000003 112.50000000000001 -264.49999999999994 0.36038961038961043 1564.0000000000002 1003.5000000000001 1224.0000000000002 0.24500000000000002 1.0000000180025095e-35 1003.5000000000001 0.20416666666666669 -68.999999999999986 1519.5000000000002 0.20416666666666669 4.5000000000000009 1784.5000000000002 1026.5000000000002 0.19139194139194138
decision_type=2 2 2 2 2 2 2 2 2 2 2 2 2 2 2 2 2 2 2 2 2 2 2 2 2 2 2 2 2 2
left_child=7 3 6 4 5 10 16 8 17 11 21 15 13 23 -15 18 -3 28 22 -20 -19 -2 -4 25 -21 -10 -27 29 -1 -22
right_child=1 2 9 -5 -6 -7 -8 -9 12 -11 -12 -13 -14 14 -16 -17 -18 20 19 24 27 -23 -24 -25 -26 26 -28 -29 -30 -31
leaf_value=0.050000237016701754 0.050000389409342344 0.050002072588808101 0.05000913933257526 0.050056998156612742 -0.048648755515815538 -0.050053172888914158 -0.046854318779329107 -0.018629727029750708 0.050048215737954295 0.050116530676691445 0.050091416637756903 0.050056581388239735 0.050080438478080518 0.050048248531818655 0.050003261845543205 0.05003138668039845 0.050033235816262525 0.050019211646249763 0.050019378549813143 0.050003192774107509 0.050006891081197595 0.050011568298769675 0.050002140068373925 0.050050082656263567 0.050009800820379438 0.050041050555258398 0.050047547567025764 0.05001099437852892 0.050005145529128284 0.050000863006624069
leaf_weight=0.02610833289600123 0.0016057076436482012 0.003741263889878609 0.001813544455671944 0.0091386220676668017 0.045601090780110098 0.011364272329956293 0.015596041319895448 0.0078367038368014619 0.011653292413939198 0.0055951152266970885 0.013392450349783758 0.0090431135622566217 0.01049996745655335 0.0039685326541984978 0.0022317343691611305 0.0034311223162148954 0.0013717968317905616 0.0035898800783797915 0.0067373033962212503 0.001652631460729026 0.001024954524837085 0.0021898695631534792 0.0045306263273232616 0.0082090032851738215 0.0020458762701309752 0.0022263054593167899 0.0039375823962473078 0.0010073378252855036 0.0010016934547820702 0.0011302202274237061
leaf_count=2798 146 241 40 34 15 6 3 8 9 12 19 30 18 9 67 16 4 8 31 39 15 8 177 16 15 45 11 14 26 58
internal_value=0.0156111 -0.00144231 0.0228387 -0.0176386 -0.0259813 0.010221 -0.0229385 0.0436579 0.0500313 0.0500417 0.0500727 0.0500274 0.0500537 0.050045 0.0500321 0.0500143 0.0500104 0.0500029 0.0500109 0.0500149 0.050013 0.0500068 0.0500041 0.0500481 0.0500068 0.0500472 0.0500452 0.050006 0.0500004 0.0500037
internal_weight=0.223276 0.13885 0.0555584 0.083292 0.0741534 0.0285523 0.0207091 0.0844255 0.0765888 0.0348493 0.017188 0.0292542 0.0427264 0.0322265 0.00620027 0.0202111 0.00511306 0.0338624 0.01678 0.0104358 0.00675239 0.00379558 0.00634417 0.0260262 0.00369851 0.0178172 0.00616389 0.00316251 0.02711 0.00215517
internal_count=3938 836 608 228 194 179 248 3102 3094 360 173 348 175 157 76 318 245 2919 302 85 95 154 217 81 54 65 56 87 2824 73
is_linear=0
shrinkage=0.1


Tree=139
num_leaves=31
num_cat=0
split_feature=4 2 10 8 10 0 10 6 0 0 10 6 4 7 6 10 6 7 7 10 2 7 10 7 6 10 1 7 6 10
split_gain=0.0106791 0.00546046 0.00691856 0.00470407 0.00608513 0.00685835 0.00361298 0.00335155 4.87062e-09 3.7314e-09 2.11554e-09 1.11474e-09 9.943e-10 1.28744e-10 2.89088e-10 1.20077e-10 9.74792e-11 8.61794e-11 4.5994e-11 3.74902e-11 2.91532e-11 1.15772e-11 6.34478e-12 4.75853e-12 3.99179e-12 3.66421e-12 6.00326e-12 3.62279e-12 2.32425e-12 1.95318e-12
threshold=172.50000000000003 1.0000000180025095e-35 0.18634259259259259 2219.5000000000005 0.20942982456140347 3.5000000000000004 0.18350168350168347 2015.5000000000002 3.5000000000000004 4.5000000000000009 0.17519181585677748 1893.0000000000002 170.50000000000003 112.50000000000001 -264.49999999999994 0.36038961038961043 1564.0000000000002 1003.5000000000001 1224.0000000000002 0.24500000000000002 1.0000000180025095e-35 1003.5000000000001 0.20416666666666669 -68.999999999999986 1519.5000000000002 0.20416666666666669 4.5000000000000009 1784.5000000000002 1026.5000000000002 0.19139194139194138
decision_type=2 2 2 2 2 2 2 2 2 2 2 2 2 2 2 2 2 2 2 2 2 2 2 2 2 2 2 2 2 2
left_child=7 3 6 4 5 10 16 8 17 11 21 15 13 23 -15 18 -3 28 22 -20 -19 -2 -4 25 -21 -10 -27 29 -1 -22
right_child=1 2 9 -5 -6 -7 -8 -9 12 -11 -12 -13 -14 14 -16 -17 -18 20 19 24 27 -23 -24 -25 -26 26 -28 -29 -30 -31
leaf_value=-0.050000237016701754 -0.050000389409342344 -0.050002072588808101 -0.05000913933257526 -0.050056998156612742 0.048648755515815538 0.050053172888914158 0.046854318779329107 0.018629727029750708 -0.050048215737954295 -0.050116530676691445 -0.050091416637756903 -0.050056581388239735 -0.050080438478080518 -0.050048248531818655 -0.050003261845543205 -0.05003138668039845 -0.050033235816262525 -0.050019211646249763 -0.050019378549813143 -0.050003192829140633 -0.050006891081197595 -0.050011568298769675 -0.050002140068373925 -0.050050082656263567 -0.050009800820379438 -0.050041050555258398 -0.050047547567025764 -0.05001099437852892 -0.050005145529128284 -0.050000863006624069
leaf_weight=0.02610833289600123 0.0016057076436482012 0.003741263889878609 0.001813544455671944 0.0091386220676668017 0.045601090780110098 0.011364272329956293 0.015596041319895448 0.0078367038368014619 0.011653292413939198 0.0055951152266970885 0.013392450349783758 0.0090431135622566217 0.01049996745655335 0.0039685326541984978 0.0022317343691611305 0.0034311223162148954 0.0013717968317905616 0.0035898800783797915 0.0067373033962212503 0.001652631460729026 0.001024954524837085 0.0021898695631534792 0.0045306263273232616 0.0082090032851738215 0.0020458762701309752 0.0022263054593167899 0.0039375823962473078 0.0010073378252855036 0.0010016934547820702 0.0011302202274237061
leaf_count=2798 146 241 40 34 15 6 3 8 9 12 19 30 18 9 67 16 4 8 31 39 15 8 177 16 15 45 11 14 26 58
internal_value=-0.0156111 0.00144231 -0.0228387 0.0176386 0.0259813 -0.010221 0.0229385 -0.0436579 -0.0500313 -0.0500417 -0.0500727 -0.0500274 -0.0500537 -0.050045 -0.0500321 -0.0500143 -0.0500104 -0.0500029 -0.0500109 -0.0500149 -0.050013 -0.0500068 -0.0500041 -0.0500481 -0.0500068 -0.0500472 -0.0500452 -0.050006 -0.0500004 -0.0500037
internal_weight=0.223276 0.13885 0.0555584 0.083292 0.0741534 0.0285523 0.0207091 0.0844255 0.0765888 0.0348493 0.017188 0.0292542 0.0427264 0.0322265 0.00620027 0.0202111 0.00511306 0.0338624 0.01678 0.0104358 0.00675239 0.00379558 0.00634417 0.0260262 0.00369851 0.0178172 0.00616389 0.00316251 0.02711 0.00215517
internal_count=3938 836 608 228 194 179 248 3102 3094 360 173 348 175 157 76 318 245 2919 302 85 95 154 217 81 54 65 56 87 2824 73
is_linear=0
shrinkage=0.1


Tree=140
num_leaves=31
num_cat=0
split_feature=4 2 10 7 8 6 8 7 4 1 7 0 4 10 6 2 0 4 10 6 7 7 7 0 2 6 7 7 7 6
split_gain=0.00966424 0.00429179 0.00617464 0.00351787 0.00345405 0.00377154 0.00533257 0.0019888 0.00106528 0.000999527 2.39359e-09 1.95356e-09 1.07273e-09 9.71437e-10 6.6184e-10 4.21666e-10 3.75215e-10 3.57456e-10 7.98574e-11 7.70248e-11 6.62985e-11 5.22177e-11 4.0056e-11 2.6906e-11 2.0692e-11 6.7021e-12 6.02666e-12 4.5837e-12 4.26033e-12 2.07008e-12
threshold=169.50000000000003 1.0000000180025095e-35 0.18634259259259259 1784.5000000000002 2219.5000000000005 1137.0000000000002 2027.5000000000002 2239.5000000000005 181.50000000000003 3.5000000000000004 1877.0000000000002 3.5000000000000004 180.50000000000003 0.22474747474747472 922.50000000000011 1.0000000180025095e-35 3.5000000000000004 176.50000000000003 0.36038961038961043 1564.0000000000002 1003.5000000000001 2239.5000000000005 1108.5000000000002 3.5000000000000004 1.0000000180025095e-35 1430.5000000000002 597.50000000000011 670.50000000000011 717.50000000000011 1026.5000000000002
decision_type=2 2 2 2 2 2 2 2 2 2 2 2 2 2 2 2 2 2 2 2 2 2 2 2 2 2 2 2 2 2
left_child=11 4 3 19 5 6 7 8 9 12 18 20 14 -12 16 -13 27 -15 22 -3 -1 -17 26 25 -22 -24 -4 -2 -28 -26
right_child=1 2 10 -5 -6 -7 -8 -9 -10 -11 13 15 -14 17 -16 21 -18 -19 -20 -21 24 -23 23 -25 29 -27 28 -29 -30 -31
leaf_value=0.050000386276673574 0.050001965124453089 0.050001641428670245 0.050000894957145284 -0.046111072755061239 0.050051262101824923 -0.039944336839251783 -0.049088570685951738 -0.050077108565451695 -0.015880316070010028 -0.013913519664107716 0.050086263628752195 0.050044545530314614 0.050112914392726186 0.050057860716329498 0.050080284243271156 0.050003053268188546 0.050052637544807779 0.050006623729864877 0.050026845316495865 0.050030267846071688 0.050017760248090376 0.050026278560233707 0.050003109211524892 0.050019121271175526 0.050003777174248976 0.050011554344703779 0.050011189226959164 0.050010866308830351 0.050004394755574444 0.050009451704176394
leaf_weight=0.02290814792013407 0.0013609390443889424 0.0039529484668037176 0.0030868787710005554 0.014325293447654985 0.0083197114279300877 0.039483404984821391 0.013699583023935702 0.0030749253928661338 0.0035991146423839373 0.002767113925983721 0.0091494275538934744 0.024859059834852815 0.0047288413024944012 0.002798802468987561 0.0075309199100956894 0.0028997911010719682 0.0061159598408266902 0.0026516373673075577 0.0033134861021153475 0.0012331501357039087 0.0031725558801554135 0.0014531531314787571 0.001619793747067888 0.0050057850371558743 0.0017167876821986283 0.0022382119614121621 0.0014136426102595578 0.0010062871897389414 0.0026581176302897802 0.0010277217215843848
leaf_count=2644 90 305 212 3 39 19 6 1 46 78 10 14 6 12 5 138 3 32 22 3 6 3 48 31 57 15 12 5 59 14
internal_value=0.015532 0.00174019 0.0242632 -0.0205626 -0.0113892 -0.0175207 0.00265451 0.026139 0.034784 0.0425401 0.0500358 0.0500213 0.0500711 0.0500664 0.0500587 0.0500395 0.0500396 0.0500329 0.0500127 0.0500084 0.0500028 0.0500108 0.0500098 0.0500143 0.0500123 0.050008 0.0500042 0.0500057 0.0500068 0.0500059
internal_weight=0.203171 0.145134 0.0534472 0.0195114 0.0916868 0.0833671 0.0438837 0.0301841 0.0271092 0.0235101 0.0339358 0.0580372 0.0207429 0.0145999 0.0160141 0.029212 0.00848319 0.00545044 0.0193359 0.0051861 0.0288252 0.00435294 0.0160224 0.00886379 0.00591707 0.00385801 0.00715864 0.00236723 0.00407176 0.00274451
internal_count=3938 1062 764 311 298 259 240 234 233 187 453 2876 109 54 103 155 98 44 399 308 2721 141 377 94 77 63 283 95 71 71
is_linear=0
shrinkage=0.1


Tree=141
num_leaves=31
num_cat=0
split_feature=4 2 10 7 8 6 8 7 4 1 7 0 4 10 6 2 0 4 10 6 7 7 7 0 2 6 7 7 7 6
split_gain=0.00966424 0.00429179 0.00617464 0.00351787 0.00345405 0.00377154 0.00533257 0.0019888 0.00106528 0.000999527 2.39359e-09 1.95356e-09 1.07273e-09 9.71437e-10 6.6184e-10 4.21666e-10 3.75215e-10 3.57456e-10 7.98574e-11 7.70248e-11 6.62985e-11 5.22177e-11 4.0056e-11 2.6906e-11 2.0692e-11 6.7021e-12 6.02666e-12 4.5837e-12 4.26033e-12 2.07008e-12
threshold=169.50000000000003 1.0000000180025095e-35 0.18634259259259259 1784.5000000000002 2219.5000000000005 1137.0000000000002 2027.5000000000002 2239.5000000000005 181.50000000000003 3.5000000000000004 1877.0000000000002 3.5000000000000004 180.50000000000003 0.22474747474747472 922.50000000000011 1.0000000180025095e-35 3.5000000000000004 176.50000000000003 0.36038961038961043 1564.0000000000002 1003.5000000000001 2239.5000000000005 1108.5000000000002 3.5000000000000004 1.0000000180025095e-35 1430.5000000000002 597.50000000000011 670.50000000000011 717.50000000000011 1026.5000000000002
decision_type=2 2 2 2 2 2 2 2 2 2 2 2 2 2 2 2 2 2 2 2 2 2 2 2 2 2 2 2 2 2
left_child=11 4 3 19 5 6 7 8 9 12 18 20 14 -12 16 -13 27 -15 22 -3 -1 -17 26 25 -22 -24 -4 -2 -28 -26
right_child=1 2 10 -5 -6 -7 -8 -9 -10 -11 13 15 -14 17 -16 21 -18 -19 -20 -21 24 -23 23 -25 29 -27 28 -29 -30 -31
leaf_value=-0.050000386276673574 -0.050001965124453089 -0.050001641428670245 -0.050000894957145284 0.046111072755061239 -0.050051262101824923 0.039944336839251783 0.049088570685951738 0.050077108565451695 0.015880316070010028 0.013913519664107716 -0.050086263628752195 -0.050044545530314614 -0.050112914392726186 -0.050057860716329498 -0.050080284243271156 -0.050003053268188546 -0.050052637544807779 -0.050006623729864877 -0.050026845316495865 -0.050030267846071688 -0.050017760248090376 -0.050026278560233707 -0.050003109211524892 -0.050019121271175526 -0.050003777174248976 -0.050011554344703779 -0.050011189226959164 -0.050010866308830351 -0.050004394755574444 -0.050009451704176394
leaf_weight=0.02290814792013407 0.0013609390443889424 0.0039529484668037176 0.0030868787710005554 0.014325293447654985 0.0083197114279300877 0.039483404984821391 0.013699583023935702 0.0030749253928661338 0.0035991146423839373 0.002767113925983721 0.0091494275538934744 0.024859059834852815 0.0047288413024944012 0.002798802468987561 0.0075309199100956894 0.0028997911010719682 0.0061159598408266902 0.0026516373673075577 0.0033134861021153475 0.0012331501357039087 0.0031725558801554135 0.0014531531314787571 0.001619793747067888 0.0050057850371558743 0.0017167876821986283 0.0022382119614121621 0.0014136426102595578 0.0010062871897389414 0.0026581176302897802 0.0010277217215843848
leaf_count=2644 90 305 212 3 39 19 6 1 46 78 10 14 6 12 5 138 3 32 22 3 6 3 48 31 57 15 12 5 59 14
internal_value=-0.015532 -0.00174019 -0.0242632 0.0205626 0.0113892 0.0175207 -0.00265451 -0.026139 -0.034784 -0.0425401 -0.0500358 -0.0500213 -0.0500711 -0.0500664 -0.0500587 -0.0500395 -0.0500396 -0.0500329 -0.0500127 -0.0500084 -0.0500028 -0.0500108 -0.0500098 -0.0500143 -0.0500123 -0.050008 -0.0500042 -0.0500057 -0.0500068 -0.0500059
internal_weight=0.203171 0.145134 0.0534472 0.0195114 0.0916868 0.0833671 0.0438837 0.0301841 0.0271092 0.0235101 0.0339358 0.0580372 0.0207429 0.0145999 0.0160141 0.029212 0.00848319 0.00545044 0.0193359 0.0051861 0.0288252 0.00435294 0.0160224 0.00886379 0.00591707 0.00385801 0.00715864 0.00236723 0.00407176 0.00274451
internal_count=3938 1062 764 311 298 259 240 234 233 187 453 2876 109 54 103 155 98 44 399 308 2721 141 377 94 77 63 283 95 71 71
is_linear=0
shrinkage=0.1


Tree=142
num_leaves=31
num_cat=0
split_feature=6 10 1 2 4 4 10 8 7 0 2 2 0 2 1 6 7 7 10 10 10 7 7 6 7 6 4 8 6 4
split_gain=0.00882222 0.00437034 0.00380368 0.00257982 0.00663228 0.00107766 0.00211106 0.000124262 1.62939e-09 1.62047e-09 8.35679e-10 5.9041e-10 1.52352e-10 1.03773e-10 3.57734e-11 3.35016e-11 3.05153e-11 2.34212e-11 1.59246e-11 1.17236e-11 8.3786e-11 8.04479e-12 2.1252e-12 1.03509e-12 9.40201e-13 5.49547e-13 3.65075e-13 2.64531e-13 6.66826e-14 4.80223e-14
threshold=431.00000000000006 0.26491228070175438 2.5000000000000004 1.0000000180025095e-35 184.50000000000003 177.50000000000003 0.20416666666666669 1.0000000180025095e-35 1877.0000000000002 3.5000000000000004 1.0000000180025095e-35 1.0000000180025095e-35 2.5000000000000004 1.0000000180025095e-35 3.5000000000000004 922.50000000000011 2239.5000000000005 1003.5000000000001 0.20942982456140347 0.18898809523809523 0.19139194139194138 1108.5000000000002 1003.5000000000001 1344.0000000000002 -56.499999999999993 150.00000000000003 170.50000000000003 644.50000000000011 1344.0000000000002 173.50000000000003
decision_type=2 2 2 2 2 2 2 2 2 2 2 2 2 2 2 2 2 2 2 2 2 2 2 2 2 2 2 2 2 2
left_child=9 2 5 -4 8 6 7 -2 15 17 -7 -3 -13 -8 19 26 -15 29 -12 -11 -21 -19 28 -24 -16 -23 -5 -20 -14 -1
right_child=1 11 3 4 -6 10 13 -9 -10 14 18 12 22 16 24 -17 -18 21 27 20 -22 25 23 -25 -26 -27 -28 -29 -30 -31
leaf_value=0.050000188711897368 -0.043991831766215149 0.050048413519034413 -0.026686622442131897 0.050000978030353097 -0.043798530708223968 0.050063754559391049 0.050038340882544899 -0.01715380770953898 0.050075922554767595 0.050035457411108181 0.050016759166748553 0.05003611905461032 0.050000622491672433 0.050005266185392416 0.050038457474557443 0.050017625968175307 0.050025787332229781 0.05001128059019732 0.050005210446426085 0.050040550815270181 0.050006538579644516 0.05000164684805275 0.050002709501142363 0.050005848390099597 0.050039963576957183 0.050004743867100958 0.050003667066003635 0.050007164960054418 0.050001722932240589 0.050000558081272475
leaf_weight=0.020699338709164294 0.0030774995771025715 0.007482164539396762 0.060472010397461418 0.001006039117328327 0.013397608789091464 0.0064776470608194359 0.0034833082463592291 0.0039260935122911178 0.010259035334456712 0.0018792466144077471 0.003036861401369606 0.0018214102719866787 0.0011946865024583531 0.0018938921284643584 0.011261276485356573 0.0049154237103721243 0.0011737001864275953 0.0028046083243680178 0.0011786285708694777 0.0016193031333386898 0.0013103602393584879 0.0010701631172196358 0.001530640820874396 0.0033496093801659299 0.00655901510504009 0.0012331748635006079 0.0010135152483599086 0.0016787823449249117 0.0010214665621788299 0.0042410014525557918
leaf_count=2731 11 4 33 61 12 17 3 31 7 2 36 23 106 47 37 28 5 13 17 1 44 36 43 35 15 24 27 34 20 435
internal_value=0.0153668 0.00168303 -0.00509406 -0.0147152 0.00894936 0.0286991 0.00922104 -0.0289469 0.0500506 0.0500167 0.050039 0.0500277 0.0500103 0.0500265 0.0500369 0.0500132 0.0500131 0.0500015 0.0500117 0.0500293 0.0500253 0.0500077 0.0500037 0.0500049 0.050039 0.0500033 0.0500023 0.0500064 0.0500011 0.0500003
internal_weight=0.186068 0.13339 0.11699 0.0910636 0.0305916 0.0259264 0.0135545 0.00700359 0.017194 0.0526775 0.0123719 0.0164 0.00891781 0.0065509 0.0226292 0.00693498 0.00306759 0.0300483 0.00589427 0.00480891 0.00292966 0.00510795 0.0070964 0.00488025 0.0178203 0.00230334 0.00201955 0.00285741 0.00221615 0.0249403
internal_count=3938 600 369 168 135 201 97 42 123 3338 104 231 227 55 99 116 52 3239 87 47 45 73 204 78 52 60 88 51 126 3166
is_linear=0
shrinkage=0.1


Tree=143
num_leaves=31
num_cat=0
split_feature=6 10 1 2 4 4 10 8 7 0 2 2 0 2 1 6 7 7 10 10 10 7 7 6 7 6 4 8 6 4
split_gain=0.00882222 0.00437034 0.00380368 0.00257982 0.00663228 0.00107766 0.00211106 0.000124262 1.62939e-09 1.62047e-09 8.35679e-10 5.9041e-10 1.52352e-10 1.03773e-10 3.57734e-11 3.35016e-11 3.05153e-11 2.34212e-11 1.59246e-11 1.17236e-11 8.3786e-11 8.04479e-12 2.1252e-12 1.03509e-12 9.40201e-13 5.49547e-13 3.65075e-13 2.64531e-13 6.66826e-14 4.80241e-14
threshold=431.00000000000006 0.26491228070175438 2.5000000000000004 1.0000000180025095e-35 184.50000000000003 177.50000000000003 0.20416666666666669 1.0000000180025095e-35 1877.0000000000002 3.5000000000000004 1.0000000180025095e-35 1.0000000180025095e-35 2.5000000000000004 1.0000000180025095e-35 3.5000000000000004 922.50000000000011 2239.5000000000005 1003.5000000000001 0.20942982456140347 0.18898809523809523 0.19139194139194138 1108.5000000000002 1003.5000000000001 1344.0000000000002 -56.499999999999993 150.00000000000003 170.50000000000003 644.50000000000011 1344.0000000000002 173.50000000000003
decision_type=2 2 2 2 2 2 2 2 2 2 2 2 2 2 2 2 2 2 2 2 2 2 2 2 2 2 2 2 2 2
left_child=9 2 5 -4 8 6 7 -2 15 17 -7 -3 -13 -8 19 26 -15 29 -12 -11 -21 -19 28 -24 -16 -23 -5 -20 -14 -1
right_child=1 11 3 4 -6 10 13 -9 -10 14 18 12 22 16 24 -17 -18 21 27 20 -22 25 23 -25 -26 -27 -28 -29 -30 -31
leaf_value=-0.050000188711897368 0.043991831766215149 -0.050048413519034413 0.026686622442131897 -0.050000978030353097 0.043798530708223968 -0.050063754559391049 -0.050038340882544899 0.01715380770953898 -0.050075922554767595 -0.050035457411108181 -0.050016759166748553 -0.05003611905461032 -0.050000622491672433 -0.050005266185392416 -0.050038457474557443 -0.050017625968175307 -0.050025787332229781 -0.05001128059019732 -0.050005210446426085 -0.050040550815270181 -0.050006538579644516 -0.05000164684805275 -0.050002709501142363 -0.050005848390099597 -0.050039963576957183 -0.050004743867100958 -0.050003667066003635 -0.050007164960054418 -0.050001722932240589 -0.050000558086633798
leaf_weight=0.020699338709164294 0.0030774995771025715 0.007482164539396762 0.060472010397461418 0.001006039117328327 0.013397608789091464 0.0064776470608194359 0.0034833082463592291 0.0039260935122911178 0.010259035334456712 0.0018792466144077471 0.003036861401369606 0.0018214102719866787 0.0011946865024583531 0.0018938921284643584 0.011261276485356573 0.0049154237103721243 0.0011737001864275953 0.0028046083243680178 0.0011786285708694777 0.0016193031333386898 0.0013103602393584879 0.0010701631172196358 0.001530640820874396 0.0033496093801659299 0.00655901510504009 0.0012331748635006079 0.0010135152483599086 0.0016787823449249117 0.0010214665621788299 0.0042410014525557918
leaf_count=2731 11 4 33 61 12 17 3 31 7 2 36 23 106 47 37 28 5 13 17 1 44 36 43 35 15 24 27 34 20 435
internal_value=-0.0153668 -0.00168303 0.00509406 0.0147152 -0.00894936 -0.0286991 -0.00922104 0.0289469 -0.0500506 -0.0500167 -0.050039 -0.0500277 -0.0500103 -0.0500265 -0.0500369 -0.0500132 -0.0500131 -0.0500015 -0.0500117 -0.0500293 -0.0500253 -0.0500077 -0.0500037 -0.0500049 -0.050039 -0.0500033 -0.0500023 -0.0500064 -0.0500011 -0.0500003
internal_weight=0.186068 0.13339 0.11699 0.0910636 0.0305916 0.0259264 0.0135545 0.00700359 0.017194 0.0526775 0.0123719 0.0164 0.00891781 0.0065509 0.0226292 0.00693498 0.00306759 0.0300483 0.00589427 0.00480891 0.00292966 0.00510795 0.0070964 0.00488025 0.0178203 0.00230334 0.00201955 0.00285741 0.00221615 0.0249403
internal_count=3938 600 369 168 135 201 97 42 123 3338 104 231 227 55 99 116 52 3239 87 47 45 73 204 78 52 60 88 51 126 3166
is_linear=0
shrinkage=0.1


Tree=144
num_leaves=31
num_cat=0
split_feature=4 2 10 7 8 6 8 7 4 1 4 7 0 4 6 10 0 2 4 7 10 6 7 7 2 0 6 7 7 6
split_gain=0.00810168 0.00343676 0.00511405 0.0028766 0.00273841 0.00336927 0.00471 0.00171542 0.000968612 0.00091642 1.06922e-06 1.29625e-09 1.05289e-09 9.25255e-10 5.98008e-10 5.4495e-10 2.63785e-10 2.32046e-10 1.99091e-10 4.81313e-11 4.39472e-11 4.22813e-11 2.86707e-11 2.19854e-11 1.69791e-11 1.48443e-11 3.68462e-12 3.30466e-12 2.34703e-12 7.45941e-13
threshold=169.50000000000003 1.0000000180025095e-35 0.18634259259259259 1784.5000000000002 2219.5000000000005 1137.0000000000002 2027.5000000000002 2239.5000000000005 181.50000000000003 3.5000000000000004 182.50000000000003 1877.0000000000002 3.5000000000000004 180.50000000000003 922.50000000000011 0.22474747474747472 3.5000000000000004 1.0000000180025095e-35 176.50000000000003 1003.5000000000001 0.36038961038961043 1564.0000000000002 2239.5000000000005 1108.5000000000002 1.0000000180025095e-35 3.5000000000000004 1430.5000000000002 597.50000000000011 717.50000000000011 1430.5000000000002
decision_type=2 2 2 2 2 2 2 2 2 2 2 2 2 2 2 2 2 2 2 2 2 2 2 2 2 2 2 2 2 2
left_child=12 4 3 21 5 6 7 8 9 13 -10 20 19 14 16 -13 -2 -14 -17 -1 23 -3 29 27 -21 26 -25 -4 -29 -19
right_child=1 2 11 -5 -6 -7 -8 -9 10 -11 -12 15 17 -15 -16 18 -18 22 -20 24 -22 -23 -24 25 -26 -27 -28 28 -30 -31
leaf_value=0.050000316667578731 0.050004685282055907 0.050001381530697386 0.050000732244767622 -0.045311814398403094 0.050041925168242352 -0.038787417027164484 -0.048762750547951365 -0.050066139813104087 -0.017640157665425635 -0.013644156628742446 -0.013997617233124628 0.050070417607767252 0.050036465243385453 0.050108119001477207 0.050076713071764471 0.050047360953980539 0.050047564913105427 0.050000926598222722 0.050005550512338418 0.050016473196191784 0.050021979155205537 0.050024783378299 0.05002150898644489 0.05000254962531421 0.050004823435116863 0.050015654577021576 0.050009452631553576 0.050009161854504651 0.050003597778282886 0.05000448978779215
leaf_weight=0.018782327711051039 0.001960095433787501 0.0032798190984522071 0.0025327387568268023 0.012088585955098097 0.0068188366245749412 0.034919666773930658 0.011871788640291925 0.0026384496595710507 0.0013721324648940927 0.0025623679957789127 0.0019526544110703981 0.007514441216699197 0.020356024149805307 0.0044971843262828761 0.0071704768834024435 0.0022918358336028177 0.0053518349304795265 0.0013297556974976024 0.0022638961270331492 0.0028166781121399245 0.0027131196263781012 0.0010097427928030811 0.0011898514512722613 0.0013368147863275226 0.0022507916023641883 0.0040986944372889411 0.0018341662162129069 0.0011574476659461652 0.002197318372736845 0.0010525923580644303
leaf_count=2644 95 305 212 3 39 19 6 1 12 78 34 10 14 6 5 12 3 127 32 6 22 3 3 48 71 31 15 12 59 11
internal_value=0.0149753 0.00162761 0.0240213 -0.0203471 -0.0106075 -0.0161738 0.00388001 0.0266017 0.0347364 0.04249 -0.0155009 0.0500292 0.0500175 0.0500685 0.0500562 0.0500539 0.0500361 0.0500323 0.0500266 0.0500027 0.0500104 0.0500069 0.0500088 0.050008 0.0500113 0.0500117 0.0500065 0.0500035 0.0500055 0.0500025
internal_weight=0.173212 0.125434 0.0443186 0.0163781 0.0811155 0.0742967 0.039377 0.0275052 0.0248667 0.021542 0.00332479 0.0279405 0.047778 0.0189796 0.0144824 0.0120702 0.00731193 0.0239282 0.00455573 0.0238498 0.0158703 0.00428956 0.0035722 0.0131572 0.00506747 0.00726968 0.00317098 0.0058875 0.00335477 0.00238235
internal_count=3938 1062 764 311 298 259 240 234 233 187 46 453 2876 109 103 54 98 155 44 2721 399 308 141 377 77 94 63 283 71 138
is_linear=0
shrinkage=0.1


Tree=145
num_leaves=31
num_cat=0
split_feature=4 2 10 7 8 6 8 7 4 1 4 7 0 4 6 10 0 2 4 7 10 6 7 7 2 0 6 7 7 6
split_gain=0.00810168 0.00343676 0.00511405 0.0028766 0.00273841 0.00336927 0.00471 0.00171542 0.000968612 0.00091642 1.06922e-06 1.29625e-09 1.05289e-09 9.25255e-10 5.98008e-10 5.4495e-10 2.63785e-10 2.32046e-10 1.99091e-10 4.81313e-11 4.39472e-11 4.22813e-11 2.86707e-11 2.19854e-11 1.69791e-11 1.48443e-11 3.68462e-12 3.30466e-12 2.34703e-12 7.45941e-13
threshold=169.50000000000003 1.0000000180025095e-35 0.18634259259259259 1784.5000000000002 2219.5000000000005 1137.0000000000002 2027.5000000000002 2239.5000000000005 181.50000000000003 3.5000000000000004 182.50000000000003 1877.0000000000002 3.5000000000000004 180.50000000000003 922.50000000000011 0.22474747474747472 3.5000000000000004 1.0000000180025095e-35 176.50000000000003 1003.5000000000001 0.36038961038961043 1564.0000000000002 2239.5000000000005 1108.5000000000002 1.0000000180025095e-35 3.5000000000000004 1430.5000000000002 597.50000000000011 717.50000000000011 1430.5000000000002
decision_type=2 2 2 2 2 2 2 2 2 2 2 2 2 2 2 2 2 2 2 2 2 2 2 2 2 2 2 2 2 2
left_child=12 4 3 21 5 6 7 8 9 13 -10 20 19 14 16 -13 -2 -14 -17 -1 23 -3 29 27 -21 26 -25 -4 -29 -19
right_child=1 2 11 -5 -6 -7 -8 -9 10 -11 -12 15 17 -15 -16 18 -18 22 -20 24 -22 -23 -24 25 -26 -27 -28 28 -30 -31
leaf_value=-0.050000316667578731 -0.050004685282055907 -0.050001381530697386 -0.050000732244767622 0.045311814398403094 -0.050041925168242352 0.038787417027164484 0.048762750547951365 0.050066139813104087 0.017640157665425635 0.013644156628742446 0.013997617233124628 -0.050070417607767252 -0.050036465243385453 -0.050108119001477207 -0.050076713071764471 -0.050047360953980539 -0.050047564913105427 -0.050000926598222722 -0.050005550512338418 -0.050016473196191784 -0.050021979155205537 -0.050024783378299 -0.05002150898644489 -0.05000254962531421 -0.050004823435116863 -0.050015654577021576 -0.050009452631553576 -0.050009161854504651 -0.050003597778282886 -0.05000448978779215
leaf_weight=0.018782327711051039 0.001960095433787501 0.0032798190984522071 0.0025327387568268023 0.012088585955098097 0.0068188366245749412 0.034919666773930658 0.011871788640291925 0.0026384496595710507 0.0013721324648940927 0.0025623679957789127 0.0019526544110703981 0.007514441216699197 0.020356024149805307 0.0044971843262828761 0.0071704768834024435 0.0022918358336028177 0.0053518349304795265 0.0013297556974976024 0.0022638961270331492 0.0028166781121399245 0.0027131196263781012 0.0010097427928030811 0.0011898514512722613 0.0013368147863275226 0.0022507916023641883 0.0040986944372889411 0.0018341662162129069 0.0011574476659461652 0.002197318372736845 0.0010525923580644303
leaf_count=2644 95 305 212 3 39 19 6 1 12 78 34 10 14 6 5 12 3 127 32 6 22 3 3 48 71 31 15 12 59 11
internal_value=-0.0149753 -0.00162761 -0.0240213 0.0203471 0.0106075 0.0161738 -0.00388001 -0.0266017 -0.0347364 -0.04249 0.0155009 -0.0500292 -0.0500175 -0.0500685 -0.0500562 -0.0500539 -0.0500361 -0.0500323 -0.0500266 -0.0500027 -0.0500104 -0.0500069 -0.0500088 -0.050008 -0.0500113 -0.0500117 -0.0500065 -0.0500035 -0.0500055 -0.0500025
internal_weight=0.173212 0.125434 0.0443186 0.0163781 0.0811155 0.0742967 0.039377 0.0275052 0.0248667 0.021542 0.00332479 0.0279405 0.047778 0.0189796 0.0144824 0.0120702 0.00731193 0.0239282 0.00455573 0.0238498 0.0158703 0.00428956 0.0035722 0.0131572 0.00506747 0.00726968 0.00317098 0.0058875 0.00335477 0.00238235
internal_count=3938 1062 764 311 298 259 240 234 233 187 46 453 2876 109 103 54 98 155 44 2721 399 308 141 377 77 94 63 283 71 138
is_linear=0
shrinkage=0.1


Tree=146
num_leaves=31
num_cat=0
split_feature=6 10 1 6 0 4 10 8 0 10 2 2 6 0 2 1 7 7 10 10 10 7 7 10 6 7 4 0 7 4
split_gain=0.00739172 0.00356489 0.00327707 0.00232706 0.00290835 0.000958163 0.00170297 7.22412e-05 8.90713e-10 8.70596e-10 7.3737e-10 3.23922e-10 1.86916e-10 8.36219e-11 5.69154e-11 1.96257e-11 1.48816e-11 1.3305e-11 1.04151e-11 6.43635e-12 4.5956e-11 4.62811e-12 1.16633e-12 7.76998e-13 5.67928e-13 5.15991e-13 3.4593e-14 9.44906e-14 3.30361e-14 7.11237e-17
threshold=431.00000000000006 0.26491228070175438 2.5000000000000004 1344.0000000000002 3.5000000000000004 177.50000000000003 0.20416666666666669 1092.5000000000002 3.5000000000000004 0.18019480519480516 1.0000000180025095e-35 1.0000000180025095e-35 1084.0000000000002 2.5000000000000004 1.0000000180025095e-35 3.5000000000000004 1709.0000000000002 1003.5000000000001 0.20942982456140347 0.18898809523809523 0.19139194139194138 1108.5000000000002 1003.5000000000001 0.21583850931677012 1344.0000000000002 -56.499999999999993 173.50000000000003 2.5000000000000004 1709.0000000000002 169.50000000000003
decision_type=2 2 2 2 2 2 2 2 2 2 2 2 2 2 2 2 2 2 2 2 2 2 2 2 2 2 2 2 2 2
left_child=8 2 5 4 9 6 7 -2 17 -4 -7 -3 23 -13 -8 19 -16 26 -12 -10 -21 -19 -15 -11 -24 -17 29 -28 -20 -1
right_child=1 11 3 -5 -6 10 14 -9 15 12 18 13 -14 22 16 25 -18 21 28 20 -22 -23 24 -25 -26 -27 27 -29 -30 -31
leaf_value=0.050000154673660403 -0.039029264977198032 0.050039631586225458 0.050087790603962769 -0.030940357424489015 -0.012806195969510985 0.050062141460040913 0.050031384482220997 -0.017288979899650152 0.050029027480087668 0.050006344121742541 0.050014401373407513 0.050029571530252219 0.050042881418469833 0.050000924792763274 0.050004439522925631 0.050031481323265625 0.05002014361130324 0.050009350607368164 0.050004771423157339 0.050033191687334416 0.050005353948719057 0.050002703186500796 0.050002218419923743 0.050002436050292844 0.050004788014239035 0.050032714329109919 0.050000169907188419 0.050001299630752484 0.050005530734622439 0.050000178152257241
leaf_weight=0.015577234242300619 0.002753758874405321 0.0061269078869372606 0.0045367387183432584 0.040915282417699927 0.028770546924988594 0.006037841827946977 0.0028522409847937524 0.0034350973332948342 0.0015387868188554412 0.001015850525618589 0.002600456023856168 0.0014914672128725215 0.0033182197239511879 0.0018144305045098008 0.0015038082683531684 0.0092211580758885248 0.0010078320406137209 0.0023368264460259516 0.0010030335472492879 0.0013259588740766048 0.001072856009386669 0.0018980817023930285 0.0012531677953120379 0.0010191095684604079 0.0027424517270446813 0.0053708080572505432 0.0025475075617578105 0.0010436792206292012 0.0013364507331061759 0.0014069801513869598
leaf_count=2523 17 4 41 23 31 17 3 25 2 23 36 23 7 126 41 37 11 13 29 1 44 60 43 43 35 15 388 47 22 208
internal_value=0.0147962 0.00158528 -0.00478493 -0.0143175 0.00327477 0.0288834 0.00878095 -0.0269624 0.0500137 0.0500556 0.0500387 0.0500227 0.0500282 0.0500084 0.0500217 0.0500302 0.0500107 0.0500013 0.05001 0.050024 0.0500207 0.0500064 0.050003 0.0500044 0.050004 0.0500319 0.0500002 0.0500005 0.0500052 0.0500002
internal_weight=0.158875 0.115535 0.102106 0.0795757 0.0386605 0.0225305 0.0115527 0.00618886 0.0433399 0.00988992 0.0109778 0.0134284 0.00535318 0.00730152 0.00536388 0.0185296 0.00251164 0.0248103 0.00493994 0.0039376 0.00239881 0.00423491 0.00581005 0.00203496 0.00399562 0.014592 0.0205754 0.00359119 0.00233948 0.0169842
internal_count=3938 600 369 168 145 201 97 42 3338 114 104 231 73 227 55 99 52 3239 87 47 45 73 204 66 78 52 3166 435 51 2731
is_linear=0
shrinkage=0.1


Tree=147
num_leaves=31
num_cat=0
split_feature=6 10 1 6 0 4 10 8 0 10 2 2 6 0 2 1 7 7 10 10 10 7 7 10 6 7 4 0 7 4
split_gain=0.00739172 0.00356489 0.00327707 0.00232706 0.00290835 0.000958163 0.00170297 7.22412e-05 8.90713e-10 8.70596e-10 7.3737e-10 3.23922e-10 1.86916e-10 8.36219e-11 5.69154e-11 1.96257e-11 1.48816e-11 1.3305e-11 1.04151e-11 6.43635e-12 4.5956e-11 4.62811e-12 1.16633e-12 7.76998e-13 5.67928e-13 5.15991e-13 3.4606e-14 9.44758e-14 3.30361e-14 7.11237e-17
threshold=431.00000000000006 0.26491228070175438 2.5000000000000004 1344.0000000000002 3.5000000000000004 177.50000000000003 0.20416666666666669 1092.5000000000002 3.5000000000000004 0.18019480519480516 1.0000000180025095e-35 1.0000000180025095e-35 1084.0000000000002 2.5000000000000004 1.0000000180025095e-35 3.5000000000000004 1709.0000000000002 1003.5000000000001 0.20942982456140347 0.18898809523809523 0.19139194139194138 1108.5000000000002 1003.5000000000001 0.21583850931677012 1344.0000000000002 -56.499999999999993 173.50000000000003 2.5000000000000004 1709.0000000000002 169.50000000000003
decision_type=2 2 2 2 2 2 2 2 2 2 2 2 2 2 2 2 2 2 2 2 2 2 2 2 2 2 2 2 2 2
left_child=8 2 5 4 9 6 7 -2 17 -4 -7 -3 23 -13 -8 19 -16 26 -12 -10 -21 -19 -15 -11 -24 -17 29 -28 -20 -1
right_child=1 11 3 -5 -6 10 14 -9 15 12 18 13 -14 22 16 25 -18 21 28 20 -22 -23 24 -25 -26 -27 27 -29 -30 -31
leaf_value=-0.050000154673660403 0.039029264977198032 -0.050039631586225458 -0.050087790603962769 0.030940357424489015 0.012806195969510985 -0.050062141460040913 -0.050031384482220997 0.017288979899650152 -0.050029027480087668 -0.050006344121742541 -0.050014401373407513 -0.050029571530252219 -0.050042881418469833 -0.050000924792763274 -0.050004439522925631 -0.050031481323265625 -0.05002014361130324 -0.050009350607368164 -0.050004771423157339 -0.050033191687334416 -0.050005353948719057 -0.050002703186500796 -0.050002218419923743 -0.050002436050292844 -0.050004788014239035 -0.050032714329109919 -0.050000169996441801 -0.050001299630752484 -0.050005530734622439 -0.050000178152257241
leaf_weight=0.015577234242300619 0.002753758874405321 0.0061269078869372606 0.0045367387183432584 0.040915282417699927 0.028770546924988594 0.006037841827946977 0.0028522409847937524 0.0034350973332948342 0.0015387868188554412 0.001015850525618589 0.002600456023856168 0.0014914672128725215 0.0033182197239511879 0.0018144305045098008 0.0015038082683531684 0.0092211580758885248 0.0010078320406137209 0.0023368264460259516 0.0010030335472492879 0.0013259588740766048 0.001072856009386669 0.0018980817023930285 0.0012531677953120379 0.0010191095684604079 0.0027424517270446813 0.0053708080572505432 0.0025475075617578105 0.0010436792206292012 0.0013364507331061759 0.0014069801513869598
leaf_count=2523 17 4 41 23 31 17 3 25 2 23 36 23 7 126 41 37 11 13 29 1 44 60 43 43 35 15 388 47 22 208
internal_value=-0.0147962 -0.00158528 0.00478493 0.0143175 -0.00327477 -0.0288834 -0.00878095 0.0269624 -0.0500137 -0.0500556 -0.0500387 -0.0500227 -0.0500282 -0.0500084 -0.0500217 -0.0500302 -0.0500107 -0.0500013 -0.05001 -0.050024 -0.0500207 -0.0500064 -0.050003 -0.0500044 -0.050004 -0.0500319 -0.0500002 -0.0500005 -0.0500052 -0.0500002
internal_weight=0.158875 0.115535 0.102106 0.0795757 0.0386605 0.0225305 0.0115527 0.00618886 0.0433399 0.00988992 0.0109778 0.0134284 0.00535318 0.00730152 0.00536388 0.0185296 0.00251164 0.0248103 0.00493994 0.0039376 0.00239881 0.00423491 0.00581005 0.00203496 0.00399562 0.014592 0.0205754 0.00359119 0.00233948 0.0169842
internal_count=3938 600 369 168 145 201 97 42 3338 114 104 231 73 227 55 99 52 3239 87 47 45 73 204 66 78 52 3166 435 51 2731
is_linear=0
shrinkage=0.1


Tree=148
num_leaves=31
num_cat=0
split_feature=4 2 10 10 0 6 10 0 0 7 4 6 7 6 6 7 10 7 7 10 6 1 7 10 10 7 6 6 6 8
split_gain=0.00687309 0.00362735 0.00444491 0.00286983 0.00499655 0.00246731 0.00223762 1.52767e-09 1.16874e-09 9.38184e-10 7.83421e-10 4.39816e-10 4.23743e-11 4.84834e-11 3.26077e-11 2.67503e-11 2.48995e-11 1.28565e-11 1.25991e-11 1.05578e-11 9.36595e-12 3.5317e-12 1.59978e-12 1.32605e-12 9.19585e-13 1.0725e-12 1.82763e-12 8.92809e-13 5.70557e-13 2.38582e-13
threshold=172.50000000000003 1.0000000180025095e-35 0.18634259259259259 0.20942982456140347 3.5000000000000004 2015.5000000000002 0.18350168350168347 3.5000000000000004 4.5000000000000009 1108.5000000000002 170.50000000000003 1893.0000000000002 318.00000000000006 -264.49999999999994 1430.5000000000002 1003.5000000000001 0.36038961038961043 1003.5000000000001 1224.0000000000002 0.24500000000000002 1311.0000000000002 3.5000000000000004 74.500000000000014 0.20416666666666669 0.19139194139194138 -987.49999999999989 -1040.4999999999998 1519.5000000000002 697.50000000000011 861.50000000000011
decision_type=2 2 2 2 2 2 2 2 2 2 2 2 2 2 2 2 2 2 2 2 2 2 2 2 2 2 2 2 2 2
left_child=5 3 6 4 9 7 14 15 11 17 12 16 22 -14 29 28 18 -2 23 -20 21 -17 24 -4 -9 -26 -27 -21 -1 -3
right_child=1 2 8 -5 -6 -7 -8 10 -10 -11 -12 -13 13 -15 -16 20 -18 -19 19 27 -22 -23 -24 -25 25 26 -28 -29 -30 -31
leaf_value=0.050000145351252093 0.0500004088011246 0.05000027374041971 0.050005505851889766 -0.034011423086127646 -0.050037123045543634 -0.019758424325972114 -0.044600167453828284 0.050029288644425698 0.050080254285111973 0.050069547750443359 0.050064503546670004 0.050041523121113207 0.050029586957823793 0.050002096275487323 0.050022856997496062 0.050001791126876631 0.050019036501164273 0.050013204634811431 0.050012578815763077 0.050001933773792355 0.050015617940176282 0.050008826646425801 0.050030833925616851 0.050001421781944513 0.050028737695282245 0.050028998196662934 0.050023635689040391 0.050005943446005764 0.050002593568853032 0.050002324852939151
leaf_weight=0.015596119480505877 0.0015473936208536552 0.0011352052156325962 0.0011081832697072969 0.037340419567044592 0.0080376272089779377 0.0056581468452350228 0.010469601858176247 0.0070732136500737397 0.0038438589635916278 0.010000734902860131 0.0079145289871576097 0.0062198987309329814 0.001230966958701174 0.0013397881532455349 0.0010157328404147847 0.0012499715189733243 0.0020816051819565482 0.0015941427554935217 0.0043895086623706447 0.0010050645003047975 0.0014612767204198462 0.0016624187855995842 0.0038262512121036698 0.0028132371992342087 0.0035639520215227077 0.0011586052132770402 0.0014078036504088266 0.0012409814758029825 0.0010137957701772385 0.0011331944790526904
leaf_count=2754 189 159 40 19 6 8 3 8 12 10 18 30 5 55 6 72 16 4 31 39 9 14 19 177 15 1 54 15 70 80
internal_value=0.0143024 -0.00190853 0.0228517 -0.0173333 0.0120705 0.042732 -0.0220095 0.0500225 0.05003 0.0500546 0.0500379 0.0500198 0.0500272 0.0500153 0.050008 0.0500021 0.050009 0.0500069 0.0500071 0.0500097 0.0500091 0.0500058 0.050029 0.0500026 0.0500285 0.0500276 0.0500261 0.0500041 0.0500003 0.0500013
internal_weight=0.149133 0.0949764 0.0364561 0.0585203 0.0211799 0.0541568 0.0137537 0.0484987 0.0227023 0.0131423 0.0275151 0.0188585 0.0196006 0.00257076 0.00328413 0.0209836 0.0126386 0.00314154 0.010557 0.00663555 0.00437367 0.00291239 0.0170298 0.00392142 0.0132036 0.00613036 0.00256641 0.00224605 0.0166099 0.0022684
internal_count=3938 836 608 228 209 3102 248 3094 360 203 175 348 157 60 245 2919 318 193 302 85 95 86 97 217 78 70 55 54 2824 239
is_linear=0
shrinkage=0.1


Tree=149
num_leaves=31
num_cat=0
split_feature=4 2 10 10 0 6 10 0 0 7 4 6 7 6 6 7 10 7 7 10 6 1 7 10 10 7 6 6 6 8
split_gain=0.00687309 0.00362735 0.00444491 0.00286983 0.00499655 0.00246731 0.00223762 1.52767e-09 1.16874e-09 9.38184e-10 7.83421e-10 4.39816e-10 4.23743e-11 4.84834e-11 3.26077e-11 2.67503e-11 2.48995e-11 1.28565e-11 1.25991e-11 1.05578e-11 9.36595e-12 3.5317e-12 1.59978e-12 1.32605e-12 9.19585e-13 1.0725e-12 1.82763e-12 8.92809e-13 5.70557e-13 2.38582e-13
threshold=172.50000000000003 1.0000000180025095e-35 0.18634259259259259 0.20942982456140347 3.5000000000000004 2015.5000000000002 0.18350168350168347 3.5000000000000004 4.5000000000000009 1108.5000000000002 170.50000000000003 1893.0000000000002 318.00000000000006 -264.49999999999994 1430.5000000000002 1003.5000000000001 0.36038961038961043 1003.5000000000001 1224.0000000000002 0.24500000000000002 1311.0000000000002 3.5000000000000004 74.500000000000014 0.20416666666666669 0.19139194139194138 -987.49999999999989 -1040.4999999999998 1519.5000000000002 697.50000000000011 861.50000000000011
decision_type=2 2 2 2 2 2 2 2 2 2 2 2 2 2 2 2 2 2 2 2 2 2 2 2 2 2 2 2 2 2
left_child=5 3 6 4 9 7 14 15 11 17 12 16 22 -14 29 28 18 -2 23 -20 21 -17 24 -4 -9 -26 -27 -21 -1 -3
right_child=1 2 8 -5 -6 -7 -8 10 -10 -11 -12 -13 13 -15 -16 20 -18 -19 19 27 -22 -23 -24 -25 25 26 -28 -29 -30 -31
leaf_value=-0.050000145351252093 -0.0500004088011246 -0.05000027374041971 -0.050005505851889766 0.034011423086127646 0.050037123045543634 0.019758424325972114 0.044600167453828284 -0.050029288644425698 -0.050080254285111973 -0.050069547750443359 -0.050064503546670004 -0.050041523121113207 -0.050029586957823793 -0.050002096275487323 -0.050022856997496062 -0.050001791126876631 -0.050019036501164273 -0.050013204634811431 -0.050012578815763077 -0.050001933773792355 -0.050015617940176282 -0.050008826646425801 -0.050030833925616851 -0.050001421781944513 -0.050028737695282245 -0.050028998196662934 -0.050023635689040391 -0.050005943446005764 -0.050002593568853032 -0.050002324852939151
leaf_weight=0.015596119480505877 0.0015473936208536552 0.0011352052156325962 0.0011081832697072969 0.037340419567044592 0.0080376272089779377 0.0056581468452350228 0.010469601858176247 0.0070732136500737397 0.0038438589635916278 0.010000734902860131 0.0079145289871576097 0.0062198987309329814 0.001230966958701174 0.0013397881532455349 0.0010157328404147847 0.0012499715189733243 0.0020816051819565482 0.0015941427554935217 0.0043895086623706447 0.0010050645003047975 0.0014612767204198462 0.0016624187855995842 0.0038262512121036698 0.0028132371992342087 0.0035639520215227077 0.0011586052132770402 0.0014078036504088266 0.0012409814758029825 0.0010137957701772385 0.0011331944790526904
leaf_count=2754 189 159 40 19 6 8 3 8 12 10 18 30 5 55 6 72 16 4 31 39 9 14 19 177 15 1 54 15 70 80
internal_value=-0.0143024 0.00190853 -0.0228517 0.0173333 -0.0120705 -0.042732 0.0220095 -0.0500225 -0.05003 -0.0500546 -0.0500379 -0.0500198 -0.0500272 -0.0500153 -0.050008 -0.0500021 -0.050009 -0.0500069 -0.0500071 -0.0500097 -0.0500091 -0.0500058 -0.050029 -0.0500026 -0.0500285 -0.0500276 -0.0500261 -0.0500041 -0.0500003 -0.0500013
internal_weight=0.149133 0.0949764 0.0364561 0.0585203 0.0211799 0.0541568 0.0137537 0.0484987 0.0227023 0.0131423 0.0275151 0.0188585 0.0196006 0.00257076 0.00328413 0.0209836 0.0126386 0.00314154 0.010557 0.00663555 0.00437367 0.00291239 0.0170298 0.00392142 0.0132036 0.00613036 0.00256641 0.00224605 0.0166099 0.0022684
internal_count=3938 836 608 228 209 3102 248 3094 360 203 175 348 157 60 245 2919 318 193 302 85 95 86 97 217 78 70 55 54 2824 239
is_linear=0
shrinkage=0.1


Tree=150
num_leaves=31
num_cat=0
split_feature=4 2 10 8 6 8 7 7 4 0 7 8 0 4 6 6 6 2 10 0 6 7 7 7 7 10 0 7 2 7
split_gain=0.00624886 0.00279251 0.00398303 0.00240522 0.00249085 0.00367803 0.00216009 0.0013677 0.000804458 0.00195813 8.24789e-10 6.32772e-10 4.28738e-10 3.82799e-10 3.107e-10 2.40796e-10 1.11397e-10 8.86601e-11 3.62054e-11 3.28965e-11 2.23712e-11 2.04877e-11 1.92021e-11 1.91062e-11 1.73684e-11 8.97751e-12 8.42316e-12 6.22426e-12 6.20894e-12 1.41529e-12
threshold=169.50000000000003 1.0000000180025095e-35 0.18634259259259259 2219.5000000000005 1137.0000000000002 2027.5000000000002 1784.5000000000002 2239.5000000000005 177.50000000000003 3.5000000000000004 1877.0000000000002 1650.0000000000002 3.5000000000000004 171.50000000000003 922.50000000000011 1241.5000000000002 1084.0000000000002 1.0000000180025095e-35 0.22474747474747472 3.5000000000000004 889.00000000000011 1003.5000000000001 1003.5000000000001 1044.0000000000002 2239.5000000000005 0.26201372997711675 3.5000000000000004 1003.5000000000001 1.0000000180025095e-35 597.50000000000011
decision_type=2 2 2 2 2 2 2 2 2 2 2 2 2 2 2 2 2 2 2 2 2 2 2 2 2 2 2 2 2 2
left_child=12 3 6 4 5 7 20 8 13 11 22 -10 21 14 -2 -12 19 -14 -17 27 -3 -1 29 -24 -19 26 -25 -15 -23 -4
right_child=1 2 10 -5 -6 -7 -8 -9 9 -11 15 -13 17 16 -16 18 -18 24 -20 -21 -22 28 23 25 -26 -27 -28 -29 -30 -31
leaf_value=0.050000272408857196 0.050039387848206635 0.050001053164130574 0.050000557896472057 0.05003686602212596 -0.037891572647679672 -0.048437700977552123 -0.043522980458607502 -0.05005448995865372 0.050003043336978747 -0.050029218952576705 0.050066772682219984 0.050081388636041405 0.050027008198318616 0.05000154287262587 0.050082720738119403 0.050042713282546315 0.050044989880246249 0.05000204825983301 0.05002745794331756 0.050028266010119705 0.050018921131907861 0.050012202135915645 0.050021272045663714 0.050005964348191982 0.050018340563009626 0.05000262363863444 0.050014347385876436 0.050012000661475743 0.050004141921253631 0.050004363959770648
leaf_weight=0.013979353609556711 0.0033208755221494357 0.0023070836848546614 0.0020145051037161474 0.0059552787829488798 0.028776012376511062 0.0097626145375215856 0.0096925753045979945 0.0021746971178799859 0.0015038397023090511 0.0033063216251321137 0.003801365562594583 0.0032781354921098682 0.01508284593001008 0.0010078805130433466 0.0032977948430925608 0.0030126362880764646 0.0017964337021112442 0.0018498853348773983 0.0032169135458843812 0.0011293097632005811 0.0010063663416985946 0.0020868057108600615 0.0014642012338299537 0.0020471699740483018 0.0010124400901077024 0.001800312616296651 0.0028915854134083929 0.0013073568807158154 0.0017632170033721195 0.0018970141818499542
leaf_count=2644 42 293 220 39 19 6 3 1 88 3 12 4 14 88 1 8 1 138 34 1 15 6 7 39 3 56 18 5 71 59
internal_value=0.0140629 0.00142536 0.0242292 -0.0106076 -0.0165613 0.00268907 -0.0196952 0.0252511 0.0334608 0.00914376 0.0500257 0.0500568 0.050013 0.050045 0.050061 0.0500469 0.0500248 0.0500239 0.0500348 0.0500143 0.0500065 0.0500021 0.0500082 0.0500109 0.0500078 0.0500087 0.0500109 0.0500074 0.0500085 0.0500024
internal_weight=0.137543 0.101768 0.0351517 0.0666166 0.0606613 0.0318853 0.013006 0.0221226 0.0199479 0.0080883 0.0221457 0.00478198 0.0357745 0.0118597 0.00661867 0.0100309 0.00524098 0.0179452 0.00622955 0.00344455 0.00331345 0.0178294 0.0121148 0.00820327 0.00286233 0.00673907 0.00493876 0.00231524 0.00385002 0.00391152
internal_count=3938 1062 764 298 259 240 311 234 233 95 453 92 2876 138 43 54 95 155 42 94 308 2721 399 120 141 113 57 93 77 279
is_linear=0
shrinkage=0.1


Tree=151
num_leaves=31
num_cat=0
split_feature=4 2 10 8 6 8 7 7 4 0 7 8 0 4 6 6 6 2 10 0 6 7 7 7 7 10 0 7 2 7
split_gain=0.00624886 0.00279251 0.00398303 0.00240522 0.00249085 0.00367803 0.00216009 0.0013677 0.000804458 0.00195813 8.24789e-10 6.32772e-10 4.28738e-10 3.82799e-10 3.107e-10 2.40796e-10 1.11397e-10 8.86601e-11 3.62054e-11 3.28965e-11 2.23712e-11 2.04878e-11 1.92021e-11 1.91062e-11 1.73684e-11 8.97751e-12 8.42316e-12 6.22426e-12 6.20892e-12 1.41529e-12
threshold=169.50000000000003 1.0000000180025095e-35 0.18634259259259259 2219.5000000000005 1137.0000000000002 2027.5000000000002 1784.5000000000002 2239.5000000000005 177.50000000000003 3.5000000000000004 1877.0000000000002 1650.0000000000002 3.5000000000000004 171.50000000000003 922.50000000000011 1241.5000000000002 1084.0000000000002 1.0000000180025095e-35 0.22474747474747472 3.5000000000000004 889.00000000000011 1003.5000000000001 1003.5000000000001 1044.0000000000002 2239.5000000000005 0.26201372997711675 3.5000000000000004 1003.5000000000001 1.0000000180025095e-35 597.50000000000011
decision_type=2 2 2 2 2 2 2 2 2 2 2 2 2 2 2 2 2 2 2 2 2 2 2 2 2 2 2 2 2 2
left_child=12 3 6 4 5 7 20 8 13 11 22 -10 21 14 -2 -12 19 -14 -17 27 -3 -1 29 -24 -19 26 -25 -15 -23 -4
right_child=1 2 10 -5 -6 -7 -8 -9 9 -11 15 -13 17 16 -16 18 -18 24 -20 -21 -22 28 23 25 -26 -27 -28 -29 -30 -31
leaf_value=-0.050000272408857196 -0.050039387848206635 -0.050001053164130574 -0.050000557890828648 -0.05003686602212596 0.037891572647679672 0.048437700977552123 0.043522980458607502 0.05005448995865372 -0.050003043336978747 0.050029218952576705 -0.050066772682219984 -0.050081388636041405 -0.050027008198318616 -0.05000154287262587 -0.050082720738119403 -0.050042713282546315 -0.050044989880246249 -0.05000204825983301 -0.05002745794331756 -0.050028266010119705 -0.050018921131907861 -0.050012202135915645 -0.050021272045663714 -0.050005964348191982 -0.050018340563009626 -0.05000262363863444 -0.050014347385876436 -0.050012000661475743 -0.050004141934150086 -0.050004363959770648
leaf_weight=0.013979353609556711 0.0033208755221494357 0.0023070836848546614 0.0020145051037161474 0.0059552787829488798 0.028776012376511062 0.0097626145375215856 0.0096925753045979945 0.0021746971178799859 0.0015038397023090511 0.0033063216251321137 0.003801365562594583 0.0032781354921098682 0.01508284593001008 0.0010078805130433466 0.0032977948430925608 0.0030126362880764646 0.0017964337021112442 0.0018498853348773983 0.0032169135458843812 0.0011293097632005811 0.0010063663416985946 0.0020868057108600615 0.0014642012338299537 0.0020471699740483018 0.0010124400901077024 0.001800312616296651 0.0028915854134083929 0.0013073568807158154 0.0017632170029173722 0.0018970141818499542
leaf_count=2644 42 293 220 39 19 6 3 1 88 3 12 4 14 88 1 8 1 138 34 1 15 6 7 39 3 56 18 5 71 59
internal_value=-0.0140629 -0.00142536 -0.0242292 0.0106076 0.0165613 -0.00268907 0.0196952 -0.0252511 -0.0334608 -0.00914376 -0.0500257 -0.0500568 -0.050013 -0.050045 -0.050061 -0.0500469 -0.0500248 -0.0500239 -0.0500348 -0.0500143 -0.0500065 -0.0500021 -0.0500082 -0.0500109 -0.0500078 -0.0500087 -0.0500109 -0.0500074 -0.0500085 -0.0500024
internal_weight=0.137543 0.101768 0.0351517 0.0666166 0.0606613 0.0318853 0.013006 0.0221226 0.0199479 0.0080883 0.0221457 0.00478198 0.0357745 0.0118597 0.00661867 0.0100309 0.00524098 0.0179452 0.00622955 0.00344455 0.00331345 0.0178294 0.0121148 0.00820327 0.00286233 0.00673907 0.00493876 0.00231524 0.00385002 0.00391152
internal_count=3938 1062 764 298 259 240 311 234 233 95 453 92 2876 138 43 54 95 155 42 94 308 2721 399 120 141 113 57 93 77 279
is_linear=0
shrinkage=0.1


Tree=152
num_leaves=31
num_cat=0
split_feature=4 2 10 8 6 8 4 7 4 0 7 8 0 4 6 6 6 2 10 0 6 7 7 7 7 10 0 2 10 7
split_gain=0.00567527 0.0024963 0.00360405 0.0021538 0.00211709 0.00331108 0.0019722 0.00123743 0.000727841 0.00177163 6.10984e-10 4.68653e-10 3.17566e-10 2.83523e-10 2.30043e-10 1.78348e-10 8.25359e-11 6.56646e-11 2.68205e-11 2.43722e-11 2.42664e-11 1.51798e-11 1.42256e-11 1.41515e-11 1.01939e-11 6.65123e-12 6.23877e-12 4.59982e-12 2.79191e-12 1.04817e-12
threshold=169.50000000000003 1.0000000180025095e-35 0.18634259259259259 2219.5000000000005 1137.0000000000002 2027.5000000000002 184.50000000000003 2239.5000000000005 177.50000000000003 3.5000000000000004 1877.0000000000002 1650.0000000000002 3.5000000000000004 171.50000000000003 922.50000000000011 1241.5000000000002 1084.0000000000002 1.0000000180025095e-35 0.22474747474747472 3.5000000000000004 1137.0000000000002 1003.5000000000001 1003.5000000000001 1044.0000000000002 1442.5000000000002 0.26201372997711675 3.5000000000000004 1.0000000180025095e-35 0.17519181585677748 597.50000000000011
decision_type=2 2 2 2 2 2 2 2 2 2 2 2 2 2 2 2 2 2 2 2 2 2 2 2 2 2 2 2 2 2
left_child=12 3 6 4 5 7 20 8 13 11 22 -10 21 14 -2 -12 19 -14 -17 28 -3 -1 29 -24 -19 26 -25 -23 -15 -4
right_child=1 2 10 -5 -6 -7 -8 -9 9 -11 15 -13 17 16 -16 18 -18 24 -20 -21 -22 27 23 25 -26 -27 -28 -29 -30 -31
leaf_value=0.050000246772010086 0.050035640331713566 0.050000714142055092 0.050000505001022613 0.05003335290724592 -0.03617110916351466 -0.048063529953435213 -0.042987985333285197 -0.050049294607335031 0.050002754692219535 -0.050026436083610952 0.05006041332996139 0.050073633945727995 0.050024436173563107 0.050003207107632286 0.050074836395569068 0.050038647539750174 0.050040708526702962 0.05000191597519052 0.050024844675779223 0.050025575296015007 0.050018524814388399 0.05001104170173816 0.050019246657725405 0.050005397482161457 0.050014707394642324 0.050002373957209828 0.050012981933161074 0.050003748472578262 0.050010512361799424 0.050003948360549312
leaf_weight=0.012649048975163169 0.0030050660357119341 0.0015616094538017941 0.0018228014389478631 0.0053889181738213656 0.027213488921006501 0.0088989929349736485 0.0089408364276550856 0.0019679411780089131 0.0013607379164568547 0.0029918414074927568 0.0034400324243506475 0.0029666157042811392 0.013648189371451735 0.0010823460152096231 0.0029844141099601984 0.0027261562318017241 0.0016256124945357442 0.0015467632507579756 0.0029109280339980614 0.0010218939278274775 0.0014995293759056949 0.0018882615004258687 0.0013249149742478039 0.0018523759517847793 0.001043212424747253 0.0016289979473640415 0.0026164824971601774 0.0015954366608639248 0.0010125956105184741 0.0017165029596526438
leaf_count=2644 42 240 220 39 19 6 66 1 88 3 12 4 14 85 1 8 1 134 34 1 5 6 7 39 7 56 18 71 8 59
internal_value=0.0139211 0.00143422 0.0240679 -0.0103539 -0.0161514 0.00268832 -0.0192687 0.0252488 0.0334579 0.00914291 0.0500233 0.0500513 0.0500118 0.0500407 0.0500552 0.0500425 0.0500224 0.0500217 0.0500315 0.0500129 0.0500094 0.0500019 0.0500074 0.0500099 0.0500071 0.0500078 0.0500098 0.0500077 0.0500067 0.0500022
internal_weight=0.125933 0.0935616 0.0320412 0.0615205 0.0561315 0.0289181 0.012002 0.0200191 0.0180511 0.0073192 0.0200392 0.00432735 0.0323709 0.0107319 0.00598948 0.00907712 0.00474245 0.0162382 0.00563708 0.00311684 0.00306114 0.0161327 0.0109621 0.00742277 0.00258998 0.00609786 0.00446886 0.0034837 0.00209494 0.0035393
internal_count=3938 1062 764 298 259 240 311 234 233 95 453 92 2876 138 43 54 95 155 42 94 245 2721 399 120 141 113 57 77 93 279
is_linear=0
shrinkage=0.1


Tree=153
num_leaves=31
num_cat=0
split_feature=4 2 10 8 6 8 4 7 4 0 7 8 0 4 6 6 6 2 10 0 6 7 7 7 7 10 0 2 10 7
split_gain=0.00567527 0.0024963 0.00360405 0.0021538 0.00211709 0.00331108 0.0019722 0.00123743 0.000727841 0.00177163 6.10984e-10 4.68653e-10 3.17566e-10 2.83523e-10 2.30043e-10 1.78348e-10 8.25359e-11 6.56646e-11 2.68205e-11 2.43722e-11 2.42664e-11 1.51798e-11 1.42256e-11 1.41515e-11 1.01939e-11 6.65123e-12 6.23877e-12 4.59982e-12 2.79191e-12 1.04817e-12
threshold=169.50000000000003 1.0000000180025095e-35 0.18634259259259259 2219.5000000000005 1137.0000000000002 2027.5000000000002 184.50000000000003 2239.5000000000005 177.50000000000003 3.5000000000000004 1877.0000000000002 1650.0000000000002 3.5000000000000004 171.50000000000003 922.50000000000011 1241.5000000000002 1084.0000000000002 1.0000000180025095e-35 0.22474747474747472 3.5000000000000004 1137.0000000000002 1003.5000000000001 1003.5000000000001 1044.0000000000002 1442.5000000000002 0.26201372997711675 3.5000000000000004 1.0000000180025095e-35 0.17519181585677748 597.50000000000011
decision_type=2 2 2 2 2 2 2 2 2 2 2 2 2 2 2 2 2 2 2 2 2 2 2 2 2 2 2 2 2 2
left_child=12 3 6 4 5 7 20 8 13 11 22 -10 21 14 -2 -12 19 -14 -17 28 -3 -1 29 -24 -19 26 -25 -23 -15 -4
right_child=1 2 10 -5 -6 -7 -8 -9 9 -11 15 -13 17 16 -16 18 -18 24 -20 -21 -22 27 23 25 -26 -27 -28 -29 -30 -31
leaf_value=-0.050000246772010086 -0.050035640331713566 -0.050000714149335192 -0.050000505001022613 -0.05003335290724592 0.03617110916351466 0.048063529953435213 0.042987985333285197 0.050049294607335031 -0.050002754692219535 0.050026436083610952 -0.05006041332996139 -0.050073633945727995 -0.050024436173563107 -0.050003207107632286 -0.050074836395569068 -0.050038647539750174 -0.050040708526702962 -0.05000191597519052 -0.050024844675779223 -0.050025575296015007 -0.050018524814388399 -0.05001104170173816 -0.050019246657725405 -0.050005397482161457 -0.050014707394642324 -0.050002373957209828 -0.050012981933161074 -0.050003748472578262 -0.050010512361799424 -0.050003948360549312
leaf_weight=0.012649048975163169 0.0030050660357119341 0.0015616094538017941 0.0018228014389478631 0.0053889181738213656 0.027213488921006501 0.0088989929349736485 0.0089408364276550856 0.0019679411780089131 0.0013607379164568547 0.0029918414074927568 0.0034400324243506475 0.0029666157042811392 0.013648189371451735 0.0010823460152096231 0.0029844141099601984 0.0027261562318017241 0.0016256124945357442 0.0015467632507579756 0.0029109280339980614 0.0010218939278274775 0.0014995293759056949 0.0018882615004258687 0.0013249149742478039 0.0018523759517847793 0.001043212424747253 0.0016289979473640415 0.0026164824971601774 0.0015954366608639248 0.0010125956105184741 0.0017165029596526438
leaf_count=2644 42 240 220 39 19 6 66 1 88 3 12 4 14 85 1 8 1 134 34 1 5 6 7 39 7 56 18 71 8 59
internal_value=-0.0139211 -0.00143422 -0.0240679 0.0103539 0.0161514 -0.00268832 0.0192687 -0.0252488 -0.0334579 -0.00914291 -0.0500233 -0.0500513 -0.0500118 -0.0500407 -0.0500552 -0.0500425 -0.0500224 -0.0500217 -0.0500315 -0.0500129 -0.0500094 -0.0500019 -0.0500074 -0.0500099 -0.0500071 -0.0500078 -0.0500098 -0.0500077 -0.0500067 -0.0500022
internal_weight=0.125933 0.0935616 0.0320412 0.0615205 0.0561315 0.0289181 0.012002 0.0200191 0.0180511 0.0073192 0.0200392 0.00432735 0.0323709 0.0107319 0.00598948 0.00907712 0.00474245 0.0162382 0.00563708 0.00311684 0.00306114 0.0161327 0.0109621 0.00742277 0.00258998 0.00609786 0.00446886 0.0034837 0.00209494 0.0035393
internal_count=3938 1062 764 298 259 240 311 234 233 95 453 92 2876 138 43 54 95 155 42 94 245 2721 399 120 141 113 57 77 93 279
is_linear=0
shrinkage=0.1


Tree=154
num_leaves=30
num_cat=0
split_feature=4 2 10 6 4 0 10 7 6 7 7 0 6 6 2 8 10 7 7 7 7 6 7 10 0 2 7 6 0
split_gain=0.00515701 0.00222859 0.00326149 0.00193968 0.00201125 0.00228342 0.00319847 0.00180171 6.19235e-10 4.52637e-10 2.86792e-10 2.3522e-10 2.35056e-10 1.32131e-10 4.86448e-11 2.0627e-11 1.98668e-11 1.12416e-11 1.05406e-11 1.04856e-11 9.56618e-12 7.0235e-12 5.18347e-12 4.92791e-12 4.62355e-12 3.40981e-12 7.76367e-13 1.70829e-13 4.33681e-19
threshold=169.50000000000003 1.0000000180025095e-35 0.18634259259259259 1778.5000000000002 172.50000000000003 3.5000000000000004 0.2124060150375939 1784.5000000000002 1519.5000000000002 1877.0000000000002 1108.5000000000002 3.5000000000000004 922.50000000000011 1241.5000000000002 1.0000000180025095e-35 -270.99999999999994 0.22474747474747472 1003.5000000000001 1003.5000000000001 1044.0000000000002 914.50000000000011 2015.5000000000002 1003.5000000000001 0.26201372997711675 3.5000000000000004 1.0000000180025095e-35 597.50000000000011 431.00000000000006 2.5000000000000004
decision_type=2 2 2 2 2 2 2 2 2 2 2 2 2 2 2 2 2 2 2 2 2 2 2 2 2 2 2 2 2
left_child=11 3 7 4 12 6 8 20 10 18 22 17 15 -11 -13 -2 -15 27 26 -20 -3 -16 -6 24 -21 -19 -4 28 -1
right_child=1 2 9 -5 5 -7 -8 -9 -10 13 -12 14 -14 16 21 -17 -18 25 19 23 -22 -23 -24 -25 -26 -27 -28 -29 -30
leaf_value=0.050000104385045457 0.050017932458186601 0.050000631027818127 0.050000456583456379 -0.050083419303722079 0.050000402353218676 -0.029906989537089645 -0.041477169017455393 -0.042426477093214503 0.050084740180613055 0.050054663164768309 0.050046711339659891 0.050022109596450197 0.050067338710283196 0.050034968441810684 0.050001138359731911 0.050033803871743734 0.050022480179274242 0.050009991538164558 0.050017415842008472 0.050004883137470216 0.050012591976504865 0.050012096321705425 0.05000963724196078 0.050002147739503039 0.050011747082702743 0.050003390285913052 0.050003571988213584 0.050001470314730172 0.050000104385022184
leaf_weight=0.0087159321628860198 0.0011966520878559095 0.0017498262579920274 0.0016493404492621266 0.0099914681632071733 0.0012038105209057903 0.023637756239622831 0.0058485333574935785 0.0082582478144104243 0.0033980888481437432 0.0031130096399465401 0.0051684258469322231 0.012349937635008246 0.0027154720864928095 0.0024669003823873936 0.0012193903481829702 0.0025936198001090807 0.0026340347490076965 0.0017086037223634784 0.0011988743485744635 0.0016761154038249515 0.0010822082585946191 0.0011241464526392519 0.0012276029883651063 0.0014739846230895637 0.0023675468055444071 0.0014436205829042592 0.0015531671891721999 0.0010036012008640691 0.0017258042316825603
leaf_count=2106 49 291 220 5 187 15 7 3 3 12 9 14 3 8 137 16 34 6 7 39 17 4 4 56 18 71 59 121 417
internal_value=0.0137602 0.00144278 0.0238946 -0.0100718 -0.00156411 -0.00985759 0.0182743 -0.018823 0.0500493 0.0500211 0.0500334 0.0500107 0.0500449 0.0500384 0.0500196 0.0500288 0.0500285 0.0500017 0.0500067 0.0500089 0.0500052 0.0500064 0.0500051 0.0500071 0.0500089 0.050007 0.050002 0.0500002 0.0500001
internal_weight=0.115496 0.0862047 0.0292233 0.0569814 0.04699 0.0404842 0.0168465 0.0110903 0.0109979 0.018133 0.00759984 0.029291 0.00650574 0.00821394 0.0146935 0.00379027 0.00510094 0.0145976 0.00991903 0.00671652 0.00283203 0.00234354 0.00243141 0.00551765 0.00404366 0.00315222 0.00320251 0.0114453 0.0104417
internal_count=3938 1062 764 298 293 225 210 311 203 453 200 2876 68 54 155 65 42 2721 399 120 308 141 191 113 57 77 279 2644 2523
is_linear=0
shrinkage=0.1


Tree=155
num_leaves=30
num_cat=0
split_feature=4 2 10 6 4 0 10 7 6 7 7 0 6 6 2 8 10 7 7 7 7 6 7 10 0 2 7 6 0
split_gain=0.00515701 0.00222859 0.00326149 0.00193968 0.00201125 0.00228342 0.00319847 0.00180171 6.19235e-10 4.52637e-10 2.86792e-10 2.3522e-10 2.35056e-10 1.32131e-10 4.86448e-11 2.0627e-11 1.98668e-11 1.12416e-11 1.05406e-11 1.04856e-11 9.56618e-12 7.0235e-12 5.18345e-12 4.92791e-12 4.62355e-12 3.40981e-12 7.76367e-13 1.70829e-13 4.33681e-19
threshold=169.50000000000003 1.0000000180025095e-35 0.18634259259259259 1778.5000000000002 172.50000000000003 3.5000000000000004 0.2124060150375939 1784.5000000000002 1519.5000000000002 1877.0000000000002 1108.5000000000002 3.5000000000000004 922.50000000000011 1241.5000000000002 1.0000000180025095e-35 -270.99999999999994 0.22474747474747472 1003.5000000000001 1003.5000000000001 1044.0000000000002 914.50000000000011 2015.5000000000002 1003.5000000000001 0.26201372997711675 3.5000000000000004 1.0000000180025095e-35 597.50000000000011 431.00000000000006 2.5000000000000004
decision_type=2 2 2 2 2 2 2 2 2 2 2 2 2 2 2 2 2 2 2 2 2 2 2 2 2 2 2 2 2
left_child=11 3 7 4 12 6 8 20 10 18 22 17 15 -11 -13 -2 -15 27 26 -20 -3 -16 -6 24 -21 -19 -4 28 -1
right_child=1 2 9 -5 5 -7 -8 -9 -10 13 -12 14 -14 16 21 -17 -18 25 19 23 -22 -23 -24 -25 -26 -27 -28 -29 -30
leaf_value=-0.050000104385045457 -0.050017932458186601 -0.050000631027818127 -0.050000456583456379 0.050083419303722079 -0.050000402372106512 0.029906989537089645 0.041477169017455393 0.042426477093214503 -0.050084740180613055 -0.050054663164768309 -0.050046711339659891 -0.050022109596450197 -0.050067338710283196 -0.050034968441810684 -0.050001138359731911 -0.050033803871743734 -0.050022480179274242 -0.050009991538164558 -0.050017415842008472 -0.050004883137470216 -0.050012591976504865 -0.050012096321705425 -0.05000963724196078 -0.050002147739503039 -0.050011747082702743 -0.050003390285913052 -0.050003571988213584 -0.050001470314730172 -0.050000104385022184
leaf_weight=0.0087159321628860198 0.0011966520878559095 0.0017498262579920274 0.0016493404492621266 0.0099914681632071733 0.0012038105209057903 0.023637756239622831 0.0058485333574935785 0.0082582478144104243 0.0033980888481437432 0.0031130096399465401 0.0051684258469322231 0.012349937635008246 0.0027154720864928095 0.0024669003823873936 0.0012193903481829702 0.0025936198001090807 0.0026340347490076965 0.0017086037223634784 0.0011988743485744635 0.0016761154038249515 0.0010822082585946191 0.0011241464526392519 0.0012276029883651063 0.0014739846230895637 0.0023675468055444071 0.0014436205829042592 0.0015531671891721999 0.0010036012008640691 0.0017258042316825603
leaf_count=2106 49 291 220 5 187 15 7 3 3 12 9 14 3 8 137 16 34 6 7 39 17 4 4 56 18 71 59 121 417
internal_value=-0.0137602 -0.00144278 -0.0238946 0.0100718 0.00156411 0.00985759 -0.0182743 0.018823 -0.0500493 -0.0500211 -0.0500334 -0.0500107 -0.0500449 -0.0500384 -0.0500196 -0.0500288 -0.0500285 -0.0500017 -0.0500067 -0.0500089 -0.0500052 -0.0500064 -0.0500051 -0.0500071 -0.0500089 -0.050007 -0.050002 -0.0500002 -0.0500001
internal_weight=0.115496 0.0862047 0.0292233 0.0569814 0.04699 0.0404842 0.0168465 0.0110903 0.0109979 0.018133 0.00759984 0.029291 0.00650574 0.00821394 0.0146935 0.00379027 0.00510094 0.0145976 0.00991903 0.00671652 0.00283203 0.00234354 0.00243141 0.00551765 0.00404366 0.00315222 0.00320251 0.0114453 0.0104417
internal_count=3938 1062 764 298 293 225 210 311 203 453 200 2876 68 54 155 65 42 2721 399 120 308 141 191 113 57 77 279 2644 2523
is_linear=0
shrinkage=0.1


Tree=156
num_leaves=24
num_cat=0
split_feature=4 8 0 10 2 7 4 7 0 8 2 2 10 7 7 10 6 2 7 6 6 0 6
split_gain=0.00469289 0.00218754 0.00253843 0.00234351 0.00366486 0.00196447 0.00138966 7.19222e-10 1.74249e-10 1.54953e-10 1.30204e-10 3.60341e-11 1.47624e-11 1.13895e-11 8.32824e-12 5.26061e-12 5.20212e-12 2.5242e-12 5.04984e-13 1.1178e-13 1.53115e-14 4.33681e-19 4.33681e-19
threshold=169.50000000000003 2219.5000000000005 3.5000000000000004 0.2124060150375939 1.0000000180025095e-35 1003.5000000000001 172.50000000000003 1108.5000000000002 3.5000000000000004 2087.5000000000005 1.0000000180025095e-35 1.0000000180025095e-35 0.36038961038961043 914.50000000000011 1003.5000000000001 0.19139194139194138 2015.5000000000002 1.0000000180025095e-35 1397.5000000000002 311.00000000000006 -177.49999999999997 2.5000000000000004 -611.49999999999989
decision_type=2 2 2 2 2 2 2 2 2 2 2 2 2 2 2 2 2 2 2 2 2 2 2
left_child=8 2 3 7 -5 6 -4 13 14 12 -3 -10 18 20 19 -12 -13 -16 -6 21 -2 22 -1
right_child=1 10 5 4 9 -7 -8 -9 11 -11 15 16 -14 -15 17 -17 -18 -19 -20 -21 -22 -23 -24
leaf_value=0.050000094112159048 0.05000013923263863 0.050032148264223732 0.050041408581661756 -0.044593183291591863 0.050000510401316402 -0.032676792995470459 -0.023872998946667175 0.05005334329022635 0.050020004708015132 0.050036354299531918 0.050010542696992934 0.050001030278661041 0.050016253508796155 0.050010118986487509 0.050009039434350117 0.050002363957624307 0.050010944422071615 0.05000306859177045 0.050003331821825495 0.05000119824966634 0.050000629369297757 0.050000094112133853 0.050000094112129245
leaf_weight=0.006489700739848561 0.001691266496436584 0.005158693244652568 0.0057997008226493563 0.01014518230658723 0.0010183230685925073 0.031254074807293364 0.0045306269375942065 0.0081340225383428333 0.011175132007338107 0.0031157939349668595 0.0015309936758285403 0.0011033522945353988 0.0010474613472979399 0.0021100087249124044 0.0015460365102626392 0.0016171064100944932 0.0010171920293942094 0.0013062499142506567 0.00168247772921859 0.0010166969109377541 0.0010228159103462531 0.001520379977137055 0.0013293962854277171
leaf_count=1733 372 39 18 10 148 38 30 22 14 6 70 137 10 12 6 127 4 71 36 150 124 406 355
internal_value=0.0135486 0.0014476 -0.00419168 0.0179961 -0.00641221 -0.0201811 0.0176244 0.0500352 0.0500097 0.0500199 0.0500224 0.0500177 0.0500062 0.0500046 0.0500015 0.0500063 0.0500058 0.0500063 0.0500023 0.0500002 0.0500003 0.0500001 0.0500001
internal_weight=0.106363 0.0798585 0.0715518 0.0299674 0.0170092 0.0415844 0.0103303 0.0129581 0.0265041 0.00686406 0.00830679 0.0132957 0.00374826 0.00482409 0.0132085 0.0031481 0.00212054 0.00285229 0.0027008 0.0103562 0.00271408 0.00933948 0.0078191
internal_count=3938 1062 826 740 210 86 48 530 2876 200 236 155 194 508 2721 197 141 77 184 2644 496 2494 2088
is_linear=0
shrinkage=0.1


Tree=157
num_leaves=24
num_cat=0
split_feature=4 8 0 10 2 7 4 7 0 8 2 2 10 7 7 10 6 2 7 6 6 0 6
split_gain=0.00469289 0.00218754 0.00253843 0.00234351 0.00366486 0.00196447 0.00138966 7.19222e-10 1.74249e-10 1.54953e-10 1.30204e-10 3.60341e-11 1.47624e-11 1.13895e-11 8.32824e-12 5.26061e-12 5.20212e-12 2.5242e-12 5.04984e-13 1.1178e-13 1.53115e-14 4.33681e-19 4.33681e-19
threshold=169.50000000000003 2219.5000000000005 3.5000000000000004 0.2124060150375939 1.0000000180025095e-35 1003.5000000000001 172.50000000000003 1108.5000000000002 3.5000000000000004 2087.5000000000005 1.0000000180025095e-35 1.0000000180025095e-35 0.36038961038961043 914.50000000000011 1003.5000000000001 0.19139194139194138 2015.5000000000002 1.0000000180025095e-35 1397.5000000000002 311.00000000000006 -177.49999999999997 2.5000000000000004 -611.49999999999989
decision_type=2 2 2 2 2 2 2 2 2 2 2 2 2 2 2 2 2 2 2 2 2 2 2
left_child=8 2 3 7 -5 6 -4 13 14 12 -3 -10 18 20 19 -12 -13 -16 -6 21 -2 22 -1
right_child=1 10 5 4 9 -7 -8 -9 11 -11 15 16 -14 -15 17 -17 -18 -19 -20 -21 -22 -23 -24
leaf_value=-0.050000094112159048 -0.05000013923263863 -0.050032148264223732 -0.050041408581661756 0.044593183291591863 -0.050000510401316402 0.032676792995470459 0.023872998946667175 -0.05005334329022635 -0.050020004708015132 -0.050036354299531918 -0.050010542696992934 -0.050001030278661041 -0.050016253508796155 -0.050010118986487509 -0.050009039434350117 -0.050002363957624307 -0.050010944422071615 -0.05000306859177045 -0.050003331821825495 -0.05000119824966634 -0.050000629369297757 -0.050000094112133853 -0.050000094112129245
leaf_weight=0.006489700739848561 0.001691266496436584 0.005158693244652568 0.0057997008226493563 0.01014518230658723 0.0010183230685925073 0.031254074807293364 0.0045306269375942065 0.0081340225383428333 0.011175132007338107 0.0031157939349668595 0.0015309936758285403 0.0011033522945353988 0.0010474613472979399 0.0021100087249124044 0.0015460365102626392 0.0016171064100944932 0.0010171920293942094 0.0013062499142506567 0.00168247772921859 0.0010166969109377541 0.0010228159103462531 0.001520379977137055 0.0013293962854277171
leaf_count=1733 372 39 18 10 148 38 30 22 14 6 70 137 10 12 6 127 4 71 36 150 124 406 355
internal_value=-0.0135486 -0.0014476 0.00419168 -0.0179961 0.00641221 0.0201811 -0.0176244 -0.0500352 -0.0500097 -0.0500199 -0.0500224 -0.0500177 -0.0500062 -0.0500046 -0.0500015 -0.0500063 -0.0500058 -0.0500063 -0.0500023 -0.0500002 -0.0500003 -0.0500001 -0.0500001
internal_weight=0.106363 0.0798585 0.0715518 0.0299674 0.0170092 0.0415844 0.0103303 0.0129581 0.0265041 0.00686406 0.00830679 0.0132957 0.00374826 0.00482409 0.0132085 0.0031481 0.00212054 0.00285229 0.0027008 0.0103562 0.00271408 0.00933948 0.0078191
internal_count=3938 1062 826 740 210 86 48 530 2876 200 236 155 194 508 2721 197 141 77 184 2644 496 2494 2088
is_linear=0
shrinkage=0.1


Tree=158
num_leaves=27
num_cat=0
split_feature=6 10 1 2 4 8 6 7 8 4 0 6 2 8 10 8 7 1 7 7 6 7 4 2 4 0
split_gain=0.00429218 0.00212137 0.0024671 0.00155822 0.00348225 0.000629881 0.000771607 3.16747e-05 5.42265e-10 3.05461e-10 1.4711e-10 1.12471e-10 9.76502e-11 3.11227e-11 6.69242e-12 5.28353e-12 4.16694e-12 3.41694e-12 2.14115e-12 7.65009e-13 2.25548e-13 8.99892e-14 3.41506e-14 3.78098e-14 9.97466e-18 4.33681e-19
threshold=431.00000000000006 0.26491228070175438 2.5000000000000004 1.0000000180025095e-35 184.50000000000003 -216.99999999999997 813.50000000000011 1652.0000000000002 137.00000000000003 182.50000000000003 3.5000000000000004 1893.0000000000002 1.0000000180025095e-35 3741.0000000000005 0.36038961038961043 -246.49999999999997 1652.0000000000002 3.5000000000000004 1003.5000000000001 1108.5000000000002 1519.5000000000002 -56.499999999999993 173.50000000000003 1.0000000180025095e-35 168.50000000000003 2.5000000000000004
decision_type=2 2 2 2 2 2 2 2 2 2 2 2 2 2 2 2 2 2 2 2 2 2 2 2 2 2
left_child=10 2 5 -4 9 7 -7 -2 -8 11 18 15 -3 16 20 -5 -10 -12 22 -20 -14 -19 24 -24 25 -1
right_child=1 12 3 4 -6 6 8 -9 13 -11 17 -13 14 -15 -16 -17 -18 21 19 -21 -22 -23 23 -25 -26 -27
leaf_value=0.050000083905341136 -0.0072946890710048218 0.050026674596728618 -0.02721698690111081 0.050011094226957264 -0.042788599609913984 -0.013554633764698818 0.050065385906341631 -0.030807837912818943 0.050005518278362693 0.050058186320841525 0.050013073324900931 0.050034212349032076 0.050000548057889171 0.050022197073612919 0.050009864268073835 0.050003771914703621 0.050011938394578528 0.050017252910796131 0.050005131257060187 0.050001483043142864 0.050002388163494942 0.050017947722846672 0.050000953968394282 0.050000117865171223 0.050000094475948879 0.050000083969471448
leaf_weight=0.0069157568584614637 0.0013248055440726611 0.0037890650564804673 0.034396993984046276 0.0021790002801935762 0.0070844824990672342 0.0023140432213040194 0.0029654906174982907 0.001009461319881666 0.0015901942504115141 0.0027285616715744254 0.0022176287118327318 0.0027049987111240625 0.001193139630800033 0.0035609719097919879 0.0015234273369060247 0.0017990293863476845 0.0027753784204378462 0.005068473780397654 0.0012825630012685005 0.0010415687792146855 0.0015080635571393941 0.0029483877380016557 0.0010565866766683038 0.0011080744873197546 0.001024885495098716 0.0013824736299739016
leaf_count=2041 42 4 33 36 12 50 3 6 39 3 47 2 153 38 39 82 23 37 13 60 35 15 156 279 282 408
internal_value=0.0132764 0.00141223 -0.0044506 -0.0150994 0.0101677 0.0304232 0.0388874 -0.017463 0.0500289 0.05003 0.0500075 0.0500185 0.050015 0.0500153 0.0500046 0.0500078 0.0500096 0.0500165 0.0500007 0.0500035 0.0500016 0.0500175 0.0500002 0.0500005 0.0500001 0.0500001
internal_weight=0.0984935 0.0744471 0.0664334 0.0508931 0.0164961 0.0155403 0.0132061 0.00233427 0.010892 0.00941159 0.0240464 0.00668303 0.0080137 0.00792654 0.00422463 0.00397803 0.00436557 0.0102345 0.0138119 0.00232413 0.0027012 0.00801686 0.0114878 0.00216466 0.00932312 0.00829823
internal_count=3938 600 369 168 135 201 153 48 103 123 3338 120 231 100 227 118 62 99 3239 73 188 52 3166 435 2731 2449
is_linear=0
shrinkage=0.1


Tree=159
num_leaves=27
num_cat=0
split_feature=6 10 1 2 4 8 6 7 8 4 0 6 2 8 10 8 7 1 7 7 6 7 4 2 4 0
split_gain=0.00429218 0.00212137 0.0024671 0.00155822 0.00348225 0.000629881 0.000771607 3.16747e-05 5.42265e-10 3.05461e-10 1.4711e-10 1.12471e-10 9.76504e-11 3.11227e-11 6.69247e-12 5.28353e-12 4.16694e-12 3.41694e-12 2.14114e-12 7.65009e-13 2.25567e-13 8.99892e-14 3.41506e-14 3.78087e-14 9.97466e-18 4.33681e-19
threshold=431.00000000000006 0.26491228070175438 2.5000000000000004 1.0000000180025095e-35 184.50000000000003 -216.99999999999997 813.50000000000011 1652.0000000000002 137.00000000000003 182.50000000000003 3.5000000000000004 1893.0000000000002 1.0000000180025095e-35 3741.0000000000005 0.36038961038961043 -246.49999999999997 1652.0000000000002 3.5000000000000004 1003.5000000000001 1108.5000000000002 1519.5000000000002 -56.499999999999993 173.50000000000003 1.0000000180025095e-35 168.50000000000003 2.5000000000000004
decision_type=2 2 2 2 2 2 2 2 2 2 2 2 2 2 2 2 2 2 2 2 2 2 2 2 2 2
left_child=10 2 5 -4 9 7 -7 -2 -8 11 18 15 -3 16 20 -5 -10 -12 22 -20 -14 -19 24 -24 25 -1
right_child=1 12 3 4 -6 6 8 -9 13 -11 17 -13 14 -15 -16 -17 -18 21 19 -21 -22 -23 23 -25 -26 -27
leaf_value=-0.050000083905341136 0.0072946890710048218 -0.050026674596728618 0.02721698690111081 -0.050011094226957264 0.042788599609913984 0.013554633764698818 -0.050065385906341631 0.030807837912818943 -0.050005518278362693 -0.050058186320841525 -0.050013073324900931 -0.050034212349032076 -0.050000547981661328 -0.050022197073612919 -0.050009864268073835 -0.050003771914703621 -0.050011938394578528 -0.050017252910796131 -0.050005131257060187 -0.050001483043142864 -0.050002388163494942 -0.050017947722846672 -0.050000953968394282 -0.050000117875431072 -0.050000094487041513 -0.050000083969471448
leaf_weight=0.0069157568584614637 0.0013248055440726611 0.0037890650564804673 0.034396993984046276 0.0021790002801935762 0.0070844824990672342 0.0023140432213040194 0.0029654906174982907 0.001009461319881666 0.0015901942504115141 0.0027285616715744254 0.0022176287118327318 0.0027049987111240625 0.0011931396326190224 0.0035609719097919879 0.0015234273369060247 0.0017990293863476845 0.0027753784204378462 0.005068473780397654 0.0012825630012685005 0.0010415687792146855 0.0015080635571393941 0.0029483877380016557 0.0010565866766683038 0.0011080744873197546 0.001024885495098716 0.0013824736299739016
leaf_count=2041 42 4 33 36 12 50 3 6 39 3 47 2 153 38 39 82 23 37 13 60 35 15 156 279 282 408
internal_value=-0.0132764 -0.00141223 0.0044506 0.0150994 -0.0101677 -0.0304232 -0.0388874 0.017463 -0.0500289 -0.05003 -0.0500075 -0.0500185 -0.050015 -0.0500153 -0.0500046 -0.0500078 -0.0500096 -0.0500165 -0.0500007 -0.0500035 -0.0500016 -0.0500175 -0.0500002 -0.0500005 -0.0500001 -0.0500001
internal_weight=0.0984935 0.0744471 0.0664334 0.0508931 0.0164961 0.0155403 0.0132061 0.00233427 0.010892 0.00941159 0.0240464 0.00668303 0.0080137 0.00792654 0.00422463 0.00397803 0.00436557 0.0102345 0.0138119 0.00232413 0.0027012 0.00801686 0.0114878 0.00216466 0.00932312 0.00829823
internal_count=3938 600 369 168 135 201 153 48 103 123 3338 120 231 100 227 118 62 99 3239 73 188 52 3166 435 2731 2449
is_linear=0
shrinkage=0.1


Tree=160
num_leaves=22
num_cat=0
split_feature=4 2 10 8 7 6 10 0 0 0 6 2 7 6 7 8 8 2 0 6 4
split_gain=0.00394235 0.00180342 0.00259844 0.00167031 0.00153139 0.00138744 0.00131438 0.000787316 2.94632e-10 9.32879e-11 6.6681e-11 1.97798e-11 6.22282e-12 4.57541e-12 3.5386e-12 2.76051e-12 3.50539e-12 2.18122e-12 3.10017e-13 4.93013e-14 2.1684e-19
threshold=169.50000000000003 1.0000000180025095e-35 0.18634259259259259 2219.5000000000005 1003.5000000000001 1564.0000000000002 0.2124060150375939 3.5000000000000004 4.5000000000000009 3.5000000000000004 1893.0000000000002 1.0000000180025095e-35 1003.5000000000001 922.50000000000011 503.00000000000006 945.00000000000011 175.50000000000003 1.0000000180025095e-35 3.5000000000000004 150.00000000000003 158.50000000000003
decision_type=2 2 2 2 2 2 2 2 2 2 2 2 2 2 2 2 2 2 2 2 2
left_child=9 3 5 4 6 14 7 -2 10 12 13 -11 19 18 -3 16 -15 -14 -4 20 -1
right_child=1 2 8 -5 -6 -7 -8 -9 -10 11 -12 -13 17 15 -16 -17 -18 -19 -20 -21 -22
leaf_value=0.050000077868551318 0.050000277257015828 0.050000546771664205 0.050000988961302263 0.050026311226027811 -0.026228818149954619 -0.041919039401716776 0.050037355610831585 -0.05001994199294954 0.050045769121464703 0.050016377550778993 0.050021345295191671 0.050004737010796274 0.050008510186447301 0.050005343433234845 0.050008617180014175 0.050003474685206162 0.050011691485243551 0.050002502364720959 0.050003155352559316 0.050000820008842178 0.0500000778685393
leaf_weight=0.0051722846153552382 0.0010606127443679725 0.0011885962649103021 0.0016986615722771603 0.0042252503273516586 0.032863332815395552 0.0065675453106450732 0.0056736099327281408 0.0030506347538903356 0.0029338842577999466 0.0091500630951486528 0.0037149428712837116 0.0017368174745797669 0.0013814718731737239 0.0017701698932341969 0.0010007280260424523 0.0016285241639479864 0.001710342666683573 0.0010742339857188199 0.0010808842788492257 0.001016848416384164 0.0023056064201227855
leaf_count=1687 215 267 250 39 28 5 12 4 16 14 31 141 6 49 39 62 13 71 32 205 752
internal_value=0.0129023 0.00135436 0.0240958 -0.00994725 -0.015889 -0.0189371 0.0188384 -0.0242169 0.0500175 0.050008 0.0500103 0.0500145 0.0500014 0.0500051 0.0500042 0.0500069 0.0500085 0.0500059 0.0500018 0.0500002 0.0500001
internal_weight=0.092005 0.0701677 0.0232943 0.0468734 0.0426482 0.00875687 0.00978486 0.00411125 0.0145374 0.0218373 0.0116035 0.0108869 0.0109504 0.00788858 0.00218932 0.00510904 0.00348051 0.00245571 0.00277955 0.00849474 0.00747789
internal_count=3938 1062 764 298 259 311 231 219 453 2876 437 155 2721 406 306 124 62 77 282 2644 2439
is_linear=0
shrinkage=0.1


Tree=161
num_leaves=22
num_cat=0
split_feature=4 2 10 8 7 6 10 0 0 0 6 2 7 6 7 8 8 2 0 6 4
split_gain=0.00394235 0.00180342 0.00259844 0.00167031 0.00153139 0.00138744 0.00131438 0.000787316 2.94632e-10 9.32879e-11 6.6681e-11 1.97798e-11 6.22282e-12 4.57541e-12 3.5386e-12 2.76051e-12 3.50539e-12 2.18122e-12 3.10017e-13 4.93013e-14 2.1684e-19
threshold=169.50000000000003 1.0000000180025095e-35 0.18634259259259259 2219.5000000000005 1003.5000000000001 1564.0000000000002 0.2124060150375939 3.5000000000000004 4.5000000000000009 3.5000000000000004 1893.0000000000002 1.0000000180025095e-35 1003.5000000000001 922.50000000000011 503.00000000000006 945.00000000000011 175.50000000000003 1.0000000180025095e-35 3.5000000000000004 150.00000000000003 158.50000000000003
decision_type=2 2 2 2 2 2 2 2 2 2 2 2 2 2 2 2 2 2 2 2 2
left_child=9 3 5 4 6 14 7 -2 10 12 13 -11 19 18 -3 16 -15 -14 -4 20 -1
right_child=1 2 8 -5 -6 -7 -8 -9 -10 11 -12 -13 17 15 -16 -17 -18 -19 -20 -21 -22
leaf_value=-0.050000077868551318 -0.050000277257015828 -0.050000546771664205 -0.050000988961302263 -0.050026311226027811 0.026228818149954619 0.041919039401716776 -0.050037355610831585 0.05001994199294954 -0.050045769121464703 -0.050016377550778993 -0.050021345295191671 -0.050004737010796274 -0.050008510186447301 -0.050005343433234845 -0.050008617180014175 -0.050003474685206162 -0.050011691485243551 -0.050002502364720959 -0.050003155352559316 -0.050000820008842178 -0.0500000778685393
leaf_weight=0.0051722846153552382 0.0010606127443679725 0.0011885962649103021 0.0016986615722771603 0.0042252503273516586 0.032863332815395552 0.0065675453106450732 0.0056736099327281408 0.0030506347538903356 0.0029338842577999466 0.0091500630951486528 0.0037149428712837116 0.0017368174745797669 0.0013814718731737239 0.0017701698932341969 0.0010007280260424523 0.0016285241639479864 0.001710342666683573 0.0010742339857188199 0.0010808842788492257 0.001016848416384164 0.0023056064201227855
leaf_count=1687 215 267 250 39 28 5 12 4 16 14 31 141 6 49 39 62 13 71 32 205 752
internal_value=-0.0129023 -0.00135436 -0.0240958 0.00994725 0.015889 0.0189371 -0.0188384 0.0242169 -0.0500175 -0.050008 -0.0500103 -0.0500145 -0.0500014 -0.0500051 -0.0500042 -0.0500069 -0.0500085 -0.0500059 -0.0500018 -0.0500002 -0.0500001
internal_weight=0.092005 0.0701677 0.0232943 0.0468734 0.0426482 0.00875687 0.00978486 0.00411125 0.0145374 0.0218373 0.0116035 0.0108869 0.0109504 0.00788858 0.00218932 0.00510904 0.00348051 0.00245571 0.00277955 0.00849474 0.00747789
internal_count=3938 1062 764 298 259 311 231 219 453 2876 437 155 2721 406 306 124 62 77 282 2644 2439
is_linear=0
shrinkage=0.1


Tree=162
num_leaves=26
num_cat=0
split_feature=6 10 1 6 0 4 10 8 8 10 0 2 6 2 8 10 1 7 7 7 4 4 0 0 6
split_gain=0.0036013 0.00172558 0.00205271 0.00132517 0.00166957 0.000566799 0.000957235 4.21244e-05 3.21051e-10 1.87958e-10 8.03289e-11 5.35688e-11 3.8488e-11 1.41328e-11 7.16782e-12 3.67404e-12 1.8742e-12 1.40462e-12 6.01795e-14 4.95359e-14 1.86444e-14 3.46945e-18 2.1684e-19 1.0842e-19 1.0842e-19
threshold=431.00000000000006 0.26491228070175438 2.5000000000000004 1344.0000000000002 3.5000000000000004 177.50000000000003 0.20416666666666669 1092.5000000000002 137.00000000000003 0.18019480519480516 3.5000000000000004 1.0000000180025095e-35 1084.0000000000002 1.0000000180025095e-35 2831.5000000000005 0.36038961038961043 3.5000000000000004 1003.5000000000001 1359.5000000000002 -56.499999999999993 173.50000000000003 167.50000000000003 1.5000000000000002 2.5000000000000004 -1274.4999999999998
decision_type=2 2 2 2 2 2 2 2 2 2 2 2 2 2 2 2 2 2 2 2 2 2 2 2 2
left_child=10 2 5 4 9 6 7 -2 -7 -4 17 -3 -11 -8 -10 18 -12 20 -13 -18 21 22 24 -24 -1
right_child=1 11 3 -5 -6 8 13 -9 14 12 16 15 -14 -15 -16 -17 19 -19 -20 -21 -22 -23 23 -25 -26
leaf_value=0.050000069666021087 -0.03739388928717003 0.050021835737377784 0.050054710555982908 -0.031191132348496686 -0.012689651664395002 0.050053556613947219 0.05001923969227931 -0.015803359661799087 0.050006440080817921 0.050002387577729325 0.050010703921105196 0.050000796129595008 0.050026500917428843 0.050005607802234758 0.050015403128904082 0.0500080774519591 0.050014124452331291 0.050003065267909201 0.050001840976977012 0.050014694154265196 0.050000430572450516 0.050000076227531644 0.050000069666027908 0.05000006966601124 0.050000069666001762
leaf_weight=0.0021888447631681629 0.0016073422702902462 0.0031024821801111093 0.0027144209432208291 0.022920037734365906 0.017093601771421163 0.0033109313480963465 0.0018273005116498098 0.0020641514959152119 0.0019985939316029544 0.0010101585705797334 0.0018157224959622909 0.0011660356725542442 0.0019201471125143144 0.001302738360436706 0.0016117644343012216 0.0012473212680106371 0.0041499578533148451 0.0019858056391512955 0.0010455058605884915 0.0024140849413925025 0.0017722523976999582 0.0010111037307751758 0.0022304575768430368 0.0011152286963351798 0.0010874868191876885
leaf_count=789 17 4 41 23 31 27 3 25 48 66 47 138 7 52 29 39 37 73 50 15 435 344 804 402 392
internal_value=0.0125714 0.0013477 -0.00402951 -0.0142225 0.00288175 0.0298844 0.00938305 -0.0252555 0.0500311 0.0500358 0.0500061 0.0500123 0.0500182 0.0500136 0.0500104 0.0500037 0.0500135 0.0500006 0.0500013 0.0500143 0.0500001 0.0500001 0.0500001 0.0500001 0.0500001
internal_weight=0.0857135 0.0659425 0.0593812 0.0456584 0.0227383 0.0137228 0.00680153 0.00367149 0.00692129 0.00564473 0.0197709 0.00656134 0.00293031 0.00313004 0.00361036 0.00345886 0.00837977 0.0113912 0.00221154 0.00656404 0.00940537 0.00763312 0.00662202 0.00334569 0.00327633
internal_count=3938 600 369 168 145 201 97 42 104 114 3338 231 73 55 77 227 99 3239 188 52 3166 2731 2387 1206 1181
is_linear=0
shrinkage=0.1


Tree=163
num_leaves=26
num_cat=0
split_feature=6 10 1 6 0 4 10 8 8 10 0 2 6 2 8 10 1 7 7 7 4 4 0 0 6
split_gain=0.0036013 0.00172558 0.00205271 0.00132517 0.00166957 0.000566799 0.000957235 4.21244e-05 3.21051e-10 1.87958e-10 8.03289e-11 5.35688e-11 3.8488e-11 1.41328e-11 7.16782e-12 3.67402e-12 1.8742e-12 1.40462e-12 6.01795e-14 4.95359e-14 1.86444e-14 3.46945e-18 2.1684e-19 1.0842e-19 1.0842e-19
threshold=431.00000000000006 0.26491228070175438 2.5000000000000004 1344.0000000000002 3.5000000000000004 177.50000000000003 0.20416666666666669 1092.5000000000002 137.00000000000003 0.18019480519480516 3.5000000000000004 1.0000000180025095e-35 1084.0000000000002 1.0000000180025095e-35 2831.5000000000005 0.36038961038961043 3.5000000000000004 1003.5000000000001 1359.5000000000002 -56.499999999999993 173.50000000000003 167.50000000000003 1.5000000000000002 2.5000000000000004 -1274.4999999999998
decision_type=2 2 2 2 2 2 2 2 2 2 2 2 2 2 2 2 2 2 2 2 2 2 2 2 2
left_child=10 2 5 4 9 6 7 -2 -7 -4 17 -3 -11 -8 -10 18 -12 20 -13 -18 21 22 24 -24 -1
right_child=1 11 3 -5 -6 8 13 -9 14 12 16 15 -14 -15 -16 -17 19 -19 -20 -21 -22 -23 23 -25 -26
leaf_value=-0.050000069666021087 0.03739388928717003 -0.050021835737377784 -0.050054710555982908 0.031191132348496686 0.012689651664395002 -0.050053556613947219 -0.05001923969227931 0.015803359661799087 -0.050006440080817921 -0.050002387577729325 -0.050010703921105196 -0.050000796129595008 -0.050026500917428843 -0.050005607802234758 -0.050015403128904082 -0.050008077442844627 -0.050014124452331291 -0.050003065267909201 -0.050001840976977012 -0.050014694154265196 -0.050000430572450516 -0.050000076227531644 -0.050000069666027908 -0.05000006966601124 -0.050000069666001762
leaf_weight=0.0021888447631681629 0.0016073422702902462 0.0031024821801111093 0.0027144209432208291 0.022920037734365906 0.017093601771421163 0.0033109313480963465 0.0018273005116498098 0.0020641514959152119 0.0019985939316029544 0.0010101585705797334 0.0018157224959622909 0.0011660356725542442 0.0019201471125143144 0.001302738360436706 0.0016117644343012216 0.0012473212680106371 0.0041499578533148451 0.0019858056391512955 0.0010455058605884915 0.0024140849413925025 0.0017722523976999582 0.0010111037307751758 0.0022304575768430368 0.0011152286963351798 0.0010874868191876885
leaf_count=789 17 4 41 23 31 27 3 25 48 66 47 138 7 52 29 39 37 73 50 15 435 344 804 402 392
internal_value=-0.0125714 -0.0013477 0.00402951 0.0142225 -0.00288175 -0.0298844 -0.00938305 0.0252555 -0.0500311 -0.0500358 -0.0500061 -0.0500123 -0.0500182 -0.0500136 -0.0500104 -0.0500037 -0.0500135 -0.0500006 -0.0500013 -0.0500143 -0.0500001 -0.0500001 -0.0500001 -0.0500001 -0.0500001
internal_weight=0.0857135 0.0659425 0.0593812 0.0456584 0.0227383 0.0137228 0.00680153 0.00367149 0.00692129 0.00564473 0.0197709 0.00656134 0.00293031 0.00313004 0.00361036 0.00345886 0.00837977 0.0113912 0.00221154 0.00656404 0.00940537 0.00763312 0.00662202 0.00334569 0.00327633
internal_count=3938 600 369 168 145 201 97 42 104 114 3338 231 73 55 77 227 99 3239 188 52 3166 2731 2387 1206 1181
is_linear=0
shrinkage=0.1


Tree=164
num_leaves=26
num_cat=0
split_feature=4 2 10 6 4 0 1 4 4 0 6 6 0 6 7 6 2 7 6 8 8 8 4 6 1
split_gain=0.003321 0.00162679 0.00223607 0.00136647 0.00150141 0.00189581 0.00227817 0.00122741 2.46338e-10 2.25371e-10 1.18405e-10 6.42733e-11 5.0721e-11 3.55823e-11 2.77488e-11 1.53355e-11 1.10684e-11 3.59103e-12 2.92968e-12 1.47319e-12 1.47429e-12 4.23429e-13 7.23933e-14 4.03302e-14 2.1684e-19
threshold=169.50000000000003 1.0000000180025095e-35 0.18634259259259259 1778.5000000000002 172.50000000000003 3.5000000000000004 3.5000000000000004 184.50000000000003 180.50000000000003 4.5000000000000009 922.50000000000011 1893.0000000000002 3.5000000000000004 1519.5000000000002 1359.5000000000002 619.50000000000011 1.0000000180025095e-35 1003.5000000000001 922.50000000000011 945.00000000000011 175.50000000000003 -1127.9999999999998 179.50000000000003 26.000000000000004 3.5000000000000004
decision_type=2 2 2 2 2 2 2 2 2 2 2 2 2 2 2 2 2 2 2 2 2 2 2 2 2
left_child=12 3 7 4 10 6 8 -3 14 11 15 18 17 -10 -6 -2 -14 23 22 20 -20 -19 -4 24 -1
right_child=1 2 9 -5 5 -7 -8 -9 13 -11 -12 -13 16 -15 -16 -17 -18 21 19 -21 -22 -23 -24 -25 -26
leaf_value=0.050000063405873485 0.05002893012372342 0.050007705158730292 0.050000981355248442 -0.050058186181437495 0.050005271594504214 -0.03104306215327737 -0.04012916292655689 -0.041910243809744487 0.050043452109999637 0.050042578058818322 0.050054052747130776 0.050021297180437047 0.050013408123683926 0.050060011642548898 0.050024251357467048 0.050013424420479582 0.050003843821146289 0.050006333231784161 0.050005072363743602 0.050003311583161528 0.050009571153512095 0.050003464104977385 0.050002105414008603 0.050000746795925921 0.050000063405888376
leaf_weight=0.0018525285477153375 0.0015456738176453646 0.0019522040232686768 0.0011824479508959485 0.0070688585110474369 0.0014364569818212658 0.017839653912233189 0.0042240124012096212 0.0056782476324315212 0.0028324551792593411 0.0027237952784844319 0.0021778830237053626 0.0034161438893534068 0.0074918663594871759 0.002394586568698287 0.001661045644141268 0.001085993711512856 0.001443047076691073 0.0010402296957181534 0.0015181214529320641 0.0014283174426736878 0.0014003770133967919 0.0010175254219575436 0.0011115576174915986 0.0010091968597407686 0.004131791313739086
leaf_count=738 61 245 205 5 88 15 63 66 55 16 3 31 14 1 3 4 141 25 49 62 13 52 77 260 1646
internal_value=0.0121289 0.00125951 0.0244427 -0.00993601 -0.00187816 -0.0100948 0.0196864 -0.0183936 0.0500378 0.0500171 0.0500368 0.0500102 0.0500065 0.050051 0.0500154 0.0500225 0.0500119 0.0500012 0.0500044 0.0500059 0.0500072 0.0500049 0.0500015 0.0500002 0.0500001
internal_weight=0.080664 0.0626778 0.0204112 0.0422666 0.0351978 0.0303882 0.0125486 0.00763045 0.00832454 0.0127808 0.00480955 0.010057 0.0179862 0.00522704 0.0030975 0.00263167 0.00893491 0.00905127 0.00664082 0.00434682 0.0029185 0.00205776 0.00229401 0.00699352 0.00598432
internal_count=3938 1062 764 298 293 225 210 311 147 453 68 437 2876 56 91 65 155 2721 406 124 62 77 282 2644 2384
is_linear=0
shrinkage=0.1


Tree=165
num_leaves=26
num_cat=0
split_feature=4 2 10 6 4 0 1 4 4 0 6 6 0 6 7 6 2 7 6 8 8 8 4 6 1
split_gain=0.003321 0.00162679 0.00223607 0.00136647 0.00150141 0.00189581 0.00227817 0.00122741 2.46338e-10 2.25371e-10 1.18405e-10 6.42733e-11 5.0721e-11 3.55823e-11 2.77488e-11 1.53355e-11 1.10685e-11 3.59103e-12 2.92968e-12 1.47319e-12 1.47429e-12 4.23429e-13 7.23933e-14 4.03302e-14 2.1684e-19
threshold=169.50000000000003 1.0000000180025095e-35 0.18634259259259259 1778.5000000000002 172.50000000000003 3.5000000000000004 3.5000000000000004 184.50000000000003 180.50000000000003 4.5000000000000009 922.50000000000011 1893.0000000000002 3.5000000000000004 1519.5000000000002 1359.5000000000002 619.50000000000011 1.0000000180025095e-35 1003.5000000000001 922.50000000000011 945.00000000000011 175.50000000000003 -1127.9999999999998 179.50000000000003 26.000000000000004 3.5000000000000004
decision_type=2 2 2 2 2 2 2 2 2 2 2 2 2 2 2 2 2 2 2 2 2 2 2 2 2
left_child=12 3 7 4 10 6 8 -3 14 11 15 18 17 -10 -6 -2 -14 23 22 20 -20 -19 -4 24 -1
right_child=1 2 9 -5 5 -7 -8 -9 13 -11 -12 -13 16 -15 -16 -17 -18 21 19 -21 -22 -23 -24 -25 -26
leaf_value=-0.050000063405873485 -0.05002893012372342 -0.050007705158730292 -0.050000981355248442 0.050058186181437495 -0.050005271594504214 0.03104306215327737 0.04012916292655689 0.041910243809744487 -0.050043452109999637 -0.050042578054644488 -0.050054052747130776 -0.050021297180437047 -0.050013408123683926 -0.050060011642548898 -0.050024251357467048 -0.050013424420479582 -0.050003843813267439 -0.050006333231784161 -0.050005072363743602 -0.050003311583161528 -0.050009571153512095 -0.050003464104977385 -0.050002105414008603 -0.050000746795925921 -0.050000063405888376
leaf_weight=0.0018525285477153375 0.0015456738176453646 0.0019522040232686768 0.0011824479508959485 0.0070688585110474369 0.0014364569818212658 0.017839653912233189 0.0042240124012096212 0.0056782476324315212 0.0028324551792593411 0.0027237952784844319 0.0021778830237053626 0.0034161438893534068 0.0074918663594871759 0.002394586568698287 0.001661045644141268 0.001085993711512856 0.0014430470769184467 0.0010402296957181534 0.0015181214529320641 0.0014283174426736878 0.0014003770133967919 0.0010175254219575436 0.0011115576174915986 0.0010091968597407686 0.004131791313739086
leaf_count=738 61 245 205 5 88 15 63 66 55 16 3 31 14 1 3 4 141 25 49 62 13 52 77 260 1646
internal_value=-0.0121289 -0.00125951 -0.0244427 0.00993601 0.00187816 0.0100948 -0.0196864 0.0183936 -0.0500378 -0.0500171 -0.0500368 -0.0500102 -0.0500065 -0.050051 -0.0500154 -0.0500225 -0.0500119 -0.0500012 -0.0500044 -0.0500059 -0.0500072 -0.0500049 -0.0500015 -0.0500002 -0.0500001
internal_weight=0.080664 0.0626778 0.0204112 0.0422666 0.0351978 0.0303882 0.0125486 0.00763045 0.00832454 0.0127808 0.00480955 0.010057 0.0179862 0.00522704 0.0030975 0.00263167 0.00893491 0.00905127 0.00664082 0.00434682 0.0029185 0.00205776 0.00229401 0.00699352 0.00598432
internal_count=3938 1062 764 298 293 225 210 311 147 453 68 437 2876 56 91 65 155 2721 406 124 62 77 282 2644 2384
is_linear=0
shrinkage=0.1


Tree=166
num_leaves=21
num_cat=0
split_feature=6 8 2 10 8 8 2 0 8 10 8 4 1 7 7 4 0 2 4 4
split_gain=0.00302172 0.00157934 0.00156861 0.00257757 0.0012309 1.92105e-10 5.33359e-11 4.41952e-11 2.45263e-12 1.39242e-12 1.09827e-12 1.30004e-12 1.02789e-12 7.61545e-13 2.70461e-14 1.5498e-14 4.33681e-19 2.1684e-19 2.1684e-19 1.0842e-19
threshold=431.00000000000006 2219.5000000000005 1.0000000180025095e-35 0.18634259259259259 249.00000000000003 1842.5000000000002 1.0000000180025095e-35 3.5000000000000004 -347.49999999999994 0.19615384615384618 -114.99999999999999 178.50000000000003 3.5000000000000004 1003.5000000000001 -56.499999999999993 173.50000000000003 2.5000000000000004 1.0000000180025095e-35 161.50000000000003 152.50000000000003
decision_type=2 2 2 2 2 2 2 2 2 2 2 2 2 2 2 2 2 2 2 2
left_child=7 2 4 -4 -2 8 -3 13 -5 -8 -10 -12 -9 15 -14 16 17 -1 19 -19
right_child=1 6 3 5 -6 -7 9 12 10 -11 11 -13 14 -15 -16 -17 -18 18 -20 -21
leaf_value=0.050000060764388392 0.0038644151119539686 0.050023183421162999 -0.032610781427195722 0.050001317732707988 -0.033472825016419891 0.050031253557785017 0.050006488592761182 0.050008763826108499 0.050008599226632547 0.050001568583195835 0.050002339675244027 0.050006521181963894 0.050011563710543078 0.050002509409920931 0.050012028930985553 0.050000413677402988 0.050000061931507071 0.050000059949124875 0.050000058028706253 0.050000059816881541
leaf_weight=0.0011599851699202191 0.016449040847419383 0.0036389513400081333 0.0058112352253374402 0.0017639204446595596 0.019061364626850263 0.004894349450523805 0.0010481326220315168 0.0014866418563315156 0.0010314584194475174 0.0012749028685448138 0.0012483441788617728 0.0018385983651114657 0.0033978608392999377 0.0016258344822972504 0.0019765856389426517 0.0015462541857687029 0.0010485433792837284 0.0018851990851089795 0.001006609503974687 0.0011515612850416801
leaf_count=501 30 15 40 162 26 28 42 47 17 126 78 36 37 73 15 435 450 830 443 507
internal_value=0.0119383 0.00126118 -0.00431815 0.0210698 -0.0161776 0.0500166 0.0500156 0.050005 0.0500044 0.0500038 0.0500058 0.0500048 0.0500111 0.0500005 0.0500117 0.0500001 0.0500001 0.0500001 0.0500001 0.0500001
internal_weight=0.0743454 0.0580603 0.0520983 0.0165879 0.0355104 0.0107767 0.00596199 0.0162851 0.00588232 0.00232304 0.0041184 0.00308694 0.00686109 0.00942399 0.00537445 0.00779815 0.0062519 0.00520336 0.00404337 0.00303676
internal_count=3938 600 417 361 56 321 183 3338 293 168 131 114 99 3239 52 3166 2731 2281 1780 1337
is_linear=0
shrinkage=0.1


Tree=167
num_leaves=21
num_cat=0
split_feature=6 8 2 10 8 8 2 0 8 10 8 4 1 7 7 4 0 2 4 4
split_gain=0.00302172 0.00157934 0.00156861 0.00257757 0.0012309 1.92105e-10 5.33359e-11 4.41952e-11 2.45263e-12 1.39242e-12 1.09827e-12 1.30004e-12 1.02789e-12 7.61545e-13 2.70461e-14 1.5498e-14 4.33681e-19 2.1684e-19 2.1684e-19 1.0842e-19
threshold=431.00000000000006 2219.5000000000005 1.0000000180025095e-35 0.18634259259259259 249.00000000000003 1842.5000000000002 1.0000000180025095e-35 3.5000000000000004 -347.49999999999994 0.19615384615384618 -114.99999999999999 178.50000000000003 3.5000000000000004 1003.5000000000001 -56.499999999999993 173.50000000000003 2.5000000000000004 1.0000000180025095e-35 161.50000000000003 152.50000000000003
decision_type=2 2 2 2 2 2 2 2 2 2 2 2 2 2 2 2 2 2 2 2
left_child=7 2 4 -4 -2 8 -3 13 -5 -8 -10 -12 -9 15 -14 16 17 -1 19 -19
right_child=1 6 3 5 -6 -7 9 12 10 -11 11 -13 14 -15 -16 -17 -18 18 -20 -21
leaf_value=-0.050000060764388392 -0.0038644151119539686 -0.050023183421162999 0.032610781427195722 -0.050001317732707988 0.033472825016419891 -0.050031253557785017 -0.050006488592761182 -0.050008763826108499 -0.050008599226632547 -0.050001568583195835 -0.050002339675244027 -0.050006521181963894 -0.050011563710543078 -0.050002509409920931 -0.050012028930985553 -0.050000413677402988 -0.050000061931507071 -0.050000059949124875 -0.050000058028706253 -0.050000059816881541
leaf_weight=0.0011599851699202191 0.016449040847419383 0.0036389513400081333 0.0058112352253374402 0.0017639204446595596 0.019061364626850263 0.004894349450523805 0.0010481326220315168 0.0014866418563315156 0.0010314584194475174 0.0012749028685448138 0.0012483441788617728 0.0018385983651114657 0.0033978608392999377 0.0016258344822972504 0.0019765856389426517 0.0015462541857687029 0.0010485433792837284 0.0018851990851089795 0.001006609503974687 0.0011515612850416801
leaf_count=501 30 15 40 162 26 28 42 47 17 126 78 36 37 73 15 435 450 830 443 507
internal_value=-0.0119383 -0.00126118 0.00431815 -0.0210698 0.0161776 -0.0500166 -0.0500156 -0.050005 -0.0500044 -0.0500038 -0.0500058 -0.0500048 -0.0500111 -0.0500005 -0.0500117 -0.0500001 -0.0500001 -0.0500001 -0.0500001 -0.0500001
internal_weight=0.0743454 0.0580603 0.0520983 0.0165879 0.0355104 0.0107767 0.00596199 0.0162851 0.00588232 0.00232304 0.0041184 0.00308694 0.00686109 0.00942399 0.00537445 0.00779815 0.0062519 0.00520336 0.00404337 0.00303676
internal_count=3938 600 417 361 56 321 183 3338 293 168 131 114 99 3239 52 3166 2731 2281 1780 1337
is_linear=0
shrinkage=0.1


Tree=168
num_leaves=18
num_cat=0
split_feature=4 8 0 10 2 7 4 7 8 2 0 6 2 7 8 7 6
split_gain=0.00279361 0.00136816 0.00186896 0.0017442 0.00223925 0.00137503 0.00107205 3.01313e-10 4.19913e-11 3.51307e-11 2.80649e-11 7.87504e-12 6.25959e-12 2.39957e-12 1.16076e-12 2.14514e-13 1.75493e-14
threshold=169.50000000000003 2219.5000000000005 3.5000000000000004 0.2124060150375939 1.0000000180025095e-35 1003.5000000000001 172.50000000000003 1108.5000000000002 2087.5000000000005 1.0000000180025095e-35 3.5000000000000004 989.00000000000011 1.0000000180025095e-35 1003.5000000000001 96.000000000000014 15.500000000000002 -142.49999999999997
decision_type=2 2 2 2 2 2 2 2 2 2 2 2 2 2 2 2 2
left_child=10 2 3 7 -5 6 -4 11 14 -3 13 15 -12 16 -6 -2 -1
right_child=1 9 5 4 8 -7 -8 -9 -10 -11 12 -13 -14 -15 -16 -17 -18
leaf_value=0.050000049785496853 0.050000265734120142 0.050020786114898221 0.050033682518386337 -0.043576542516113662 0.05000111862888014 -0.032639965141594146 -0.026189516034324296 0.050041723834280342 0.050023591869680174 0.050003643206463361 0.050011090072477761 0.050011251475996756 0.05000314602149613 0.050004373169488581 0.050005820816281521 0.05000225229730574 0.050000507438255515
leaf_weight=0.0047186921165121021 0.0011681671146561712 0.003323150555445408 0.0042462458759473512 0.0067784548405143141 0.0011032907459593844 0.022027202063327422 0.0032632175925755291 0.0063126831894351199 0.0019996937060113851 0.0018670241649942909 0.0061815711960662156 0.0012080880267149041 0.0011814614129548318 0.0017371470928537747 0.001001546042971313 0.0010166057254537009 0.0010188027217736817
leaf_count=2296 389 39 18 10 148 38 30 22 6 197 14 15 141 77 46 104 348
internal_value=0.0114754 0.00114013 -0.00392054 0.0192076 -0.00827906 -0.020042 0.0169111 0.0500288 0.0500132 0.0500146 0.0500054 0.0500048 0.0500098 0.0500011 0.0500034 0.0500012 0.0500001
internal_weight=0.070153 0.0553154 0.0501252 0.0205885 0.010883 0.0295367 0.00750946 0.00970554 0.00410453 0.00519017 0.0148377 0.00339286 0.00736303 0.00747464 0.00210484 0.00218477 0.00573749
internal_count=3938 1062 826 740 210 86 48 530 200 236 2876 508 155 2721 194 493 2644
is_linear=0
shrinkage=0.1


Tree=169
num_leaves=18
num_cat=0
split_feature=4 8 0 10 2 7 4 7 8 2 0 6 2 7 8 7 6
split_gain=0.00279361 0.00136816 0.00186896 0.0017442 0.00223925 0.00137503 0.00107205 3.01313e-10 4.19913e-11 3.51307e-11 2.80649e-11 7.87504e-12 6.25959e-12 2.39957e-12 1.16076e-12 2.14514e-13 1.75493e-14
threshold=169.50000000000003 2219.5000000000005 3.5000000000000004 0.2124060150375939 1.0000000180025095e-35 1003.5000000000001 172.50000000000003 1108.5000000000002 2087.5000000000005 1.0000000180025095e-35 3.5000000000000004 989.00000000000011 1.0000000180025095e-35 1003.5000000000001 96.000000000000014 15.500000000000002 -142.49999999999997
decision_type=2 2 2 2 2 2 2 2 2 2 2 2 2 2 2 2 2
left_child=10 2 3 7 -5 6 -4 11 14 -3 13 15 -12 16 -6 -2 -1
right_child=1 9 5 4 8 -7 -8 -9 -10 -11 12 -13 -14 -15 -16 -17 -18
leaf_value=-0.050000049785496853 -0.050000265734120142 -0.050020786114898221 -0.050033682518386337 0.043576542516113662 -0.05000111862888014 0.032639965141594146 0.026189516034324296 -0.050041723834280342 -0.050023591869680174 -0.050003643206463361 -0.050011090072477761 -0.050011251475996756 -0.05000314602149613 -0.050004373169488581 -0.050005820816281521 -0.05000225229730574 -0.050000507438255515
leaf_weight=0.0047186921165121021 0.0011681671146561712 0.003323150555445408 0.0042462458759473512 0.0067784548405143141 0.0011032907459593844 0.022027202063327422 0.0032632175925755291 0.0063126831894351199 0.0019996937060113851 0.0018670241649942909 0.0061815711960662156 0.0012080880267149041 0.0011814614129548318 0.0017371470928537747 0.001001546042971313 0.0010166057254537009 0.0010188027217736817
leaf_count=2296 389 39 18 10 148 38 30 22 6 197 14 15 141 77 46 104 348
internal_value=-0.0114754 -0.00114013 0.00392054 -0.0192076 0.00827906 0.020042 -0.0169111 -0.0500288 -0.0500132 -0.0500146 -0.0500054 -0.0500048 -0.0500098 -0.0500011 -0.0500034 -0.0500012 -0.0500001
internal_weight=0.070153 0.0553154 0.0501252 0.0205885 0.010883 0.0295367 0.00750946 0.00970554 0.00410453 0.00519017 0.0148377 0.00339286 0.00736303 0.00747464 0.00210484 0.00218477 0.00573749
internal_count=3938 1062 826 740 210 86 48 530 200 236 2876 508 155 2721 194 493 2644
is_linear=0
shrinkage=0.1


Tree=170
num_leaves=24
num_cat=0
split_feature=4 2 10 8 6 8 7 7 4 1 0 4 4 6 0 7 2 7 6 8 10 6 0
split_gain=0.00254264 0.00129462 0.00177774 0.00117076 0.00108687 0.00184912 0.00103976 0.000753232 0.000448385 0.000453077 1.62234e-10 7.43296e-11 5.84614e-11 2.44951e-11 2.07895e-11 1.55604e-11 4.63644e-12 1.77662e-12 1.48428e-12 9.37235e-13 1.1567e-12 1.15554e-14 2.1684e-19
threshold=169.50000000000003 1.0000000180025095e-35 0.18634259259259259 2219.5000000000005 1137.0000000000002 2027.5000000000002 1784.5000000000002 2239.5000000000005 181.50000000000003 3.5000000000000004 4.5000000000000009 180.50000000000003 171.50000000000003 1893.0000000000002 3.5000000000000004 1359.5000000000002 1.0000000180025095e-35 1003.5000000000001 922.50000000000011 945.00000000000011 0.24500000000000002 -222.49999999999997 1.5000000000000002
decision_type=2 2 2 2 2 2 2 2 2 2 2 2 2 2 2 2 2 2 2 2 2 2 2
left_child=14 3 6 4 5 7 -3 8 9 11 13 12 -2 18 17 -14 -16 21 -4 20 -20 22 -1
right_child=1 2 10 -5 -6 -7 -8 -9 -10 -11 -12 -13 15 -15 16 -17 -18 -19 19 -21 -22 -23 -24
leaf_value=0.050000045851219824 0.05003377984447719 0.050004789269210217 0.050001327183046874 0.050018806441674536 -0.034566288100821116 -0.047292315076489157 -0.042488319871236406 -0.050030587769042803 -0.018674232519296625 -0.015539298078085151 0.050037453025563089 0.050047477503681076 0.050007058197816368 0.050015533774246293 0.050010034666066766 0.05002287074424544 0.050002847220731839 0.050003956543170316 0.05000848590274054 0.050002468898487619 0.050004011861841828 0.050000422595776542 0.050000045871810284
leaf_weight=0.0022482605805862477 0.003304453227428894 0.001657361923832922 0.0018076369194091058 0.0030070239139945434 0.015276794630608492 0.0052187970645718442 0.0045576215029541345 0.0012220884673297414 0.0014513730097860398 0.0012177812952813847 0.0023641600074029165 0.0019618566875578836 0.0014931432669982314 0.0025875713252503374 0.0055934289994183928 0.0010670686060620937 0.0010690365861023565 0.0015718481165549747 0.0010396409309123555 0.0011080789457764695 0.0013009762788556145 0.0010111126359788614 0.0019321279919495282
leaf_count=1209 21 308 282 39 19 6 3 1 46 78 16 6 79 31 14 3 141 77 11 62 51 396 1039
internal_value=0.0112353 0.0011563 0.0243427 -0.00965538 -0.0152258 0.00221936 -0.017823 0.0242706 0.032922 0.0412019 0.0500145 0.0500306 0.050025 0.0500076 0.0500049 0.0500136 0.0500089 0.050001 0.0500036 0.0500049 0.050006 0.0500001 0.05
internal_weight=0.0650692 0.0516434 0.016423 0.0352204 0.0322134 0.0169366 0.00621498 0.0117178 0.0104957 0.0090443 0.0102081 0.00782652 0.00586467 0.0078439 0.0134258 0.00256021 0.00666247 0.00676335 0.00525633 0.0034487 0.00234062 0.0051915 0.00418039
internal_count=3938 1062 764 298 259 240 311 234 233 187 453 109 103 437 2876 82 155 2721 406 124 62 2644 2248
is_linear=0
shrinkage=0.1


Tree=171
num_leaves=24
num_cat=0
split_feature=4 2 10 8 6 8 7 7 4 1 0 4 4 6 0 7 2 7 6 8 10 6 0
split_gain=0.00254264 0.00129462 0.00177774 0.00117076 0.00108687 0.00184912 0.00103976 0.000753232 0.000448385 0.000453077 1.62234e-10 7.43296e-11 5.84614e-11 2.44951e-11 2.07895e-11 1.55604e-11 4.63644e-12 1.77662e-12 1.48428e-12 9.37235e-13 1.1567e-12 1.15561e-14 2.1684e-19
threshold=169.50000000000003 1.0000000180025095e-35 0.18634259259259259 2219.5000000000005 1137.0000000000002 2027.5000000000002 1784.5000000000002 2239.5000000000005 181.50000000000003 3.5000000000000004 4.5000000000000009 180.50000000000003 171.50000000000003 1893.0000000000002 3.5000000000000004 1359.5000000000002 1.0000000180025095e-35 1003.5000000000001 922.50000000000011 945.00000000000011 0.24500000000000002 -222.49999999999997 1.5000000000000002
decision_type=2 2 2 2 2 2 2 2 2 2 2 2 2 2 2 2 2 2 2 2 2 2 2
left_child=14 3 6 4 5 7 -3 8 9 11 13 12 -2 18 17 -14 -16 21 -4 20 -20 22 -1
right_child=1 2 10 -5 -6 -7 -8 -9 -10 -11 -12 -13 15 -15 16 -17 -18 -19 19 -21 -22 -23 -24
leaf_value=-0.050000045851219824 -0.05003377984447719 -0.050004789265780461 -0.050001327183046874 -0.050018806441674536 0.034566288100821116 0.047292315076489157 0.042488319871236406 0.050030587769042803 0.018674232519296625 0.015539298078085151 -0.050037453025563089 -0.050047477506578501 -0.050007058205430291 -0.050015533774246293 -0.050010034666066766 -0.05002287074424544 -0.050002847223390469 -0.050003956543170316 -0.05000848590274054 -0.050002468898487619 -0.050004011861841828 -0.050000422607020381 -0.050000045871810284
leaf_weight=0.0022482605805862477 0.003304453227428894 0.001657361923832922 0.0018076369194091058 0.0030070239139945434 0.015276794630608492 0.0052187970645718442 0.0045576215029541345 0.0012220884673297414 0.0014513730097860398 0.0012177812952813847 0.0023641600074029165 0.0019618566875578836 0.0014931432669982314 0.0025875713252503374 0.0055934289994183928 0.0010670686060620937 0.0010690365861023565 0.0015718481165549747 0.0010396409309123555 0.0011080789457764695 0.0013009762788556145 0.0010111126357514877 0.0019321279919495282
leaf_count=1209 21 308 282 39 19 6 3 1 46 78 16 6 79 31 14 3 141 77 11 62 51 396 1039
internal_value=-0.0112353 -0.0011563 -0.0243427 0.00965538 0.0152258 -0.00221936 0.017823 -0.0242706 -0.032922 -0.0412019 -0.0500145 -0.0500306 -0.050025 -0.0500076 -0.0500049 -0.0500136 -0.0500089 -0.050001 -0.0500036 -0.0500049 -0.050006 -0.0500001 -0.05
internal_weight=0.0650692 0.0516434 0.016423 0.0352204 0.0322134 0.0169366 0.00621498 0.0117178 0.0104957 0.0090443 0.0102081 0.00782652 0.00586467 0.0078439 0.0134258 0.00256021 0.00666247 0.00676335 0.00525633 0.0034487 0.00234062 0.0051915 0.00418039
internal_count=3938 1062 764 298 259 240 311 234 233 187 453 109 103 437 2876 82 155 2721 406 124 62 2644 2248
is_linear=0
shrinkage=0.1


Tree=172
num_leaves=19
num_cat=0
split_feature=6 2 10 10 0 7 0 10 6 7 7 10 1 7 4 7 4 6
split_gain=0.00233151 0.00121294 0.00185785 0.000470301 0.00271653 1.15462e-10 1.79211e-11 1.73527e-11 1.08034e-11 1.27266e-12 1.31952e-12 4.72886e-13 4.34549e-13 3.19374e-13 1.72037e-14 1.18328e-14 1.95156e-18 1.0842e-19
threshold=431.00000000000006 1.0000000180025095e-35 0.18634259259259259 0.20942982456140347 3.5000000000000004 2463.5000000000005 3.5000000000000004 0.19615384615384618 2015.5000000000002 1003.5000000000001 1262.5000000000002 0.23669467787114842 3.5000000000000004 1003.5000000000001 173.50000000000003 -56.499999999999993 163.50000000000003 -1464.4999999999998
decision_type=2 2 2 2 2 2 2 2 2 2 2 2 2 2 2 2 2 2
left_child=6 3 -3 4 7 8 13 -2 9 -4 -11 -12 -8 14 16 -14 17 -1
right_child=1 2 5 -5 -6 -7 12 -9 -10 10 11 -13 15 -15 -16 -17 -18 -19
leaf_value=0.050000040538734337 0.050028430245112714 -0.023505641772098601 0.050000796235509341 -0.018368799976144313 -0.050018749232570631 0.050029748312809021 0.050006467629677191 0.050038946914710891 0.050012510736431953 0.050006664437784801 0.05000436844412786 0.050001598842319056 0.050008554373294371 0.050001904872965512 0.050000460493006105 0.050008911773693467 0.050000045602659859 0.050000040623135067
leaf_weight=0.0017533098182411777 0.0029320608340412946 0.0052687001959270683 0.0013225178238371882 0.021578583575319499 0.0047630562039557844 0.0027868662461969507 0.0011347459043236086 0.0033748589780770999 0.0017655355782721927 0.0015455204081717966 0.0011939977075599018 0.0012745700385039527 0.0025211780199470013 0.0012249782640765261 0.0012437787081864826 0.0014643767810866848 0.0010728558545451961 0.0018189317505630243
leaf_count=1042 35 74 251 22 7 14 47 7 24 46 42 78 37 73 435 15 608 1081
internal_value=0.0110497 0.00108094 0.0244582 -0.00977238 0.00698454 0.0500125 0.0500037 0.0500341 0.0500057 0.0500035 0.0500044 0.0500029 0.0500082 0.0500004 0.0500001 0.0500087 0.05 0.05
internal_weight=0.0600404 0.0478063 0.0151577 0.0326486 0.01107 0.00988901 0.0122342 0.00630692 0.00710214 0.00533661 0.00401409 0.00246857 0.0051203 0.00711385 0.00588888 0.00398555 0.0046451 0.00357224
internal_count=3938 600 529 71 49 455 3338 42 441 417 166 120 99 3239 3166 52 2731 2123
is_linear=0
shrinkage=0.1


Tree=173
num_leaves=19
num_cat=0
split_feature=6 2 10 10 0 7 0 10 6 7 7 10 1 7 4 7 4 6
split_gain=0.00233151 0.00121294 0.00185785 0.000470301 0.00271653 1.15462e-10 1.79211e-11 1.73527e-11 1.08034e-11 1.27266e-12 1.31952e-12 4.72886e-13 4.34549e-13 3.19373e-13 1.72046e-14 1.18328e-14 1.95156e-18 1.0842e-19
threshold=431.00000000000006 1.0000000180025095e-35 0.18634259259259259 0.20942982456140347 3.5000000000000004 2463.5000000000005 3.5000000000000004 0.19615384615384618 2015.5000000000002 1003.5000000000001 1262.5000000000002 0.23669467787114842 3.5000000000000004 1003.5000000000001 173.50000000000003 -56.499999999999993 163.50000000000003 -1464.4999999999998
decision_type=2 2 2 2 2 2 2 2 2 2 2 2 2 2 2 2 2 2
left_child=6 3 -3 4 7 8 13 -2 9 -4 -11 -12 -8 14 16 -14 17 -1
right_child=1 2 5 -5 -6 -7 12 -9 -10 10 11 -13 15 -15 -16 -17 -18 -19
leaf_value=-0.050000040538734337 -0.050028430245112714 0.023505641776414152 -0.050000796235509341 0.018368799976144313 0.050018749232570631 -0.050029748312809021 -0.050006467629677191 -0.050038946914710891 -0.050012510736431953 -0.050006664437784801 -0.05000436844412786 -0.050001598842319056 -0.050008554373294371 -0.050001904872965512 -0.05000046050214655 -0.050008911773693467 -0.050000045602659859 -0.050000040623135067
leaf_weight=0.0017533098182411777 0.0029320608340412946 0.0052687001959270683 0.0013225178238371882 0.021578583575319499 0.0047630562039557844 0.0027868662461969507 0.0011347459043236086 0.0033748589780770999 0.0017655355782721927 0.0015455204081717966 0.0011939977075599018 0.0012745700385039527 0.0025211780199470013 0.0012249782640765261 0.0012437787081864826 0.0014643767810866848 0.0010728558545451961 0.0018189317505630243
leaf_count=1042 35 74 251 22 7 14 47 7 24 46 42 78 37 73 435 15 608 1081
internal_value=-0.0110497 -0.00108094 -0.0244582 0.00977238 -0.00698454 -0.0500125 -0.0500037 -0.0500341 -0.0500057 -0.0500035 -0.0500044 -0.0500029 -0.0500082 -0.0500004 -0.0500001 -0.0500087 -0.05 -0.05
internal_weight=0.0600404 0.0478063 0.0151577 0.0326486 0.01107 0.00988901 0.0122342 0.00630692 0.00710214 0.00533661 0.00401409 0.00246857 0.0051203 0.00711385 0.00588888 0.00398555 0.0046451 0.00357224
internal_count=3938 600 529 71 49 455 3338 42 441 417 166 120 99 3239 3166 52 2731 2123
is_linear=0
shrinkage=0.1


Tree=174
num_leaves=22
num_cat=0
split_feature=7 1 2 10 4 0 4 10 4 8 7 6 0 6 8 7 7 4 7 6 6
split_gain=0.00216334 0.00160347 0.00110388 0.00218233 0.000566944 0.0007203 0.000262627 0.000475243 1.56328e-10 1.05326e-10 8.19257e-11 4.1938e-11 1.5225e-11 7.87577e-12 3.04473e-12 2.35741e-12 7.08565e-13 2.44372e-13 7.1514e-14 6.35393e-14 5.07168e-15
threshold=1003.5000000000001 2.5000000000000004 1.0000000180025095e-35 0.18634259259259259 172.50000000000003 3.5000000000000004 177.50000000000003 0.20416666666666669 170.50000000000003 96.000000000000014 2463.5000000000005 922.50000000000011 3.5000000000000004 1683.0000000000002 2831.5000000000005 460.50000000000006 1262.5000000000002 168.50000000000003 1652.0000000000002 -264.49999999999994 -341.49999999999994
decision_type=2 2 2 2 2 2 2 2 2 2 2 2 2 2 2 2 2 2 2 2 2
left_child=4 6 -3 -4 8 15 7 -2 12 -8 13 -10 20 16 -11 -6 -5 19 -9 -14 -1
right_child=1 2 3 10 5 -7 9 18 11 14 -12 -13 17 -15 -16 -17 -18 -19 -20 -21 -22
leaf_value=0.050000037539653146 -0.018509382253612768 -0.028316547670342942 -0.046283106873941396 0.050005266454089536 0.050000457352968389 -0.022837369025100567 0.050037681198211198 0.05000989752951928 0.050018295405004957 0.050004718444728251 0.0500311910198733 0.05004065477160187 0.050007892618614991 0.050012768841311485 0.050011816857454532 0.050006578890370537 0.050001877604484768 0.050009101687842561 0.050011091055007229 0.050006998192759625 0.050000293370790788
leaf_weight=0.0033571832288998849 0.0020410948180824562 0.019207975310564507 0.0038381869890145026 0.0011803425827565661 0.0014821263327178249 0.0028712950334011111 0.0023950777107302201 0.001001131514840381 0.0016713178170562068 0.001265782889277034 0.0021557301110988192 0.0016841690148226007 0.0026097280187400429 0.0014542480303134653 0.0011562276985728204 0.0010930344648727441 0.0012927063274901229 0.0015839732020026531 0.0010069968463994883 0.001141712231742531 0.0010074143267502222
leaf_count=2199 28 20 10 35 509 39 28 46 130 39 3 11 37 8 27 90 52 11 26 90 500
internal_value=0.0106628 -0.00299216 -0.0143259 0.0127608 0.0387046 0.0116026 0.0342434 0.0154716 0.0500109 0.0500228 0.0500155 0.0500295 0.0500045 0.0500069 0.0500081 0.0500031 0.0500035 0.0500081 0.0500105 0.0500076 0.0500001
internal_weight=0.0564975 0.0379955 0.0291292 0.00992121 0.018502 0.00544646 0.00886631 0.00404922 0.0130555 0.00481709 0.00608303 0.00335549 0.00970001 0.0039273 0.00242201 0.00257516 0.00247305 0.00533541 0.00200813 0.00375144 0.0043646
internal_count=3938 322 128 108 3616 638 194 100 2978 94 98 141 2837 95 66 599 87 138 72 127 2699
is_linear=0
shrinkage=0.1


Tree=175
num_leaves=22
num_cat=0
split_feature=7 1 2 10 4 0 4 10 4 8 7 6 0 6 8 7 7 4 7 6 6
split_gain=0.00216334 0.00160347 0.00110388 0.00218233 0.000566944 0.0007203 0.000262627 0.000475243 1.56328e-10 1.05326e-10 8.19257e-11 4.1938e-11 1.5225e-11 7.87577e-12 3.04473e-12 2.35741e-12 7.08565e-13 2.44372e-13 7.1514e-14 6.35393e-14 5.07298e-15
threshold=1003.5000000000001 2.5000000000000004 1.0000000180025095e-35 0.18634259259259259 172.50000000000003 3.5000000000000004 177.50000000000003 0.20416666666666669 170.50000000000003 96.000000000000014 2463.5000000000005 922.50000000000011 3.5000000000000004 1683.0000000000002 2831.5000000000005 460.50000000000006 1262.5000000000002 168.50000000000003 1652.0000000000002 -264.49999999999994 -341.49999999999994
decision_type=2 2 2 2 2 2 2 2 2 2 2 2 2 2 2 2 2 2 2 2 2
left_child=4 6 -3 -4 8 15 7 -2 12 -8 13 -10 20 16 -11 -6 -5 19 -9 -14 -1
right_child=1 2 3 10 5 -7 9 18 11 14 -12 -13 17 -15 -16 -17 -18 -19 -20 -21 -22
leaf_value=-0.050000037539653146 0.018509382259182663 0.028316547670342942 0.046283106873941396 -0.050005266454089536 -0.050000457356803675 0.022837369025100567 -0.050037681198211198 -0.05000989752951928 -0.050018295405004957 -0.050004718444728251 -0.0500311910198733 -0.05004065477160187 -0.050007892618614991 -0.050012768841311485 -0.050011816857454532 -0.050006578890370537 -0.050001877604484768 -0.050009101687842561 -0.050011091055007229 -0.050006998192759625 -0.050000293404646012
leaf_weight=0.0033571832288998849 0.0020410948180824562 0.019207975310564507 0.0038381869890145026 0.0011803425827565661 0.0014821263326041381 0.0028712950334011111 0.0023950777107302201 0.001001131514840381 0.0016713178170562068 0.001265782889277034 0.0021557301110988192 0.0016841690148226007 0.0026097280187400429 0.0014542480303134653 0.0011562276985728204 0.0010930344648727441 0.0012927063274901229 0.0015839732020026531 0.0010069968463994883 0.001141712231742531 0.0010074143260681012
leaf_count=2199 28 20 10 35 509 39 28 46 130 39 3 11 37 8 27 90 52 11 26 90 500
internal_value=-0.0106628 0.00299216 0.0143259 -0.0127608 -0.0387046 -0.0116026 -0.0342434 -0.0154716 -0.0500109 -0.0500228 -0.0500155 -0.0500295 -0.0500045 -0.0500069 -0.0500081 -0.0500031 -0.0500035 -0.0500081 -0.0500105 -0.0500076 -0.0500001
internal_weight=0.0564975 0.0379955 0.0291292 0.00992121 0.018502 0.00544646 0.00886631 0.00404922 0.0130555 0.00481709 0.00608303 0.00335549 0.00970001 0.0039273 0.00242201 0.00257516 0.00247305 0.00533541 0.00200813 0.00375144 0.0043646
internal_count=3938 322 128 108 3616 638 194 100 2978 94 98 141 2837 95 66 599 87 138 72 127 2699
is_linear=0
shrinkage=0.1


Tree=176
num_leaves=19
num_cat=0
split_feature=4 8 0 10 2 7 4 7 2 8 0 7 7 7 7 10 6 0
split_gain=0.00198091 0.00108551 0.00133404 0.00145336 0.0015563 0.00104357 0.000808377 1.43493e-10 1.84617e-11 1.26454e-11 8.37212e-12 3.02082e-12 1.17249e-12 7.89623e-13 1.59633e-13 1.2159e-14 3.26909e-15 1.0842e-19
threshold=169.50000000000003 2219.5000000000005 3.5000000000000004 0.2124060150375939 1.0000000180025095e-35 1003.5000000000001 172.50000000000003 1108.5000000000002 1.0000000180025095e-35 2087.5000000000005 3.5000000000000004 914.50000000000011 1003.5000000000001 144.50000000000003 -56.499999999999993 0.19139194139194138 -473.49999999999994 1.5000000000000002
decision_type=2 2 2 2 2 2 2 2 2 2 2 2 2 2 2 2 2 2
left_child=10 2 3 7 -5 6 -4 11 -3 -6 12 -2 16 14 15 -12 17 -1
right_child=1 8 5 4 9 -7 -8 -9 -10 -11 13 -13 -14 -15 -16 -17 -18 -19
leaf_value=0.050000033059287179 0.050000241193771958 0.050017553233372404 0.050025968787690812 -0.042563698205785302 0.05000225014301353 -0.032213701089277576 -0.024006511109161799 0.050033062554896063 0.050003329118457687 0.050015812921509417 0.050007240463154759 0.050007139213331345 0.050003531618947397 0.050004586462852656 0.050008512085367329 0.050006811797188438 0.050000242905524052 0.05000003306374539
leaf_weight=0.0015952937440033566 0.0012158016220382714 0.0026900750623610739 0.0032509177670476666 0.0053414760709529219 0.0014109180625609952 0.017015856676152907 0.0026998141293006483 0.0049510302645785487 0.0013808634422503019 0.0013406399746145325 0.0014539318021888903 0.0013286320100860394 0.0013296034915128985 0.0012982471411646657 0.0010279042807610494 0.0012143741275281172 0.0010038752686796215 0.0012550195169751532
leaf_count=1158 496 39 18 10 194 38 30 22 197 6 6 12 77 77 13 59 575 911
internal_value=0.0103669 0.000902458 -0.00428298 0.0182953 -0.0110899 -0.0196079 0.0164378 0.0500231 0.0500127 0.0500089 0.0500038 0.0500038 0.050001 0.0500067 0.0500075 0.050007 0.0500001 0.05
internal_weight=0.0528043 0.042626 0.0385551 0.0155885 0.00809303 0.0229666 0.00595073 0.00749546 0.00407094 0.00275156 0.0101782 0.00254443 0.00518379 0.00499446 0.00369621 0.00266831 0.00385419 0.00285031
internal_count=3938 1062 826 740 210 86 48 530 236 200 2876 508 2721 155 78 65 2644 2069
is_linear=0
shrinkage=0.1


Tree=177
num_leaves=19
num_cat=0
split_feature=4 8 0 10 2 7 4 7 2 8 0 7 7 7 7 10 6 0
split_gain=0.00198091 0.00108551 0.00133404 0.00145336 0.0015563 0.00104357 0.000808377 1.43493e-10 1.84617e-11 1.26454e-11 8.37212e-12 3.02082e-12 1.17249e-12 7.89623e-13 1.59633e-13 1.2159e-14 3.26909e-15 1.0842e-19
threshold=169.50000000000003 2219.5000000000005 3.5000000000000004 0.2124060150375939 1.0000000180025095e-35 1003.5000000000001 172.50000000000003 1108.5000000000002 1.0000000180025095e-35 2087.5000000000005 3.5000000000000004 914.50000000000011 1003.5000000000001 144.50000000000003 -56.499999999999993 0.19139194139194138 -473.49999999999994 1.5000000000000002
decision_type=2 2 2 2 2 2 2 2 2 2 2 2 2 2 2 2 2 2
left_child=10 2 3 7 -5 6 -4 11 -3 -6 12 -2 16 14 15 -12 17 -1
right_child=1 8 5 4 9 -7 -8 -9 -10 -11 13 -13 -14 -15 -16 -17 -18 -19
leaf_value=-0.050000033059287179 -0.050000241193771958 -0.050017553233372404 -0.050025968787690812 0.042563698205785302 -0.05000225014301353 0.032213701089277576 0.024006511109161799 -0.050033062554896063 -0.050003329118457687 -0.050015812921509417 -0.050007240463154759 -0.050007139213331345 -0.050003531618947397 -0.050004586462852656 -0.050008512085367329 -0.050006811797188438 -0.050000242905524052 -0.05000003306374539
leaf_weight=0.0015952937440033566 0.0012158016220382714 0.0026900750623610739 0.0032509177670476666 0.0053414760709529219 0.0014109180625609952 0.017015856676152907 0.0026998141293006483 0.0049510302645785487 0.0013808634422503019 0.0013406399746145325 0.0014539318021888903 0.0013286320100860394 0.0013296034915128985 0.0012982471411646657 0.0010279042807610494 0.0012143741275281172 0.0010038752686796215 0.0012550195169751532
leaf_count=1158 496 39 18 10 194 38 30 22 197 6 6 12 77 77 13 59 575 911
internal_value=-0.0103669 -0.000902458 0.00428298 -0.0182953 0.0110899 0.0196079 -0.0164378 -0.0500231 -0.0500127 -0.0500089 -0.0500038 -0.0500038 -0.050001 -0.0500067 -0.0500075 -0.050007 -0.0500001 -0.05
internal_weight=0.0528043 0.042626 0.0385551 0.0155885 0.00809303 0.0229666 0.00595073 0.00749546 0.00407094 0.00275156 0.0101782 0.00254443 0.00518379 0.00499446 0.00369621 0.00266831 0.00385419 0.00285031
internal_count=3938 1062 826 740 210 86 48 530 236 200 2876 508 2721 155 78 65 2644 2069
is_linear=0
shrinkage=0.1


Tree=178
num_leaves=18
num_cat=0
split_feature=6 8 2 10 8 10 2 8 0 8 8 7 4 4 10 4 6
split_gain=0.00181572 0.00101792 0.00101368 0.00163375 0.000753624 9.47342e-11 1.54146e-11 1.09308e-11 7.18609e-12 8.37376e-13 7.99763e-13 1.82578e-13 9.98524e-14 1.23664e-14 3.85846e-15 1.19262e-18 1.0842e-19
threshold=431.00000000000006 2219.5000000000005 1.0000000180025095e-35 0.18634259259259259 96.000000000000014 0.20416666666666669 1.0000000180025095e-35 2087.5000000000005 3.5000000000000004 -347.49999999999994 218.50000000000003 974.00000000000011 166.50000000000003 172.50000000000003 0.19139194139194138 160.50000000000003 -1311.4999999999998
decision_type=2 2 2 2 2 2 2 2 2 2 2 2 2 2 2 2 2
left_child=8 2 4 -4 -2 -5 -3 9 11 -7 -11 13 14 15 -10 16 -1
right_child=1 6 3 5 -6 7 -8 -9 12 10 -12 -13 -14 -15 -16 -17 -18
leaf_value=0.050000027360759182 0.0044449268248746626 0.050016004322119945 -0.030618145189649178 0.050033535098482011 -0.03055344596431759 0.050000754197780509 0.050002797979694369 0.050013943680726182 0.050006496879297382 0.050005935100704238 0.050002716534340234 0.050001614719064426 0.050005255315461655 0.050000424978304585 0.050006259293169791 0.050000031917119714 0.050000028799943468
leaf_weight=0.0013325404685247122 0.010837334736606863 0.002415749969031821 0.0039195008130263886 0.0015820598267737296 0.014233020517394834 0.0010050016214790949 0.0013937465295725815 0.0012455483754365559 0.0013229879950813483 0.0013300133388725053 0.0018402397689101235 0.0010070234405361589 0.0011257966349376147 0.001031111887186853 0.001414373556940518 0.0010025062022123166 0.0010308793733884158
leaf_count=1069 28 15 40 19 28 156 168 10 9 38 98 79 20 484 70 780 827
internal_value=0.0101372 0.000855231 -0.00434747 0.0210778 -0.0154245 0.050012 0.0500112 0.0500057 0.0500028 0.0500033 0.0500041 0.0500004 0.050006 0.0500001 0.0500064 0.05 0.05
internal_weight=0.0490694 0.0398022 0.0359927 0.0109224 0.0250704 0.00700286 0.0038095 0.0054208 0.00926722 0.00417525 0.00317025 0.00540406 0.00386316 0.00439704 0.00273736 0.00336593 0.00236342
internal_count=3938 600 417 361 56 321 183 302 3338 292 136 3239 99 3160 79 2676 1896
is_linear=0
shrinkage=0.1


Tree=179
num_leaves=18
num_cat=0
split_feature=6 8 2 10 8 10 2 8 0 8 8 7 4 4 10 4 6
split_gain=0.00181572 0.00101792 0.00101368 0.00163375 0.000753624 9.47342e-11 1.54146e-11 1.09308e-11 7.18587e-12 8.37379e-13 7.99763e-13 1.82551e-13 9.98524e-14 1.23573e-14 3.85846e-15 1.40946e-18 1.0842e-19
threshold=431.00000000000006 2219.5000000000005 1.0000000180025095e-35 0.18634259259259259 96.000000000000014 0.20416666666666669 1.0000000180025095e-35 2087.5000000000005 3.5000000000000004 -347.49999999999994 218.50000000000003 974.00000000000011 166.50000000000003 172.50000000000003 0.19139194139194138 160.50000000000003 -1311.4999999999998
decision_type=2 2 2 2 2 2 2 2 2 2 2 2 2 2 2 2 2
left_child=8 2 4 -4 -2 -5 -3 9 11 -7 -11 13 14 15 -10 16 -1
right_child=1 6 3 5 -6 7 -8 -9 12 10 -12 -13 -14 -15 -16 -17 -18
leaf_value=-0.050000027360759182 -0.0044449268248746626 -0.050016004322119945 0.030618145189649178 -0.050033535098482011 0.03055344596431759 -0.05000075419212463 -0.05000279797561568 -0.050013943680726182 -0.050006496879297382 -0.050005935100704238 -0.050002716534340234 -0.050001614719064426 -0.050005255315461655 -0.050000424972791759 -0.050006259293169791 -0.050000032393411067 -0.050000028799943468
leaf_weight=0.0013325404685247122 0.010837334736606863 0.002415749969031821 0.0039195008130263886 0.0015820598267737296 0.014233020517394834 0.0010050016212517212 0.0013937465296862683 0.0012455483754365559 0.0013229879950813483 0.0013300133388725053 0.0018402397689101235 0.0010070234405361589 0.0011257966349376147 0.001031111887186853 0.001414373556940518 0.0010025061926626222 0.0010308793733884158
leaf_count=1069 28 15 40 19 28 156 168 10 9 38 98 79 20 484 70 780 827
internal_value=-0.0101372 -0.000855231 0.00434747 -0.0210778 0.0154245 -0.050012 -0.0500112 -0.0500057 -0.0500028 -0.0500033 -0.0500041 -0.0500004 -0.050006 -0.0500001 -0.0500064 -0.05 -0.05
internal_weight=0.0490694 0.0398022 0.0359927 0.0109224 0.0250704 0.00700286 0.0038095 0.0054208 0.00926722 0.00417525 0.00317025 0.00540406 0.00386316 0.00439704 0.00273736 0.00336593 0.00236342
internal_count=3938 600 417 361 56 321 183 302 3338 292 136 3239 99 3160 79 2676 1896
is_linear=0
shrinkage=0.1


end of trees

feature_importances:
gold_diff=1082
xp_diff=764
kill_participation=744
kills=644
team_gold_diff=594
cs=566
assists=470
deaths=214

parameters:
[boosting: gbdt]
[objective: multiclass]
[metric: multi_logloss]
[tree_learner: serial]
[device_type: cpu]
[data_sample_strategy: bagging]
[data: ]
[valid: ]
[num_iterations: 90]
[learning_rate: 0.1]
[num_leaves: 31]
[num_threads: 8]
[seed: 42]
[deterministic: 0]
[force_col_wise: 0]
[force_row_wise: 1]
[histogram_pool_size: -1]
[max_depth: -1]
[min_data_in_leaf: 20]
[min_sum_hessian_in_leaf: 0.001]
[bagging_fraction: 1]
[pos_bagging_fraction: 1]
[neg_bagging_fraction: 1]
[bagging_freq: 0]
[bagging_seed: 400]
[bagging_by_query: 0]
[feature_fraction: 1]
[feature_fraction_bynode: 1]
[feature_fraction_seed: 30056]
[extra_trees: 0]
[extra_seed: 12879]
[early_stopping_round: 0]
[early_stopping_min_delta: 0]
[first_metric_only: 0]
[max_delta_step: 0]
[lambda_l1: 0]
[lambda_l2: 0]
[linear_lambda: 0]
[min_gain_to_split: 0]
[drop_rate: 0.1]
[max_drop: 50]
[skip_drop: 0.5]
[xgboost_dart_mode: 0]
[uniform_drop: 0]
[drop_seed: 17869]
[top_rate: 0.2]
[other_rate: 0.1]
[min_data_per_group: 100]
[max_cat_threshold: 32]
[cat_l2: 10]
[cat_smooth: 10]
[max_cat_to_onehot: 4]
[top_k: 20]
[monotone_constraints: ]
[monotone_constraints_method: basic]
[monotone_penalty: 0]
[feature_contri: ]
[forcedsplits_filename: ]
[refit_decay_rate: 0.9]
[cegb_tradeoff: 1]
[cegb_penalty_split: 0]
[cegb_penalty_feature_lazy: ]
[cegb_penalty_feature_coupled: ]
[path_smooth: 0]
[interaction_constraints: ]
[verbosity: -1]
[saved_feature_importance_type: 0]
[use_quantized_grad: 0]
[num_grad_quant_bins: 4]
[quant_train_renew_leaf: 0]
[stochastic_rounding: 1]
[linear_tree: 0]
[max_bin: 255]
[max_bin_by_feature: ]
[min_data_in_bin: 3]
[bin_construct_sample_cnt: 200000]
[data_random_seed: 175]
[is_enable_sparse: 1]
[enable_bundle: 1]
[use_missing: 1]
[zero_as_missing: 0]
[feature_pre_filter: 1]
[pre_partition: 0]
[two_round: 0]
[header: 0]
[label_column: ]
[weight_column: ]
[group_column: ]
[ignore_column: ]
[categorical_feature: ]
[forcedbins_filename: ]
[precise_float_parser: 0]
[parser_config_file: ]
[objective_seed: 16083]
[num_class: 2]
[is_unbalance: 0]
[scale_pos_weight: 1]
[sigmoid: 1]
[boost_from_average: 1]
[reg_sqrt: 0]
[alpha: 0.9]
[fair_c: 1]
[poisson_max_delta_step: 0.7]
[tweedie_variance_power: 1.5]
[lambdarank_truncation_level: 30]
[lambdarank_norm: 1]
[label_gain: ]
[lambdarank_position_bias_regularization: 0]
[eval_at: ]
[multi_error_top_k: 1]
[auc_mu_weights: ]
[num_machines: 1]
[local_listen_port: 12400]
[time_out: 120]
[machine_list_filename: ]
[machines: ]
[gpu_platform_id: -1]
[gpu_device_id: -1]
[gpu_use_dp: 0]
[num_gpu: 1]

end of parameters

pandas_categorical:[]
