tree
version=v4
num_class=3
num_tree_per_iteration=3
label_index=0
max_feature_idx=10
objective=multiclass num_class:3
feature_names=kills deaths assists items_count cs jungle_cs gold_diff xp_diff team_gold_diff jungle_ratio kill_participation
feature_infos=[0:17] [0:12] [0:13] [3:6] [85:245] [0:10] [-8916:7704] [-5028:4524] [-18989:19489] [0:0.056338028169014003] [0:1]
tree_sizes=1300 764 871 3183 1806 3543 3464 3600 3521 3520 3632 3510 3495 3619 3178 3481 3639 3527 3171 3080 3516 3564 3629 3529 2646 2734 3542 3317 3636 3529 2433 3081 3535 3571 3408 3099 3579 3637 3539 3572 2725 3542 3573 3647 3526 3569 3646 3534 3583 2635 3550 3561 3086 3535 3588 2637 3540 3586 3646 3549 3591 3645 3548 3589 3649 3548 3564 2859 3550 3570 3525 3559 3351 2409 3451 3015 3096 3008 3468 2307 3579 3581 2309 3580 3365 1954 3459 3360 2068 3600 3589 2419 3603 3569 2308 2904 3588 3689 3610 3258 3228 3605 3153 2411 3493 3590 2417 2926 3263 3675 3134 3262 2199 2685 3047 2878 3605 3390 3700 3025 3499 2658 2695 3166 2212 2576 2829 1748 3148 3054 3243 2811 3283 1518 3631 3624 1870 3618 3614 1294 3615 3623 1641 3053 3399 1525 2372 3397 3016 3052 3640 1178 2831 3413 3159 3527 3297 2682 2709 3195 2461 3654 3637 2352 2839 3305 1998 3430 2513 1879 2497 2969 1535 2269 3644 1417 1710 3418 1538 2283 3670 1412 2649 3096 1420 1949 3213 1184 2288 2863 961 1961 2640 953 2541 3103 955 2431 2527 960 2208 2765 960 2096 2316 848 1868 2312 614 1630 1865 846 1754 1970 1194 1409 1510 1079 1291 1630 846 1181 1637 845 1178 1519 847 1296 1408 848 1182 1393 846 1063 1288 847 1183 1288 500 951 1521 732 1185 1281 619 1067 1294 616 957 1292 498 611 1181 616 954 1063 497 954 951 492 613 949 498 725 1180 496 607 953 378 726

Tree=0
num_leaves=11
num_cat=0
split_feature=5 3 5 9 9 0 0 0 0 0
split_gain=24836.7 332.198 8788.73 6.18445 1.01251 1.57951 3.63798e-12 5.68434e-14 1.42109e-14 4.44089e-16
threshold=6.5000000000000009 4.5000000000000009 2.5000000000000004 0.035252692626346303 0.039786861148801408 5.5000000000000009 9.5000000000000018 5.5000000000000009 12.500000000000002 14.500000000000002
decision_type=2 2 2 2 2 2 2 2 2 2
left_child=1 2 -1 7 5 -2 -6 -3 -9 -10
right_child=4 3 -4 -5 6 -7 -8 8 9 -11
leaf_value=0.054964052951944828 -5.0897328977782328 0.054964052951944828 -5.3605064215008609 -0.25449140273107262 -5.36050642150086 -5.3605064215008511 -5.360506421500852 0.054964052951944828 0.054964052951944828 0.054964052951944745
leaf_weight=75.468971811234951 0.36931231617927363 612.91071993112564 3.1206890717148772 0.64629655331373115 7.1831245496869087 0.51703724265098572 0.57243409007787693 238.59422186762094 5.0041818842291823 0.68322778493165959
leaf_count=4087 20 33192 169 35 389 28 31 12921 271 37
internal_value=-0.0125442 0.0367032 -0.160077 0.0547309 -5.34893 -5.24768 -5.36051 0.0549641 0.0549641 0.0549641
internal_weight=945.07 936.428 78.5897 857.839 8.64191 0.88635 7.75556 857.192 244.282 5.68741
internal_count=51180 50712 4256 46456 468 48 420 46421 13229 308
is_linear=0
shrinkage=1


Tree=1
num_leaves=6
num_cat=0
split_feature=3 5 4 4 8
split_gain=1246.31 32873.7 1.42109e-14 1.77636e-15 4.44089e-16
threshold=4.5000000000000009 2.5000000000000004 203.50000000000003 131.50000000000003 2411.5000000000005
decision_type=2 2 2 2 2
left_child=1 3 -2 -1 -4
right_child=2 -3 4 -5 -6
leaf_value=-5.78009292922893 -5.78009292922893 14.476143978397776 -5.78009292922893 -5.78009292922893 -5.78009292922893
leaf_weight=2.0043208971619668 226.66598441451788 0.83431091532111068 2.2807789519429198 18.172180350869894 2.7053395360708237
leaf_count=406 45914 169 462 3681 548
internal_value=-5.71321 -4.97575 -5.78009 -5.78009 -5.78009
internal_weight=252.663 21.0108 231.652 20.1765 4.98612
internal_count=51180 4256 46924 4087 1010
is_linear=0
shrinkage=1


Tree=2
num_leaves=7
num_cat=0
split_feature=5 9 9 0 1 8
split_gain=33899.9 8.38545 1.37277 2.14151 5.68434e-14 2.84217e-14
threshold=6.5000000000000009 0.035252692626346303 0.039786861148801408 5.5000000000000009 4.5000000000000009 3116.5000000000005
decision_type=2 2 2 2 2 2
left_child=1 4 3 -2 5 -1
right_child=2 -3 -4 -5 -6 -7
leaf_value=-4.7597845705935802 2.2154351090011684 -4.3402224846029185 2.5825519342429955 2.5825519342429786 -4.7597845705935802 -4.7597845705935802
leaf_weight=286.53004322201014 0.27239285409450431 0.47668749466538329 5.7202499359846115 0.38134999573230743 254.87799357622862 148.79459654912353
leaf_count=21038 20 35 420 28 18714 10925
internal_value=-4.6925 -4.7595 2.56686 2.42959 -4.75978 -4.75978
internal_weight=697.053 690.679 6.37399 0.653743 690.203 435.325
internal_count=51180 50712 468 48 50677 31963
is_linear=0
shrinkage=1


Tree=3
num_leaves=28
num_cat=0
split_feature=9 6 7 4 4 5 5 9 9 10 9 4 8 4 7 7 4 7 4 7 7 7 8 6 9 6 0
split_gain=1.36868 31.054 28.4775 6.60992 76.7407 0.17782 0.0294789 1.355e-05 3.26465e-10 2.22234e-11 1.7053e-13 5.68434e-14 1.13687e-13 5.68434e-14 5.68434e-14 5.68434e-14 7.10543e-15 7.10543e-15 3.55271e-15 3.55271e-15 8.88178e-16 8.88178e-16 8.88178e-16 2.22045e-16 2.22045e-16 1.11022e-16 6.93889e-18
threshold=0.035252692626346303 3663.5000000000005 1051.5000000000002 176.50000000000003 178.50000000000003 6.5000000000000009 6.5000000000000009 0.033413078149920207 0.039786861148801408 0.44590643274853808 0.030395417590539504 189.50000000000003 4989.5000000000009 181.50000000000003 1263.5000000000002 191.50000000000003 182.50000000000003 980.50000000000011 186.50000000000003 2526.5000000000005 3295.5000000000005 1366.5000000000002 8642.0000000000018 -1.0000000180025095e-35 0.030816714150047404 -899.49999999999989 7.5000000000000009
decision_type=2 2 2 2 2 2 2 2 2 2 2 2 2 2 2 2 2 2 2 2 2 2 2 2 2 2 2
left_child=7 3 -3 5 -5 -2 -4 10 -6 -8 11 12 13 14 15 -1 -14 -17 -15 -16 22 -20 -18 24 -12 -26 -10
right_child=1 2 6 4 8 -7 9 -9 26 -11 23 -13 16 18 19 17 20 -19 21 -21 -22 -23 -24 -25 25 -27 -28
leaf_value=0.067402169632488532 0.068052954429474094 -2.9405647156761132 0.068052954429471818 8.5599821391286461 -0.066704499543885715 -0.066690339440893892 -0.066695622318139289 0.066913881423937005 -0.066690339440893406 -0.066690339440891658 0.067402167026832993 0.067402169749241278 0.067402169728239758 0.067402169686195709 0.067402169735128123 0.067402169620291316 0.06740216961121745 0.067402169685663468 0.067402169732524747 0.067402169767416448 0.067402169767416073 0.067402169767416448 0.067402169767416406 0.067402169767411493 0.067402169767416378 0.067402169767416295 -0.066690339440888813
leaf_weight=390.65458469293088 0.9578762650489796 0.066785552247892954 0.029933633282780647 0.011591950082220026 0.021007782721426338 0.10909604345215484 0.012066166906151921 0.56870607170276244 0.06066804367583245 0.023415736155584455 0.35617078451216011 80.559353988362886 99.663059330797225 36.054196426135277 45.3470157847986 102.83621724804186 9.3737672844216124 23.879631669852131 13.987797800366581 3.739793160930275 0.32379161566495973 3.3188640605658284 4.2740493267774591 1.5056310128420856 0.89042694307863701 0.37236035801470269 0.011707868077792227
leaf_count=24238 32 15 1 20 27 205 20 38 114 44 24 4979 6164 2233 2804 6383 582 1479 865 231 20 205 264 93 55 23 22
internal_value=0.0672386 -0.0351241 -1.48801 0.128768 0.885908 0.0542757 -0.00503385 0.0674018 -0.0666935 -0.0666921 0.0674022 0.0674022 0.0674022 0.0674022 0.0674022 0.0674022 0.0674022 0.0674022 0.0674022 0.0674022 0.0674022 0.0674022 0.0674022 0.0674022 0.0674022 0.0674022 -0.0666903
internal_weight=819.01 1.30415 0.132201 1.17195 0.104976 1.06697 0.0654155 817.705 0.0933837 0.0354819 817.137 814.012 733.453 619.818 566.457 517.37 113.635 126.716 53.3609 49.0868 13.9716 17.3067 13.6478 3.12459 1.61896 1.26279 0.0723759
internal_count=51180 500 80 420 183 237 65 50680 163 64 50642 50447 45468 38438 35135 32100 7030 7862 3303 3035 866 1070 846 195 102 78 136
is_linear=0
shrinkage=0.1


Tree=4
num_leaves=15
num_cat=0
split_feature=5 9 9 0 3 9 9 9 4 6 7 4 7 8
split_gain=5.24645e-07 9.38925e-08 2.14012e-11 2.35773e-11 2.84217e-13 6.18954e-11 3.52409e-10 8.28881e-10 1.42109e-14 1.77636e-15 8.88178e-16 4.44089e-16 5.55112e-17 2.77556e-17
threshold=6.5000000000000009 0.035252692626346303 0.039786861148801408 5.5000000000000009 4.5000000000000009 0.011799512704490051 0.014670014347202252 0.015424266455194202 106.50000000000001 -2257.4999999999995 1736.5000000000002 119.50000000000001 -186.49999999999997 5507.5000000000009
decision_type=2 2 2 2 2 2 2 2 2 2 2 2 2 2
left_child=1 4 3 -2 5 9 -7 -8 12 11 -11 -1 -6 -12
right_child=2 -3 -4 -5 8 6 7 -9 -10 10 13 -13 -14 -15
leaf_value=-0.066859982560161624 -0.066689110860518236 -0.066927843355801597 -0.066682224409169974 -0.066682224409163632 -0.066859982560166578 -0.066859982560164455 -0.066859982560158945 -0.066806370085367078 -0.066859982560166675 -0.066859982560165801 -0.066859982560166328 -0.066859982560166661 -0.066859982560166675 -0.066859982560166301
leaf_weight=0.32866175100208117 0.010095395846291377 0.20407261094078322 0.14693767880089581 0.009795845253393054 0.70056846924126148 0.073516444303096118 0.0086489934474229813 0.0043262337559593087 199.9560795109719 12.108590826392311 0.33298624772578556 4.6401849845424294 0.090814431197940304 0.17730436567217112
leaf_count=76 20 35 420 28 162 17 2 170 46238 2800 77 1073 21 41
internal_value=-0.0668599 -0.06686 -0.0666826 -0.0666857 -0.06686 -0.06686 -0.0668573 -0.0668421 -0.06686 -0.06686 -0.06686 -0.06686 -0.06686 -0.06686
internal_weight=218.793 218.626 0.166829 0.0198912 218.422 17.6742 0.0864917 0.0129752 200.747 17.5877 12.6189 4.96885 0.791383 0.510291
internal_count=51180 50712 468 48 50677 4256 189 172 46421 4067 2918 1149 183 118
is_linear=0
shrinkage=0.1


Tree=5
num_leaves=31
num_cat=0
split_feature=9 6 7 2 4 7 5 5 9 9 10 4 4 4 4 4 9 9 4 9 9 4 9 9 9 9 0 4 0 4
split_gain=1.90908 29.0437 36.9816 3.84868 13.5692 32.1317 0.356572 0.0310222 4.5637e-05 1.01649e-09 5.49835e-11 5.68434e-14 2.84217e-14 2.84217e-14 2.84217e-14 2.84217e-14 2.84217e-14 2.84217e-14 1.42109e-14 7.10543e-15 3.55271e-15 1.77636e-15 1.77636e-15 8.88178e-16 8.88178e-16 2.22045e-16 1.38778e-17 1.38778e-17 3.46945e-18 3.46945e-18
threshold=0.035252692626346303 3663.5000000000005 1051.5000000000002 5.5000000000000009 168.50000000000003 1126.5000000000002 6.5000000000000009 6.5000000000000009 0.033413078149920207 0.039786861148801408 0.44590643274853808 176.50000000000003 172.50000000000003 170.50000000000003 167.50000000000003 165.50000000000003 0.026058908411849553 0.019448997604337354 223.50000000000003 0.022878953107960707 0.022663071391884903 171.50000000000003 0.023599025408980102 0.023188600618362604 0.029895433014567853 0.030816714150047404 8.5000000000000018 185.50000000000003 8.5000000000000018 191.50000000000003
decision_type=2 2 2 2 2 2 2 2 2 2 2 2 2 2 2 2 2 2 2 2 2 2 2 2 2 2 2 2 2 2
left_child=8 3 -3 6 -5 -6 -2 -4 11 -8 -9 12 13 14 15 16 17 -1 -13 20 -14 23 -16 -15 -18 -26 27 -11 -12 -29
right_child=1 2 7 4 5 -7 9 10 -10 26 28 18 19 21 22 -17 24 -19 -20 -21 -22 -23 -24 -25 25 -27 -28 29 -30 -31
leaf_value=-0.067205704742650599 -0.067782947749940245 3.2881858007331539 -0.067782947749937456 -0.054577542990790387 -5.1562969005415002 0.066707289432833966 0.066725122940487241 0.066712412856921172 -0.066164165249101334 0.066705906171484988 0.066705906171482088 -0.067205704742060682 -0.067205704742380565 -0.067205704742686168 -0.067205704741894814 -0.067205704740926672 -0.067205704733120916 -0.067205704730873381 -0.06720570474268657 -0.067205704737647448 -0.067205704739985425 -0.067205704740582642 -0.067205704722088921 -0.067205704732166902 -0.067205704737284558 -0.067205704742686528 0.066705906171483531 0.066705906171482768 0.066705906171481782 0.066705906171482088
leaf_weight=298.76028324885516 0.63169030100107082 0.060054689471144118 0.024295780807733536 0.16164670803118497 0.019146065693348646 0.030609193549025804 0.030846351000946015 0.019521697249729186 0.4209870578488325 0.1737104759668 0.020280918513890356 154.36286133382555 35.087893308496405 9.2732289405539827 31.638777294095707 22.365548380093514 13.092319598850226 17.5678163444544 0.38190904259681602 1.4202242654328063 2.6494939962913113 10.204132271711375 1.5634402028722245 1.3605509908029407 1.324747004783599 1.3247469915077088 0.036152941698674113 0.025571592908818275 0.018517360382247716 0.020280918513890356
leaf_count=25036 26 15 1 24 21 34 25 20 38 197 23 12961 2943 777 2658 1885 1132 1530 32 121 224 861 140 118 113 111 41 29 21 23
internal_value=-0.0669467 0.0554178 1.39983 -0.114376 -0.499065 -1.94313 -0.0258119 0.0271567 -0.067205 0.066708 0.0667081 -0.0672057 -0.0672057 -0.0672057 -0.0672057 -0.0672057 -0.0672057 -0.0672057 -0.0672057 -0.0672057 -0.0672057 -0.0672057 -0.0672057 -0.0672057 -0.0672057 -0.0672057 0.0667059 0.0667059 0.0667059 0.0667059
internal_weight=604.071 1.27232 0.14267 1.12965 0.211402 0.0497553 0.918253 0.0826158 602.799 0.286562 0.05832 602.378 447.633 408.476 387.638 354.435 332.07 316.328 154.745 39.1576 37.7374 20.8379 33.2022 10.6338 15.7418 2.64949 0.255716 0.219563 0.0387983 0.0458525
internal_count=51180 500 80 420 79 55 341 65 50680 315 64 50642 37649 34361 32605 29807 27922 26566 12993 3288 3167 1756 2798 895 1356 224 290 249 44 52
is_linear=0
shrinkage=0.1


Tree=6
num_leaves=31
num_cat=0
split_feature=5 8 7 0 4 10 2 8 4 9 6 8 6 1 8 9 9 9 10 6 4 4 4 8 7 4 6 4 4 8
split_gain=51.1746 2.74685 16.236 2.96288 27.8739 66.4307 0.878976 0.271584 0.23622 0.133553 0.00209963 0.00127136 0.00134137 0.000591478 0.00113513 8.90718e-07 3.20028e-11 1.13687e-13 1.42109e-14 7.10543e-15 3.55271e-15 3.55271e-15 3.55271e-15 5.32907e-15 5.32907e-15 3.55271e-15 2.66454e-15 1.77636e-15 1.77636e-15 2.22045e-15
threshold=6.5000000000000009 5329.5000000000009 445.50000000000006 6.5000000000000009 178.50000000000003 0.53229166666666672 5.5000000000000009 -2568.4999999999995 176.50000000000003 0.035252692626346303 659.50000000000011 2737.5000000000005 3086.5000000000005 3.5000000000000004 3568.5000000000005 0.037786843447220754 0.033413078149920207 0.012232530300763102 0.48212005108556838 1641.5000000000002 183.50000000000003 181.50000000000003 179.50000000000003 3048.5000000000005 -1227.4999999999998 204.50000000000003 -1052.4999999999998 177.50000000000003 175.50000000000003 1508.5000000000002
decision_type=2 2 2 2 2 2 2 2 2 2 2 2 2 2 2 2 2 2 2 2 2 2 2 2 2 2 2 2 2 2
left_child=9 6 -3 8 5 -5 7 -2 -4 16 -10 12 -9 14 -13 -6 17 -1 19 20 21 22 23 24 -19 -20 -26 28 29 -28
right_child=1 2 3 4 15 -7 -8 11 10 -11 -12 13 -14 -15 -16 -17 -18 18 25 -21 -22 -23 -24 -25 26 -27 27 -29 -30 -31
leaf_value=0.067309599816346072 -0.28307111959374981 -1.2456255531404543 -0.070050650736883213 -0.066687381523262798 -0.070236664212875208 -10.068728310169842 -0.069855690718995639 -0.17200555591421265 -0.18199537979895933 0.033183972234329555 -0.17274901277807775 -0.18079309195098392 -0.18055694529470165 -0.18175643233790081 -0.17437883610519878 -0.069773339943399723 0.067310402319543258 0.067309598561033884 0.067309599675945339 0.067309599700288006 0.06730959885859357 0.067309598782004029 0.067309598923050676 0.067309598820247965 0.067309594684481208 0.067309599816346072 0.067309598051796801 0.067309589234235023 0.067309598980069524 0.067309595688177987
leaf_weight=622.27060357108735 0.27138409670442332 0.16902129549839617 0.24558200692990784 0.020029214792088967 0.077567735512275249 0.0099337227875366807 0.75984031113330264 0.38175813568523054 0.69736700365319826 1.1486534848809231 0.37908234321935197 1.0570721222320574 0.35308824703281516 2.0964449539897032 0.37334465314052057 0.089216066725725796 0.49729248974472184 6.9677281203246642 36.200964912056939 14.417946038218842 5.8892201219706299 1.0785077819046112 1.2487984829959007 10.330969278201499 7.1380188302739347 0.9933624230325212 6.3575195916037472 0.36896321484034089 0.66697191677077228 2.3273063208850235
leaf_count=43850 7 26 48 44 7 12 30 69 4 35 62 31 16 24 53 35 35 506 2560 1019 425 78 90 746 568 70 468 33 48 181
internal_value=0.0646349 -0.204813 -0.315898 -0.212431 -0.574488 -3.3827 -0.169391 -0.186075 -0.158549 0.067255 -0.178739 -0.179898 -0.176114 -0.180687 -0.179119 -0.0699888 0.0673096 0.0673096 0.0673096 0.0673096 0.0673096 0.0673096 0.0673096 0.0673096 0.0673096 0.0673096 0.0673096 0.0673096 0.0673096 0.0673096
internal_weight=724.884 6.98073 1.6878 1.51878 0.196747 0.0299629 5.29293 4.53309 1.32203 717.903 1.07645 4.26171 0.734846 3.52686 1.43042 0.166784 716.754 716.257 93.9863 56.7919 42.374 36.4848 35.4063 34.1575 23.8265 37.1943 16.8588 9.72076 9.3518 8.68483
internal_count=51180 468 238 212 98 56 230 200 114 50712 66 193 85 108 84 42 50677 50642 6792 4162 3143 2718 2640 2550 1804 2630 1298 730 697 649
is_linear=0
shrinkage=0.1


Tree=7
num_leaves=31
num_cat=0
split_feature=5 2 7 8 0 9 9 0 3 9 9 9 4 9 9 4 6 6 4 4 0 6 6 6 6 6 7 0 6 0
split_gain=0.000352581 5.45533e-05 2.3915e-07 3.7258e-07 6.53817e-07 1.5378e-07 1.46118e-11 1.25366e-11 3.55271e-13 7.79563e-11 4.43851e-10 1.04383e-09 2.81594e-13 2.78215e-12 8.52651e-14 1.42109e-14 5.96051e-15 5.51642e-15 1.77636e-15 8.88178e-16 1.11022e-16 1.11022e-16 5.55112e-17 2.77556e-17 2.77556e-17 2.77556e-17 2.77556e-17 3.46945e-18 3.46945e-18 1.73472e-18
threshold=6.5000000000000009 5.5000000000000009 809.50000000000011 3700.5000000000005 2.5000000000000004 0.035252692626346303 0.039786861148801408 5.5000000000000009 4.5000000000000009 0.011799512704490051 0.014670014347202252 0.015424266455194202 175.50000000000003 0.044251346247989355 0.033413078149920207 219.50000000000003 3663.5000000000005 3591.0000000000005 179.50000000000003 176.50000000000003 3.5000000000000004 -1339.4999999999998 1585.5000000000002 1169.5000000000002 -42.499999999999993 2880.5000000000005 1853.5000000000002 4.5000000000000009 1324.5000000000002 6.5000000000000009
decision_type=2 2 2 2 2 2 2 2 2 2 2 2 2 2 2 2 2 2 2 2 2 2 2 2 2 2 2 2 2 2
left_child=5 6 -3 -4 -5 8 7 -2 9 18 -11 -12 16 17 15 -10 27 29 19 -1 21 -20 -23 24 -21 -22 -17 -8 -29 -14
right_child=1 2 3 4 -6 -7 12 -9 14 10 11 -13 13 -15 -16 26 -18 -19 20 23 25 22 -24 -25 -26 -27 -28 28 -30 -31
leaf_value=-0.066835869917064653 -0.066686293529356552 -0.069036921596878284 -0.069025192971556043 -0.069055086725274259 -0.068570878286845979 -0.066925757728810042 -0.066680279389527988 -0.06668046982272359 -0.066835869917064 -0.066835869917063528 -0.066835869917055174 -0.066771587493882997 -0.06668027938952989 -0.066677974216607441 -0.066835949291275829 -0.066835869917064 -0.066680175338248493 -0.066680175635247779 -0.06683586991706382 -0.066835869917063764 -0.066835869917063848 -0.066835869917063889 -0.066835869917063515 -0.066835869917063237 -0.066835869917063181 -0.066835869917063348 -0.066835869917063237 -0.066680279389524769 -0.066680279389530514 -0.06668027938952413
leaf_weight=12.942696898709976 0.0076765776175297118 0.60566978885617573 0.15217483974993229 0.050086256116628647 0.062915705224440899 0.19051086297258635 0.013778794527752325 0.007129335222998634 175.4214578489773 0.064391526859254422 0.0075754737481474876 0.0037897639202526534 0.022658462112303823 0.006223093319022154 0.13263379107229312 0.18938684370368619 0.0061727930042252402 0.0061728009204671244 0.32574537117034186 0.29165573930367827 0.41286331927403797 0.95829742914065785 0.14014626434072852 0.087117948103696108 0.14393400121480304 0.10226889559999108 0.087117948103696108 0.008267276716651395 0.028782370791304857 0.0076548858487512908
leaf_count=3417 18 27 9 1 43 35 45 23 46313 17 2 170 74 34 35 50 24 24 86 77 109 253 37 23 38 27 23 27 94 25
internal_value=-0.0668457 -0.0687324 -0.0690022 -0.068923 -0.0687855 -0.066836 -0.0666806 -0.0666835 -0.0668359 -0.0668359 -0.0668327 -0.0668144 -0.0666801 -0.0666799 -0.0668359 -0.0668359 -0.0666803 -0.0666803 -0.0668359 -0.0668359 -0.0668359 -0.0668359 -0.0668359 -0.0668359 -0.0668359 -0.0668359 -0.0668359 -0.0666803 -0.0666803 -0.0666803
internal_weight=192.487 0.985363 0.870847 0.265177 0.113002 191.502 0.114516 0.0148059 191.311 15.4805 0.0757568 0.0113652 0.0997105 0.0427092 175.831 175.698 0.0570012 0.0364861 15.4047 13.4654 1.93932 1.42419 1.09844 0.522708 0.43559 0.515132 0.276505 0.0508284 0.0370496 0.0303133
internal_count=51180 468 80 53 44 50712 388 41 50677 4256 189 172 347 157 46421 46386 190 123 4067 3555 512 376 290 138 115 136 73 166 121 99
is_linear=0
shrinkage=0.1


Tree=8
num_leaves=31
num_cat=0
split_feature=5 4 10 10 4 9 4 4 2 2 4 9 9 7 7 7 8 6 9 9 9 9 9 9 6 1 9 7 7 8
split_gain=51.3537 2.27621 3.16719 12.6786 0.72586 0.175003 0.0938193 0.186566 0.000488991 0.000345044 5.15908e-06 6.41052e-10 1.91847e-11 5.68434e-14 2.84217e-14 2.84217e-14 2.84217e-14 1.68199e-14 1.42109e-14 2.84217e-14 1.42109e-14 1.42109e-14 1.42109e-14 1.42109e-14 1.03736e-14 7.10543e-15 1.42109e-14 7.10543e-15 7.10543e-15 7.10543e-15
threshold=6.5000000000000009 178.50000000000003 0.52277432712215333 0.53950103950103967 176.50000000000003 0.035252692626346303 177.50000000000003 176.50000000000003 5.5000000000000009 5.5000000000000009 172.50000000000003 0.039786861148801408 0.033413078149920207 908.50000000000011 316.50000000000006 -387.49999999999994 4068.5000000000005 3938.5000000000005 0.029218423186921052 0.027855369335816203 0.025348583178050454 0.023866484392800154 0.020779360967184756 0.020236145236145201 3449.5000000000005 4.5000000000000009 0.024860171193720804 859.50000000000011 702.50000000000011 6957.5000000000009
decision_type=2 2 2 2 2 2 2 2 2 2 2 2 2 2 2 2 2 2 2 2 2 2 2 2 2 2 2 2 2 2
left_child=5 2 4 -4 9 12 7 10 11 24 -5 -3 13 14 15 16 18 -13 19 20 21 22 23 -1 -2 26 -15 28 29 -16
right_child=1 8 3 6 -6 -7 -8 -9 -10 -11 -12 17 -14 25 27 -17 -18 -19 -20 -21 -22 -23 -24 -25 -26 -27 -28 -29 -30 -31
leaf_value=-0.06713799385074963 0.066701005547058198 0.066715937296726369 0.68743981692559519 0.071749920678748066 0.18205353892093465 -0.025311024999752119 0.18225414026499365 0.18199994067440517 0.072936178179379682 0.072845752797528696 0.072614634089362792 0.066701005541507735 -0.06713871733565388 -0.067137993850718905 -0.067137993850007641 -0.06713799384958459 -0.067137993850053077 0.066700894437461425 -0.067137993843041949 -0.067137993842823401 -0.067137993833748216 -0.067137993831490481 -0.067137993833150916 -0.067137993838553053 0.066700917049287961 -0.067137993850844055 -0.067137993849356967 -0.067137993849492802 -0.067137993850571495 -0.067137993850445762
leaf_weight=183.34377489587976 0.091841428074984743 0.040157298673875519 0.63969463850753561 0.14981140756663047 3.4830559412675939 1.0022035520523775 1.0439537296342678 0.34875188866863027 1.2130776787525972 0.61547326925210655 0.12790345332268771 0.084123674605507404 0.36652849521487851 104.2928488415162 49.490480680943939 109.04008726052004 12.955568467731011 0.016260383305052528 1.5684707821331745 1.5266448953173881 3.9839158651801361 3.0428333919190598 4.0257417586312263 0.25095532753002103 0.015475309209250554 17.901479563791867 3.7643298266913652 6.1484053818264774 20.975682258022744 5.4582782360954161
leaf_count=17540 119 39 18 41 14 35 4 2 34 27 13 109 35 9984 4749 10478 1243 25 154 150 403 310 408 25 23 1713 362 591 2009 523
internal_value=-0.0632875 0.190286 0.214799 0.30887 0.163129 -0.0670588 0.163895 0.133302 0.0722892 0.0719334 0.0721482 0.0667053 -0.067138 -0.067138 -0.067138 -0.067138 -0.067138 0.066701 -0.067138 -0.067138 -0.067138 -0.067138 -0.067138 -0.067138 0.066701 -0.067138 -0.067138 -0.067138 -0.067138 -0.067138
internal_weight=537.008 7.86958 6.51596 2.31012 4.20585 529.138 1.67042 0.626467 1.35362 0.72279 0.277715 0.140541 528.136 527.769 401.811 319.738 210.698 0.100384 197.742 196.174 194.647 190.663 187.62 183.595 0.107317 125.959 108.057 82.0728 75.9244 54.9488
internal_count=51180 468 261 78 183 50712 60 56 207 169 54 173 50677 50642 38583 30711 20233 134 18990 18836 18686 18283 17973 17565 142 12059 10346 7872 7281 5272
is_linear=0
shrinkage=0.1


Tree=9
num_leaves=31
num_cat=0
split_feature=5 8 7 2 9 7 7 6 10 1 10 10 10 0 9 8 9 9 4 0 9 4 7 7 8 9 9 7 9 9
split_gain=36.2708 1.37265 29.3511 0.328965 0.153068 0.114422 0.0369212 0.0101709 0.0541464 0.000278075 0.000712241 9.12501e-05 0.000274364 2.93655e-05 1.42081e-06 2.07226e-06 4.95316e-11 2.14868e-11 1.70819e-12 5.26083e-13 1.12287e-13 5.68434e-14 5.68434e-14 5.68434e-14 5.68434e-14 5.68434e-14 2.84217e-14 7.10543e-15 5.32907e-15 3.55271e-15
threshold=6.5000000000000009 5329.5000000000009 445.50000000000006 5.5000000000000009 0.035252692626346303 1087.5000000000002 -48.499999999999993 659.50000000000011 0.53950103950103967 3.5000000000000004 0.48610038610038614 0.51925925925925942 0.72902097902097907 1.5000000000000002 0.040653405737221059 10131.500000000002 0.039786861148801408 0.033413078149920207 177.50000000000003 5.5000000000000009 0.047178060413354504 192.50000000000003 1924.5000000000002 1477.5000000000002 4451.5000000000009 0.017817460317460256 0.013114895080839352 1412.5000000000002 0.021798526966025154 0.023054946515181651
decision_type=2 2 2 2 2 2 2 2 2 2 2 2 2 2 2 2 2 2 2 2 2 2 2 2 2 2 2 2 2 2
left_child=4 3 -3 6 17 14 -2 -7 13 10 -8 -12 -13 -9 -4 -16 -15 21 20 -20 -18 22 23 24 25 26 -1 -26 -24 -25
right_child=1 2 5 -5 -6 7 9 8 -10 -11 11 12 -14 16 15 -17 18 -19 19 -21 -22 -23 28 29 27 -27 -28 -29 -30 -31
leaf_value=0.067228762407611983 -0.11373200564423247 -1.8245434236803071 -0.069847867528332594 -0.069183645755027376 0.030028297952774369 -0.14663126923258138 -0.14163546630912247 -0.069891903615560746 -0.1465399948638034 -0.14698290079269036 -0.14717549207654601 -0.14375723137774879 -0.14755994910616071 -0.066692086842912709 -0.069090045851160534 -0.069823448422686937 -0.066684578367341693 0.067229464236230038 -0.066682945928532092 -0.066684003793291244 -0.066685035459827957 0.067228762380854429 0.067228762407611803 0.067228762407611789 0.067228762267093789 0.067228760218408998 0.067228762215572627 0.067228762407611983 0.06722876226871223 0.067228762196690203
leaf_weight=395.92861578986049 0.376832327947909 0.10897990197649665 0.13387806873186026 0.67192526950384479 1.1080348026007403 0.74662824356346369 0.39863195712366639 0.066024966537952423 0.376813341963949 2.6128312353102956 0.74535216262722748 0.38775917081977695 0.37151423096656799 0.0099346186717275131 0.089818880054885142 0.067464350244961224 0.010386584103861729 0.43581412639468808 0.0087858937040437013 0.010111256357049569 0.011136498273117468 47.644255791998717 28.031885286793162 28.13137733750051 72.579451067174091 43.092495167183131 2.4997381615560803 2.1888251155614844 4.5890708436366543 3.022071044996042
leaf_count=31836 34 26 7 30 35 9 70 1 21 39 9 47 1 20 44 6 27 35 24 26 27 3833 2254 2262 5852 3613 202 176 370 244
internal_value=0.0646088 -0.158489 -0.238893 -0.134794 0.0671633 -0.126022 -0.143804 -0.13927 -0.128126 -0.146313 -0.145394 -0.146389 -0.145618 -0.0685047 -0.0696084 -0.0694046 -0.0666858 0.0672288 -0.0666842 -0.0666835 -0.0666848 0.0672288 0.0672288 0.0672288 0.0672288 0.0672288 0.0672288 0.0672288 0.0672288 0.0672288
internal_weight=636.456 7.20481 1.63996 5.56485 629.252 1.53098 4.89292 1.23982 0.493193 4.51609 1.90326 1.50463 0.759273 0.11638 0.291161 0.157283 0.0503549 628.144 0.0404202 0.0188972 0.0215231 627.708 580.064 547.443 516.289 441.521 398.428 74.7683 32.621 31.1534
internal_count=51180 468 238 230 50712 212 200 155 146 166 127 57 48 125 57 50 124 50677 104 50 54 50642 46809 44185 41679 35651 32038 6028 2624 2506
is_linear=0
shrinkage=0.1


Tree=10
num_leaves=31
num_cat=0
split_feature=5 2 7 10 8 9 9 0 3 9 9 9 10 10 4 4 9 7 9 1 6 6 4 7 6 8 8 8 8 8
split_gain=0.000242882 3.55671e-05 7.7516e-07 5.96691e-07 9.32265e-07 1.42476e-07 1.04899e-11 8.39751e-12 4.40536e-13 9.91198e-11 5.63834e-10 1.32572e-09 3.1776e-13 1.32162e-12 1.46026e-13 1.06922e-12 5.68434e-14 4.41452e-14 8.22667e-14 8.88178e-16 8.88178e-16 2.70617e-16 2.22045e-16 2.06432e-16 1.38778e-17 8.67362e-18 3.46945e-18 8.67362e-19 8.67362e-19 8.67362e-19
threshold=6.5000000000000009 5.5000000000000009 891.50000000000011 0.43534002229654406 837.50000000000011 0.035252692626346303 0.039786861148801408 5.5000000000000009 4.5000000000000009 0.011799512704490051 0.014670014347202252 0.015424266455194202 0.52277432712215333 0.53708791208791218 175.50000000000003 180.50000000000003 0.033413078149920207 1033.5000000000002 0.045845648604269255 5.5000000000000009 2747.5000000000005 3449.5000000000005 118.50000000000001 613.50000000000011 3381.5000000000005 5329.5000000000009 6054.5000000000009 2609.5000000000005 6717.0000000000009 8823.5000000000018
decision_type=2 2 2 2 2 2 2 2 2 2 2 2 2 2 2 2 2 2 2 2 2 2 2 2 2 2 2 2 2 2
left_child=5 6 -3 -4 -5 8 7 -2 9 19 -11 -12 14 -14 21 -16 -10 18 -15 20 -1 25 -21 -17 -22 27 -25 -8 -27 -30
right_child=1 2 3 4 -6 -7 12 -9 16 10 11 -13 13 17 15 23 -18 -19 -20 22 24 -23 -24 26 -26 28 -28 -29 29 -31
leaf_value=-0.066814757656178989 -0.066683840826723073 -0.068748292894424815 -0.068722736719159142 -0.06875412312394541 -0.068182698316046259 -0.06690538020064675 -0.066678581926382471 -0.066678746569815248 -0.066814757585509629 -0.066814756001038561 -0.066814755311386517 -0.066737348320730597 -0.066676351830630101 -0.066677913091820445 -0.066677008751382008 -0.06667855874504644 -0.066814825166445921 -0.066678554614953214 -0.06667849792607905 -0.066814757656176962 -0.066814757656176754 -0.06667855883746511 -0.066814757656177573 -0.066678579871376195 -0.066814757656176782 -0.066678584582516048 -0.066678582514052204 -0.066678580551906855 -0.066678584690364348 -0.06667858475257904
leaf_weight=9.5603592819533176 0.0067216754978279836 0.58182776927424129 0.089687863801373169 0.04415912926197052 0.080777454240887892 0.17366201290860672 0.0075038127251900733 0.0062396655266638845 153.87467943155207 0.056393515551462658 0.0066345313098281622 0.0033195805567212133 0.0039527933145109264 0.0043741542358475272 0.0053819815320821354 0.0053707250681327414 0.11615956085733969 0.0077538738842122248 0.0053434351848409278 0.23552585323341313 0.14264241815544743 0.0053704385991295558 3.4698597532697022 0.0091117389674764127 0.082931638462468982 0.0058959808084182433 0.0083076998707838356 0.0061638389597646892 0.0061638150073122233 0.0053597580699715763
leaf_count=2882 18 28 7 1 44 35 28 23 46386 17 2 170 22 22 30 21 35 29 21 71 43 21 1046 34 25 22 31 23 23 20
internal_value=-0.0668236 -0.0684662 -0.0686884 -0.0685259 -0.0683847 -0.0668148 -0.0666787 -0.0666814 -0.0668148 -0.0668147 -0.0668109 -0.0667889 -0.0666783 -0.066678 -0.0666784 -0.0666783 -0.0668148 -0.0666784 -0.0666782 -0.0668148 -0.0668148 -0.0666786 -0.0668148 -0.0666786 -0.0668148 -0.0666786 -0.0666786 -0.0666786 -0.0666786 -0.0666786
internal_weight=168.618 0.895468 0.796452 0.214624 0.124937 167.722 0.0990154 0.0129613 167.549 13.5577 0.0663476 0.00995411 0.086054 0.0214243 0.0646298 0.0281721 153.991 0.0174715 0.00971759 13.4913 9.78593 0.0364576 3.70539 0.0227902 0.225574 0.0310872 0.0174194 0.0136677 0.0174196 0.0115236
internal_count=51180 468 80 52 45 50712 388 41 50677 4256 189 172 347 94 253 116 46421 72 43 4067 2950 137 1117 86 68 116 65 51 65 43
is_linear=0
shrinkage=0.1


Tree=11
num_leaves=31
num_cat=0
split_feature=5 7 2 2 9 7 7 9 8 9 0 9 9 8 0 4 4 9 9 4 4 4 4 4 4 9 4 4 4 9
split_gain=37.1081 0.955681 2.56194 0.345753 0.19616 0.0943433 0.0311324 0.0086033 0.0559705 0.00254345 0.00294172 2.88606e-10 1.28466e-11 1.61685e-12 1.98772e-12 1.30371e-13 1.05431e-13 5.68434e-14 2.84217e-14 7.10543e-15 3.55271e-15 3.55271e-15 3.55271e-15 3.55271e-15 1.77636e-15 3.55271e-15 1.77636e-15 1.77636e-15 1.77636e-15 3.55271e-15
threshold=6.5000000000000009 402.50000000000006 5.5000000000000009 5.5000000000000009 0.035252692626346303 1051.5000000000002 -48.499999999999993 0.044568590937306009 -724.49999999999989 0.04481827882744336 4.5000000000000009 0.039786861148801408 0.033413078149920207 5329.5000000000009 6.5000000000000009 184.50000000000003 183.50000000000003 0.017817460317460256 0.016172624237140353 193.50000000000003 192.50000000000003 189.50000000000003 183.50000000000003 170.50000000000003 169.50000000000003 0.028811566131709952 168.50000000000003 166.50000000000003 165.50000000000003 0.026863679007000051
decision_type=2 2 2 2 2 2 2 2 2 2 2 2 2 2 2 2 2 2 2 2 2 2 2 2 2 2 2 2 2 2
left_child=4 2 6 7 12 -5 -2 8 -3 -9 -11 -10 17 16 15 -15 -13 18 -1 20 21 22 23 24 25 26 27 28 29 -19
right_child=1 3 -4 5 -6 -7 -8 9 11 10 -12 13 -14 14 -16 -17 -18 19 -20 -21 -22 -23 -24 -25 -26 -27 -28 -29 -30 -31
leaf_value=-0.067078830124916666 0.11255326915613864 0.14941366168896489 0.37760246555294608 0.072162799806763947 -0.022193114404547229 0.12341582268902332 0.14539675077159595 0.14719798348859062 0.066706683121275936 0.14538855952383312 0.13508522418566835 0.066694475139631726 -0.067079462646644661 0.066695345007356494 0.066696596451409018 0.066694893438059677 0.066694841453677475 -0.067078830113410981 -0.067078830122668284 -0.067078830124413832 -0.067078830120524111 -0.06707883012331757 -0.06707883012041134 -0.067078830117517849 -0.067078830116304472 -0.067078830120403207 -0.067078830116847413 -0.067078830106715656 -0.067078830117918736 -0.067078830114451551
leaf_weight=404.67479567695426 0.38662289655439974 0.37118839629692923 0.62399574805749569 1.065159387886524 0.97568428702652354 0.54184437471849367 1.1384889123951307 2.6022583211479291 0.031253340013791098 0.75870235898764782 0.43654935956601548 0.012370749085675925 0.32108737621456285 0.012884873198345304 0.014198793263858533 0.012690192204900086 0.02153548231581226 17.825550599162284 1.2182929991949425 5.4685783266294612 0.62288664944654826 1.7129382743704926 4.2502853738645845 12.567654254052249 0.95265017949598885 3.6365588221064753 1.0167708633150443 2.2533841308483344 1.1724925240184649 4.964773073156997
leaf_count=44178 38 2 14 17 35 49 47 9 37 25 112 20 35 20 24 20 34 2021 134 598 69 188 471 1406 107 403 114 261 131 561
internal_value=-0.0632931 0.149842 0.206909 0.128986 -0.0669844 0.0894441 0.137071 0.143855 0.131184 0.145444 0.141625 0.0666986 -0.0670788 0.0666952 0.0666956 0.0666951 0.0666947 -0.0670788 -0.0670788 -0.0670788 -0.0670788 -0.0670788 -0.0670788 -0.0670788 -0.0670788 -0.0670788 -0.0670788 -0.0670788 -0.0670788 -0.0670788
internal_weight=471.664 8.02974 2.14911 5.88064 463.634 1.607 1.52511 4.27363 0.476122 3.79751 1.19525 0.104933 462.659 0.0736801 0.0397739 0.0255751 0.0339062 462.338 405.893 56.4445 50.9759 50.3531 48.6401 44.3898 31.8222 30.8695 27.233 26.2162 23.9628 22.7903
internal_count=51180 468 99 369 50712 66 85 303 157 146 137 155 50677 118 64 40 54 50642 44312 6330 5732 5663 5475 5004 3598 3491 3088 2974 2713 2582
is_linear=0
shrinkage=0.1


Tree=12
num_leaves=31
num_cat=0
split_feature=5 8 7 9 2 7 7 1 1 2 1 10 8 10 9 8 9 6 2 9 9 9 6 0 4 6 7 7 7 7
split_gain=29.2221 0.462205 2.70819 0.172543 0.156237 0.0592592 0.0159238 0.00344505 0.0226581 0.00031933 0.000101427 0.000215679 2.78618e-05 8.01244e-05 8.56865e-07 1.27551e-06 1.43245e-11 8.52651e-14 5.68434e-14 5.68434e-14 5.68434e-14 2.84217e-14 8.88178e-15 7.10543e-15 5.32907e-15 3.55271e-15 5.32907e-15 5.77316e-15 5.32907e-15 6.05072e-15
threshold=6.5000000000000009 5329.5000000000009 445.50000000000006 0.035252692626346303 5.5000000000000009 1087.5000000000002 -48.499999999999993 1.5000000000000002 3.5000000000000004 6.5000000000000009 3.5000000000000004 0.48610038610038614 892.50000000000011 0.72902097902097907 0.040653405737221059 10131.500000000002 0.033413078149920207 2136.5000000000005 6.5000000000000009 0.021798526966025154 0.021680376028202105 0.0059347703578472508 708.50000000000011 14.500000000000002 143.50000000000003 -829.49999999999989 -1227.4999999999998 -573.49999999999989 -769.49999999999989 -721.49999999999989
decision_type=2 2 2 2 2 2 2 2 2 2 2 2 2 2 2 2 2 2 2 2 2 2 2 2 2 2 2 2 2 2
left_child=3 4 -3 16 6 14 -2 9 -9 -7 11 -8 -13 -14 -4 -16 17 18 19 20 21 -1 24 -19 -21 26 -26 28 -28 -30
right_child=1 2 5 -5 -6 7 10 8 -10 -11 -12 12 13 -15 15 -17 -18 23 -20 22 -22 -23 -24 -25 25 -27 27 -29 29 -31
leaf_value=0.067158153767368431 -0.10438367625680199 -0.40144805856252463 -0.069438705108728543 0.027037937707147453 -0.067924193034649694 -0.12428899894361141 -0.12367168579606423 -0.068437610942918767 -0.12580009818676002 -0.1283771691363477 -0.12670987624321869 -0.1267274181358404 -0.12485547369530747 -0.12691068838786945 -0.06880576746523652 -0.069420600567230442 0.067158765970454157 0.067158153759524608 0.067158153748448288 0.067158152234239432 0.0671581522819307 0.067158152925356887 0.067158152831546608 0.067158153767368389 0.067158151603340627 0.067158150339449885 0.067158145356482388 0.067158148697707698 0.067158118117023533 0.067158140125652604
leaf_weight=364.84711378254002 0.35743629826811218 0.41724197179523681 0.11802356105545175 1.0740301143378008 0.53791258565615852 0.38914285769861379 0.3951777710954304 0.084175204009192761 0.37847332067648587 0.37536639331102162 2.6271508578211069 0.75140359642682575 0.38488539781877762 0.37403959035873413 0.078099782683640484 0.059408547080749941 0.3818703955039372 92.865419307578748 38.49959240094239 4.7511526965015518 0.49037126437241241 17.827720217157776 10.89713916352183 0.38139986805617709 3.0294047152620802 10.199722446996493 1.6454681056028468 3.8793816620475958 0.16345712985405214 0.53395986970897613
leaf_count=33481 34 26 7 35 30 43 70 91 16 5 39 13 43 1 44 6 35 8523 3534 446 46 1657 1014 35 287 984 170 383 23 59
internal_value=0.0644439 -0.133936 -0.176386 0.06708 -0.119078 -0.113052 -0.124705 -0.122174 -0.115363 -0.126296 -0.126307 -0.125752 -0.126296 -0.125868 -0.069241 -0.0690714 0.0671582 0.0671582 0.0671582 0.0671582 0.0671582 0.0671582 0.0671582 0.0671582 0.0671581 0.0671581 0.0671581 0.0671581 0.0671581 0.0671581
internal_weight=558.795 7.32794 1.89993 551.467 5.42801 1.48269 4.89009 1.22716 0.462649 0.764509 4.53266 1.90551 1.51033 0.758925 0.255532 0.137508 550.393 550.011 456.764 418.265 383.165 382.675 35.0997 93.2468 24.2025 19.4514 9.25167 6.22227 2.34289 0.697417
internal_count=51180 468 238 50712 230 212 200 155 107 48 166 127 57 44 57 50 50677 50642 42084 38550 35184 35138 3366 8558 2352 1906 922 635 252 82
is_linear=0
shrinkage=0.1


Tree=13
num_leaves=31
num_cat=0
split_feature=5 2 7 7 8 8 9 9 0 9 9 3 9 9 9 10 10 7 8 9 7 7 0 10 0 1 6 7 6 6
split_gain=0.000122577 1.90626e-05 2.16787e-06 4.6461e-07 4.90038e-07 7.4142e-07 1.3091e-07 8.81459e-12 5.33133e-12 1.37843e-12 6.81979e-13 5.68434e-13 1.26954e-10 7.22732e-10 1.6991e-09 2.39768e-13 5.00662e-13 1.81379e-13 1.00771e-13 3.55271e-14 1.30226e-14 1.27034e-14 3.59955e-15 1.51094e-15 8.88178e-16 8.88178e-16 8.88178e-16 3.42608e-16 5.55112e-17 1.38778e-17
threshold=6.5000000000000009 5.5000000000000009 430.50000000000006 891.50000000000011 3175.5000000000005 3700.5000000000005 0.035252692626346303 0.039786861148801408 5.5000000000000009 0.044568590937306009 0.045584415584415554 4.5000000000000009 0.011799512704490051 0.014670014347202252 0.015424266455194202 0.52277432712215333 0.56330128205128216 430.50000000000006 4288.0000000000009 0.033413078149920207 28.500000000000004 657.50000000000011 4.5000000000000009 0.53229166666666672 8.5000000000000018 8.5000000000000018 1758.5000000000002 1069.5000000000002 2538.5000000000005 3449.5000000000005
decision_type=2 2 2 2 2 2 2 2 2 2 2 2 2 2 2 2 2 2 2 2 2 2 2 2 2 2 2 2 2 2
left_child=6 7 -3 -4 -5 -6 11 8 -2 17 18 12 24 -14 -15 20 -17 -9 -11 -13 -12 -19 -22 -23 25 26 -1 -24 -28 -30
right_child=1 2 3 4 5 -7 -8 9 -10 10 15 19 13 14 -16 16 -18 21 -20 -21 22 23 27 -25 -26 -27 28 -29 29 -31
leaf_value=-0.066796279518452448 -0.066681568844060679 -0.067992720864491249 -0.068481030650667588 -0.068464788644970534 -0.068482063624306075 -0.067934656666344378 -0.066887148482406109 -0.066676412867603285 -0.066677219850598851 -0.066674630412889554 -0.066676559058159904 -0.066796279518452378 -0.066796279518451171 -0.066796279518440874 -0.066702641155644116 -0.066674757231659651 -0.066676358000341204 -0.066676886583777559 -0.066675454356156266 -0.06679634060495955 -0.066676305209473 -0.066677094533916223 -0.066676371111757143 -0.066677030916308097 -0.066796279518451504 -0.066796279518451893 -0.06679627951845199 -0.06667640455619904 -0.06679627951845199 -0.066796279518451282
leaf_weight=10.893655708059564 0.0058378668545618906 0.18486759603547398 0.27384738891851157 0.078946156048914418 0.03913440546602942 0.067279662296641618 0.15870566805824537 0.0052773525558222891 0.0054504726431332529 0.0026594754908728637 0.0042442540234333128 134.75016364641488 0.04938457254320372 0.0058099497109651566 0.0029075806120717473 0.0030406945993490808 0.0054661993481204263 0.0038964391987974514 0.0033594069200262311 0.10172258247621258 0.0065042602655012152 0.018529321081587113 0.0043654243199853235 0.0046794118597972547 0.13653381820768196 0.24692286271601993 0.3050223598256715 0.010295295447576791 0.17139351647347212 0.061004471965134144
leaf_count=3750 18 15 13 7 2 43 35 25 23 18 20 46386 17 2 170 20 26 19 22 35 30 79 20 21 47 85 105 47 59 21
internal_value=-0.0668028 -0.0680975 -0.0682819 -0.0683983 -0.068276 -0.068136 -0.0667964 -0.0666769 -0.0666795 -0.0666765 -0.0666761 -0.0667963 -0.0667963 -0.0667916 -0.066765 -0.0666762 -0.0666758 -0.0666769 -0.0666751 -0.0667963 -0.0666764 -0.0666771 -0.0666764 -0.0666771 -0.0667963 -0.0667963 -0.0667963 -0.0666764 -0.0667963 -0.0667963
internal_weight=147.611 0.727681 0.644075 0.459208 0.18536 0.106414 146.883 0.0836059 0.0112883 0.0723175 0.039935 146.725 11.8726 0.0581021 0.00871753 0.0339161 0.00850689 0.0323825 0.00601888 134.852 0.0254092 0.0271052 0.021165 0.0232087 11.8145 11.678 11.4311 0.0146607 0.53742 0.232398
internal_count=51180 468 80 65 52 45 50712 388 41 347 203 50677 4256 189 172 163 46 144 40 46421 117 119 97 100 4067 4020 3935 67 185 80
is_linear=0
shrinkage=0.1


Tree=14
num_leaves=28
num_cat=0
split_feature=5 7 8 9 4 2 6 6 6 4 1 2 7 9 9 8 0 4 8 4 4 9 9 9 9 4 4
split_gain=30.0739 0.397269 2.32775 0.216704 0.168358 0.0508808 0.0265543 0.0368455 0.0231049 0.00107704 0.00120019 0.000165231 0.000138959 1.80428e-10 8.46967e-12 3.52561e-12 3.12987e-13 5.68434e-14 4.20046e-14 2.84217e-14 2.84217e-14 4.26326e-14 1.42109e-14 1.42109e-14 1.42109e-14 1.77636e-15 1.77636e-15
threshold=6.5000000000000009 402.50000000000006 5329.5000000000009 0.035252692626346303 178.50000000000003 5.5000000000000009 -421.49999999999994 3086.5000000000005 2278.5000000000005 177.50000000000003 3.5000000000000004 5.5000000000000009 -23.499999999999996 0.039786861148801408 0.033413078149920207 5329.5000000000009 5.5000000000000009 196.50000000000003 3568.5000000000005 189.50000000000003 171.50000000000003 0.025856593682099253 0.024768039260792855 0.023599025408980102 0.02332381340949265 220.50000000000003 164.50000000000003
decision_type=2 2 2 2 2 2 2 2 2 2 2 2 2 2 2 2 2 2 2 2 2 2 2 2 2 2 2
left_child=3 2 6 14 5 9 -2 8 12 10 -3 13 -8 -6 17 18 -17 19 -15 20 21 22 23 24 -1 -19 -23
right_child=1 4 -4 -5 11 -7 7 -9 -10 -11 -12 -13 -14 15 -16 16 -18 25 -20 -21 -22 26 -24 -25 -26 -27 -28
leaf_value=-0.067027131086342701 0.12627878093187384 0.11911777023473893 0.36028307194058745 -0.019311615853110389 0.066700895128436785 0.098243282993964218 0.069927503157102805 0.1266581856683503 0.10513396354879628 0.12691449331132573 0.12573475073389848 0.071369837972010186 0.065723402375442649 0.06669005126902125 -0.067027680669937292 0.06669135893622942 0.066692005192477685 -0.067027131086376174 0.066690296596132459 -0.067027131086254785 -0.067027131085587333 -0.067027131078674446 -0.06702713107195582 -0.067027131076235549 -0.067027131078026311 -0.067027131086497077 -0.067027131060593284
leaf_weight=241.12936325270019 0.75241993408417362 0.4276500274245334 0.4781815018486667 0.95404689945280452 0.026737614360172191 0.79079841868951906 0.15550201840233058 0.37559525581855269 0.35055995784932747 2.9927760583768759 0.76349154548643128 0.6703657191246748 0.15902252882369594 0.014709725539432839 0.28124571312218805 0.013323080202098936 0.017128849085565889 19.801925546601016 0.013280935701914132 19.737737788110167 97.212370521783328 11.305070377349322 5.7528286810818079 7.6864850921046175 1.6929523448621058 0.46536129713058372 0.18453983798539653
leaf_count=30069 11 111 26 35 37 35 27 6 5 10 35 31 24 28 35 24 33 2469 25 2462 12153 1446 752 991 217 58 25
internal_value=-0.0631332 0.128854 0.164246 -0.0669151 0.114826 0.121506 0.111967 0.101619 0.0874793 0.125902 0.123359 0.0708427 0.0678019 0.0666941 -0.0670271 0.066691 0.0666917 -0.0670271 0.0666902 -0.0670271 -0.0670271 -0.0670271 -0.0670271 -0.0670271 -0.0670271 -0.0670271 -0.0670271
internal_weight=414.205 8.00154 2.27128 406.204 5.73026 4.97472 1.7931 1.04068 0.665085 4.18392 1.19114 0.755546 0.314525 0.0851802 405.25 0.0584426 0.0304519 404.969 0.0279907 384.701 364.964 267.751 256.262 250.509 242.822 20.2673 11.4896
internal_count=51180 468 99 50712 369 191 73 62 56 156 146 178 51 147 50677 110 57 50642 53 48115 45653 33500 32029 31277 30286 2527 1471
is_linear=0
shrinkage=0.1


Tree=15
num_leaves=31
num_cat=0
split_feature=5 2 9 1 7 2 7 2 8 7 4 8 7 7 10 10 9 5 3 6 9 1 7 10 6 2 9 7 8 6
split_gain=24.2194 0.282858 0.191599 0.117902 0.296897 0.110913 0.00739769 0.00205619 0.000221549 0.000225013 0.000174275 3.67794e-05 2.12361e-05 1.87446e-05 2.36732e-05 5.48197e-06 9.9476e-12 8.52651e-14 1.42109e-13 7.10543e-14 5.68434e-14 3.59712e-14 3.68594e-14 4.07452e-14 5.14033e-14 2.84217e-14 2.84217e-14 2.75335e-14 2.80609e-14 4.74898e-14
threshold=6.5000000000000009 7.5000000000000009 0.035252692626346303 1.5000000000000002 217.50000000000003 5.5000000000000009 -48.499999999999993 6.5000000000000009 5239.5000000000009 445.50000000000006 181.50000000000003 -571.49999999999989 2116.5000000000005 718.50000000000011 0.35599078341013829 0.48610038610038614 0.033413078149920207 3.5000000000000004 5.5000000000000009 -1026.4999999999998 0.019448997604337354 6.5000000000000009 -1227.4999999999998 0.38165266106442575 -1339.4999999999998 7.5000000000000009 0.012945119396732251 -403.49999999999994 1063.5000000000002 -2398.4999999999995
decision_type=2 2 2 2 2 2 2 2 2 2 2 2 2 2 2 2 2 2 2 2 2 2 2 2 2 2 2 2 2 2
left_child=2 3 16 4 -2 6 -5 -6 11 -10 -7 -8 13 15 -15 -13 17 20 19 21 25 22 -19 24 27 26 -1 28 29 -24
right_child=1 -3 -4 5 7 10 8 -9 9 -11 -12 12 -14 14 -16 -17 -18 18 -20 -21 -22 -23 23 -25 -26 -27 -28 -29 -30 -31
leaf_value=0.067096458909930046 -0.22502048666319779 -0.20313536128596157 0.024240689190600979 -0.097448798505067505 -0.10575337831223493 -0.06558856172199605 -0.11380881517941939 -0.11588477943174336 -0.11309602277795963 -0.10964265304745485 -0.068975736043323507 -0.11284959032981795 -0.11350097100587848 -0.11303653864248538 -0.11190331577240405 -0.11320314993860375 0.067097003850815226 0.067096445772187888 0.067096458919722476 0.067096450876454217 0.067096452203244714 0.067096457130606607 0.067096413039126238 0.06709643777372977 0.06709634750946232 0.067096458909930004 0.067096457562611553 0.067096432551122451 0.06709643711322294 0.067096328942737912
leaf_weight=398.18121880665399 0.31343795450810208 0.36457851579826606 1.0454786028712977 0.33261109518440424 0.4405946233460929 0.24930003862765993 0.73162115528248239 0.36732966241876763 0.36310828205831924 0.39276813475135786 0.38879957071912941 0.73219223452196036 0.7295877966826082 0.36485689839173563 0.37259614747745218 1.0934703852596781 0.33455336000770231 0.69692221702710688 47.553003042005002 7.0455969389005908 0.62054714971003377 0.46779706485711781 0.16229699471383663 0.63009409690690177 0.13365641447483112 21.680961635895073 4.0478773543338198 0.41051586704316101 0.11456256363967832 0.11456265697954748
leaf_count=41708 6 11 35 33 101 39 17 5 15 115 18 27 11 8 42 20 35 84 4981 806 70 50 26 82 32 2271 431 56 15 30
internal_value=0.0642844 -0.1173 0.0670037 -0.112747 -0.142409 -0.106963 -0.111869 -0.11036 -0.112872 -0.111302 -0.0676524 -0.113167 -0.113025 -0.112889 -0.112464 -0.113061 0.0670965 0.0670965 0.0670965 0.0670964 0.0670965 0.0670964 0.0670964 0.0670964 0.0670964 0.0670965 0.0670965 0.0670964 0.0670964 0.0670964
internal_weight=490.476 7.23685 483.24 6.87227 1.12136 5.75091 5.11281 0.807924 4.7802 0.755876 0.6381 4.02432 3.2927 2.56312 0.737453 1.82566 482.194 481.86 57.329 9.776 424.531 2.73041 2.26261 1.56569 0.935594 423.91 402.229 0.801938 0.391422 0.27686
internal_count=51180 468 50712 457 112 345 288 106 255 130 57 125 108 97 50 47 50677 50642 6162 1181 44480 375 325 241 159 44410 42139 127 71 56
is_linear=0
shrinkage=0.1


Tree=16
num_leaves=31
num_cat=0
split_feature=5 2 7 7 8 8 9 9 0 9 3 9 9 9 9 7 10 10 8 7 4 8 7 9 0 7 10 10 0 4
split_gain=7.64397e-05 1.18177e-05 2.09043e-06 3.2833e-07 3.15919e-07 5.56107e-07 1.1929e-07 6.77145e-12 3.36298e-12 1.85833e-12 7.38964e-13 1.64182e-10 9.3459e-10 2.19665e-09 3.72322e-13 3.4229e-13 9.11562e-14 2.88108e-13 7.77434e-14 1.4543e-13 5.75807e-14 3.3779e-14 3.09431e-14 2.84217e-14 7.10543e-15 7.10543e-15 1.58901e-15 1.32533e-15 8.88178e-16 8.88178e-16
threshold=6.5000000000000009 5.5000000000000009 430.50000000000006 891.50000000000011 3175.5000000000005 3700.5000000000005 0.035252692626346303 0.039786861148801408 5.5000000000000009 0.044568590937306009 4.5000000000000009 0.011799512704490051 0.014670014347202252 0.015424266455194202 0.045584415584415554 430.50000000000006 0.52277432712215333 0.56330128205128216 5239.5000000000009 908.50000000000011 179.50000000000003 4288.0000000000009 460.50000000000006 0.033413078149920207 13.500000000000002 657.50000000000011 0.52506265664160412 0.40270270270270275 8.5000000000000018 181.50000000000003
decision_type=2 2 2 2 2 2 2 2 2 2 2 2 2 2 2 2 2 2 2 2 2 2 2 2 2 2 2 2 2 2
left_child=6 7 -3 -4 -5 -6 10 8 -2 15 11 28 -13 -14 21 -9 18 -18 22 -20 -17 -11 -16 24 25 -12 -22 -21 29 -1
right_child=1 2 3 4 5 -7 -8 9 -10 14 23 12 13 -15 16 20 17 -19 19 27 26 -23 -24 -25 -26 -27 -28 -29 -30 -31
leaf_value=-0.066780102802345587 -0.066679589893716071 -0.06773093724844316 -0.068241743672562805 -0.068219373020985394 -0.068253816069287154 -0.067745917451554977 -0.066870734419974071 -0.066674741943869256 -0.066675883994996327 -0.066673383297183281 -0.066780102826936236 -0.066780102802345156 -0.066780102802333416 -0.0666663333449099 -0.06667510423228773 -0.066675333633168826 -0.066673434636926363 -0.0666747626256982 -0.066673960790614814 -0.066674708986558792 -0.066675792390310282 -0.066673900268937103 -0.066674735494641632 -0.066780158476534957 -0.06678010280234653 -0.066780102803614544 -0.066675729527568506 -0.066674787767186369 -0.066780102802345545 -0.066780102802346419
leaf_weight=9.1370780263096929 0.0050442956853647969 0.15112559949920978 0.23929606351885013 0.068607414432335645 0.034440085699316114 0.057633611955679953 0.14538279478438099 0.0043191819095227393 0.004758845127071254 0.0023028123464428054 80.956749795470387 0.043243409367278107 0.0050874599255621425 0.0025466342848927681 0.004566405779314664 0.0034637397038750342 0.0025475750958321433 0.0045540440237346047 0.0032389131956733772 0.0043416673870524392 0.014574786662706174 0.0028015135776513489 0.0045366068370640278 0.089073037961496904 0.31287878542207082 36.723829472670332 0.0055508645864392738 0.0042001911206170917 0.11955530825071115 1.0887164240702993
leaf_count=3592 18 15 13 7 2 43 35 25 23 18 31826 17 2 170 25 18 20 26 20 24 71 22 25 35 123 14437 30 23 47 428
internal_value=-0.0667856 -0.0678915 -0.0680478 -0.0681675 -0.0680569 -0.0679359 -0.0667802 -0.0666754 -0.0666778 -0.066675 -0.0667801 -0.0667801 -0.0667744 -0.0667422 -0.0666745 -0.0666756 -0.0666746 -0.0666743 -0.0666747 -0.0666745 -0.0666757 -0.0666737 -0.0666749 -0.0667801 -0.0667801 -0.0667801 -0.0666758 -0.0666747 -0.0667801 -0.0667801
internal_weight=129.246 0.621904 0.551103 0.399977 0.160681 0.0920737 128.624 0.0708014 0.00980314 0.0609983 128.479 10.3962 0.0508775 0.00763409 0.0330897 0.0279086 0.0279854 0.00710162 0.0208838 0.0117808 0.0235894 0.00510433 0.00910301 118.083 117.993 117.681 0.0201257 0.00854186 10.3453 10.2258
internal_count=51180 468 80 65 52 45 50712 388 41 347 50677 4256 189 172 203 144 163 46 117 67 119 40 50 46421 46386 46263 101 47 4067 4020
is_linear=0
shrinkage=0.1


Tree=17
num_leaves=31
num_cat=0
split_feature=5 2 9 4 1 4 6 7 8 2 6 0 9 7 9 8 0 8 0 4 7 7 7 8 7 7 9 9 9 9
split_gain=25.0174 0.264312 0.236282 0.153308 0.0914822 0.00841792 0.0485203 0.000474385 0.000157055 0.000109132 8.49878e-06 3.44501e-05 1.26646e-10 6.79076e-12 5.65592e-12 3.59121e-12 3.58587e-12 1.84416e-12 1.99464e-13 2.84217e-14 2.84217e-14 2.84217e-14 2.84217e-14 2.69351e-14 1.42109e-14 2.84217e-14 1.42109e-14 1.42109e-14 1.42109e-14 1.42109e-14
threshold=6.5000000000000009 7.5000000000000009 0.035252692626346303 178.50000000000003 1.5000000000000002 177.50000000000003 2620.5000000000005 302.50000000000006 4068.5000000000005 5.5000000000000009 -492.49999999999994 1.5000000000000002 0.039786861148801408 430.50000000000006 0.033413078149920207 5329.5000000000009 5.5000000000000009 4451.5000000000009 5.5000000000000009 194.50000000000003 2002.5000000000002 1601.5000000000002 1285.5000000000002 3568.5000000000005 569.50000000000011 -132.49999999999997 0.022663071391884903 0.021680376028202105 0.018972343871857904 0.017817460317460256
decision_type=2 2 2 2 2 2 2 2 2 2 2 2 2 2 2 2 2 2 2 2 2 2 2 2 2 2 2 2 2 2
left_child=2 3 14 4 -2 6 7 -6 -8 12 -9 -12 -5 -14 19 23 -13 -18 -17 20 21 22 24 -15 25 26 27 28 29 -1
right_child=1 -3 -4 9 5 -7 8 10 -10 -11 11 16 13 15 -16 18 17 -19 -20 -21 -22 -23 -24 -25 -26 -27 -28 -29 -30 -31
leaf_value=-0.066981945586450195 0.14049066235016694 0.19362233169401308 -0.016682660191815604 0.06669570349345387 0.061571496967931051 0.11186502357517279 0.11331183391531896 0.070708803636258449 0.11081309830899436 0.070522259627803327 0.070522669107787025 0.066687086338715604 0.066684402359850348 0.066686486801590103 -0.066982424687060657 0.066687972730474013 0.06668390874186006 0.066685990994678909 0.066688528133578201 -0.06698194558624429 -0.066981945586216354 -0.066981945586197467 -0.0669819455862114 0.066686700154738363 -0.06698194558567061 -0.066981945584755051 -0.066981945570696894 -0.066981945576083543 -0.066981945573946697 -0.06698194556345774
leaf_weight=150.5353008816025 1.1579196158654657 0.39596490577241628 0.93637752160429855 0.023722264071693533 0.10471580541343417 3.9860169646108261 0.7315561363357117 0.081578554032602502 0.38335776711915059 0.78128272865433246 0.07753181457519609 0.016437989615951665 0.008370582232146262 0.012468258442822844 0.24632155895233054 0.011495291051687673 0.0079880736884661019 0.0090973529586335644 0.014780265703848272 22.037097550106466 17.026749798671574 14.756984968778907 16.366199043222935 0.01126135207596235 53.139200247817769 67.277797494063577 10.95530509400538 1.2227216509203049 1.1805588433711864 0.18270554135972261
leaf_count=21422 42 11 35 39 44 15 15 2 54 30 1 37 24 28 35 24 21 23 33 3137 2424 2101 2330 25 7579 9625 1641 180 175 28
internal_value=-0.0629627 0.114017 -0.0668496 0.109769 0.114985 0.109515 0.10288 0.0669889 0.112453 0.0701578 0.0699338 0.0693645 0.0666895 0.066687 -0.0669819 0.0666875 0.066686 0.066685 0.0666883 -0.0669819 -0.0669819 -0.0669819 -0.0669819 0.0666866 -0.0669819 -0.0669819 -0.0669819 -0.0669819 -0.0669819 -0.0669819
internal_weight=363.679 7.81555 355.863 7.41958 6.5562 5.39828 1.41226 0.29735 1.11491 0.863381 0.192634 0.111055 0.082098 0.0583757 354.927 0.0500052 0.0335234 0.0170854 0.0262756 354.681 332.644 315.617 300.86 0.0237296 284.494 231.354 164.077 153.121 151.899 150.718
internal_count=51180 468 50712 457 254 212 197 128 69 203 84 82 173 134 50677 110 81 44 57 50642 47505 45081 42980 53 40650 33071 23446 21805 21625 21450
is_linear=0
shrinkage=0.1


Tree=18
num_leaves=28
num_cat=0
split_feature=5 9 2 1 7 2 7 7 2 9 8 8 7 7 10 7 9 3 9 9 9 0 6 0 4 6 6
split_gain=20.5361 0.209926 0.134554 0.0627692 0.137817 0.0647924 0.00172476 0.0023594 0.000859666 0.000243149 0.000176371 2.06261e-05 9.96196e-06 9.26987e-06 1.42388e-05 6.90418e-07 6.42331e-12 8.52651e-14 1.5314e-11 8.71948e-11 2.05116e-10 2.84217e-14 3.55271e-15 8.88178e-16 4.44089e-16 4.44089e-16 4.44089e-16
threshold=6.5000000000000009 0.035252692626346303 7.5000000000000009 1.5000000000000002 217.50000000000003 5.5000000000000009 42.500000000000007 -48.499999999999993 6.5000000000000009 0.041328615872628503 5329.5000000000009 -571.49999999999989 2116.5000000000005 718.50000000000011 0.35599078341013829 891.50000000000011 0.033413078149920207 4.5000000000000009 0.011799512704490051 0.014670014347202252 0.015424266455194202 11.500000000000002 -20.499999999999996 8.5000000000000018 201.50000000000003 3257.5000000000005 2786.5000000000005
decision_type=2 2 2 2 2 2 2 2 2 2 2 2 2 2 2 2 2 2 2 2 2 2 2 2 2 2 2
left_child=1 16 3 4 -2 6 7 -5 -6 -7 11 -8 13 -13 -15 -11 17 18 22 -20 -21 -19 -1 24 25 26 -24
right_child=2 -3 -4 5 8 9 10 -9 -10 15 -12 12 -14 14 -16 -17 -18 21 19 20 -22 -23 23 -25 -26 -27 -28
leaf_value=0.067042551601583386 -0.17684275703669133 0.021652967443769697 -0.16398467854701196 -0.091670632486248849 -0.097990112482443784 -0.064102414778798217 -0.10430617706191654 -0.10373388987131203 -0.10476588211248508 -0.068369030655294455 -0.1015232358451687 -0.10373276573310833 -0.10403845142828148 -0.10375721612558669 -0.10285503400187945 -0.068640462313657599 0.067043020063468378 0.06704255160236651 0.067042551601583109 0.067042551601579195 0.067023372328507788 0.067042551601583206 0.067042551601582651 0.067042551601582831 0.067042551601582803 0.067042551601582664 0.067042551601582664
leaf_weight=24.921235237270565 0.35293472287595562 1.0214137993752945 0.39085352176849575 0.30518828358708561 0.4055375713771987 0.18843963663675856 0.69527318229665924 0.34589060896723722 0.34786141134286641 0.18601142153693218 0.36868187713169298 1.7308623466777548 0.69278167955053493 0.34630252263741557 0.35352426963072503 0.18885476561475167 0.29306082520633836 382.46569544542581 0.14216812048107241 0.016725661233067513 0.0083649165816983562 5.4525655619800082 8.0366802224891156 0.32615039404481727 0.29269907157868225 0.21743359602987844 0.21743359602987844
leaf_count=2980 6 35 11 33 101 9 17 9 5 17 123 41 11 8 46 31 35 45734 17 2 170 652 961 39 35 26 26
internal_value=0.0641445 0.0669331 -0.106997 -0.103575 -0.125276 -0.0991306 -0.102867 -0.0980793 -0.101119 -0.0670327 -0.103612 -0.103814 -0.103704 -0.103609 -0.103301 -0.0685058 0.0670426 0.0670426 0.0670425 0.0670416 0.0670362 0.0670426 0.0670426 0.0670426 0.0670426 0.0670426 0.0670426
internal_weight=430.311 423.412 6.899 6.50814 1.10633 5.40181 4.8385 0.651079 0.753399 0.563306 4.18743 3.81874 3.12347 2.43069 0.699827 0.374866 422.39 422.097 34.1789 0.167259 0.0250906 387.918 34.0116 9.0904 8.76425 8.47155 8.25411
internal_count=51180 50712 468 457 112 345 288 42 106 57 246 123 106 95 54 48 50677 50642 4256 189 172 46386 4067 1087 1048 1013 987
is_linear=0
shrinkage=0.1


Tree=19
num_leaves=26
num_cat=0
split_feature=5 2 7 4 9 9 0 4 3 9 9 9 4 7 10 10 8 7 9 6 1 4 9 10 0
split_gain=4.925e-05 7.61624e-06 1.32893e-06 3.18008e-07 1.07772e-07 4.82077e-12 2.26649e-12 1.63301e-12 9.73444e-13 2.14305e-10 1.21978e-09 2.86614e-09 3.63777e-13 2.42365e-13 7.89369e-14 2.82687e-13 7.04593e-14 3.08807e-14 1.42109e-14 1.2961e-14 1.21218e-14 1.77636e-15 1.53696e-15 9.33281e-16 8.67362e-19
threshold=6.5000000000000009 5.5000000000000009 430.50000000000006 178.50000000000003 0.035252692626346303 0.039786861148801408 5.5000000000000009 178.50000000000003 4.5000000000000009 0.011799512704490051 0.014670014347202252 0.015424266455194202 174.50000000000003 430.50000000000006 0.52277432712215333 0.56125000000000014 2291.5000000000005 538.50000000000011 0.033841044434264708 2786.5000000000005 2.5000000000000004 204.50000000000003 0.043597053932050357 0.51925925925925942 4.5000000000000009
decision_type=2 2 2 2 2 2 2 2 2 2 2 2 2 2 2 2 2 2 2 2 2 2 2 2 2
left_child=4 5 -3 -4 8 6 -2 12 9 21 -11 -12 14 -9 16 -16 -7 -18 -10 20 -19 -1 23 24 -15
right_child=1 2 3 -5 -6 7 -8 13 18 10 11 -13 -14 22 15 -17 17 19 -20 -21 -22 -23 -24 -25 -26
leaf_value=-0.066765950640785041 -0.066677975213181404 -0.067588863497434343 -0.067838431952847791 -0.068036096467913781 -0.066855859552225838 -0.066673969863679086 -0.066674722272512407 -0.066673728576710375 -0.066765950656105522 -0.066765950640782279 -0.066765950640770441 -0.066627083219448394 -0.066672456653072615 -0.066674652589263653 -0.066672280071030612 -0.066673659665661356 -0.066673201419831324 -0.066673514885027291 -0.066766000753351554 -0.066673426240340936 -0.066673758938229508 -0.066765950640783361 -0.066674574209375503 -0.066674594050603234 -0.066674653469918022
leaf_weight=9.0003446198534487 0.0044179725446146234 0.13261105352285085 0.13104326699249214 0.21481397638854105 0.13347198581322928 0.0039503753391727505 0.0041575666109565645 0.0036187282885293817 103.33135925093666 0.037863365141675653 0.0044545135460793963 0.0022304733026139445 0.0039103887083911095 0.0035932184109697118 0.0022433072533658551 0.0043953454378424794 0.0028829171424149544 0.0039980367146199569 0.060164661845191314 0.00440818801871501 0.0041453177691437304 0.057908676099032941 0.0051698508823392322 0.0035933109988945952 0.0068270758201833814
leaf_count=4041 18 15 34 31 35 25 23 24 46394 17 2 170 37 20 21 29 20 26 27 29 26 26 30 22 38
internal_value=-0.0667706 -0.0677235 -0.067858 -0.0679612 -0.0667661 -0.0666742 -0.0666764 -0.0666738 -0.0667659 -0.0667659 -0.066759 -0.0667196 -0.0666734 -0.0666745 -0.0666735 -0.0666732 -0.0666736 -0.0666735 -0.066766 -0.0666736 -0.0666736 -0.066766 -0.0666746 -0.0666746 -0.0666747
internal_weight=113.168 0.53978 0.478468 0.345857 112.628 0.0613116 0.00857554 0.0527361 112.494 9.1028 0.0445484 0.00668499 0.0299339 0.0228022 0.0260235 0.00663865 0.0193848 0.0154345 103.392 0.0125515 0.00814335 9.05825 0.0191835 0.0140136 0.0104203
internal_count=51180 468 80 65 50712 388 41 347 50677 4256 189 172 213 134 176 50 126 101 46421 81 52 4067 110 80 58
is_linear=0
shrinkage=0.1


Tree=20
num_leaves=31
num_cat=0
split_feature=5 9 2 4 1 0 7 8 10 10 2 1 2 8 10 8 7 4 9 9 9 7 8 7 4 8 8 8 8 8
split_gain=21.2519 0.254628 0.130181 0.0855056 0.0494091 0.00482464 0.0025252 0.000319302 0.000370123 2.60537e-05 1.67518e-05 1.11023e-05 9.09577e-06 5.96933e-06 1.15038e-05 3.13329e-06 1.35402e-05 6.75822e-11 1.23533e-11 3.86535e-12 2.84143e-12 1.62924e-12 2.83633e-13 1.41546e-13 5.68434e-14 2.84217e-14 1.42109e-14 1.42109e-14 2.84217e-14 1.42109e-14
threshold=6.5000000000000009 0.035252692626346303 7.5000000000000009 178.50000000000003 1.5000000000000002 3.5000000000000004 287.50000000000006 5239.5000000000009 0.267479674796748 0.46247654784240155 6.5000000000000009 3.5000000000000004 6.5000000000000009 -2816.4999999999995 0.46547619047619054 -991.49999999999989 245.50000000000003 200.50000000000003 0.040653405737221059 0.033413078149920207 0.040653405737221059 764.50000000000011 6485.5000000000009 1184.5000000000002 195.50000000000003 6054.5000000000009 5871.0000000000009 5594.5000000000009 5071.5000000000009 3636.5000000000005
decision_type=2 2 2 2 2 2 2 2 2 2 2 2 2 2 2 2 2 2 2 2 2 2 2 2 2 2 2 2 2 2
left_child=1 19 3 4 -2 -6 -7 11 -9 10 17 -8 13 -11 -15 -16 -17 20 -18 24 -5 -22 -23 -20 25 26 27 28 29 -1
right_child=2 -3 -4 9 5 6 7 8 -10 12 -12 -13 -14 14 15 16 18 -19 23 -21 21 22 -24 -25 -26 -27 -28 -29 -30 -31
leaf_value=-0.066942443602568069 0.12409895137062484 -0.014310589371353634 0.15894019383025623 0.06668626150223804 0.091724310725651653 0.097816147611951884 0.10358747492457064 0.10388852394372855 0.099396316974540155 0.070303659906573793 0.069326603078439825 0.10399998485281976 0.070271181567515231 0.070278148375172197 0.069329925656910804 0.069277564035274283 0.066688739818289794 0.066693709022762102 0.06668386217854036 -0.066942868275254572 0.066682715825776534 0.066684135665650832 0.06668495610177172 0.066684376124427389 -0.066942443611488586 -0.066942443614926364 -0.066942443617101527 -0.066942443606803056 -0.066942443612889146 -0.066942443609632626
leaf_weight=226.656202182192 1.1366708189616463 0.92192246951162715 0.41639468321955053 0.0075267340434946864 0.50121912256872736 1.0751808848172002 1.0464597007780874 0.34535656636580814 0.39113544964834546 0.073584504425525665 0.056117549742339179 1.7328264866955576 0.36943050034460612 0.073848216648912057 0.056046665617031977 0.057871208962751552 0.0080433409639226738 0.010932465316727757 0.0085694523304482573 0.21571411518379946 0.0067387964663794256 0.0082376167993061244 0.0086262874538078904 0.014302617841167375 17.237219183347179 33.865197145915602 2.1354213036736374 3.2862103160889822 6.5108810799335961 20.917282456671785
leaf_count=36979 42 35 11 18 29 41 38 2 81 1 2 21 11 2 2 6 18 19 26 35 20 21 21 36 2802 5508 348 537 1059 3409
internal_value=-0.0628097 -0.0667868 0.104621 0.101385 0.105248 0.10104 0.102057 0.103354 0.101503 0.0697159 0.0681957 0.103845 0.0699414 0.0695246 0.0692624 0.0687445 0.068375 0.0666869 0.0666854 -0.0669424 0.0666846 0.066684 0.0666846 0.0666842 -0.0669424 -0.0669424 -0.0669424 -0.0669424 -0.0669424 -0.0669424
internal_weight=319.151 311.746 7.40512 6.98872 6.22885 5.09218 4.59096 3.51578 0.736492 0.759876 0.0981794 2.77929 0.661697 0.292266 0.218682 0.144833 0.0887866 0.0420619 0.0309154 310.824 0.0311294 0.0236027 0.0168639 0.0228721 310.608 293.371 259.506 257.371 254.084 247.573
internal_count=51180 50712 468 457 254 212 183 142 83 203 101 59 102 91 90 88 86 99 80 50677 80 62 42 62 50642 47840 42332 41984 41447 40388
is_linear=0
shrinkage=0.1


Tree=21
num_leaves=31
num_cat=0
split_feature=5 9 2 4 1 7 4 6 6 7 10 2 2 8 10 6 0 8 7 9 9 9 8 8 0 3 9 9 9 4
split_gain=17.5752 0.227284 0.0674584 0.0353871 0.0292579 0.0013476 0.000842493 0.0062776 0.000285988 1.11754e-05 3.34518e-06 2.2531e-06 1.16498e-06 7.62026e-07 1.48084e-06 6.13758e-07 2.76413e-06 3.70467e-07 1.81116e-06 1.25106e-11 4.34852e-12 2.72993e-12 5.70488e-13 4.35857e-13 3.11916e-13 1.13687e-13 2.28138e-11 1.29904e-10 3.05555e-10 8.20351e-14
threshold=6.5000000000000009 0.035252692626346303 7.5000000000000009 178.50000000000003 1.5000000000000002 287.50000000000006 177.50000000000003 2620.5000000000005 1615.5000000000002 2116.5000000000005 0.46247654784240155 6.5000000000000009 6.5000000000000009 -2816.4999999999995 0.46547619047619054 -492.49999999999994 1.5000000000000002 -991.49999999999989 245.50000000000003 0.039786861148801408 0.033413078149920207 0.040215445041298405 2545.5000000000005 5329.5000000000009 5.5000000000000009 4.5000000000000009 0.011799512704490051 0.014670014347202252 0.015424266455194202 188.50000000000003
decision_type=2 2 2 2 2 2 2 2 2 2 2 2 2 2 2 2 2 2 2 2 2 2 2 2 2 2 2 2 2 2
left_child=1 20 3 4 -2 8 7 15 -6 -9 11 19 13 -12 -15 -7 -17 -16 -19 -5 25 -20 -18 -21 -24 26 -1 -28 -29 -23
right_child=2 -3 -4 10 5 6 -8 9 -10 -11 12 -13 -14 14 17 16 22 18 21 23 -22 29 24 -25 -26 -27 27 28 -30 -31
leaf_value=0.066995431749803033 -0.11387220621244208 0.019281467232620229 -0.13919016097903184 -0.06668011641724722 -0.094299131269976869 -0.068448840775257758 -0.097024266459661723 -0.096211253088394053 -0.090729573826540802 -0.097038195361848892 -0.068542625233025664 -0.068045087997746639 -0.068530559441038849 -0.068528282315364217 -0.068048079123687863 -0.06836556105067608 -0.066673523896050885 -0.068027902906691487 -0.066678260560945848 -0.066674299584527016 0.066995843739543717 -0.066674759144781423 -0.066675604825883014 -0.066675472186736445 -0.066674491578418274 0.066995431749002896 0.066995431749803075 0.066995431749798384 0.066970420098974914 -0.066675301897420811
leaf_weight=29.789934660307903 1.0503502500410125 1.0010391138494004 0.39942728175333009 0.0072920557631731544 0.35642338026263987 0.038318593535222822 2.9093097798667182 0.32979922573575893 0.60617604774449774 0.32394475036216086 0.039930261671543121 0.030175264488207176 0.20071283688594121 0.039975604377104901 0.030109047933365218 0.036348909139633734 0.0030708246267749937 0.03101660541142337 0.0033656275031717095 0.0059762694290839136 0.25668485229834814 0.0059695544080682339 0.0053422101932483201 0.0067503450727599557 0.0047588282639345891 339.76786556467414 0.12452148739248592 0.014649586752057076 0.0073273487966414299 0.005219910804612482
leaf_count=4067 42 35 11 27 34 2 13 55 17 9 1 2 11 2 2 1 21 6 15 35 35 34 28 37 32 46386 17 2 170 31
internal_value=0.0640169 0.0668667 -0.099383 -0.0967637 -0.0988091 -0.0953797 -0.0962573 -0.0932485 -0.0920513 -0.096621 -0.0682637 -0.0674994 -0.0683714 -0.068166 -0.0680359 -0.0681483 -0.0679158 -0.0677759 -0.067596 -0.0666768 0.0669954 -0.0666758 -0.0666747 -0.0666749 -0.0666751 0.0669954 0.0669954 0.0669942 0.0669871 -0.066675
internal_weight=377.432 370.962 6.46976 6.07034 5.66384 4.61349 3.65089 0.741583 0.962599 0.653744 0.406493 0.0501939 0.356299 0.155587 0.115656 0.0878394 0.0495208 0.0756807 0.0455717 0.0200187 369.961 0.0145551 0.0131719 0.0127266 0.010101 369.704 29.9364 0.146498 0.0219769 0.0111895
internal_count=51180 50712 468 457 254 212 161 148 51 64 203 101 102 91 90 84 82 88 86 99 50677 80 81 72 60 50642 4256 189 172 65
is_linear=0
shrinkage=0.1


Tree=22
num_leaves=31
num_cat=0
split_feature=5 2 7 4 9 4 9 3 9 9 9 4 7 6 8 4 4 7 4 10 9 9 0 0 0 0 10 4 8 4
split_gain=3.17173e-05 4.8882e-06 8.80317e-07 3.1939e-07 9.6615e-08 3.67716e-12 1.68858e-12 1.27187e-12 2.82216e-10 1.60611e-09 3.77249e-09 2.27634e-13 1.6411e-13 5.24233e-14 3.36666e-14 2.05404e-14 1.94233e-14 1.89892e-14 1.42109e-14 1.03277e-14 7.10543e-15 1.08247e-15 8.88178e-16 8.88178e-16 8.88178e-16 8.88178e-16 6.58328e-16 4.44089e-16 1.11022e-16 1.38778e-17
threshold=6.5000000000000009 5.5000000000000009 430.50000000000006 178.50000000000003 0.035252692626346303 178.50000000000003 0.039786861148801408 4.5000000000000009 0.011799512704490051 0.014670014347202252 0.015424266455194202 174.50000000000003 430.50000000000006 2244.5000000000005 2349.5000000000005 168.50000000000003 162.50000000000003 702.50000000000011 186.50000000000003 0.48610038610038614 0.033241252302025757 0.043597053932050357 12.500000000000002 10.500000000000002 9.5000000000000018 6.5000000000000009 0.51925925925925942 205.50000000000003 2411.5000000000005 199.50000000000003
decision_type=2 2 2 2 2 2 2 2 2 2 2 2 2 2 2 2 2 2 2 2 2 2 2 2 2 2 2 2 2 2
left_child=4 5 -3 -4 7 11 -7 8 27 -10 -11 13 -8 14 -2 16 -16 -15 20 -19 -9 26 23 24 25 -20 -14 -1 -27 -25
right_child=1 2 3 -5 -6 6 12 18 9 10 -12 -13 21 17 15 -17 -18 19 22 -21 -22 -23 -24 29 -26 28 -28 -29 -30 -31
leaf_value=-0.066753560381719451 -0.066672763151327821 -0.067460140880484631 -0.067650383686467572 -0.06786447827749853 -0.066842317724109993 -0.066675279967060117 -0.066672842557141676 -0.066753560386792518 -0.066753560381717647 -0.06675356038170234 -0.06658331636086863 -0.066671566845161803 -0.066673656598456157 -0.066671957391625555 -0.066672360067563968 -0.066672185949227594 -0.066672720828185511 -0.066672411425877418 -0.066753560381706795 -0.066672157096384063 -0.066753592692130936 -0.066673585749135719 -0.066753560381717966 -0.066753560381718854 -0.066753560381718979 -0.066753560381719243 -0.066673603524106159 -0.066753560381717994 -0.066753560381719396 -0.066753560381718174
leaf_weight=7.8898693518713179 0.0048791744920880795 0.11523691289039562 0.11046476308547426 0.18872908001503674 0.12278471770696242 0.0073060298454947761 0.0031651619869990091 78.461884161806665 0.033150711562484392 0.00390008371323347 0.0019536262071468968 0.0035566984840897922 0.0091198096488369629 0.0018839503454728401 0.0031313296567532234 0.0024046518374234438 0.0028512964709079824 0.0042593261023284867 9.5571551406755955 0.0025540223473399237 0.089734563371165588 0.00452407206648786 0.079951716121286931 0.19890426937490779 0.26130560878664333 0.63181356154382307 0.0031444684973394041 0.040950878988951334 1.1895255325362084 0.052651130128651857
leaf_count=4046 36 15 34 31 35 39 24 40236 17 2 170 39 58 19 25 20 21 33 4901 22 46 30 41 102 134 324 22 21 610 27
internal_value=-0.0667576 -0.0675795 -0.067695 -0.0677854 -0.0667537 -0.0666732 -0.066674 -0.0667536 -0.0667535 -0.066745 -0.0666967 -0.0666723 -0.0666735 -0.0666724 -0.0666726 -0.0666724 -0.0666725 -0.0666722 -0.0667536 -0.0666723 -0.0667536 -0.0666736 -0.0667536 -0.0667536 -0.0667536 -0.0667536 -0.0666736 -0.0667536 -0.0667536 -0.0667536
internal_weight=99.0827 0.467211 0.414431 0.299194 98.6155 0.05278 0.0272595 98.4928 7.96982 0.0390044 0.00585371 0.0255204 0.0199535 0.0219638 0.0132665 0.00838728 0.00598263 0.0086973 90.5229 0.00681335 78.5516 0.0167884 11.9713 11.8914 11.6398 11.3785 0.0122643 7.93082 1.82134 0.251555
internal_count=51180 468 80 65 50712 388 173 50677 4256 189 172 215 134 176 102 66 46 74 46421 55 40282 110 6139 6098 5969 5835 80 4067 934 129
is_linear=0
shrinkage=0.1


Tree=23
num_leaves=31
num_cat=0
split_feature=5 9 2 4 1 0 7 8 10 10 2 2 1 8 10 8 7 4 9 9 9 7 8 7 4 7 6 6 6 9
split_gain=18.2026 0.271564 0.0668056 0.0495441 0.0278824 0.00311637 0.00130842 0.00014651 0.000183131 1.70819e-05 1.10535e-05 6.05356e-06 5.50196e-06 3.89562e-06 7.54014e-06 2.02679e-06 8.93788e-06 4.23445e-11 7.92529e-12 2.57216e-12 1.78654e-12 1.07057e-12 1.82489e-13 1.07052e-13 2.84217e-14 2.84217e-14 1.42109e-14 1.42109e-14 1.42109e-14 1.42109e-14
threshold=6.5000000000000009 0.035252692626346303 7.5000000000000009 178.50000000000003 1.5000000000000002 3.5000000000000004 287.50000000000006 5239.5000000000009 0.267479674796748 0.46247654784240155 6.5000000000000009 6.5000000000000009 3.5000000000000004 -2816.4999999999995 0.46547619047619054 -991.49999999999989 245.50000000000003 200.50000000000003 0.040653405737221059 0.033413078149920207 0.040653405737221059 764.50000000000011 6485.5000000000009 1184.5000000000002 194.50000000000003 943.50000000000011 1113.5000000000002 732.50000000000011 -725.49999999999989 0.022792207792207756
decision_type=2 2 2 2 2 2 2 2 2 2 2 2 2 2 2 2 2 2 2 2 2 2 2 2 2 2 2 2 2 2
left_child=1 19 3 4 -2 -6 -7 12 -9 10 17 13 -8 -11 -15 -16 -17 20 -18 24 -5 -22 -23 -20 25 26 27 28 29 -1
right_child=2 -3 -4 9 5 6 7 8 -10 11 -12 -13 -14 14 15 16 18 -19 23 -21 21 22 -24 -25 -26 -27 -28 -29 -30 -31
leaf_value=-0.066907903881258293 0.11248785038778514 -0.012190627308979103 0.13622578644603872 0.066683498203410491 0.086930268637152211 0.092406850844443875 0.096707255199536227 0.096980848092865071 0.093703231094061382 0.069832614226246134 0.068985327073914457 0.069811839580689719 0.097007846432399888 0.06981099573131519 0.06898841847226421 0.068944705530674166 0.066685667186235809 0.066689859562629225 0.066681430907409786 -0.066908272707490682 0.066680440552283435 0.066681686052015271 0.066682395713482487 0.066681912898823678 -0.066907903888563977 -0.066907903924160503 -0.06690790393256181 -0.066907903954138606 -0.066907903981820505 -0.066907905823071101
leaf_weight=96.939694021285277 1.0898088296576123 0.9100669901818027 0.42070515216619231 0.0064731378224677219 0.46052162539854169 0.99217380768095598 0.9762699563884788 0.32273561393958505 0.36131769336520847 0.064921259880065918 0.049399140494642779 0.32655280668404885 1.6183128597913308 0.065143452549818903 0.049332283000694588 0.050902576389489695 0.0069192775890769545 0.0093803899653721601 0.0073637243508528618 0.1888945559039702 0.0057888733354047863 0.0070822541892994195 0.007419860310619697 0.012313580926274881 16.899376281176473 53.974538578409977 33.701753634973215 10.993216754672373 53.311712495015115 6.1702128602379949
leaf_count=18006 42 35 11 18 29 41 38 2 81 1 2 11 21 2 2 6 18 19 26 35 20 21 21 36 3137 10027 6263 2047 9937 1225
internal_value=-0.0626695 -0.0667256 0.0976088 0.0951055 0.0980675 0.0947459 0.0955886 0.0965515 0.0952496 0.0693327 0.068013 0.0695261 0.0968947 0.069163 0.0689365 0.0684874 0.0681684 0.0666841 0.0666828 -0.0669079 0.0666821 0.0666816 0.066682 0.0666817 -0.0669079 -0.0669079 -0.0669079 -0.0669079 -0.0669079 -0.0669079
internal_weight=280 273.089 6.91084 6.49013 5.82114 4.73133 4.27081 3.27864 0.684053 0.668993 0.0855437 0.583449 2.59458 0.256896 0.191975 0.126831 0.0774992 0.0361445 0.0265966 272.179 0.0267641 0.020291 0.0145021 0.0196773 271.991 255.091 201.117 167.415 156.422 103.11
internal_count=51180 50712 468 457 254 212 183 142 83 203 101 102 59 91 90 88 86 99 80 50677 80 62 42 62 50642 47505 37478 31215 29168 19231
is_linear=0
shrinkage=0.1


Tree=24
num_leaves=23
num_cat=0
split_feature=5 9 2 1 7 2 9 7 2 8 8 8 8 8 7 9 3 9 9 9 4 4
split_gain=15.1343 0.243508 0.0354588 0.0220942 0.0432128 0.0261427 0.000609235 0.000525637 0.000199048 5.20754e-05 2.09594e-05 3.13204e-06 2.86381e-06 8.19153e-07 2.76758e-07 2.84217e-12 1.7053e-13 3.40137e-11 1.93644e-10 4.55426e-10 2.84217e-14 1.77636e-15
threshold=6.5000000000000009 0.035252692626346303 7.5000000000000009 1.5000000000000002 217.50000000000003 5.5000000000000009 0.041328615872628503 42.500000000000007 6.5000000000000009 5329.5000000000009 892.50000000000011 3312.5000000000005 3116.5000000000005 3858.5000000000005 891.50000000000011 0.033413078149920207 4.5000000000000009 0.011799512704490051 0.014670014347202252 0.015424266455194202 223.50000000000003 106.50000000000001
decision_type=2 2 2 2 2 2 2 2 2 2 2 2 2 2 2 2 2 2 2 2 2 2
left_child=1 15 3 4 -2 7 -7 -5 -6 10 -9 12 -12 -13 -8 16 17 21 -19 -20 -18 -1
right_child=2 -3 -4 5 8 6 14 9 -10 -11 11 13 -14 -15 -16 -17 20 18 19 -21 -22 -23
leaf_value=0.066954241279744947 -0.13187672594424762 0.017125180641262821 -0.12263613204485982 -0.088226315968853677 -0.087263286414334645 -0.060178327925464403 -0.067951422438794637 -0.092071312063145144 -0.090840972491151306 -0.090313789685943807 -0.091091230415683913 -0.091639891235033466 -0.091528373181900907 -0.091504647464787786 -0.068148732807079226 0.066954599266721176 0.066954241274085044 0.066954241279717719 0.066954241279714277 0.066921613394884477 0.066954241279719481 0.066954241279719481
leaf_weight=0.14112909231320969 0.37548997797420103 0.98370259255170722 0.39399541449760356 0.55051627532577629 0.33069970755220268 0.15024963856558349 0.14142058783590983 0.90345007013093059 0.29354593522300743 0.31430349517710254 0.30210873604835375 0.89399855569354236 0.29738449293654412 0.89739835135696921 0.14294179381415573 0.22480144305154581 297.35899755498394 0.10905429860576976 0.01282991748303175 0.0064180117712195886 0.205278679728507 25.948508109431714
leaf_count=22 6 35 11 42 101 9 17 26 5 123 42 12 4 39 31 35 46354 17 2 170 32 4045
internal_value=0.0639009 0.0668034 -0.0936403 -0.0915979 -0.10507 -0.088666 -0.0653291 -0.0911046 -0.0889457 -0.0915436 -0.091661 -0.0915059 -0.0913081 -0.0915721 -0.0680506 0.0669542 0.0669542 0.0669542 0.0669526 0.0669434 0.0669542 0.0669542
internal_weight=330.978 324.991 5.9875 5.59351 0.999736 4.59377 0.434612 4.15916 0.624246 3.60864 3.29434 2.39089 0.599493 1.7914 0.284362 324.007 323.782 26.2179 0.128302 0.0192479 297.564 26.0896
internal_count=51180 50712 468 457 112 345 57 288 106 246 123 97 46 51 48 50677 50642 4256 189 172 46386 4067
is_linear=0
shrinkage=0.1


Tree=25
num_leaves=23
num_cat=0
split_feature=5 2 7 4 9 4 3 9 9 9 9 4 7 1 6 10 8 7 4 9 10 6
split_gain=2.06623e-05 3.17326e-06 5.8721e-07 2.73319e-07 8.59477e-08 2.91806e-12 1.7053e-12 3.7497e-10 2.13362e-09 5.0092e-09 1.13224e-12 1.3445e-13 1.1023e-13 4.50907e-14 3.94884e-14 1.83967e-14 1.47443e-14 1.32038e-14 8.88178e-16 7.17308e-16 4.3715e-16 8.67362e-19
threshold=6.5000000000000009 5.5000000000000009 430.50000000000006 178.50000000000003 0.035252692626346303 178.50000000000003 4.5000000000000009 0.011799512704490051 0.014670014347202252 0.015424266455194202 0.039786861148801408 174.50000000000003 430.50000000000006 1.5000000000000002 2244.5000000000005 0.52277432712215333 5071.5000000000009 859.50000000000011 134.50000000000003 0.043597053932050357 0.51925925925925942 2458.5000000000005
decision_type=2 2 2 2 2 2 2 2 2 2 2 2 2 2 2 2 2 2 2 2 2 2
left_child=4 5 -3 -4 6 11 7 18 -9 -10 -7 13 -12 -2 15 16 -15 -16 -1 20 21 -14
right_child=1 2 3 -5 -6 10 -8 8 9 -11 12 -13 19 14 17 -17 -18 -19 -20 -21 -22 -23
leaf_value=-0.066742720250302298 -0.066671189826936192 -0.067352340438261993 -0.067500934582133396 -0.067714467713796328 -0.066829923585334558 -0.066674204599434059 -0.06674272026828823 -0.066742720250301077 -0.066742720250283591 -0.06653309405083814 -0.066672070430395886 -0.066670851099000034 -0.066672782440948306 -0.066671959078331913 -0.066671202777745603 -0.066671510476822057 -0.066671678080263294 -0.06667152511354496 -0.066742720250303117 -0.066672721914370556 -0.066672737387339018 -0.066672784347905412
leaf_weight=0.86557180539239631 0.0027318878082941414 0.10028367937047733 0.093902656306454446 0.16574993515678216 0.11316088051535089 0.0063942061533452934 79.251919689355418 0.029023117735050508 0.003414484439417719 0.0017112197406792262 0.0027686451808222037 0.0030704772327680976 0.0033027356694219634 0.004042663291329518 0.0018195438426573665 0.0023843814851716161 0.0034704948775470257 0.0042143657774431631 6.0777823021635413 0.0039589951406924237 0.0027517151024767381 0.004678834360674955
leaf_count=507 28 15 34 31 35 39 46421 17 2 170 24 39 24 34 21 23 31 39 3560 30 22 34
internal_value=-0.0667462 -0.0674583 -0.0675579 -0.0676372 -0.0667428 -0.0666723 -0.0667427 -0.0667427 -0.0667322 -0.0666727 -0.0666731 -0.0666715 -0.0666726 -0.0666716 -0.0666716 -0.0666718 -0.0666718 -0.0666714 -0.0667427 -0.0666728 -0.0666728 -0.0666728
internal_weight=86.7481 0.405525 0.359936 0.259653 86.3426 0.0455889 86.2294 6.9775 0.0341488 0.0051257 0.0238551 0.0217338 0.0174609 0.0186633 0.0159314 0.00989754 0.00751316 0.00603391 6.94335 0.0146923 0.0107333 0.00798157
internal_count=51180 468 80 65 50712 388 50677 4256 189 172 173 215 134 176 148 88 65 60 4067 110 80 58
is_linear=0
shrinkage=0.1


Tree=26
num_leaves=31
num_cat=0
split_feature=5 9 2 4 7 2 8 4 8 10 2 2 8 8 10 8 7 4 9 9 9 7 8 7 9 9 9 9 9 9
split_gain=15.6805 0.286993 0.0357104 0.0296845 0.0188906 0.00745707 0.000128254 0.000142309 1.75135e-05 1.13367e-05 7.37486e-06 4.00648e-06 3.31351e-06 2.57996e-06 5.00283e-06 1.34545e-06 5.96345e-06 2.83983e-11 5.31127e-12 1.63425e-12 1.19812e-12 7.16751e-13 1.22785e-13 7.1612e-14 4.26326e-14 1.42109e-14 2.84217e-14 1.42109e-14 8.88178e-16 8.88178e-16
threshold=6.5000000000000009 0.035252692626346303 7.5000000000000009 178.50000000000003 42.500000000000007 5.5000000000000009 5329.5000000000009 177.50000000000003 892.50000000000011 0.46247654784240155 6.5000000000000009 6.5000000000000009 3440.5000000000005 -2816.4999999999995 0.46547619047619054 -991.49999999999989 245.50000000000003 200.50000000000003 0.040653405737221059 0.033413078149920207 0.040653405737221059 764.50000000000011 6485.5000000000009 1184.5000000000002 0.024169404892296405 0.023414656432748503 0.022160834868017152 0.019656138317395905 0.030816714150047404 0.026160900660438653
decision_type=2 2 2 2 2 2 2 2 2 2 2 2 2 2 2 2 2 2 2 2 2 2 2 2 2 2 2 2 2 2
left_child=1 19 3 4 -2 6 8 -8 -6 10 17 13 -10 -11 -15 -16 -17 20 -18 24 -5 -22 -23 -20 25 26 27 -1 29 -26
right_child=2 -3 -4 9 5 -7 7 -9 12 11 -12 -13 -14 14 15 16 18 -19 23 -21 21 22 -24 -25 28 -27 -28 -29 -30 -31
leaf_value=-0.066877710022051937 0.10550234572545586 -0.010311464614869011 0.12074439798045618 0.066681397040326093 0.092035375504767813 0.078744793402448165 0.088577828111189832 0.091640138770521393 0.091367015092925746 0.06942421991737624 0.068689006853641307 0.069406404810192779 0.091610150382320066 0.069405633477739315 0.068691657168706316 0.068654050381102935 0.066683293940988486 0.066686965577402654 0.066679587129475706 -0.06687802490517579 0.066678721307412606 0.066679809878650478 0.066680432123045322 0.066680008522994536 -0.06687770676925435 -0.06687770688497556 -0.066877706976619183 -0.066877708498338892 -0.066877708369889405 -0.066877706925824301
leaf_weight=210.45940966567341 0.94176589198650518 0.90031353011727233 0.41202703368617211 0.0056651747290742396 0.90502152948465742 0.52730879837326927 0.30952961032983228 0.29770644762743359 0.89745771898924465 0.05721404030919075 0.043455845734570175 0.28777112610987388 1.4930014507917801 0.057407135900575668 0.043397493805969134 0.044774354610126466 0.0060556048456419367 0.0082098951388616115 0.0064447469480910504 0.16539768315851588 0.0050664224982028818 0.0061982578481547534 0.0064934381225612015 0.010775826347526163 6.454913390923898 2.9018799160050426 4.9497105594945756 7.0871924777500785 0.6700275079347201 5.6338936421893822
leaf_count=44611 39 35 11 18 22 34 92 4 36 1 2 11 27 2 2 6 18 19 26 35 20 21 21 36 1419 638 1080 1521 142 1231
internal_value=-0.0625407 -0.0666648 0.0922722 0.0903041 0.0926407 0.0899065 0.0914146 0.0900792 0.0916607 0.0689912 0.0678435 0.0691589 0.0915189 0.0688439 0.0686472 0.0682566 0.0679791 0.0666819 0.0666807 -0.0668777 0.0666801 0.0666797 0.0666801 0.0666799 -0.0668777 -0.0668777 -0.0668777 -0.0668777 -0.0668777 -0.0668777
internal_weight=245.595 239.223 6.37275 5.96072 5.37179 4.43003 3.90272 0.607236 3.29548 0.588929 0.075089 0.51384 2.39046 0.226069 0.168855 0.111448 0.0680505 0.0316332 0.0232762 238.322 0.0234233 0.0177581 0.0126917 0.0172206 238.157 225.398 222.496 217.547 12.7588 12.0888
internal_count=51180 50712 468 457 254 215 181 96 85 203 101 102 63 91 90 88 86 99 80 50677 80 62 42 62 50642 47850 47212 46132 2792 2650
is_linear=0
shrinkage=0.1


Tree=27
num_leaves=29
num_cat=0
split_feature=5 9 2 1 7 2 9 7 2 8 8 8 8 8 7 9 3 9 9 9 1 9 1 9 9 4 9 4
split_gain=13.0771 0.258496 0.0196587 0.0137971 0.0238708 0.0179596 0.000889882 0.000365895 0.000126711 2.72274e-05 1.19395e-05 1.65799e-06 1.4927e-06 4.49581e-07 1.76056e-07 1.9611e-12 2.27374e-13 5.06652e-11 2.8865e-10 6.78894e-10 1.42109e-14 1.42109e-14 1.77636e-15 1.77636e-15 1.77636e-15 8.88178e-16 8.88178e-16 2.22045e-16
threshold=6.5000000000000009 0.035252692626346303 7.5000000000000009 1.5000000000000002 217.50000000000003 5.5000000000000009 0.041328615872628503 42.500000000000007 6.5000000000000009 5329.5000000000009 892.50000000000011 3312.5000000000005 3116.5000000000005 3858.5000000000005 891.50000000000011 0.033413078149920207 4.5000000000000009 0.011799512704490051 0.014670014347202252 0.015424266455194202 1.0000000180025095e-35 0.020960714677992102 5.5000000000000009 0.031796582751996712 0.025348583178050454 146.50000000000003 0.030816714150047404 118.50000000000001
decision_type=2 2 2 2 2 2 2 2 2 2 2 2 2 2 2 2 2 2 2 2 2 2 2 2 2 2 2 2
left_child=1 15 3 4 -2 7 -7 -5 -6 10 -9 12 -12 -13 -8 16 17 22 -19 -20 -18 -22 25 24 -23 27 -26 -1
right_child=2 -3 -4 5 8 6 14 9 -10 -11 11 13 -14 -15 -16 -17 20 18 19 -21 21 23 -24 -25 26 -27 -28 -29
leaf_value=0.066918226429511798 -0.11814450177746978 0.015177409813203317 -0.11099493033451424 -0.084477793439387494 -0.084084650158997409 -0.057797469369464942 -0.067788094008412333 -0.087805735126058992 -0.087072444277498121 -0.086461497777451726 -0.087044983665279671 -0.087462376287280971 -0.087375194899636632 -0.087357572120699029 -0.067956326713668455 0.066918541290612393 0.066918226528585076 0.066918227160889659 0.066918228501792826 0.066875661110221307 0.066918226446727042 0.066918228179682779 0.066918226429483252 0.066918227242697956 0.066918228476357117 0.066918226429483252 0.066918227212733786 0.066918226429483238
leaf_weight=0.2359410747885059 0.36928192761114198 0.96887356974184413 0.37887599114760107 0.49505768854729115 0.29967301664041246 0.13535417304956343 0.12387675090712946 0.82640512314537851 0.26967821364993139 0.28632089671571925 0.27581423026133256 0.81721908017061629 0.27179797681310447 0.82002030338844634 0.12495048938746089 0.19686105661094089 7.3591144764795891 0.095499958842991783 0.01123528927564621 0.0056212315323769238 224.55410911003128 18.628109654411681 6.2749090604484072 0.41008805949240823 9.252260744106021 13.302582502365111 0.37638219119981009 3.0335281044244766
leaf_count=42 6 35 11 42 101 9 17 26 5 123 42 12 4 39 31 35 1310 17 2 170 39973 3316 1117 73 1647 2368 67 540
internal_value=0.0637932 0.0667421 -0.0890156 -0.0873877 -0.0983431 -0.0849258 -0.0643229 -0.0870128 -0.0854998 -0.0873934 -0.087482 -0.0873595 -0.0872089 -0.0874099 -0.0678726 0.0669182 0.0669182 0.0669182 0.0669161 0.066904 0.0669182 0.0669182 0.0669182 0.0669182 0.0669182 0.0669182 0.0669182 0.0669182
internal_weight=290.199 284.705 5.49433 5.11545 0.938633 4.17682 0.384181 3.79264 0.569351 3.29758 3.01126 2.18485 0.547612 1.63724 0.248827 283.736 283.539 22.9593 0.112356 0.0168565 260.58 253.221 22.847 28.6668 28.2568 16.5721 9.62864 3.26947
internal_count=51180 50712 468 457 112 345 57 288 106 246 123 97 46 51 48 50677 50642 4256 189 172 46386 45076 4067 5103 5030 2950 1714 582
is_linear=0
shrinkage=0.1


Tree=28
num_leaves=31
num_cat=0
split_feature=5 2 7 4 9 3 9 9 9 4 9 4 7 1 6 10 9 7 8 9 8 6 7 9 4 8 10 7 6 4
split_gain=1.36594e-05 2.08268e-06 3.96846e-07 2.04312e-07 7.59409e-08 2.24532e-12 5.02857e-10 2.85844e-09 6.70697e-09 2.23039e-12 7.59835e-13 7.78284e-14 7.48065e-14 2.67295e-14 2.15088e-14 1.17627e-14 1.06581e-14 8.67102e-15 6.67435e-15 6.21725e-15 3.55271e-15 1.33227e-15 8.88178e-16 5.10009e-16 4.44089e-16 3.33067e-16 3.08781e-16 3.05311e-16 1.11022e-16 2.77556e-17
threshold=6.5000000000000009 5.5000000000000009 430.50000000000006 178.50000000000003 0.035252692626346303 4.5000000000000009 0.011799512704490051 0.014670014347202252 0.015424266455194202 178.50000000000003 0.039786861148801408 174.50000000000003 430.50000000000006 1.5000000000000002 2244.5000000000005 0.52277432712215333 0.020356365896612404 859.50000000000011 5071.5000000000009 0.033413078149920207 -1595.4999999999998 2830.5000000000005 1454.5000000000002 0.043597053932050357 108.50000000000001 4208.5000000000009 0.51925925925925942 1454.5000000000002 1615.5000000000002 187.50000000000003
decision_type=2 2 2 2 2 2 2 2 2 2 2 2 2 2 2 2 2 2 2 2 2 2 2 2 2 2 2 2 2 2
left_child=4 9 -3 -4 5 6 24 -8 -9 11 -11 13 -12 -2 15 18 20 -16 -15 21 -7 22 -18 26 -1 27 -14 29 -24 -23
right_child=1 2 3 -5 -6 16 7 8 -10 10 12 -13 23 14 17 -17 19 -19 -20 -21 -22 25 28 -25 -26 -27 -28 -29 -30 -31
leaf_value=-0.066733226535340293 -0.066670531676255806 -0.067261668997837684 -0.067384998338468463 -0.067583171425470032 -0.066818541489610875 -0.066733226478668597 -0.06673322133745524 -0.06673322133743527 -0.066474030362848519 -0.066673263832650279 -0.06667139202015912 -0.066670259736102855 -0.066672020610129945 -0.066671157895113742 -0.066670539657154318 -0.066670786557864237 -0.066733222083625143 -0.066670822265424839 -0.066670953077175119 -0.066733257541119653 -0.066733226448089975 -0.066733221337457391 -0.066733223073734485 -0.066671965071724154 -0.066733226535329052 -0.066733226190528197 -0.066671979045530266 -0.066733226194991946 -0.066733225832472029 -0.066733223597399666
leaf_weight=0.044838177273045399 0.0023344914052348944 0.087606535707891453 0.080979867641872261 0.14549442810675828 0.10446462035179038 24.74917927035132 0.025408302433788665 0.0029892120510339728 0.0014990087595556645 0.0055961812322493634 0.0024219667943725662 0.0026582725686239419 0.0069853916938882321 0.003432049008551985 0.0015535350718209892 0.0020278146512282547 6.0516597594832966 0.0036048590518475976 0.0029659786232514307 0.052336266147904875 36.244193343445644 0.2705236906185744 0.35123240703251202 0.0034645471291696603 6.0337240550434217 0.90124736784491688 0.0024080501884782279 0.25109379400964826 0.47528468410018831 0.034375937422737479
leaf_count=30 28 15 34 31 35 16559 17 2 170 39 24 39 58 34 21 23 4049 39 31 35 24250 181 235 30 4037 603 22 168 318 23
internal_value=-0.0667362 -0.0673564 -0.0674424 -0.0675123 -0.0667333 -0.0667332 -0.0667332 -0.0667202 -0.0666467 -0.0666716 -0.0666723 -0.0666708 -0.0666719 -0.0666708 -0.0666709 -0.066671 -0.0667332 -0.0666707 -0.0666711 -0.0667332 -0.0667332 -0.0667332 -0.0667332 -0.066672 -0.0667332 -0.0667332 -0.066672 -0.0667332 -0.0667332 -0.0667332
internal_weight=75.9476 0.353534 0.314081 0.226474 75.594 75.4896 6.10846 0.0298965 0.00448822 0.0394531 0.0208761 0.018577 0.01528 0.0159187 0.0135842 0.00842584 69.3811 0.00515839 0.00639803 8.38775 60.9934 8.33542 6.87818 0.012858 6.07856 1.45724 0.00939344 0.555993 0.826517 0.3049
internal_count=51180 468 80 65 50712 50677 4256 189 172 388 173 215 134 176 148 88 46421 60 65 5612 40809 5577 4602 110 4067 975 80 372 553 204
is_linear=0
shrinkage=0.1


Tree=29
num_leaves=31
num_cat=0
split_feature=5 9 4 8 7 7 4 4 10 10 2 2 6 2 2 8 10 8 7 4 9 9 10 9 7 6 8 7 4 9
split_gain=13.5526 0.300879 0.0211003 0.0149541 0.0389588 0.00112597 0.000998473 0.00291424 8.02421e-05 7.5479e-06 6.81624e-06 4.85785e-06 2.91187e-06 2.6917e-06 1.93487e-06 1.69702e-06 3.30063e-06 8.79821e-07 3.95479e-06 1.82028e-11 3.48015e-12 1.15108e-12 8.7428e-13 7.72637e-13 4.75446e-13 2.91315e-13 7.97166e-14 5.20955e-14 2.84217e-14 2.84217e-14
threshold=6.5000000000000009 0.035252692626346303 178.50000000000003 5329.5000000000009 491.50000000000006 287.50000000000006 177.50000000000003 176.50000000000003 0.47722567287784684 0.46247654784240155 3.5000000000000004 6.5000000000000009 1324.5000000000002 6.5000000000000009 7.5000000000000009 -2816.4999999999995 0.46547619047619054 -991.49999999999989 245.50000000000003 200.50000000000003 0.040653405737221059 0.033413078149920207 0.47722567287784684 0.040653405737221059 764.50000000000011 2786.5000000000005 6485.5000000000009 1184.5000000000002 195.50000000000003 0.028268904205374052
decision_type=2 2 2 2 2 2 2 2 2 2 2 2 2 2 2 2 2 2 2 2 2 2 2 2 2 2 2 2 2 2
left_child=1 21 3 5 -5 -2 7 12 -7 11 -10 19 -6 15 22 -11 -17 -18 -19 23 -20 28 25 -4 -25 -14 -26 -22 29 -1
right_child=2 -3 9 4 6 8 -8 -9 10 13 -12 -13 14 -15 -16 16 17 18 20 -21 27 -23 -24 24 26 -27 -28 -29 -30 -31
leaf_value=-0.066851296330898702 0.082912885388316412 -0.0086575708110390587 0.066679401344541062 0.11449326005760303 0.068549004617109596 0.086334096480449429 0.086823496186697879 0.086341515987189019 0.087709406980851043 0.069070210524578735 0.087328557444105503 0.068424125809349728 0.066677308585358683 0.069059988008865855 0.068041030047789872 0.069054305243713338 0.068433636631109809 0.068401837927806491 0.066681068979816738 0.066684194757093321 0.066677831181256961 -0.066851577930081035 0.066675192771577949 0.066677078413071009 0.066678034900776659 0.066676293510447446 0.066678573961398632 0.066678217621053026 -0.066851296319140802 -0.066851296566148619
leaf_weight=194.55543957526893 0.81877698504695162 0.89226173423230548 0.00490138270833984 0.75533091101885907 0.087711426836904138 0.86929857091900009 0.55476082058316933 0.26422422220912267 0.82465015799425567 0.050381455570459366 1.092518354904314 0.038356148128514178 0.0059226829471299425 0.2547546265705023 0.029768161468382459 0.050546062528155744 0.038147599843796343 0.039339333801763132 0.0052413997104849832 0.007091808191034942 0.0055721510939292793 0.14481460908427735 0.0046270515776996026 0.0043797272155643449 0.0053613213822245598 0.0054096193555324135 0.0056178754748543724 0.0093292536039371043 11.571778879601508 2.3920243251807554
leaf_count=47252 43 35 18 20 21 36 5 3 20 1 32 3 25 14 2 2 2 6 18 19 26 35 28 20 21 26 21 36 2802 588
internal_value=-0.0624189 -0.0666035 0.0879444 0.0898244 0.0975328 0.0861731 0.0840822 0.0802579 0.087131 0.0686997 0.0874924 0.067698 0.0682117 0.0688449 0.0675647 0.0685688 0.0683984 0.0680588 0.0678184 0.0666798 0.0666789 -0.0668513 0.0666764 0.0666783 0.066678 0.0666768 0.0666783 0.0666781 -0.0668513 -0.0668513
internal_weight=215.388 209.556 5.83202 5.313 1.70775 3.60524 0.952424 0.397663 2.78647 0.51902 1.91717 0.0657083 0.133439 0.453312 0.0457275 0.198557 0.148176 0.0976297 0.0594821 0.0273521 0.0201428 208.664 0.0159594 0.0202603 0.0153589 0.0113323 0.0109792 0.0149014 208.519 196.947
internal_count=51180 50712 468 261 130 131 110 105 88 207 52 102 102 105 81 91 90 88 86 99 80 50677 79 80 62 51 42 62 50642 47840
is_linear=0
shrinkage=0.1


Tree=30
num_leaves=21
num_cat=0
split_feature=5 9 2 1 2 7 9 7 2 8 8 8 6 9 3 9 9 9 1 4
split_gain=11.3297 0.272201 0.0111162 0.00823171 0.0132528 0.0130195 0.00128683 0.000210297 7.23447e-05 1.51601e-05 7.92222e-06 1.10302e-06 1.19122e-07 1.27898e-12 3.55271e-13 7.56035e-11 4.30403e-10 1.0119e-09 1.77636e-15 1.11022e-16
threshold=6.5000000000000009 0.035252692626346303 7.5000000000000009 1.5000000000000002 5.5000000000000009 217.50000000000003 0.041328615872628503 42.500000000000007 6.5000000000000009 5329.5000000000009 892.50000000000011 3440.5000000000005 2244.5000000000005 0.033413078149920207 4.5000000000000009 0.011799512704490051 0.014670014347202252 0.015424266455194202 1.5000000000000002 158.50000000000003
decision_type=2 2 2 2 2 2 2 2 2 2 2 2 2 2 2 2 2 2 2 2
left_child=1 13 3 5 7 -2 -6 -5 -7 10 -9 -12 -8 14 15 18 -17 -18 19 -1
right_child=2 -3 -4 4 6 8 12 9 -10 -11 11 -13 -14 -15 -16 16 17 -19 -20 -21
leaf_value=0.066886738797528267 -0.10749000708964934 0.013427552002168686 -0.10223664491915184 -0.081764329935433658 -0.054911098940065933 -0.081442751520874546 -0.067644837915108974 -0.084435097734259931 -0.083816725585134144 -0.083358554114581818 -0.083957456147852827 -0.084111519577351634 -0.067792840849984951 0.066887010099869804 0.066886738790895781 0.066886738797501163 0.066886738797495793 0.066831205802333912 0.066886738797502593 0.066886738797502551
leaf_weight=0.17708584293728691 0.35375791279147328 0.95612107217311759 0.35767105414989053 0.44721270625244436 0.12271245146985177 0.27014617347034209 0.11053057633512253 0.75108557556814126 0.24459181912559336 0.25937598512395288 0.74358483277087817 1.2391089731754616 0.10705140218241493 0.17238011816516419 228.17510866839442 0.083623870275915446 0.0098381023854017258 0.0049232172498587809 18.53006584290415 1.2986295148730276
leaf_count=36 6 35 11 42 9 101 25 26 5 123 54 43 23 35 46386 17 2 170 3767 264
internal_value=0.0636918 0.0666818 -0.0852486 -0.0839417 -0.0819249 -0.092721 -0.0630995 -0.083787 -0.0825708 -0.0840892 -0.0841585 -0.0840537 -0.0677177 0.0668867 0.0668867 0.0668867 0.066884 0.0668682 0.0668867 0.0668867
internal_weight=254.415 249.408 5.00683 4.64916 3.78066 0.868496 0.340294 3.44037 0.514738 2.99316 2.73378 1.98269 0.217582 248.452 248.279 20.1042 0.0983852 0.0147613 20.0058 1.47572
internal_count=51180 50712 468 457 345 112 57 288 106 246 123 97 48 50677 50642 4256 189 172 4067 300
is_linear=0
shrinkage=0.1


Tree=31
num_leaves=26
num_cat=0
split_feature=5 2 7 4 9 3 9 9 9 4 9 7 4 1 10 6 0 9 7 4 4 9 10 6 0
split_gain=9.07534e-06 1.38074e-06 2.74675e-07 1.41832e-07 6.66745e-08 3.0731e-12 6.79024e-10 3.86193e-09 9.05491e-09 1.57211e-12 5.09514e-13 5.049e-14 4.68904e-14 1.66898e-14 1.58398e-14 8.67232e-15 3.55271e-15 3.02709e-15 2.64762e-15 6.863e-16 4.44089e-16 3.26128e-16 2.13805e-16 1.38778e-17 4.33681e-19
threshold=6.5000000000000009 5.5000000000000009 430.50000000000006 178.50000000000003 0.035252692626346303 4.5000000000000009 0.011799512704490051 0.014670014347202252 0.015424266455194202 178.50000000000003 0.039786861148801408 430.50000000000006 174.50000000000003 1.5000000000000002 0.52277432712215333 2387.5000000000005 7.5000000000000009 0.048930121203052457 597.50000000000011 168.50000000000003 201.50000000000003 0.043597053932050357 0.51925925925925942 3591.0000000000005 6.5000000000000009
decision_type=2 2 2 2 2 2 2 2 2 2 2 2 2 2 2 2 2 2 2 2 2 2 2 2 2
left_child=4 9 -3 -4 5 6 -1 -8 -9 12 -11 -12 13 -2 15 17 -7 19 -16 -15 -18 22 24 -22 -13
right_child=1 2 3 -5 -6 16 7 8 -10 10 11 21 -14 14 18 -17 20 -19 -20 -21 23 -23 -24 -25 -26
leaf_value=-0.066724920222598308 -0.066670016081930572 -0.067181821415533874 -0.067291633193790765 -0.067468286848164957 -0.066808061867516672 -0.066724920237908866 -0.066724920222595532 -0.066724920222572717 -0.06640312478704273 -0.066672439466944622 -0.066670799449692092 -0.066671351242976323 -0.066669795769359982 -0.066670553493282741 -0.066670019780924891 -0.06667025899544575 -0.066724920236539087 -0.066670357128942245 -0.066670209962777519 -0.066670469947990182 -0.066724920222597142 -0.066671303617707803 -0.06667131439743583 -0.066724920222597781 -0.066671351595580977
leaf_weight=5.3212697029812164 0.0020230240831996546 0.076016427708964329 0.070570536867307965 0.12767743715812685 0.096580627607180669 53.075334941735491 0.022242828854359575 0.0026168033946305505 0.0013132693178281585 0.0048977345941239028 0.0021188179655382564 0.0037946088050375693 0.0023245621575824762 0.0021830718324054033 0.0012833714679345585 0.0030541827627530438 7.4474243426229796 0.0017224838229594752 0.0017035023083735723 0.0017905732311191969 0.056261272984556743 0.0030318804106173056 0.0021073251982670627 0.15831660537514836 0.0023189198764157481
leaf_count=4067 28 15 34 31 35 40565 17 2 170 39 24 36 39 25 20 39 5692 21 22 21 43 30 22 121 22
internal_value=-0.0667276 -0.0672686 -0.0673434 -0.0674054 -0.066725 -0.0667249 -0.0667248 -0.0667088 -0.0666174 -0.0666709 -0.0666716 -0.0666712 -0.0666702 -0.0666703 -0.0666703 -0.0666704 -0.0667249 -0.0666705 -0.0666701 -0.0666705 -0.0667249 -0.0666713 -0.0666713 -0.0667249 -0.0666714
internal_weight=66.49 0.308618 0.274264 0.198248 66.1814 66.0848 5.34744 0.0261729 0.00393007 0.0343541 0.0182693 0.0133716 0.0160848 0.0137602 0.0117372 0.00875031 60.7373 0.00569613 0.00298687 0.00397365 7.662 0.0112527 0.00822085 0.214578 0.00611353
internal_count=51180 468 80 65 50712 50677 4256 189 172 388 173 134 215 176 148 106 46421 67 42 46 5856 110 80 164 58
is_linear=0
shrinkage=0.1


Tree=32
num_leaves=31
num_cat=0
split_feature=5 9 9 2 6 4 7 8 9 2 2 6 9 9 7 8 5 0 9 6 4 8 2 6 7 6 4 7 4 9
split_gain=11.743 0.313239 0.0132649 0.00994872 0.00611595 0.0034908 0.000200613 3.12287e-05 4.05076e-05 4.7381e-06 8.09055e-06 3.02607e-06 1.32493e-11 7.95808e-13 5.97602e-13 3.61648e-13 4.26326e-14 1.98817e-14 1.42109e-14 7.10543e-15 2.66454e-15 1.77636e-15 1.62023e-15 8.88178e-16 8.88178e-16 6.66134e-16 4.44089e-16 2.77556e-16 2.22045e-16 2.22045e-16
threshold=6.5000000000000009 0.035252692626346303 0.044568590937306009 5.5000000000000009 -421.49999999999994 179.50000000000003 42.500000000000007 5329.5000000000009 0.04481827882744336 6.5000000000000009 5.5000000000000009 2136.5000000000005 0.039786861148801408 0.033413078149920207 430.50000000000006 5329.5000000000009 3.5000000000000004 5.5000000000000009 0.019950248756218904 2001.5000000000002 182.50000000000003 4370.5000000000009 3.5000000000000004 1557.5000000000002 1853.5000000000002 833.50000000000011 153.50000000000003 1549.5000000000002 202.50000000000003 0.020583250953255153
decision_type=2 2 2 2 2 2 2 2 2 2 2 2 2 2 2 2 2 2 2 2 2 2 2 2 2 2 2 2 2 2
left_child=1 13 4 6 -2 -6 -4 11 -9 10 12 -8 -7 16 -14 22 18 -17 -1 20 21 23 -16 24 -18 -23 -21 -25 29 -22
right_child=2 -3 3 -5 5 9 7 8 -10 -11 -12 -13 14 -15 15 17 19 -19 -20 26 28 25 -24 27 -26 -27 -28 -29 -30 -31
leaf_value=-0.066828198521986557 0.084415035610521619 -0.0072110087201192113 0.081718082113774293 0.094441087881011077 0.043004379553452828 0.066680647609002497 0.083962514427917773 0.084175207557797754 0.082375776178379143 0.068692237890823724 0.068399097312024593 0.084203281102338073 0.066675166464495617 -0.06682844903219172 0.066676305640266373 0.06667692445751644 -0.066828204167032113 0.06667719662859832 -0.066828204914214123 -0.06682819907886639 -0.06682819941228009 -0.066828203009547282 0.066676228071871957 -0.066828203932804184 -0.06682820117418424 -0.066828199855730741 -0.066828199261264987 -0.066828199166157773 -0.066828199465818819 -0.066828200905787408
leaf_weight=160.65541344214455 0.25044346990762278 0.88559064641594787 0.44874209303134227 1.1484911670231666 0.062211719425248613 0.011167130913236178 0.74602707916346922 0.24736142722463217 0.25311402537522554 0.25874001356714871 0.11352147528668866 1.7385066834438019 0.0029626049990838501 0.12678612256422539 0.0056372030521743 0.0046143477957230061 8.9592610257491856 0.0064156078829000762 0.18446602059645911 0.64382248930633057 0.61126967482763639 1.4106223753682612 0.0051576116966316476 0.67637533826870111 0.13021129658940545 1.0633922146732224 6.3622683138636065 0.10489242803305387 0.21701881662011135 1.5408336660388187
leaf_count=44425 6 35 34 40 34 38 41 4 85 16 13 39 18 35 26 20 2605 30 55 178 170 400 24 191 37 296 1760 29 60 436
internal_value=-0.0623026 -0.0665406 0.0844005 0.0863842 0.0717911 0.0650704 0.0836895 0.0839858 0.0832652 0.0684333 0.0679851 0.084131 0.0666778 -0.0668282 0.0666765 0.0666767 -0.0668282 0.0666771 -0.0668282 -0.0668282 -0.0668282 -0.0668282 0.0666763 -0.0668282 -0.0668282 -0.0668282 -0.0668282 -0.0668282 -0.0668282 -0.0668282
internal_weight=188.875 183.572 5.30311 4.58224 0.720871 0.470428 3.43375 2.98501 0.500475 0.408216 0.149476 2.48453 0.0359545 182.687 0.0247874 0.0218248 182.56 0.01103 160.84 21.72 14.7139 12.3448 0.0107948 9.87074 9.08947 2.47401 7.00609 0.781268 2.36912 2.1521
internal_count=51180 50712 468 243 225 219 203 169 89 185 169 80 156 50677 118 100 50642 50 44480 6162 4224 3558 50 2862 2642 696 1938 220 666 606
is_linear=0
shrinkage=0.1


Tree=33
num_leaves=31
num_cat=0
split_feature=5 9 9 10 10 2 6 7 8 9 6 8 10 1 2 8 10 8 7 9 9 9 3 9 9 9 7 7 0 4
split_gain=9.84 0.28462 0.00740513 0.00941866 0.0157485 0.00817301 0.00217696 0.000116913 1.04785e-05 1.35375e-05 1.22301e-06 5.4461e-07 4.22989e-07 3.40373e-07 3.08991e-07 2.04893e-07 2.2482e-07 7.32083e-08 3.69901e-07 2.36857e-12 8.81073e-13 5.22855e-13 5.11591e-13 1.12699e-10 6.41531e-10 1.50789e-09 4.61098e-14 2.65057e-14 1.42109e-14 1.34701e-14
threshold=6.5000000000000009 0.035252692626346303 0.044568590937306009 0.45346320346320351 0.4491379310344828 5.5000000000000009 70.500000000000014 42.500000000000007 5329.5000000000009 0.04481827882744336 2278.5000000000005 5071.5000000000009 0.44590643274853808 5.5000000000000009 6.5000000000000009 -2816.4999999999995 0.46547619047619054 -991.49999999999989 245.50000000000003 0.039786861148801408 0.033413078149920207 0.040215445041298405 4.5000000000000009 0.011799512704490051 0.014670014347202252 0.015424266455194202 597.50000000000011 891.50000000000011 6.5000000000000009 182.50000000000003
decision_type=2 2 2 2 2 2 2 2 2 2 2 2 2 2 2 2 2 2 2 2 2 2 2 2 2 2 2 2 2 2
left_child=1 20 3 4 12 7 -5 -4 10 -10 11 13 19 -9 15 -8 -17 -18 -19 -2 22 -20 23 -1 -25 -26 -21 -23 -24 -28
right_child=2 -3 5 6 -6 -7 14 8 9 -11 -12 -13 -14 -15 -16 16 17 18 21 26 -22 27 28 24 25 -27 29 -29 -30 -31
leaf_value=0.066859200030792112 -0.066674425941214879 0.011862563790679998 -0.079538093627707751 -0.081707116952529815 0.065152344955450164 -0.091673755452126998 -0.067786169761212031 -0.081201880690418005 -0.081476095760234693 -0.080373431907407755 -0.081517510411332442 -0.081444747347670904 -0.067475115473576611 -0.081376368544647512 -0.067777136568621374 -0.06768794247744446 -0.067471841828102605 -0.067465851382817618 -0.066673124592537478 -0.066670759997536716 0.066859439827264 -0.066670924010040516 0.066859200027832702 0.066859200030791502 0.066859200030783744 0.066786759894470332 -0.066671584265385594 -0.066671391281720713 0.066859200029586993 -0.06667126036463239
leaf_weight=17.516746885143153 0.0035955907637670315 0.94509546086192031 0.40088015311053515 0.22528959810733795 0.013210869765316602 0.96562314194364596 0.024363785982131958 0.22507233646320024 0.22320893178493761 0.22215297464400852 1.3437038058634838 0.44569721672451124 0.017756843939423561 0.22213003039360046 0.12259777755122092 0.025262335373554379 0.017838892919826321 0.018245789513457566 0.0019957104971979334 0.0014798813269862876 0.15093338908627529 0.0015980819324852291 161.12650628061968 0.073219743557273342 0.0086140874773263931 0.0043118442976464175 0.0021501188166439533 0.0050500543220550753 38.660024598240852 0.0031871761020738631
leaf_count=4067 23 35 34 1 3 40 1 41 4 85 35 3 1 1 17 16 2 5 16 19 35 22 37410 17 2 170 20 48 8976 31
internal_value=0.063596 0.0666213 -0.0822485 -0.0705532 -0.0249313 -0.0836456 -0.0748221 -0.0811309 -0.081369 -0.0809261 -0.0814572 -0.0813665 -0.0671784 -0.0812886 -0.0676724 -0.0675364 -0.0674495 -0.0673148 -0.0672106 -0.0666723 0.0668592 -0.0666717 0.0668592 0.0668592 0.0668556 0.066835 -0.0666713 -0.0666713 0.0668592 -0.0666714
internal_weight=223.018 218.485 4.53209 0.483623 0.0413805 4.04847 0.442242 3.08285 2.68197 0.445362 2.2366 0.8929 0.0281696 0.447202 0.216952 0.0943547 0.0699909 0.0447285 0.0268896 0.0104128 217.54 0.00864385 217.389 17.6029 0.0861457 0.0129259 0.00681718 0.00664814 199.787 0.00533729
internal_count=51180 50712 468 225 97 243 128 203 169 89 80 45 94 42 127 110 109 93 91 93 50677 86 50642 4256 189 172 70 70 46386 51
is_linear=0
shrinkage=0.1


Tree=34
num_leaves=29
num_cat=0
split_feature=5 2 4 6 9 3 9 9 9 4 9 7 4 5 1 6 7 0 0 7 0 2 4 0 10 2 4 9
split_gain=5.98779e-06 9.11672e-07 2.09979e-07 1.30299e-07 5.81961e-08 4.1851e-12 9.24953e-10 5.25894e-09 1.2319e-08 1.1142e-12 3.42583e-13 3.50275e-14 2.908e-14 1.43635e-14 9.30159e-15 8.89046e-15 5.05824e-15 3.55271e-15 2.20527e-15 1.21019e-15 8.88178e-16 8.88178e-16 8.88178e-16 4.44089e-16 2.42861e-16 1.71738e-16 1.02349e-16 5.55112e-17
threshold=6.5000000000000009 5.5000000000000009 178.50000000000003 1815.5000000000002 0.035252692626346303 4.5000000000000009 0.011799512704490051 0.014670014347202252 0.015424266455194202 178.50000000000003 0.039786861148801408 430.50000000000006 174.50000000000003 7.5000000000000009 1.5000000000000002 2244.5000000000005 943.50000000000011 6.5000000000000009 4.5000000000000009 583.50000000000011 14.500000000000002 8.5000000000000018 191.50000000000003 7.5000000000000009 0.53708791208791218 2.5000000000000004 184.50000000000003 0.0049875621890547008
decision_type=2 2 2 2 2 2 2 2 2 2 2 2 2 2 2 2 2 2 2 2 2 2 2 2 2 2 2 2
left_child=4 9 3 -3 5 6 23 -8 -9 12 -11 -12 13 -2 -15 18 -17 -7 -16 -20 21 22 -19 -1 25 -13 -27 -24
right_child=1 2 -4 -5 -6 17 7 8 -10 10 11 24 -14 14 15 16 -18 20 19 -21 -22 -23 27 -25 -26 26 -28 -29
leaf_value=-0.0667176447952149 -0.066670097388815117 -0.067240110808674911 -0.067329600906851222 -0.066998363504268924 -0.06679837651395408 -0.066717644861344447 -0.066717644795211847 -0.066717644795185799 -0.06631660659390029 -0.066671721340337553 -0.066670277260458613 -0.066670735892913391 -0.066669383042668312 -0.066669531361881515 -0.066669945906710215 -0.066669486600296979 -0.066669748350989919 -0.06671764481333671 -0.066669748497084499 -0.066669873752852812 -0.066717644795212097 -0.066717644795214553 -0.066717644795214706 -0.066717644795214373 -0.066670718781633817 -0.066670785668007923 -0.06667075799215666 -0.066717644795214651
leaf_weight=4.5447725504636773 0.0013701936441056226 0.052047939974727342 0.147819489302492 0.039002933706797194 0.089410948101430132 42.883290481870063 0.019471051753498503 0.0022907119709998361 0.0011507359785962734 0.004288653814001008 0.0018496818611311036 0.0022948954992898507 0.002026716088721515 0.0016024630854190045 0.0023403652339766268 0.0010670345174048634 0.0023961924416653346 9.024262006394558 0.0014008720245328732 0.0017167160804092418 0.04237817146349776 0.34017072769347656 0.61391080822795707 0.11339024256449182 0.0018367104287335687 0.0021317070786608383 0.0035886651821783744 0.26457723265048116
leaf_count=3968 18 17 34 29 35 37441 17 2 170 39 24 26 39 26 32 20 35 7879 21 24 37 297 536 99 22 23 39 231
internal_value=-0.0667199 -0.0671908 -0.067256 -0.0671366 -0.0667178 -0.0667176 -0.0667175 -0.0666975 -0.0665835 -0.0666704 -0.066671 -0.0666707 -0.0666697 -0.0666698 -0.0666698 -0.0666698 -0.0666697 -0.0667176 -0.0666699 -0.0666698 -0.0667176 -0.0667176 -0.0667176 -0.0667176 -0.0666708 -0.0666708 -0.0666708 -0.0667176
internal_weight=58.2079 0.268781 0.23887 0.0910509 57.9391 57.8497 4.68108 0.0229125 0.00344145 0.0299109 0.0159903 0.0117017 0.0139206 0.0118938 0.0105236 0.00892118 0.00346323 53.1686 0.00545795 0.00311759 10.2853 10.2429 9.90275 4.65816 0.00985198 0.00801527 0.00572037 0.878488
internal_count=51180 468 80 46 50712 50677 4256 189 172 388 173 134 215 176 158 132 55 46421 77 45 8980 8943 8646 4067 110 88 62 767
is_linear=0
shrinkage=0.1


Tree=35
num_leaves=27
num_cat=0
split_feature=5 9 9 10 10 2 6 7 8 9 10 6 2 8 10 8 7 9 9 9 7 7 7 4 9 9
split_gain=10.1972 0.324127 0.00955493 0.00649686 0.0178147 0.00619305 0.00247328 0.000119091 1.73223e-05 2.32009e-05 2.09514e-06 1.74987e-06 1.44343e-06 1.04258e-06 1.12141e-06 4.07886e-07 1.83686e-06 8.64652e-12 1.75893e-12 4.9738e-13 2.79342e-13 1.66059e-13 2.98884e-14 2.59402e-14 1.42109e-14 1.42109e-14
threshold=6.5000000000000009 0.035252692626346303 0.044568590937306009 0.45346320346320351 0.4491379310344828 5.5000000000000009 70.500000000000014 42.500000000000007 5329.5000000000009 0.04481827882744336 0.44590643274853808 2136.5000000000005 6.5000000000000009 -2816.4999999999995 0.46547619047619054 -991.49999999999989 245.50000000000003 0.039786861148801408 0.040215445041298405 0.033413078149920207 597.50000000000011 891.50000000000011 1572.5000000000002 188.50000000000003 0.026863679007000051 0.026702317290552554
decision_type=2 2 2 2 2 2 2 2 2 2 2 2 2 2 2 2 2 2 2 2 2 2 2 2 2 2
left_child=1 19 3 4 10 7 -5 -4 11 -10 17 -9 13 -8 -15 -16 -17 -2 -18 24 -19 -20 -22 -23 25 -1
right_child=2 -3 5 6 -6 -7 12 8 9 -11 -12 -13 -14 14 15 16 18 20 21 -21 22 23 -24 -25 -26 -27
leaf_value=-0.06680800062870329 0.066679643378140793 -0.0059528314285613032 0.079473081658572281 0.081709953496283252 -0.063292614198293753 0.089958493727040567 0.06854314589759887 0.081295038256796834 0.08147506553462186 0.080040632178486504 0.068020248527574864 0.081487812381320968 0.068506807515987603 0.068367363730860928 0.068013216484014191 0.067997974863462665 0.066677718491370039 0.06667428235252873 0.06667456977791085 -0.066808212564500674 0.066675222715982002 0.066675261297104563 0.066675572123854762 0.066675597123003402 -0.066808000586698599 -0.06680800059358287
leaf_weight=156.33195783037289 0.0062719921115775836 0.88004324492066999 0.40305719007051299 0.22531639039516449 0.013265344794490375 1.0516364987670384 0.039940722286701202 0.67284313981508681 0.22330479794391056 0.22776718620525571 0.029255498200654984 1.5687072246291789 0.19942045477000647 0.041816678509349003 0.029424724954878911 0.030136615736410022 0.0035298217608215046 0.0030428725076490091 0.0031936033519741622 0.11099678929895063 0.0055218780107679777 0.0053997348441043869 0.0043979223992209882 0.0040069222886813805 3.2425345676553823 0.25015647612008152
leaf_count=49512 23 35 34 1 3 40 1 41 4 85 1 39 17 16 2 5 16 19 22 35 29 28 22 20 1049 81
internal_value=-0.0621918 -0.066475 0.0815688 0.0702357 0.0393952 0.0833285 0.0735071 0.0810762 0.0813162 0.0807508 0.0674873 0.0814299 0.0683281 0.0681018 0.0679517 0.0677221 0.067537 0.0666766 0.0666757 -0.066808 0.0666751 0.0666752 0.0666754 0.0666754 -0.066808 -0.066808
internal_weight=165.607 160.816 4.79126 0.643941 0.0617555 4.14732 0.582186 3.09568 2.69262 0.451072 0.0484902 2.24155 0.356869 0.157449 0.117508 0.0756914 0.0462667 0.0192347 0.0161301 159.936 0.0129627 0.0126003 0.0099198 0.00940666 159.825 156.582
internal_count=51180 50712 468 225 97 243 128 203 169 89 94 80 127 110 109 93 91 93 86 50677 70 70 51 48 50642 49593
is_linear=0
shrinkage=0.1


Tree=36
num_leaves=31
num_cat=0
split_feature=5 9 9 10 10 2 6 7 8 9 6 8 10 2 1 8 10 8 7 9 3 9 9 9 9 9 7 7 4 4
split_gain=8.56135 0.295782 0.00514444 0.0079518 0.0137429 0.00524122 0.00138756 7.04422e-05 6.16511e-06 7.93384e-06 7.33125e-07 3.15659e-07 2.83083e-07 2.06115e-07 1.90587e-07 1.36711e-07 1.50541e-07 4.89075e-08 2.47585e-07 1.58873e-12 7.67386e-13 1.67985e-10 9.56123e-10 2.24659e-09 5.68434e-13 3.50489e-13 3.08846e-14 1.7627e-14 9.03921e-15 6.41414e-15
threshold=6.5000000000000009 0.035252692626346303 0.044568590937306009 0.45346320346320351 0.4491379310344828 5.5000000000000009 70.500000000000014 42.500000000000007 5329.5000000000009 0.04481827882744336 2278.5000000000005 5071.5000000000009 0.44590643274853808 6.5000000000000009 5.5000000000000009 -2816.4999999999995 0.46547619047619054 -991.49999999999989 245.50000000000003 0.039786861148801408 4.5000000000000009 0.011799512704490051 0.014670014347202252 0.015424266455194202 0.033413078149920207 0.040215445041298405 597.50000000000011 891.50000000000011 182.50000000000003 188.50000000000003
decision_type=2 2 2 2 2 2 2 2 2 2 2 2 2 2 2 2 2 2 2 2 2 2 2 2 2 2 2 2 2 2
left_child=1 20 3 4 12 7 -5 -4 10 -10 11 14 19 15 -9 -8 -17 -18 -19 -2 21 -1 -23 -24 -22 -20 -21 -27 -28 -29
right_child=2 -3 5 6 -6 -7 13 8 9 -11 -12 -13 -14 -15 -16 16 17 18 25 26 24 22 23 -25 -26 27 28 29 -30 -31
leaf_value=0.066835114189539788 -0.066673458035573605 0.010468101627959435 -0.077662126711615542 -0.079439638331570084 0.064484999699661386 -0.087826288803333541 -0.067644869029369323 -0.079030274272801793 -0.079249543031181702 -0.078358354214964135 -0.079284761824133451 -0.07922423760891642 -0.06737338993100761 -0.067637021529493344 -0.079168079251578871 -0.067559543089916144 -0.067370549810501237 -0.067365367176707575 -0.066672317628068953 -0.066670248994413456 0.066835114159987385 0.066835114189536471 0.06683511418953085 0.066740627532019203 0.066835320130702591 -0.066670392955188187 -0.066670970248324982 -0.066670695415201098 -0.066670686615585159 -0.066670938666809509
leaf_weight=15.336486863437999 0.0031468234219498292 0.93551303818821807 0.35874689982456676 0.20240320265293121 0.011695606001012493 0.88085353298045665 0.021377651020884514 0.20199810292615561 0.20045341098515979 0.19913105556262711 1.206817448862864 0.40025265323492931 0.015569412149488926 0.10756800480734297 0.19946137070655823 0.022161290624353569 0.015641254663933069 0.015997821967175696 0.001746619762741374 0.0012951666321896482 174.91966560925357 0.06410628883168179 0.0075419163331389427 0.0037764603705259248 0.13214720995165308 0.0013986141261028706 0.0018817493582901079 0.0025143563325400464 0.002789363672491163 0.001905368611915037
leaf_count=4067 23 35 34 1 3 40 1 41 4 85 35 3 1 17 1 16 2 5 16 19 46386 17 2 170 35 22 20 28 31 20
internal_value=0.0635053 0.0665596 -0.0798898 -0.0695326 -0.024805 -0.0811082 -0.0736758 -0.0789694 -0.0791642 -0.0788054 -0.0792355 -0.0791614 -0.0671143 -0.0675457 -0.0790987 -0.0674271 -0.0673512 -0.0672335 -0.0671425 -0.0666716 0.0668351 0.0668351 0.0668304 0.0668036 0.0668351 -0.0666711 -0.0666707 -0.0666707 -0.0666708 -0.0666708
internal_weight=195.476 191.399 4.07681 0.429092 0.0363781 3.64771 0.392714 2.76686 2.40811 0.399584 2.00853 0.801712 0.0246825 0.190311 0.401459 0.082743 0.0613653 0.039204 0.0235628 0.0091131 190.464 15.4119 0.0754247 0.0113184 175.052 0.00756496 0.00596628 0.00581834 0.00467111 0.00441972
internal_count=51180 50712 468 225 97 243 128 203 169 89 80 45 94 127 42 110 109 93 91 93 50677 4256 189 172 46421 86 70 70 51 48
is_linear=0
shrinkage=0.1


Tree=37
num_leaves=31
num_cat=0
split_feature=5 2 4 6 9 3 9 9 9 4 9 7 4 9 1 6 2 7 0 7 7 1 0 4 10 4 6 7 4 2
split_gain=3.94219e-06 6.01402e-07 1.55132e-07 8.31128e-08 5.05151e-08 5.74119e-12 1.26972e-09 7.21618e-09 1.68841e-08 7.92753e-13 2.25757e-13 2.50295e-14 1.78165e-14 1.17623e-14 6.08628e-15 5.46091e-15 3.55271e-15 2.52077e-15 1.4498e-15 7.96455e-16 5.62484e-16 2.7929e-16 2.22045e-16 2.22045e-16 1.94506e-16 1.11022e-16 1.11022e-16 5.55112e-17 2.77556e-17 1.38778e-17
threshold=6.5000000000000009 5.5000000000000009 178.50000000000003 1815.5000000000002 0.035252692626346303 4.5000000000000009 0.011799512704490051 0.014670014347202252 0.015424266455194202 178.50000000000003 0.039786861148801408 430.50000000000006 174.50000000000003 0.045584415584415554 1.5000000000000002 2244.5000000000005 10.500000000000002 962.50000000000011 4.5000000000000009 583.50000000000011 1736.5000000000002 2.5000000000000004 7.5000000000000009 163.50000000000003 0.46966911764705882 183.50000000000003 -3392.4999999999995 -784.49999999999989 205.50000000000003 11.500000000000002
decision_type=2 2 2 2 2 2 2 2 2 2 2 2 2 2 2 2 2 2 2 2 2 2 2 2 2 2 2 2 2 2
left_child=4 9 3 -3 5 6 22 -8 -9 12 -11 -12 13 -2 -15 18 -7 -17 -16 -20 21 24 23 -1 -13 26 -25 -28 -27 -18
right_child=1 2 -4 -5 -6 16 7 8 -10 10 11 20 -14 14 15 17 29 -19 19 -21 -22 -23 -24 25 -26 28 27 -29 -30 -31
leaf_value=-0.066711287227214255 -0.066669673975492616 -0.06715780558853246 -0.067246675273256493 -0.066949694669008339 -0.066789415073840966 -0.06671128723577216 -0.066711287227210606 -0.066711287227180838 -0.066209677861655339 -0.06667108954375188 -0.066669822015937782 -0.066670236924388546 -0.066669026281309149 -0.06666913910497986 -0.066669498323406115 -0.066669136551963631 -0.066711287227214075 -0.06666932812218207 -0.066669326041745289 -0.066669435409201672 -0.06667028556295361 -0.066670258428425042 -0.066711287227213478 -0.066711287227213284 -0.06667018827127244 -0.066711287227213908 -0.066711287227213908 -0.066711287227214006 -0.066711287227210911 -0.06671128722721302
leaf_weight=2.4653875539079233 0.0011328755099374596 0.044678797221422428 0.1296339950786205 0.033638179980698624 0.082872124388812973 46.3300529953558 0.017044159583747276 0.0020051952451467505 0.0010085466964611101 0.003752823766262737 0.0016172044913673753 0.001686154464550782 0.0017669658951717801 0.0013830457801304874 0.0020205520522722509 0.0010437664903975019 0.14938704576343198 0.0020089751596970018 0.0012096385798940901 0.0014817152368777897 0.0030084805548540317 0.0023431339286617003 0.099257164634764083 0.074192224070429691 0.0016019892811982572 0.33085721544921387 0.28473772481083848 0.80207809805870056 0.02105455007404089 0.062161052599549294
leaf_count=2459 17 17 34 29 35 46210 17 2 170 39 24 21 39 26 32 22 149 34 21 24 37 29 99 74 23 330 284 800 21 62
internal_value=-0.0667133 -0.0671228 -0.0671795 -0.0670684 -0.0667114 -0.0667113 -0.0667112 -0.0666861 -0.0665434 -0.0666699 -0.0666704 -0.0666702 -0.0666693 -0.0666694 -0.0666693 -0.0666694 -0.0667113 -0.0666693 -0.0666694 -0.0666694 -0.0666703 -0.0666702 -0.0667113 -0.0667113 -0.0666702 -0.0667113 -0.0667113 -0.0667113 -0.0667113 -0.0667113
internal_weight=50.9561 0.234008 0.207951 0.078317 50.7221 50.6392 4.09762 0.0200579 0.00301374 0.0260573 0.0140098 0.010257 0.0120475 0.0102806 0.00914769 0.00776465 46.5416 0.00305274 0.00471191 0.00269135 0.00863976 0.00563128 4.07756 3.97831 0.00328814 1.51292 1.16101 1.08682 0.351912 0.211548
internal_count=51180 468 80 46 50712 50677 4256 189 172 388 173 134 215 176 159 133 46421 56 77 45 110 73 4067 3968 44 1509 1158 1084 351 211
is_linear=0
shrinkage=0.1


Tree=38
num_leaves=31
num_cat=0
split_feature=5 9 9 10 10 2 6 7 8 9 10 6 2 8 1 8 10 8 7 9 9 9 7 7 7 4 9 6 6 9
split_gain=8.86942 0.333623 0.00649833 0.00544893 0.0155226 0.00403284 0.00157746 7.17885e-05 1.02467e-05 1.37034e-05 1.40012e-06 1.0316e-06 9.60055e-07 7.88653e-07 8.15267e-07 6.93841e-07 7.49104e-07 2.71872e-07 1.22765e-06 5.79759e-12 1.17862e-12 3.55271e-13 1.87613e-13 1.11145e-13 2.0033e-14 1.74405e-14 1.42109e-14 1.42109e-14 1.42109e-14 7.10543e-15
threshold=6.5000000000000009 0.035252692626346303 0.044568590937306009 0.45346320346320351 0.4491379310344828 5.5000000000000009 70.500000000000014 42.500000000000007 5329.5000000000009 0.04481827882744336 0.44590643274853808 2278.5000000000005 6.5000000000000009 5071.5000000000009 5.5000000000000009 -2816.4999999999995 0.46547619047619054 -991.49999999999989 245.50000000000003 0.039786861148801408 0.040215445041298405 0.033413078149920207 597.50000000000011 891.50000000000011 1572.5000000000002 188.50000000000003 0.024860171193720804 1669.5000000000002 1501.5000000000002 0.024316334072431604
decision_type=2 2 2 2 2 2 2 2 2 2 2 2 2 2 2 2 2 2 2 2 2 2 2 2 2 2 2 2 2 2
left_child=1 21 3 4 10 7 -5 -4 11 -10 19 13 15 14 -9 -8 -17 -18 -19 -2 -20 26 -21 -22 -24 -25 27 28 29 -1
right_child=2 -3 5 6 -6 -7 12 8 9 -11 -12 -13 -14 -15 -16 16 17 18 20 22 23 -23 24 25 -26 -27 -28 -29 -30 -31
leaf_value=-0.066790327317220594 0.066678024035428635 -0.0048640589906212232 0.077608545257467396 0.079442010099256416 -0.062404093283478096 0.086456960877267952 0.068304293353411302 0.078886655028711006 0.079248774388513313 0.078084675559968411 0.06784879843236151 0.07927172929481098 0.068272742626574442 0.07922503347448151 0.07917080917234752 0.068151895064004042 0.067842701375593631 0.067829503090485091 0.066676338233775487 0.066673330978693671 0.066673583370615824 -0.066790518871817098 0.066674154891885815 0.066674187826087694 0.066674460671648575 0.066674482175700864 -0.066790327865715732 -0.066790327330522328 -0.066790327334203023 -0.066790328077868971
leaf_weight=99.495338293867519 0.005489239323650418 0.87541366647928853 0.3606321554000268 0.20242872834205627 0.011765184724936262 0.95523978285564215 0.035101007670164108 0.20444892294472161 0.20053884035905856 0.20398188946296614 0.025679105892777443 1.2085092318941404 0.17523951772454893 0.40037430347001646 0.1994912326335907 0.036734781650011428 0.025827244389802217 0.026451219237060286 0.0030891901822087684 0.0026630861430021477 0.0027950056899044293 0.097169736400245621 0.0048325817042496055 0.0047255477111320943 0.0038489237194880843 0.0035067241842625663 5.9266980936902476 30.509463960580916 3.1601661921445432 0.82330654052500918
leaf_count=35972 23 35 34 1 3 40 1 41 4 85 1 35 17 3 1 16 2 5 16 19 22 35 29 28 22 20 2208 11009 1143 310
internal_value=-0.0620859 -0.0664055 0.0793334 0.06939 0.0392516 0.080852 0.0725609 0.0789247 0.079121 0.0786618 0.0673842 0.0792133 0.0681173 0.0791256 0.079027 0.0679203 0.0677896 0.0675891 0.0674276 0.0666754 0.0666746 -0.0667903 0.0666741 0.0666741 0.0666743 0.0666743 -0.0667903 -0.0667903 -0.0667903 -0.0667903
internal_weight=145.191 140.888 4.30339 0.570177 0.0542781 3.73322 0.515899 2.77798 2.41734 0.404521 0.0425129 2.01282 0.31347 0.804314 0.40394 0.138231 0.10313 0.0663949 0.0405677 0.0168338 0.0141165 140.012 0.0113446 0.0110273 0.00868151 0.00823227 139.915 133.988 103.479 100.319
internal_count=51180 50712 468 225 97 243 128 203 169 89 94 80 127 45 42 110 109 93 91 93 86 50677 70 70 51 48 50642 48434 37425 36282
is_linear=0
shrinkage=0.1


Tree=39
num_leaves=31
num_cat=0
split_feature=5 9 9 10 10 2 6 7 8 9 6 10 8 2 1 8 10 8 7 3 9 9 9 9 9 9 7 4 7 4
split_gain=7.45626 0.30574 0.00364084 0.00676628 0.011986 0.00337643 0.000890996 4.30841e-05 3.69872e-06 4.74338e-06 4.44664e-07 1.8949e-07 1.8242e-07 1.37573e-07 1.03576e-07 9.12737e-08 1.00822e-07 3.26838e-08 1.65747e-07 1.13687e-12 2.50354e-10 1.42437e-09 3.34554e-09 1.06467e-12 3.97904e-13 2.35192e-13 2.06441e-14 1.42109e-14 1.17792e-14 6.04941e-15
threshold=6.5000000000000009 0.035252692626346303 0.044568590937306009 0.45346320346320351 0.4491379310344828 5.5000000000000009 70.500000000000014 42.500000000000007 5329.5000000000009 0.04481827882744336 2278.5000000000005 0.44590643274853808 5071.5000000000009 6.5000000000000009 5.5000000000000009 -2816.4999999999995 0.46547619047619054 -991.49999999999989 245.50000000000003 4.5000000000000009 0.011799512704490051 0.014670014347202252 0.015424266455194202 0.039786861148801408 0.033413078149920207 0.040215445041298405 597.50000000000011 223.50000000000003 891.50000000000011 182.50000000000003
decision_type=2 2 2 2 2 2 2 2 2 2 2 2 2 2 2 2 2 2 2 2 2 2 2 2 2 2 2 2 2 2
left_child=1 19 3 4 11 7 -5 -4 10 -10 12 23 14 15 -9 -8 -17 -18 -19 20 -1 -22 -23 -2 27 -20 -25 -21 -27 -28
right_child=2 -3 5 6 -6 -7 13 8 9 -11 -12 -13 -14 -15 -16 16 17 18 25 24 21 22 -24 26 -26 28 29 -29 -30 -31
leaf_value=0.066814045829176702 -0.066672609674158431 0.0092293942290058353 -0.076092832637291857 -0.077563298587780924 0.063671469936129807 -0.084653285070250092 -0.067521578711160241 -0.077230005478843497 -0.07740539974698514 -0.07667657303297705 -0.077435333129599493 -0.067284553087406204 -0.07738425614934584 -0.067514750521560307 -0.07733742694483671 -0.067447391649798891 -0.067282078323066472 -0.067277597957073429 -0.06667161340523213 0.066814045719882434 0.066814044997645095 0.066814045829166405 0.066690833834279747 -0.066669802076542245 0.06681423184821482 -0.066669928653398311 -0.066670432494119136 0.066814045829176522 -0.066670284582452111 -0.066670184480296421
leaf_weight=13.426908348221348 0.0027540605674388763 0.927142808213829 0.3200082344724543 0.18112553656101227 0.010379950472270139 0.79879308414557249 0.018751431256532669 0.18064103758843009 0.17932153753743696 0.17787414182982753 1.0796635786778095 0.013648242689669132 0.35804199872654863 0.094350629640460593 0.17840865254402161 0.019435165588220116 0.013711146846617339 0.014023561579961097 0.0015286158530471985 153.03440149477683 0.056124279508367958 0.0066028563305735588 0.0033077102310787865 0.0011335059828070371 0.11569332797080178 0.0012240415944830829 0.0016468742614961229 0.10564570128917594 0.0038680652360199019 0.0024412013663095422
leaf_count=4067 23 35 34 1 3 40 1 41 4 85 35 1 3 17 1 16 2 5 16 46354 17 2 170 19 35 22 20 32 48 31
internal_value=0.0634166 0.0664956 -0.0779248 -0.0686599 -0.0246581 -0.0790006 -0.0727063 -0.0771755 -0.0773364 -0.0770425 -0.0773948 -0.0670583 -0.0773337 -0.0674351 -0.0772834 -0.0673316 -0.0672654 -0.0671624 -0.0670829 0.066814 0.066814 0.0668079 0.0667729 -0.066671 0.066814 -0.0666705 -0.0666702 0.066814 -0.0666702 -0.0666703
internal_weight=171.329 167.676 3.65277 0.380022 0.0320038 3.27275 0.348018 2.47396 2.15395 0.357196 1.79676 0.0216239 0.717092 0.166893 0.35905 0.072542 0.0537906 0.0343554 0.0206443 166.749 13.4929 0.0660348 0.00991057 0.00797564 153.256 0.00662072 0.00522158 153.14 0.00509211 0.00408808
internal_count=51180 50712 468 225 97 243 128 203 169 89 80 94 45 127 42 110 109 93 91 50677 4256 189 172 93 46421 86 70 46386 70 51
is_linear=0
shrinkage=0.1


Tree=40
num_leaves=23
num_cat=0
split_feature=5 2 4 6 9 3 9 9 4 9 7 4 5 1 6 10 7 0 7 0 1 10
split_gain=2.60378e-06 3.97942e-07 1.12282e-07 5.33668e-08 4.3642e-08 7.94032e-12 1.75538e-09 9.97116e-09 5.61893e-13 1.47837e-13 1.79787e-14 1.09713e-14 9.13679e-15 3.93045e-15 3.75091e-15 1.45478e-15 1.34051e-15 9.28294e-16 4.92228e-16 2.22045e-16 1.47885e-16 1.7434e-16
threshold=6.5000000000000009 5.5000000000000009 178.50000000000003 1815.5000000000002 0.035252692626346303 4.5000000000000009 0.011799512704490051 0.014670014347202252 178.50000000000003 0.039786861148801408 430.50000000000006 174.50000000000003 7.5000000000000009 1.5000000000000002 2244.5000000000005 0.48074074074074075 1963.5000000000002 4.5000000000000009 583.50000000000011 1.5000000000000002 2.5000000000000004 0.4743421052631579
decision_type=2 2 2 2 2 2 2 2 2 2 2 2 2 2 2 2 2 2 2 2 2 2
left_child=4 8 3 -3 5 6 19 -8 11 -10 -11 12 -2 -14 17 -16 20 -15 -19 -1 21 -12
right_child=1 2 -4 -5 -6 -7 7 -9 9 10 16 -13 13 14 15 -17 -18 18 -20 -21 -22 -23
leaf_value=-0.066705716750549024 -0.06666928597323539 -0.067088634357843929 -0.06717413815655926 -0.066909115327927801 -0.066781106693722822 -0.066705716765129805 -0.066705716750545319 -0.06649485828723499 -0.066670537617941533 -0.066669426359793074 -0.066669795898427239 -0.066668719277200333 -0.06666880435525796 -0.066669116057875566 -0.066668975910878225 -0.066668825346789959 -0.066669881417166232 -0.066668968751608007 -0.066669061172149977 -0.066705716750549274 -0.066669808245641865 -0.066669749221300104
leaf_weight=0.87146638351260275 0.0010452235655965545 0.03846009179687826 0.11365654180553975 0.029080807951686438 0.07689289189875026 40.739532361854799 0.014919364068191387 0.0026394132344709212 0.0032839962004800336 0.0014141454914806673 0.001759136859618593 0.0015415575502402143 0.0011962044003439587 0.0017480748174421024 0.0014020041242019943 0.0011832239936211408 0.0021577962761512026 0.0010466572657605866 0.0012816078215109883 2.697772067389451 0.00219188066694187 0.0014710858881699096
leaf_count=993 18 17 34 29 35 46421 17 172 39 24 25 39 26 32 28 27 30 21 24 3074 31 24
internal_value=-0.0667075 -0.067064 -0.0671135 -0.0670113 -0.0667058 -0.0667057 -0.0667056 -0.066674 -0.0666695 -0.06667 -0.0666698 -0.066669 -0.066669 -0.066669 -0.066669 -0.0666689 -0.0666698 -0.0666691 -0.066669 -0.0667057 -0.0666698 -0.0666698
internal_weight=44.6071 0.20392 0.181197 0.0675409 44.4032 44.3263 3.5868 0.0175588 0.0227226 0.012278 0.00899405 0.0104446 0.008903 0.00785777 0.00666157 0.00258523 0.0075799 0.00407634 0.00232827 3.56924 0.0054221 0.00323022
internal_count=51180 468 80 46 50712 50677 4256 189 388 173 134 215 176 158 132 55 110 77 45 4067 80 49
is_linear=0
shrinkage=0.1


Tree=41
num_leaves=31
num_cat=0
split_feature=5 9 9 10 10 2 6 7 8 9 10 2 6 8 1 8 10 8 7 9 9 9 7 7 6 7 4 4 6 8
split_gain=7.72193 0.341821 0.00449327 0.00461016 0.0135197 0.00263033 0.00101345 4.39253e-05 6.17526e-06 8.24695e-06 9.36007e-07 6.39171e-07 6.26214e-07 4.64847e-07 4.70826e-07 4.62185e-07 5.00626e-07 1.81336e-07 8.20787e-07 3.88206e-12 7.89345e-13 2.27374e-13 1.25428e-13 7.4169e-14 2.13163e-14 1.33739e-14 1.17072e-14 7.10543e-15 7.10543e-15 7.10543e-15
threshold=6.5000000000000009 0.035252692626346303 0.044568590937306009 0.45346320346320351 0.4491379310344828 5.5000000000000009 70.500000000000014 42.500000000000007 5329.5000000000009 0.04481827882744336 0.44590643274853808 6.5000000000000009 2278.5000000000005 5071.5000000000009 5.5000000000000009 -2816.4999999999995 0.46547619047619054 -991.49999999999989 245.50000000000003 0.039786861148801408 0.040215445041298405 0.033413078149920207 597.50000000000011 891.50000000000011 1967.5000000000002 1572.5000000000002 188.50000000000003 195.50000000000003 1529.5000000000002 6054.5000000000009
decision_type=2 2 2 2 2 2 2 2 2 2 2 2 2 2 2 2 2 2 2 2 2 2 2 2 2 2 2 2 2 2
left_child=1 21 3 4 10 7 -5 -4 12 -10 19 15 13 14 -9 -8 -17 -18 -19 -2 -20 24 -21 -22 27 -24 -25 28 29 -1
right_child=2 -3 5 6 -6 -7 11 8 9 -11 -12 -13 -14 -15 -16 16 17 18 20 22 23 -23 25 26 -26 -27 -28 -29 -30 -31
leaf_value=-0.066774870499929237 0.066676604746963408 -0.0039263638912368564 0.076048286376766749 0.077565293842030869 -0.061353204553795865 0.083546450329770816 0.068096357475259883 0.077111380517756178 0.077404820740582539 0.076449493956275122 0.067699331701072007 0.068068929840212927 0.077424645041357765 0.077384967722477924 0.07733973951865214 0.067964072521257454 0.067694038505478699 0.067682600591153691 0.066675130069912866 0.06667250026139443 0.066672721026704518 -0.066775035736357707 0.06667322044831428 0.066673248517375827 -0.066774870547965035 0.066673487522160596 0.066673506306822269 -0.066774870545141765 -0.06677487049732124 -0.066774870491020752
leaf_weight=83.722348648463566 0.0048041578265832783 0.87153699528425832 0.32164350416928833 0.18114948272705078 0.010462537407875061 0.86326036965328956 0.030831489711999893 0.18276206122391192 0.17939751985136343 0.18207335092301946 0.022531548514962196 0.15391149925017089 1.0811387200535589 0.35815145099331858 0.17843659222126007 0.032255225509288721 0.022661225710180588 0.023208043181512039 0.0027035652869926716 0.002330696599528892 0.0024461521386456297 0.085062048165126636 0.0042293328879168257 0.0041355541325174272 23.143097901339345 0.0033684596273815259 0.0030689703125972301 3.4313033973748608 6.4670605275066739 5.7172212442135608
leaf_count=34658 23 35 34 1 3 40 1 41 4 85 1 17 35 3 1 16 2 5 16 19 22 35 29 28 9538 22 20 1415 2670 2361
internal_value=-0.0619807 -0.0663311 0.0774657 0.0686642 0.0390923 0.0787914 0.0717568 0.0771386 0.0773008 0.0769236 0.0672941 0.0679336 0.0773765 0.0773042 0.0772242 0.067762 0.067648 0.067473 0.0673321 0.0666743 0.0666736 -0.0667749 0.0666731 0.0666732 -0.0667749 0.0666733 0.0666734 -0.0667749 -0.0667749 -0.0667749
internal_weight=127.289 123.438 3.85096 0.504098 0.0477267 3.34686 0.456371 2.4836 2.16196 0.361471 0.0372642 0.275222 1.80049 0.71935 0.361199 0.12131 0.0904787 0.0582235 0.0355623 0.0147326 0.0123542 122.566 0.00992849 0.00965068 122.481 0.00759779 0.00720452 99.3379 95.9066 89.4396
internal_count=51180 50712 468 225 97 243 128 203 169 89 94 127 80 45 42 110 109 93 91 93 86 50677 70 70 50642 51 48 41104 39689 37019
is_linear=0
shrinkage=0.1


Tree=42
num_leaves=31
num_cat=0
split_feature=5 9 9 10 10 2 6 7 8 9 6 10 8 2 8 10 1 8 7 3 9 9 9 9 9 9 7 7 0 4
split_gain=6.4986 0.314561 0.00262379 0.00580015 0.010446 0.00218468 0.000575684 2.66868e-05 2.25517e-06 2.88327e-06 2.7375e-07 1.26861e-07 1.07648e-07 9.18806e-08 6.09647e-08 6.75269e-08 5.77392e-08 2.18527e-08 1.10976e-07 1.69109e-12 3.73173e-10 2.12329e-09 4.98699e-09 7.13605e-13 2.70006e-13 1.57553e-13 1.27997e-14 7.98103e-15 7.10543e-15 3.85846e-15
threshold=6.5000000000000009 0.035252692626346303 0.044568590937306009 0.45346320346320351 0.4491379310344828 5.5000000000000009 70.500000000000014 42.500000000000007 5329.5000000000009 0.04481827882744336 2278.5000000000005 0.44590643274853808 5071.5000000000009 6.5000000000000009 -2816.4999999999995 0.46547619047619054 5.5000000000000009 -991.49999999999989 245.50000000000003 4.5000000000000009 0.011799512704490051 0.014670014347202252 0.015424266455194202 0.039786861148801408 0.033413078149920207 0.040215445041298405 613.50000000000011 891.50000000000011 10.500000000000002 182.50000000000003
decision_type=2 2 2 2 2 2 2 2 2 2 2 2 2 2 2 2 2 2 2 2 2 2 2 2 2 2 2 2 2 2
left_child=1 19 3 4 11 7 -5 -4 10 -10 12 23 16 14 -8 -16 -9 -17 -19 20 -1 -22 -23 -2 28 -20 -25 -27 -21 -28
right_child=2 -3 5 6 -6 -7 13 8 9 -11 -12 -13 -14 -15 15 17 -18 18 25 24 21 22 -24 26 -26 27 29 -29 -30 -31
leaf_value=0.066795618235258633 -0.066671867756686695 0.0081318104164877225 -0.074771430818410908 -0.075997538056724587 0.062678189567498918 -0.082016729777318206 -0.067413949778130339 -0.075723309093025187 -0.075865373403288416 -0.075263450329509221 -0.07589090631114305 -0.06720694731299634 -0.075847584415782182 -0.06740801596911912 -0.067349397501203376 -0.067204801337855266 -0.075808251715968847 -0.067200911317332732 -0.066670995847471382 0.066795618245857599 0.066795618235256357 0.06679562850033216 0.066634877832434491 -0.066669449026406202 0.066795781711757291 -0.066669520536152022 -0.066669961799723745 -0.066669833705824674 0.066795618235258772 -0.066669747172824464
leaf_weight=11.754567940253771 0.0024103145565268482 0.91979659162461658 0.28468212208789467 0.16155603528022766 0.0092409224453149363 0.72076318608933698 0.01644318550825119 0.16103726211986191 0.15990312020798136 0.15842348613942647 0.96280219983506043 0.011961680836975574 0.31925842314740294 0.082734214897779323 0.017039985119481571 0.01201675517950207 0.15907013416290283 0.012290448219573591 0.0013378197577367237 130.52859537187032 0.049133920576424184 0.0057807834818959236 0.0028970648279376121 0.001128900786397935 0.10128359380178054 0.001071257617354604 0.0014413137650990393 0.00338525803090306 3.5376422815024844 0.0019996147821075283
leaf_count=4067 23 35 34 1 3 40 1 41 4 85 35 1 3 17 16 2 1 5 16 45162 17 2 170 21 35 22 20 48 1224 29
internal_value=0.0633283 0.0664283 -0.076276 -0.0679075 -0.0244857 -0.0772372 -0.0718823 -0.075675 -0.0758089 -0.0755658 -0.0758572 -0.0670093 -0.0758065 -0.0673385 -0.0672482 -0.0671903 -0.0757655 -0.0671003 -0.0670308 0.0667956 0.0667956 0.0667876 0.066742 -0.0666705 0.0667956 -0.06667 -0.0666697 -0.0666698 0.0667956 -0.0666698
internal_weight=150.162 146.9 3.262 0.336058 0.0281827 2.92594 0.307875 2.20518 1.92049 0.318327 1.60217 0.0189418 0.639366 0.146319 0.0635847 0.0471415 0.320107 0.0301015 0.0180848 145.98 11.8124 0.0578118 0.00867785 0.00698014 134.168 0.00579434 0.00456983 0.00445652 134.066 0.00344093
internal_count=51180 50712 468 225 97 243 128 203 169 89 80 94 45 127 110 109 42 93 91 50677 4256 189 172 93 46421 86 70 70 46386 49
is_linear=0
shrinkage=0.1


Tree=43
num_leaves=31
num_cat=0
split_feature=5 2 4 9 6 3 9 9 4 9 7 4 9 4 7 10 8 7 1 0 4 9 1 10 8 8 8 8 8 8
split_gain=1.72415e-06 2.63962e-07 8.00429e-08 3.75445e-08 3.23646e-08 1.10596e-11 2.445e-09 1.38792e-08 3.9743e-13 9.51964e-14 1.33869e-14 6.82787e-15 3.70017e-15 3.55271e-15 2.54831e-15 2.06909e-15 1.67704e-15 7.88215e-16 4.79868e-16 2.22045e-16 2.22045e-16 2.22045e-16 1.25334e-16 1.19045e-16 1.11022e-16 1.11022e-16 1.11022e-16 5.55112e-17 5.55112e-17 5.55112e-17
threshold=6.5000000000000009 5.5000000000000009 178.50000000000003 0.035252692626346303 1297.5000000000002 4.5000000000000009 0.011799512704490051 0.014670014347202252 178.50000000000003 0.039786861148801408 430.50000000000006 174.50000000000003 0.045845648604269255 127.50000000000001 1963.5000000000002 0.52277432712215333 2545.5000000000005 825.50000000000011 2.5000000000000004 8.5000000000000018 108.50000000000001 0.032876959106467256 2.5000000000000004 0.4743421052631579 -414.49999999999994 -14251.499999999998 -880.49999999999989 -1213.9999999999998 -2097.4999999999995 -6908.4999999999991
decision_type=2 2 2 2 2 2 2 2 2 2 2 2 2 2 2 2 2 2 2 2 2 2 2 2 2 2 2 2 2 2
left_child=3 8 4 5 -3 6 19 -8 11 -10 -11 12 -2 21 22 16 -14 -18 -19 20 -1 24 23 -12 25 -7 27 28 29 -27
right_child=1 2 -4 -5 -6 13 7 -9 9 10 14 -13 15 -15 -16 -17 17 18 -20 -21 -22 -23 -24 -25 -26 26 -28 -29 -30 -31
leaf_value=-0.066700840261236252 -0.066668851765306472 -0.06704570840848971 -0.067110688943719757 -0.066773399345915557 -0.066896007777471775 -0.066700840261251129 -0.066700840261248437 -0.066435015233701461 -0.066670053470212584 -0.066669079101618664 -0.066669403466378216 -0.066668454193012205 -0.066668813915635311 -0.066700840291780097 -0.066669534913276332 -0.066668568512414247 -0.066668600332073127 -0.06666865106653827 -0.066668736892759151 -0.066700840261251323 -0.066700840261252947 -0.066700852469219696 -0.066669417860211758 -0.066669362287419584 -0.066700840261252961 -0.066700840261252892 -0.066700840261251823 -0.066700840261251185 -0.066700840261252378 -0.06670084026125285
leaf_weight=0.023045560810722399 0.0013054839412224295 0.026210086936771404 0.099625902232219232 0.071412148303351297 0.032164699894565274 0.032263785135000833 0.0130591511260717 0.0023118559279495807 0.0028737796674249702 0.0012367293418265035 0.0015389098371088039 0.0013456231218924586 0.001016111149056087 33.939973710512277 0.0019095632414973807 0.0015989429437581748 0.001154640380264027 0.0011574470881896559 0.0014891824866936076 0.03610471193678666 3.0650595878250897 0.016136688413098343 0.0019182122850907035 0.0012862787300491618 0.51084326463751395 0.38639723625965361 0.065295755630359165 0.041482009459287039 0.099864096846431383 0.56768898130394518
leaf_count=30 28 14 34 35 32 42 17 172 39 24 25 39 22 44182 30 41 27 26 32 47 3990 21 31 24 665 503 85 54 130 739
internal_value=-0.0667024 -0.067013 -0.0670562 -0.066701 -0.0669632 -0.0667008 -0.0667006 -0.0666609 -0.0666691 -0.0666696 -0.0666694 -0.0666687 -0.0666687 -0.0667008 -0.0666694 -0.0666687 -0.0666687 -0.0666687 -0.0666687 -0.0667008 -0.0667008 -0.0667008 -0.0666694 -0.0666694 -0.0667008 -0.0667008 -0.0667008 -0.0667008 -0.0667008 -0.0667008
internal_weight=39.0488 0.177832 0.158001 38.8709 0.0583748 38.7995 3.13958 0.015371 0.0198309 0.0107635 0.00788969 0.00906743 0.00772181 35.6599 0.00665296 0.00641632 0.00481738 0.00380127 0.00264663 3.12421 3.08811 1.71997 0.0047434 0.00282519 1.70384 1.19299 1.16073 1.09543 1.05395 0.954086
internal_count=51180 468 80 50712 46 50677 4256 189 388 173 134 215 176 46421 110 148 107 85 58 4067 4020 2239 80 49 2218 1553 1511 1426 1372 1242
is_linear=0
shrinkage=0.1


Tree=44
num_leaves=31
num_cat=0
split_feature=5 5 6 9 10 10 2 6 7 9 8 9 4 9 10 2 6 8 10 8 1 8 7 9 9 9 7 7 8 7
split_gain=6.72764 0.354583 0.36841 0.00315781 0.00393311 0.0117689 0.00171923 0.000655075 2.72166e-05 4.37014e-06 3.77978e-06 5.04136e-06 1.2108e-06 9.99078e-07 6.2595e-07 4.25914e-07 3.85762e-07 3.08112e-07 3.347e-07 2.7915e-07 2.77585e-07 1.21028e-07 5.48936e-07 2.60394e-12 5.30404e-13 1.20792e-13 8.40946e-14 5.00173e-14 1.42109e-14 9.00538e-15
threshold=6.5000000000000009 5.5000000000000009 3663.5000000000005 0.044568590937306009 0.45346320346320351 0.4491379310344828 5.5000000000000009 70.500000000000014 42.500000000000007 0.035252692626346303 5329.5000000000009 0.04481827882744336 166.50000000000003 0.034752415458937154 0.44590643274853808 6.5000000000000009 2278.5000000000005 -2816.4999999999995 0.46547619047619054 5071.5000000000009 5.5000000000000009 -991.49999999999989 245.50000000000003 0.039786861148801408 0.040215445041298405 0.033413078149920207 597.50000000000011 891.50000000000011 6717.0000000000009 1572.5000000000002
decision_type=2 2 2 2 2 2 2 2 2 2 2 2 2 2 2 2 2 2 2 2 2 2 2 2 2 2 2 2 2 2
left_child=1 9 12 4 5 14 8 -6 -5 25 16 -12 -3 -14 23 17 19 -9 -19 20 -10 -20 -23 -2 -24 28 -25 -26 -1 -28
right_child=3 2 -4 6 7 -7 -8 15 10 -11 11 -13 13 -15 -16 -17 -18 18 21 -21 -22 22 24 26 27 -27 29 -29 -30 -31
leaf_value=-0.066761343648172974 0.0666753640244198 -0.067333426210347005 0.063952836375253938 0.074734130265973683 0.075999238610349074 -0.060109464944740815 0.081112439893564828 0.067915207607671974 0.075624497767048798 -0.067335461042465225 0.075864927350682565 0.075073589958163905 -0.066761369426614134 -0.067278708236963067 0.067568972488284015 0.067891349678704874 0.075882053636715838 0.067800269353112425 0.067564373464382932 0.075848216494859649 0.07581021363051188 0.067554441975017074 0.06667407525457103 0.066671770854112675 0.066671963609817378 -0.066761493939959379 0.066672400983394581 0.066672523036649403 -0.066761343645363277 0.066672635242292361
leaf_weight=96.626760494644216 0.0042045642112492629 0.27941912598907848 0.42479133745655417 0.28610246742050627 0.1615782231092453 0.0093346199719235301 0.77673020607471688 0.027068858966231346 0.16287597041446111 0.13274911791086097 0.15997059581093243 0.16206438189033179 0.087115787435323 0.065318178618326783 0.019763391464948654 0.13511863210078445 0.96408960717633363 0.028310227848123759 0.019876904923876282 0.31935654675908154 0.15909600257873535 0.020356032015115488 0.0023660796423428119 0.0020397900661919266 0.0021408360457826348 0.053186173317952945 0.0037013892724644393 0.0063051002362044528 10.489424322904453 0.0029479739896487445
leaf_count=45655 23 19 16 34 1 3 40 1 41 9 4 85 41 7 1 17 35 16 2 3 1 5 16 19 22 25 29 48 4940 22
internal_value=-0.0618746 -0.0662505 -0.00216908 0.0758949 0.0680367 0.0389115 0.0770646 0.0710705 0.0756443 -0.0667621 0.0757794 0.0754667 -0.0672098 -0.066983 0.0672154 0.0677735 0.0758421 0.0676239 0.0675245 0.075782 0.0757163 0.0673716 0.0672486 0.0666733 0.0666728 -0.0667613 0.0666723 0.0666724 -0.0667613 0.0666725
internal_weight=111.594 108.159 0.856644 3.4354 0.445113 0.0419917 2.99029 0.403121 2.21356 107.302 1.92745 0.322035 0.431853 0.152434 0.0326571 0.241543 1.60542 0.106424 0.0793552 0.641329 0.321972 0.051045 0.031168 0.0128937 0.010812 107.169 0.00868915 0.00844594 107.116 0.00664936
internal_count=51180 50712 83 468 225 97 243 128 203 50629 169 89 67 48 94 127 80 110 109 45 42 93 91 93 86 50620 70 70 50595 51
is_linear=0
shrinkage=0.1


Tree=45
num_leaves=31
num_cat=0
split_feature=5 9 9 10 10 2 6 7 8 9 6 10 8 2 8 10 1 8 7 5 6 3 9 9 9 9 9 9 5 7
split_gain=5.66868 0.305368 0.00192512 0.00500755 0.00909529 0.00141935 0.000373892 1.67084e-05 1.39381e-06 1.77718e-06 1.70631e-07 8.49467e-08 6.46586e-08 6.13865e-08 4.07386e-08 4.52329e-08 3.29269e-08 1.46146e-08 7.43167e-08 1.21283e-10 2.05105e-10 2.51532e-12 5.56494e-10 3.16427e-09 7.42876e-09 4.78579e-13 1.20792e-13 1.05328e-13 1.42109e-14 6.35494e-15
threshold=6.5000000000000009 0.035252692626346303 0.044568590937306009 0.45346320346320351 0.4491379310344828 5.5000000000000009 70.500000000000014 42.500000000000007 5329.5000000000009 0.04481827882744336 2278.5000000000005 0.44590643274853808 5071.5000000000009 6.5000000000000009 -2816.4999999999995 0.46547619047619054 5.5000000000000009 -991.49999999999989 245.50000000000003 5.5000000000000009 2973.5000000000005 4.5000000000000009 0.011799512704490051 0.014670014347202252 0.015424266455194202 0.039786861148801408 0.033413078149920207 0.040215445041298405 2.5000000000000004 1549.5000000000002
decision_type=2 2 2 2 2 2 2 2 2 2 2 2 2 2 2 2 2 2 2 2 2 2 2 2 2 2 2 2 2 2
left_child=1 19 3 4 11 7 -5 -4 10 -10 12 25 16 14 -8 -16 -9 -17 -19 21 -21 22 -1 -24 -25 -2 28 -20 -23 -27
right_child=2 -3 5 6 -6 -7 13 8 9 -11 -12 -13 -14 -15 15 17 -18 18 27 20 -22 26 23 24 -26 29 -28 -29 -30 -31
leaf_value=0.066779500071133688 -0.066671218435498933 0.0072783049712311729 -0.073652621972856103 -0.074681823964904068 0.061469470208932148 -0.079811297029166409 -0.067319973584056989 -0.074454181001111744 -0.074570482984085543 -0.074069250579358592 -0.074592333981724046 -0.067139145006608683 -0.074555432694751039 -0.06731480553628813 -0.067263766235689318 -0.067137276049626354 -0.07452220606692371 -0.067133902341700177 -0.06667045429878167 0.06677953431952359 0.06678727448817745 0.066779500065296468 0.06677949790223045 0.066779513440801769 0.066569864142825813 -0.066669260873714317 0.066779640516694536 -0.066669372793611709 0.066779498836071843 -0.066669522372293372
leaf_weight=10.29011483816428 0.0021094691771904586 0.86838752869516511 0.25267891772912787 0.14370845258235931 0.0082582584000192583 0.6476006978030745 0.014415508136153221 0.1431849052023606 0.14220555586930661 0.14075337989801828 0.85628343923703198 0.010481653735041618 0.28391502699741977 0.072530296885864098 0.014936603223759448 0.01052987074945122 0.14145055413246155 0.010769611682917457 0.0011708363921485434 0.093644031090660884 0.05396439740434289 101.22365979012102 0.043012529611588302 0.0050609358586370936 0.0025376494958937457 0.0025308757311677255 0.06333222845569153 0.0039002539136276937 16.020902030169964 0.0014685479472973384
leaf_count=4067 23 35 34 1 3 40 1 41 4 85 35 1 3 17 16 2 1 5 16 37 20 40007 17 2 170 47 25 70 6332 23
internal_value=0.063259 0.0663779 -0.0748839 -0.0672529 -0.024282 -0.0757524 -0.0711791 -0.0744116 -0.0745239 -0.0743212 -0.0745641 -0.0669664 -0.0745217 -0.0672542 -0.0671752 -0.0671247 -0.074488 -0.067046 -0.0669853 0.0667795 0.0667824 0.0667795 0.0667794 0.066769 0.0667095 -0.06667 0.0667795 -0.0666696 0.0667795 -0.0666694
internal_weight=131.569 128.665 2.90488 0.29681 0.0248488 2.60807 0.271961 1.96047 1.70779 0.282959 1.42483 0.0165905 0.56855 0.128253 0.0557227 0.0413072 0.284635 0.0263706 0.0158407 127.796 0.147608 127.649 10.3407 0.0506111 0.00759859 0.00610889 117.308 0.00507109 117.245 0.00399942
internal_count=51180 50712 468 225 97 243 128 203 169 89 80 94 45 127 110 109 42 93 91 50677 57 50620 4256 189 172 93 46364 86 46339 70
is_linear=0
shrinkage=0.1


Tree=46
num_leaves=31
num_cat=0
split_feature=5 2 4 9 6 3 9 9 4 9 7 4 7 9 4 10 8 4 4 7 1 6 2 4 1 10 4 4 4 4
split_gain=1.14397e-06 1.75438e-07 5.64094e-08 2.92267e-08 2.09929e-08 1.55005e-11 3.42757e-09 1.94403e-08 2.81921e-13 6.06242e-14 1.00844e-14 4.25094e-15 4.0753e-15 2.78336e-15 1.77636e-15 1.35569e-15 9.66891e-16 8.88178e-16 8.88178e-16 5.14129e-16 2.22045e-16 2.03505e-16 1.11022e-16 1.11022e-16 7.93636e-17 8.76035e-17 2.77556e-17 2.77556e-17 2.77556e-17 6.93889e-18
threshold=6.5000000000000009 5.5000000000000009 178.50000000000003 0.035252692626346303 1297.5000000000002 4.5000000000000009 0.011799512704490051 0.014670014347202252 178.50000000000003 0.039786861148801408 430.50000000000006 174.50000000000003 1963.5000000000002 0.045845648604269255 173.50000000000003 0.52277432712215333 2798.5000000000005 222.50000000000003 215.50000000000003 926.50000000000011 2.5000000000000004 2387.5000000000005 1.5000000000000002 141.50000000000003 2.5000000000000004 0.4743421052631579 186.50000000000003 138.50000000000003 137.50000000000003 219.50000000000003
decision_type=2 2 2 2 2 2 2 2 2 2 2 2 2 2 2 2 2 2 2 2 2 2 2 2 2 2 2 2 2 2
left_child=3 8 4 5 -3 6 20 -8 11 -10 -11 13 24 -2 -7 16 -15 18 -16 -18 -1 -21 26 27 25 -12 -22 28 -24 -20
right_child=1 2 -4 -5 -6 14 7 -9 9 10 12 -13 -14 15 17 -17 19 -19 29 21 22 -23 23 -25 -26 -27 -28 -29 -30 -31
leaf_value=-0.066696578859979469 -0.066668573546233317 -0.066993922899062877 -0.067055182651152442 -0.066763249522727011 -0.066864337188014766 -0.066696578860072631 -0.066696578859974931 -0.066360430573999693 -0.066669631052395123 -0.066668777320649478 -0.066669062197707601 -0.066668224901787587 -0.066669240521879447 -0.066668511888750184 -0.066696578857058014 -0.066668316294646132 -0.066668344692765003 -0.066696578859975597 -0.066696578859978303 -0.066668463034416384 -0.066696578859979927 -0.066668400158935437 -0.066696578859979941 -0.06669657885998008 -0.066669073175291346 -0.066669024413486169 -0.066696578859976305 -0.066696578859979413 -0.066696578859977512 -0.066696578859977207
leaf_weight=0.54060229752212396 0.0011385717604061041 0.022662204248263151 0.087310128368699225 0.065840090392156436 0.027882531798240962 21.392799769993875 0.011430645594373234 0.0020252787956742688 0.0025148367276415229 0.001081679634808097 0.0013463358882290777 0.0011750961828056461 0.0016921651767916046 0.00107989082732729 9.7059623477398365 0.0013871480177272133 0.0010403199721622514 0.026223245775327864 0.065221918979660454 0.0010079012790811248 0.45789821469225023 0.0010520839205128141 0.3382126314099877 1.2600605790503321 0.0016787199892860372 0.0011248409928157344 0.017482163850218058 0.094807119341567159 0.025550854858011007 0.022861291188746691
leaf_count=804 28 14 34 35 32 31816 17 172 39 24 25 39 30 27 14435 41 28 39 97 25 681 27 503 1874 31 24 26 141 38 34
internal_value=-0.0666979 -0.0669688 -0.0670065 -0.0666967 -0.0669224 -0.0666966 -0.0666963 -0.066646 -0.0666688 -0.0666692 -0.0666691 -0.0666684 -0.0666691 -0.0666684 -0.0666966 -0.0666684 -0.0666684 -0.0666966 -0.0666966 -0.0666684 -0.0666966 -0.0666684 -0.0666966 -0.0666966 -0.0666691 -0.066669 -0.0666966 -0.0666966 -0.0666966 -0.0666966
internal_weight=34.1822 0.155174 0.137855 34.027 0.0505447 33.9611 2.74807 0.0134559 0.0173196 0.00943858 0.00692374 0.00788101 0.00584206 0.00670592 31.2131 0.00556734 0.0041802 9.82027 9.79405 0.00310031 2.73461 0.00205999 2.19401 1.71863 0.0041499 0.00247118 0.47538 0.458571 0.363763 0.0880832
internal_count=51180 468 80 50712 46 50677 4256 189 388 173 134 215 110 176 46421 148 107 14605 14566 80 4067 52 3263 2556 80 49 707 682 541 131
is_linear=0
shrinkage=0.1


Tree=47
num_leaves=31
num_cat=0
split_feature=5 5 6 9 10 10 2 6 7 9 8 9 4 9 10 2 6 8 10 8 1 8 7 9 9 9 7 7 7 2
split_gain=5.86676 0.344016 0.339314 0.00225572 0.00338289 0.0102383 0.00112632 0.000425595 1.7045e-05 3.55581e-06 2.34386e-06 3.12242e-06 9.18437e-07 7.98913e-07 4.1873e-07 2.84009e-07 2.40576e-07 2.05541e-07 2.23835e-07 1.70238e-07 1.66545e-07 8.08215e-08 3.6724e-07 1.74629e-12 3.54996e-13 7.81597e-14 5.60697e-14 3.34312e-14 1.42109e-14 7.10543e-15
threshold=6.5000000000000009 5.5000000000000009 3663.5000000000005 0.044568590937306009 0.45346320346320351 0.4491379310344828 5.5000000000000009 70.500000000000014 42.500000000000007 0.035252692626346303 5329.5000000000009 0.04481827882744336 166.50000000000003 0.034752415458937154 0.44590643274853808 6.5000000000000009 2278.5000000000005 -2816.4999999999995 0.46547619047619054 5071.5000000000009 5.5000000000000009 -991.49999999999989 245.50000000000003 0.039786861148801408 0.040215445041298405 0.033413078149920207 597.50000000000011 891.50000000000011 1069.5000000000002 5.5000000000000009
decision_type=2 2 2 2 2 2 2 2 2 2 2 2 2 2 2 2 2 2 2 2 2 2 2 2 2 2 2 2 2 2
left_child=1 9 12 4 5 14 8 -6 -5 25 16 -12 -3 -14 23 17 19 -9 -19 20 -10 -20 -23 -2 -24 28 -25 -26 29 -1
right_child=3 2 -4 6 7 -7 -8 15 10 -11 11 -13 13 -15 -16 -17 -18 18 21 -21 -22 22 24 26 27 -27 -28 -29 -30 -31
leaf_value=-0.066749509792054004 0.066674279398912448 -0.067285016555253069 0.062583236097020253 0.073621190273964993 0.074683268710656572 -0.058642067896911412 0.079065634409385729 0.067757310226261455 0.07437131155300529 -0.067286904659116117 0.074570132086349064 0.073909494718558719 -0.066749535538835725 -0.067236574791546155 0.067455235524351412 0.067736537433303198 0.074584946801013047 0.067657351005365476 0.067451236571185111 0.07455598805797066 0.074523874049561845 0.067442608400486909 0.066673149143306368 0.066671135469571347 0.066671302748143299 -0.066749642673889539 0.066671776116975015 0.066671791639649147 -0.066749509764800333 -0.066749509781238212
leaf_weight=64.258107385891662 0.0036797938955709375 0.25950480718165536 0.41027660714462399 0.25391397380872183 0.1437288373708725 0.008361338172107935 0.6962561022646695 0.023755889385938644 0.1447810537247276 0.12328832410275836 0.14226537318586441 0.14391438530356027 0.076256281230598688 0.060322411241941154 0.017330417409539223 0.11857397100902745 0.85740770856511972 0.024838761572027579 0.017429778978112154 0.28400272830913309 0.14147429168224335 0.017849535863206256 0.0020707225173737243 0.0017851901720860042 0.0018736247236574854 0.046556210145353272 0.0058193274671793915 0.0055179733608383685 19.016367948472563 10.489032127998341
leaf_count=34715 23 19 16 34 1 3 40 1 41 9 4 85 41 7 1 17 35 16 2 3 1 5 16 19 22 25 51 48 10235 5645
internal_value=-0.0617925 -0.0661919 -0.00115369 0.074566 0.0674897 0.0387022 0.0756089 0.0704828 0.0743858 -0.0667502 0.0744991 0.0742379 -0.0671745 -0.0669646 0.0671466 0.0676338 0.0745515 0.0675033 0.0674166 0.0745011 0.0744467 0.067283 0.0671756 0.0666725 0.066672 -0.0667495 0.0666716 0.0666717 -0.0667495 -0.0667495
internal_weight=97.7963 94.7397 0.80636 3.05663 0.392615 0.0369761 2.66402 0.355639 1.96776 93.9334 1.71385 0.28618 0.396083 0.136579 0.0286147 0.21191 1.42767 0.0933363 0.0695804 0.570258 0.286255 0.0447416 0.0273119 0.0112843 0.00946232 93.8101 0.00760452 0.0073916 93.7635 74.7471
internal_count=51180 50712 83 468 225 97 243 128 203 50629 169 89 67 48 94 127 80 110 109 45 42 93 91 93 86 50620 70 70 50595 40360
is_linear=0
shrinkage=0.1


Tree=48
num_leaves=31
num_cat=0
split_feature=5 9 9 10 10 2 6 7 8 9 6 10 2 8 8 10 1 8 7 5 6 3 9 9 9 9 9 9 9 7
split_gain=4.94703 0.296084 0.00143828 0.00435397 0.00791025 0.000925551 0.000243901 1.05572e-05 8.71384e-07 1.10828e-06 1.07457e-07 5.68888e-08 4.10329e-08 3.94211e-08 2.72359e-08 3.03018e-08 1.9138e-08 9.7756e-09 4.97734e-08 4.33189e-10 6.94774e-10 3.75877e-12 8.29013e-10 4.71428e-09 1.10604e-08 3.20895e-13 8.52651e-14 7.0608e-14 7.10543e-15 4.33898e-15
threshold=6.5000000000000009 0.035252692626346303 0.044568590937306009 0.45346320346320351 0.4491379310344828 5.5000000000000009 70.500000000000014 42.500000000000007 5329.5000000000009 0.04481827882744336 2278.5000000000005 0.44590643274853808 6.5000000000000009 5071.5000000000009 -2816.4999999999995 0.46547619047619054 5.5000000000000009 -991.49999999999989 245.50000000000003 5.5000000000000009 2973.5000000000005 4.5000000000000009 0.011799512704490051 0.014670014347202252 0.015424266455194202 0.039786861148801408 0.033413078149920207 0.040215445041298405 0.032345248474280705 1549.5000000000002
decision_type=2 2 2 2 2 2 2 2 2 2 2 2 2 2 2 2 2 2 2 2 2 2 2 2 2 2 2 2 2 2
left_child=1 19 3 4 11 7 -5 -4 10 -10 13 25 14 16 -8 -16 -9 -17 -19 21 -21 22 -1 -24 -25 -2 28 -20 -23 -27
right_child=2 -3 5 6 -6 -7 12 8 9 -11 -12 -13 -14 -15 15 17 -18 18 27 20 -22 26 23 24 -26 29 -28 -29 -30 -31
leaf_value=0.066765394156054411 -0.066670651096593189 0.0064729079109739924 -0.072700941703253794 -0.073569780776031365 0.060009838799710995 -0.077955682304721871 -0.067237896181842297 -0.073379403878806024 -0.073475458639264968 -0.073055171850170575 -0.073494222344909585 -0.067079894277223509 -0.067233391291481093 -0.073462676245533612 -0.067188916319279354 -0.06707825494379667 -0.073434462839266468 -0.067075333555310174 -0.066669981471397952 0.066765423219508457 0.066780329097462759 0.066765394160967023 0.066765394156051316 0.06676541320413798 0.066492074274931159 -0.066668936882963076 0.066765521979781459 -0.066669034941684524 0.066765394156054467 -0.06666916785816239
leaf_weight=9.0078031735029018 0.0018461712136302886 0.82046985533088346 0.22384021766009743 0.12753985822200775 0.0074140551878372199 0.57976656732761433 0.012635137885808945 0.12703031540877396 0.1261817263512971 0.12479408615456666 0.75982827685015053 0.0091833118349313736 0.063571289412579279 0.25191654371155892 0.013090267526422394 0.0092255244235275313 0.1255011111497879 0.0094355019609793089 0.001024694115017156 0.081972127780317261 0.050555527675896883 102.56758229318075 0.037652484374121609 0.0044306572526693335 0.002223145129478965 0.0022149694384552276 0.055440037976949408 0.0034134214165177923 0.066445560660212233 0.0012852431646024343
leaf_count=4067 23 35 34 1 3 40 1 41 4 85 35 1 17 3 16 2 1 5 16 37 20 46309 17 2 170 47 25 70 30 23
internal_value=0.0631915 0.0663264 -0.0737022 -0.0666773 -0.0240406 -0.0744955 -0.0705767 -0.073342 -0.0734367 -0.0732665 -0.0734705 -0.0669289 -0.0671804 -0.0734347 -0.0671115 -0.0670674 -0.0734068 -0.0669985 -0.0669454 0.0667654 0.0667711 0.0667654 0.0667653 0.0667517 0.0666741 -0.0666696 0.0667654 -0.0666693 0.0667654 -0.066669
internal_weight=115.275 112.695 2.58074 0.261879 0.0219438 2.31886 0.239936 1.73909 1.51525 0.250976 1.26428 0.0145297 0.112396 0.504448 0.0488245 0.0361894 0.252531 0.0230991 0.0138736 111.874 0.132528 111.742 9.05211 0.0443063 0.0066538 0.00534638 102.689 0.00443812 102.634 0.00350021
internal_count=51180 50712 468 225 97 243 128 203 169 89 80 94 127 45 110 109 42 93 91 50677 57 50620 4256 189 172 93 46364 86 46339 70
is_linear=0
shrinkage=0.1


Tree=49
num_leaves=22
num_cat=0
split_feature=5 2 4 9 6 3 9 9 4 9 7 7 4 4 9 6 4 0 9 1 6
split_gain=7.60304e-07 1.16795e-07 3.93991e-08 2.29206e-08 1.36755e-08 2.18616e-11 4.83258e-09 2.73796e-08 2.00565e-13 3.77012e-14 9.19837e-15 4.08354e-15 3.55271e-15 2.68709e-15 1.53003e-15 7.68482e-16 2.22045e-16 1.89952e-16 1.11022e-16 6.41848e-17 7.58942e-18
threshold=6.5000000000000009 5.5000000000000009 178.50000000000003 0.035252692626346303 1297.5000000000002 4.5000000000000009 0.011799512704490051 0.014670014347202252 178.50000000000003 0.039786861148801408 1963.5000000000002 460.50000000000006 129.50000000000003 174.50000000000003 0.046109893030363357 2244.5000000000005 119.50000000000001 4.5000000000000009 0.03256451042771296 1.5000000000000002 2170.5000000000005
decision_type=2 2 2 2 2 2 2 2 2 2 2 2 2 2 2 2 2 2 2 2 2
left_child=3 8 4 5 -3 6 16 -8 13 -10 11 -11 18 14 -2 17 -1 -16 -7 -13 -21
right_child=1 2 -4 -5 -6 12 7 -9 9 10 -12 19 -14 -15 15 -17 -18 -19 -20 20 -22
leaf_value=-0.066692841388990357 -0.066668290769033509 -0.066949746339518015 -0.067006623337526203 -0.066754293515597085 -0.066837418768377982 -0.066692841394600522 -0.066692841388990107 -0.066266636564002598 -0.066669260707215489 -0.066668533301981997 -0.06666899242851769 -0.06666873992086704 -0.066692841420536775 -0.066668025586783586 -0.066668239069752305 -0.066668122649003764 -0.066692841388996005 -0.066668183873302922 -0.066692849372877172 -0.066668761896667844 -0.066668773448024854
leaf_weight=0.07297794800252777 0.0014335316978976173 0.019627404344646493 0.076503661155584268 0.060768645023926093 0.024204675186410896 1.5578437771182532 0.010005041258409508 0.0017746119664536772 0.0022007510815456044 0.0010427693945302963 0.0015016411016404163 0.0012180181458916195 25.746506015653722 0.0010265364348924777 0.0010852333125512814 0.0018453603864827528 2.3205810401123017 0.0014658433956356021 0.015894036216195562 0.0010365220114181284 0.0012796699338650797
leaf_count=124 41 14 34 35 32 2647 17 172 39 27 30 28 43747 39 31 60 3943 44 27 22 27
internal_value=-0.066694 -0.0669304 -0.0669633 -0.0666929 -0.0668877 -0.0666928 -0.0666925 -0.0666286 -0.0666686 -0.0666689 -0.0666688 -0.0666687 -0.0666928 -0.0666682 -0.0666682 -0.0666682 -0.0666928 -0.0666682 -0.0666928 -0.0666688 -0.0666688
internal_weight=29.9218 0.135472 0.120336 29.7864 0.0438321 29.7256 2.40534 0.0117797 0.0151359 0.00827937 0.00607862 0.00457698 27.3202 0.00685651 0.00582997 0.00439644 2.39356 0.00255108 1.57374 0.00353421 0.00231619
internal_count=51180 468 80 50712 46 50677 4256 189 388 173 134 104 46421 215 176 135 4067 75 2674 77 49
is_linear=0
shrinkage=0.1


Tree=50
num_leaves=31
num_cat=0
split_feature=9 4 9 5 9 10 10 2 6 6 10 7 9 8 9 10 2 6 8 10 8 9 5 6 9 7 9 0 6 9
split_gain=5.13075 0.230907 0.172959 0.00966079 0.00156379 0.00300771 0.00883877 0.00073923 0.000264315 0.000109244 0.000139613 1.07442e-05 6.39372e-06 1.25619e-06 1.64907e-06 2.6687e-07 1.51926e-07 1.36222e-07 1.28013e-07 1.47248e-07 4.79181e-08 2.19272e-07 4.2062e-10 4.76964e-10 1.01292e-12 3.79484e-14 3.2785e-14 1.42109e-14 7.10543e-15 7.10543e-15
threshold=0.037235096058625454 155.50000000000003 0.035252692626346303 6.5000000000000009 0.044568590937306009 0.45346320346320351 0.4491379310344828 5.5000000000000009 70.500000000000014 121.50000000000001 0.35599078341013829 42.500000000000007 0.033413078149920207 5329.5000000000009 0.04481827882744336 0.44590643274853808 6.5000000000000009 2278.5000000000005 -2816.4999999999995 0.46547619047619054 -991.49999999999989 0.043835945475289705 5.5000000000000009 2973.5000000000005 0.039786861148801408 597.50000000000011 0.041328615872628503 5.5000000000000009 1585.5000000000002 0.025062814070351755
decision_type=2 2 2 2 2 2 2 2 2 2 2 2 2 2 2 2 2 2 2 2 2 2 2 2 2 2 2 2 2 2
left_child=2 9 12 -3 5 6 15 11 -7 -2 -11 -6 22 17 -15 24 18 -13 -10 -20 -21 26 27 -24 -5 -26 -22 28 29 -1
right_child=1 3 -4 4 7 8 -8 -9 16 10 -12 13 -14 14 -16 -17 -18 -19 19 20 21 -23 23 -25 25 -27 -28 -29 -30 -31
leaf_value=-0.066739162823988687 -0.067239822911567868 0.051434760346378942 -0.0049949817969198616 0.06667337975386399 0.072681933699933476 0.073571020041114807 -0.056922383868944826 0.077343800854895423 0.067619605608439395 -0.066667269933065793 -0.056399052194798731 0.073423313590290057 -0.065684329784572629 0.073475199397036436 0.072964464045625663 0.067355953554014233 0.067598413281295108 0.073490290689664312 0.067541195827731756 0.067352466371341888 0.06667146094311914 0.067332479079429561 -0.066739160532629918 -0.066754372630377784 0.06667057549035349 0.066671138874271216 0.066671015372197689 -0.066739162823418449 -0.066739162823324358 -0.066739162773369151
leaf_weight=50.904795757831693 0.076062733307480257 0.21442308649420772 0.45621029491303389 0.002464631324983535 0.22463037867044056 0.12755843997001648 0.0075249282235745332 0.62165439709133341 0.020841103047133491 0.02546314912251546 0.02758760615142819 0.50549117548871414 0.057502194635161596 0.12623466211238099 0.12664104302120904 0.015193200670182705 0.083298675177502446 0.76055650450462053 0.02157093652203812 0.015280175532098927 0.0025187312224933525 0.015943540576017767 0.043945176410487785 0.038817954249680042 0.0015623662802681793 0.0050929067692777608 0.0047951949188700382 22.177667255688576 7.1093534932126081 1.8815051648959968
leaf_count=31370 6 4 32 17 29 1 3 34 1 4 36 38 38 4 71 1 16 31 14 2 26 9 27 20 19 51 51 13631 4371 1223
internal_value=-0.0617116 0.0660428 -0.0663977 0.071862 0.073491 0.0669716 0.0377867 0.0743831 0.0701559 -0.0648106 -0.0613276 0.0733274 -0.0667384 0.0734229 0.0732194 0.0670993 0.0675036 0.0734635 0.067406 0.067332 0.0672149 0.0671245 -0.0667392 -0.0667463 0.0666716 0.066671 0.0666712 -0.0667392 -0.0667392 -0.0667392
internal_weight=85.7022 3.03239 82.6698 2.90328 2.68885 0.323645 0.031838 2.36521 0.291807 0.129113 0.0530508 1.74355 82.2136 1.51892 0.252876 0.0243131 0.164248 1.26605 0.0809497 0.0601086 0.0385376 0.0232575 82.1561 0.0827631 0.0091199 0.00665527 0.00731393 82.0733 59.8957 52.7863
internal_count=51180 468 50712 422 418 211 91 207 120 46 40 173 50680 144 75 88 119 69 103 102 88 86 50642 47 87 70 77 50595 36964 32593
is_linear=0
shrinkage=0.1


Tree=51
num_leaves=31
num_cat=0
split_feature=5 5 6 9 10 4 2 6 7 9 4 9 8 9 6 2 2 8 8 10 1 8 7 3 9 9 9 10 9 9
split_gain=4.3196 0.298355 0.316027 0.00109655 0.00380551 0.00692326 0.000605525 0.000160158 6.72261e-06 3.6052e-06 9.64463e-07 8.60449e-07 5.58207e-07 7.09864e-07 6.88832e-08 3.72847e-08 3.21658e-08 2.5615e-08 1.83174e-08 2.03412e-08 1.23887e-08 6.61188e-09 3.3501e-08 5.58487e-12 1.23504e-09 7.02029e-09 1.6457e-08 5.99802e-13 2.09823e-13 1.49214e-13
threshold=6.5000000000000009 5.5000000000000009 3663.5000000000005 0.044568590937306009 0.45346320346320351 178.50000000000003 5.5000000000000009 70.500000000000014 42.500000000000007 0.035252692626346303 166.50000000000003 0.034752415458937154 5329.5000000000009 0.04481827882744336 2278.5000000000005 6.5000000000000009 6.5000000000000009 5071.5000000000009 -2816.4999999999995 0.46547619047619054 5.5000000000000009 -991.49999999999989 245.50000000000003 4.5000000000000009 0.011799512704490051 0.014670014347202252 0.015424266455194202 0.42020373514431236 0.039786861148801408 0.033413078149920207
decision_type=2 2 2 2 2 2 2 2 2 2 2 2 2 2 2 2 2 2 2 2 2 2 2 2 2 2 2 2 2 2
left_child=1 9 10 4 5 -2 8 -6 -5 23 -3 -12 14 -14 17 27 18 20 -9 -20 -10 -21 -23 24 -1 -26 -27 28 -7 -25
right_child=3 2 -4 6 7 15 -8 16 12 -11 11 -13 13 -15 -16 -17 -18 -19 19 21 -22 22 -24 29 25 26 -28 -29 -30 -31
leaf_value=0.066753062016108589 0.058811145225330021 0.06729455067999561 -0.058949967747132362 -0.071887831908218583 -0.072625257151622352 -0.066670310808177299 -0.076385765308993769 -0.067166183015027844 -0.072463039341543675 0.06729212777212748 0.066753086610383011 0.067250257281025447 -0.072545006546121102 -0.072187564727440284 -0.072560999145032765 -0.067024612352195534 -0.067170344584765632 -0.07253432256061193 -0.067123164992386311 -0.067026674819288798 -0.0725101124494857 -0.067024127813144263 -0.066668964828682981 0.066753061990545412 0.066753062016107187 0.066753087692873955 0.066396844975713423 -0.066671969886040613 -0.066668725061543824 0.066753233741048315
leaf_weight=7.8850497980602148 0.0066634560280341417 0.26305704563856025 0.39034178433939815 0.19797936431269425 0.11297126859426498 0.001358155528350836 0.51746823118811458 0.011072556488215923 0.11250262050816651 0.12421821337193151 0.079517203732393682 0.061916432809084654 0.1117500143921516 0.11049831577548441 0.67296269980581869 0.0081234279768978013 0.056530259537541927 0.2231066406093305 0.011478035510663176 0.0080816441659408156 0.11114037781953812 0.0082657430466497317 0.0039131660519089459 89.841485799639486 0.032959391828626283 0.0038788481615483752 0.0019480126568751643 0.0011465481657069176 0.0021638229226255135 0.048567418707533672
leaf_count=4067 10 19 16 34 1 19 40 1 41 9 41 7 4 85 35 3 17 3 16 2 1 5 86 46339 17 2 170 15 50 25
internal_value=0.0631099 0.0662585 0.00523832 -0.0726917 -0.0661708 -0.0238409 -0.0734263 -0.0700497 -0.0724318 0.0667537 0.0671813 0.0669707 -0.0725121 -0.0723673 -0.0725408 -0.0668952 -0.0671208 -0.0725103 -0.0670554 -0.0670168 -0.0724864 -0.0669565 -0.06691 0.0667531 0.066753 0.0667352 0.066634 -0.06667 -0.0666693 0.0667531
internal_weight=101.022 98.7329 0.794832 2.28918 0.231768 0.0194554 2.05741 0.212313 1.53994 97.9381 0.404491 0.141434 1.34196 0.222248 1.11971 0.012792 0.0993414 0.44675 0.0428111 0.0317386 0.223643 0.0202606 0.0121789 97.8139 7.92384 0.0387863 0.00582686 0.00466853 0.00352198 89.8901
internal_count=51180 50712 83 468 225 97 243 128 203 50629 67 48 169 89 80 87 127 45 110 109 42 93 91 50620 4256 189 172 84 69 46364
is_linear=0
shrinkage=0.1


Tree=52
num_leaves=26
num_cat=0
split_feature=5 2 4 9 6 3 9 9 4 9 7 7 4 0 10 4 9 1 4 6 9 1 2 7 2
split_gain=5.1668e-07 7.99934e-08 2.89897e-08 1.89503e-08 8.93561e-09 3.09743e-11 6.85006e-09 3.87553e-08 1.42294e-13 3.15754e-14 1.11712e-14 2.27379e-15 2.05565e-15 1.77636e-15 9.29812e-16 5.71158e-16 3.62124e-16 1.11022e-16 1.11022e-16 1.11022e-16 5.55112e-17 4.51028e-17 2.77556e-17 2.77556e-17 3.46945e-18
threshold=6.5000000000000009 5.5000000000000009 178.50000000000003 0.035252692626346303 1297.5000000000002 4.5000000000000009 0.011799512704490051 0.014670014347202252 178.50000000000003 0.039786861148801408 1963.5000000000002 538.50000000000011 173.50000000000003 1.0000000180025095e-35 0.52277432712215333 158.50000000000003 0.046921224630202908 3.5000000000000004 136.50000000000003 -227.49999999999997 0.022367214208288154 1.5000000000000002 1.5000000000000002 569.50000000000011 3.5000000000000004
decision_type=2 2 2 2 2 2 2 2 2 2 2 2 2 2 2 2 2 2 2 2 2 2 2 2 2
left_child=3 8 4 5 -3 6 18 -8 12 -10 11 -11 14 17 15 -2 -17 20 23 -20 22 -13 -7 -1 -22
right_child=1 2 -4 -5 -6 13 7 -9 9 10 -12 21 -14 -15 -16 16 -18 -19 19 -21 24 -23 -24 -25 -26
leaf_value=-0.066689578793891965 -0.066668126532558297 -0.06691175439690214 -0.066967010063251148 -0.066747582015699344 -0.066814336096793395 -0.066689578769357355 -0.066689577907327754 -0.066147896125293565 -0.066669003046407507 -0.066668324414532187 -0.066668785981285561 -0.066668479410059739 -0.066667893389897245 -0.066689578692512977 -0.066667961864911848 -0.066668082507826909 -0.066668006668906751 -0.066689578683934547 -0.06668957879389395 -0.066689578793893978 -0.066689574478874247 -0.066668505403721226 -0.06668957875247028 -0.066689578793889981 -0.066689576461207142
leaf_weight=0.2864086225163297 0.0010090088599089553 0.017034803897331585 0.067555976345829549 0.056385354488155737 0.021050586265118909 0.19780739408452308 0.0087570982868782066 0.0015554172273617448 0.0019791010636254214 0.0010366803243186951 0.0013344999679247849 0.0010238155211936828 0.001253202069449344 22.560866333486047 0.0012261881494168847 0.001069825322701945 0.0015294416926963095 0.79895717062754557 1.1827233764342966 0.60939100797986556 0.015968827239703387 0.0019439952011452988 0.32813362014712766 0.01648394949734211 0.010817592323292047
leaf_count=556 31 14 34 35 32 384 17 172 39 30 30 27 52 43797 46 34 52 1551 2296 1183 31 47 637 32 21
internal_value=-0.0666906 -0.0668985 -0.0669277 -0.0666897 -0.0668579 -0.0666895 -0.0666892 -0.0666079 -0.0666684 -0.0666687 -0.0666685 -0.0666685 -0.066668 -0.0666896 -0.066668 -0.0666681 -0.066668 -0.0666896 -0.0666896 -0.0666896 -0.0666896 -0.0666685 -0.0666896 -0.0666896 -0.0666896
internal_weight=26.1933 0.119047 0.105641 26.0743 0.0380854 26.0179 2.10532 0.0103125 0.0134058 0.00731809 0.00533899 0.00400449 0.00608767 23.9126 0.00483446 0.00360828 0.00259927 1.35168 2.09501 1.79211 0.552727 0.00296781 0.525941 0.302893 0.0267864
internal_count=51180 468 80 50712 46 50677 4256 189 388 173 134 104 215 46421 163 117 86 2624 4067 3479 1073 74 1021 588 52
is_linear=0
shrinkage=0.1


Tree=53
num_leaves=31
num_cat=0
split_feature=5 5 6 9 10 10 2 6 7 9 8 9 4 9 10 2 6 8 10 8 1 8 7 9 9 9 7 7 4 4
split_gain=4.51353 0.288735 0.306538 0.00121248 0.00255964 0.0077371 0.000486728 0.000181956 6.86414e-06 2.72631e-06 9.50079e-07 1.26545e-06 5.69656e-07 7.1239e-07 1.88379e-07 1.48079e-07 9.7747e-08 9.21397e-08 1.00373e-07 6.90365e-08 6.67077e-08 3.64319e-08 1.65193e-07 9.35055e-13 2.24892e-13 1.06581e-13 2.53361e-14 1.48735e-14 7.3587e-15 7.10543e-15
threshold=5.5000000000000009 6.5000000000000009 3663.5000000000005 0.044568590937306009 0.45346320346320351 0.4491379310344828 5.5000000000000009 70.500000000000014 42.500000000000007 0.035252692626346303 5329.5000000000009 0.04481827882744336 166.50000000000003 0.035252692626346303 0.44590643274853808 6.5000000000000009 2278.5000000000005 -2816.4999999999995 0.46547619047619054 5071.5000000000009 5.5000000000000009 -991.49999999999989 245.50000000000003 0.039786861148801408 0.040215445041298405 0.033413078149920207 597.50000000000011 891.50000000000011 185.50000000000003 184.50000000000003
decision_type=2 2 2 2 2 2 2 2 2 2 2 2 2 2 2 2 2 2 2 2 2 2 2 2 2 2 2 2 2 2
left_child=9 2 12 4 5 14 8 -6 -5 25 16 -12 -2 28 23 17 19 -9 -19 20 -10 -20 -23 -3 -24 29 -25 -26 -14 -1
right_child=1 3 -4 6 7 -7 -8 15 10 -11 11 -13 13 -15 -16 -17 -18 18 21 -21 -22 22 24 26 27 -27 -28 -29 -30 -31
leaf_value=-0.066730102319577003 -0.067228088881284731 0.066672665759259592 0.062060509728649717 0.071864658591036759 0.072626316624844964 -0.054927537881984782 0.075866763394687509 0.067499457868866616 0.072402408140590999 -0.067225616600070523 0.072544792465989619 0.072070202830642013 -0.066730173331178991 -0.067235292678167802 0.067269265793997765 0.067496980004626686 0.072555618949930983 0.06742312478648825 0.067266226145532765 0.072534755332894149 0.072511340088993487 0.067259702838540492 0.066671827674112505 0.066670088374751732 0.066670218569057027 -0.066730272359459719 0.066670580443018657 0.066670591189977244 -0.066730104747797309 -0.06673010231302158
leaf_weight=61.209838222970944 0.23559228517115061 0.0028874962335979637 0.38803293893579394 0.19893596390033996 0.11298810690641403 0.0068096173054072997 0.55438388355105406 0.018278367817401886 0.11373643358456298 0.11120743211358686 0.11179681548020415 0.11294316674451466 0.029949724557809532 0.050312703475356102 0.013316675089299679 0.092556935332140711 0.67383698879314124 0.019117331983579788 0.013392806038609706 0.22317616421059938 0.11115995049476624 0.013715237349970266 0.0016366100801405983 0.0013673531157110119 0.001435007142390532 0.035707722418009236 0.0044571659891516902 0.0042259754045517184 0.032766594784334302 10.62926999313285
leaf_count=43127 19 23 16 34 1 3 40 1 41 9 4 85 21 4 1 17 35 16 2 3 1 5 16 19 22 25 51 48 23 7468
internal_value=-0.0616095 0.0556965 0.000916638 0.0724676 0.0665888 0.0382341 0.0733247 0.0695371 0.072413 -0.0667309 0.072494 0.0723063 -0.0671395 -0.066955 0.0670327 0.0674134 0.0725315 0.0673056 0.0672394 0.0724954 0.0724563 0.0671373 0.0670552 0.0666712 0.0666708 -0.0667301 0.0666705 0.0666705 -0.0667301 -0.0667301
internal_weight=75.1288 3.14281 0.736654 2.40615 0.306185 0.0288383 2.09997 0.277346 1.54559 71.986 1.34665 0.22474 0.348621 0.113029 0.0220287 0.164358 1.12191 0.0718013 0.053523 0.448073 0.224896 0.0344056 0.0210128 0.00871202 0.00729759 71.8748 0.00582452 0.00566098 0.0627163 71.8391
internal_count=51180 551 83 468 225 97 243 128 203 50629 169 89 67 48 94 127 80 110 109 45 42 93 91 93 86 50620 70 70 44 50595
is_linear=0
shrinkage=0.1


Tree=54
num_leaves=31
num_cat=0
split_feature=9 4 9 5 9 10 4 2 6 6 10 7 9 8 9 2 2 2 8 10 8 9 5 6 3 9 9 9 10 9
split_gain=3.77935 0.204999 0.136401 0.0112646 0.000827411 0.00342907 0.00602246 0.000397397 9.80491e-05 2.16768e-05 2.93413e-05 4.31196e-06 1.63928e-06 3.166e-07 3.95925e-07 4.29769e-08 2.37327e-08 1.46779e-08 1.13392e-08 1.33206e-08 3.82253e-09 1.97412e-08 1.99471e-09 2.70356e-09 8.31335e-12 1.83898e-09 1.04477e-08 2.44655e-08 7.13685e-13 7.07876e-14
threshold=0.037235096058625454 155.50000000000003 0.035252692626346303 6.5000000000000009 0.044568590937306009 0.45346320346320351 178.50000000000003 5.5000000000000009 70.500000000000014 -1.0000000180025095e-35 0.35599078341013829 42.500000000000007 0.033413078149920207 5329.5000000000009 0.04481827882744336 3.5000000000000004 6.5000000000000009 6.5000000000000009 -2816.4999999999995 0.46547619047619054 -991.49999999999989 0.043835945475289705 5.5000000000000009 3518.5000000000005 4.5000000000000009 0.011799512704490051 0.014670014347202252 0.015424266455194202 0.40967365967365971 0.040215445041298405
decision_type=2 2 2 2 2 2 2 2 2 2 2 2 2 2 2 2 2 2 2 2 2 2 2 2 2 2 2 2 2 2
left_child=2 9 12 -3 5 6 -5 11 -7 -2 -11 -6 22 15 -15 -13 28 18 -10 -20 -21 -22 24 -24 25 -1 -27 -28 29 -8
right_child=1 3 -4 4 7 8 16 -9 17 10 -12 13 -14 14 -16 -17 -18 -19 19 20 21 -23 23 -25 -26 26 27 -29 -30 -31
leaf_value=0.06674226295090846 0.067190308000624033 -0.046485005239379262 0.0098652873625492202 0.057941963217486007 -0.071194159408590418 -0.071819691020348089 -0.066669502249928819 -0.075056755630709515 -0.067103520313075093 0.066962608648687347 0.061996491741716002 -0.071770006317386933 0.066218279398465404 -0.071751141584801434 -0.071466931932020902 -0.071728330120403069 -0.066979770137634578 -0.067098479319847998 -0.067069966473459891 -0.066981577712523541 -0.066668543345919623 -0.066973923327874524 0.06674226454575799 0.066777059348686649 0.066742262951594661 0.066742262950906364 0.066742298140429326 0.066278252760878176 -0.066671955172799766 -0.066668461911488688
leaf_weight=6.9020578822819436 0.069594208151102066 0.19163076858967532 0.42373297875451399 0.0059919192899545717 0.17474818222501642 0.099902227520942688 0.0010695724013203289 0.46040981551836258 0.0097016133368023061 0.023249291428558139 0.024365810223386797 0.49665864787861813 0.059746311166235411 0.098808521475224009 0.09726624709033771 0.49308938991453033 0.0071153096869238652 0.039041856603929892 0.0099564924621510231 0.0070787495533303204 0.0029700483927462829 0.0073690392425689311 0.052609498263335719 0.03880040324293077 78.641372074373066 0.028850500122643896 0.0033957783598452798 0.0017073996600984742 0.0010268581129366794 0.0016835199138540702
leaf_count=4067 6 4 32 10 29 1 18 34 1 4 36 37 38 4 71 32 3 16 14 2 77 9 31 16 46339 17 2 170 16 44
internal_value=0.0630685 -0.0628044 0.0664622 -0.069653 -0.0718575 -0.0656299 -0.0225856 -0.0725173 -0.0697596 0.0660654 0.0644213 -0.0716579 0.0667419 -0.0717262 -0.0716102 -0.0717492 -0.0668722 -0.0670557 -0.0670106 -0.0669777 -0.066925 -0.0668862 0.0667423 0.066757 0.0667423 0.0667421 0.0667189 0.066587 -0.0666697 -0.0666689
internal_weight=88.475 2.32273 86.1523 2.20552 2.01389 0.192907 0.0168872 1.82098 0.17602 0.117209 0.0476151 1.36057 85.7285 1.18582 0.196075 0.989748 0.0108953 0.0761178 0.0370759 0.0273743 0.0174178 0.0103391 85.6688 0.0914099 85.5774 6.93601 0.0339537 0.00510318 0.00377995 0.00275309
internal_count=51180 468 50712 422 418 211 91 207 120 46 40 173 50680 144 75 69 81 119 103 102 88 86 50642 47 50595 4256 189 172 78 62
is_linear=0
shrinkage=0.1


Tree=55
num_leaves=22
num_cat=0
split_feature=5 2 4 9 6 3 9 9 5 6 4 9 7 0 4 7 10 1 0 10 10
split_gain=3.44286e-07 5.33925e-08 1.99759e-08 1.3228e-08 5.86266e-09 4.42828e-11 9.75517e-09 5.50947e-08 1.17772e-12 2.01774e-12 1.02837e-13 1.87792e-14 1.31249e-14 1.77636e-15 1.30928e-15 1.27958e-15 6.21465e-16 1.88868e-16 5.55112e-17 5.55112e-17 2.19009e-17
threshold=6.5000000000000009 5.5000000000000009 178.50000000000003 0.035252692626346303 1297.5000000000002 4.5000000000000009 0.011799512704490051 0.014670014347202252 5.5000000000000009 2973.5000000000005 178.50000000000003 0.039786861148801408 1963.5000000000002 9.5000000000000018 173.50000000000003 597.50000000000011 0.52277432712215333 2.5000000000000004 14.500000000000002 0.58198924731182811 0.47722567287784684
decision_type=2 2 2 2 2 2 2 2 2 2 2 2 2 2 2 2 2 2 2 2 2
left_child=3 10 4 5 -3 6 -1 -8 13 -10 14 -12 15 -7 16 -13 17 -2 19 -15 -17
right_child=1 2 -4 -5 -6 8 7 -9 9 -11 11 12 -14 18 -16 20 -18 -19 -20 -21 -22
leaf_value=-0.066686720529793408 -0.066667851116665108 -0.0668793024019953 -0.066929481657481679 -0.066738336058997247 -0.06679465926700516 -0.066686720479552708 -0.066686720529786067 -0.065996896402588337 -0.066686719024775368 -0.066688527000376738 -0.066668711226753594 -0.066668133972310487 -0.066668613196273777 -0.066686720529793797 -0.066667737417182002 -0.066668275137439822 -0.066667794278637532 -0.066667901678107933 -0.066686720529789814 -0.066686720529793686 -0.066668256068824081
leaf_weight=1.8336689682910314 0.0011863987074310911 0.014792659996601287 0.059178315288590966 0.049681787379085018 0.018313743771614099 19.930503764655448 0.0076647092355414115 0.0013638102120268059 0.016683508176355555 0.009797918115509674 0.001731955573632149 0.0010158195414078364 0.0011877840042870957 0.38098113553132762 0.0010943774543079599 0.0014465101376117673 0.0010677225274093871 0.0019557636527451905 0.016682014218531549 0.57575492316391319 0.001041410224502215
leaf_count=4067 45 14 34 35 32 44205 17 172 37 20 39 33 30 845 52 40 46 72 37 1277 31
internal_value=-0.0666876 -0.0668691 -0.0668947 -0.0666868 -0.0668325 -0.0666867 -0.0666862 -0.0665825 -0.0666867 -0.0666874 -0.0666682 -0.0666684 -0.0666683 -0.0666867 -0.0666678 -0.0666682 -0.0666679 -0.0666679 -0.0666867 -0.0666867 -0.0666683
internal_weight=22.9268 0.104012 0.0922847 22.8228 0.0331064 22.7731 1.8427 0.00902852 20.9304 0.0264814 0.0117277 0.00642348 0.00469152 20.9039 0.00530426 0.00350374 0.00420988 0.00314216 0.973418 0.956736 0.00248792
internal_count=51180 468 80 50712 46 50677 4256 189 46421 57 388 173 134 46364 215 104 163 117 2159 2122 71
is_linear=0
shrinkage=0.1


Tree=56
num_leaves=31
num_cat=0
split_feature=5 5 6 9 10 10 2 6 7 9 8 9 4 9 10 2 6 8 10 8 1 8 7 9 9 9 7 6 7 7
split_gain=3.94987 0.254957 0.259395 0.000911373 0.00225649 0.00679453 0.000320969 0.000119537 4.40165e-06 1.82504e-06 6.0582e-07 8.06221e-07 3.80857e-07 4.76749e-07 1.26565e-07 9.89255e-08 6.25806e-08 6.15674e-08 6.7176e-08 4.35551e-08 4.16249e-08 2.43605e-08 1.10584e-07 6.08443e-13 1.50844e-13 6.03961e-14 1.8372e-14 1.06581e-14 1.00189e-14 7.10543e-15
threshold=5.5000000000000009 6.5000000000000009 3663.5000000000005 0.044568590937306009 0.45346320346320351 0.4491379310344828 5.5000000000000009 70.500000000000014 42.500000000000007 0.035252692626346303 5329.5000000000009 0.04481827882744336 166.50000000000003 0.035252692626346303 0.44590643274853808 6.5000000000000009 2278.5000000000005 -2816.4999999999995 0.46547619047619054 5071.5000000000009 5.5000000000000009 -991.49999999999989 245.50000000000003 0.039786861148801408 0.040215445041298405 0.033413078149920207 597.50000000000011 1845.5000000000002 891.50000000000011 1572.5000000000002
decision_type=2 2 2 2 2 2 2 2 2 2 2 2 2 2 2 2 2 2 2 2 2 2 2 2 2 2 2 2 2 2
left_child=9 2 12 4 5 14 8 -6 -5 25 16 -12 -2 -14 23 17 19 -9 -19 20 -10 -20 -23 -3 -24 27 -25 29 -26 -1
right_child=1 3 -4 6 7 -7 -8 15 10 -11 11 -13 13 -15 -16 -17 -18 18 21 -21 -22 22 24 26 28 -27 -28 -29 -30 -31
leaf_value=-0.066722180627268424 -0.067157487857981368 0.066671917620545251 0.057973524724705662 0.071171768163314816 0.071820606343328777 -0.053748164772301703 0.074615993825586618 0.067394593208708539 0.071630817500636476 -0.067155326741385246 0.071750974010144894 0.071348031583665844 -0.066722205232620055 -0.067163798129091581 0.067193547725467873 0.067392447415067794 0.071760374972436522 0.067328061825257371 0.067190902939581396 0.071742374034696216 0.071722335299638937 0.067185215819609623 0.066671183671736065 0.06666968113379064 0.066669774468710419 -0.06672232218000633 0.066670127321575776 -0.066722180625854277 0.066670101366539128 -0.066722180625555572
leaf_weight=47.999750253255655 0.20639785751700346 0.0025270930163973073 0.36309365648776293 0.17568232224607516 0.099917396903038025 0.0061411771457642308 0.49280523182096647 0.016026463359594345 0.10053776735185216 0.097426263615488007 0.098849843960238104 0.099776735741102129 0.05489296733867377 0.044080779887735844 0.011669731698930264 0.081153037041076459 0.59581135914834249 0.016759129717684118 0.011736344822566025 0.19732716874204925 0.098281063139438629 0.01201872859019204 0.0014323149443953289 0.0012050697150698397 0.0012558897254848489 0.03125453949905832 0.0039398371882271022 12.821380579062092 0.0036984230173402466 2.0587531073580569
leaf_count=38658 19 23 16 34 1 3 40 1 41 9 4 85 44 4 1 17 35 16 2 3 1 5 16 19 22 25 51 10284 48 1653
internal_value=-0.061561 0.054721 0.000845885 0.0716404 0.0662055 0.0378901 0.0724282 0.0691627 0.071639 -0.0667229 0.071708 0.0715486 -0.0670802 -0.0669189 0.0669861 0.0673195 0.0717399 0.0672254 0.0671676 0.0717091 0.0716761 0.0670783 0.0670065 0.0666706 0.0666703 -0.0667222 0.06667 -0.0667222 0.06667 -0.0667222
internal_weight=65.8056 2.79702 0.668465 2.12855 0.269481 0.0254829 1.85907 0.243998 1.36627 63.0086 1.19058 0.198627 0.305372 0.0989737 0.0193417 0.14408 0.991957 0.0629273 0.0469008 0.396146 0.198819 0.0301417 0.0184054 0.007672 0.00638663 62.9111 0.00514491 62.8799 0.00495431 50.0585
internal_count=51180 551 83 468 225 97 243 128 203 50629 169 89 67 48 94 127 80 110 109 45 42 93 91 93 86 50620 70 50595 70 40311
is_linear=0
shrinkage=0.1


Tree=57
num_leaves=31
num_cat=0
split_feature=9 4 9 5 9 10 4 2 6 6 10 7 9 8 9 2 2 2 8 10 5 6 8 9 3 9 9 9 10 9
split_gain=3.30779 0.176934 0.132896 0.0116151 0.000657205 0.00303744 0.0053009 0.000261447 6.45626e-05 2.40438e-05 3.22465e-05 2.78058e-06 1.86886e-06 2.03002e-07 2.53422e-07 2.80324e-08 1.60236e-08 9.81932e-09 7.58706e-09 8.92427e-09 2.69389e-09 3.34232e-09 2.55889e-09 1.3225e-08 1.23848e-11 2.73699e-09 1.55388e-08 3.6335e-08 7.13059e-13 2.60133e-14
threshold=0.037235096058625454 155.50000000000003 0.035252692626346303 6.5000000000000009 0.044568590937306009 0.45346320346320351 178.50000000000003 5.5000000000000009 -1.0000000180025095e-35 121.50000000000001 0.35599078341013829 42.500000000000007 0.033413078149920207 5329.5000000000009 0.04481827882744336 3.5000000000000004 6.5000000000000009 6.5000000000000009 -2816.4999999999995 0.46547619047619054 5.5000000000000009 3518.5000000000005 -991.49999999999989 0.043835945475289705 4.5000000000000009 0.011799512704490051 0.014670014347202252 0.015424266455194202 0.40824915824915831 0.041328615872628503
decision_type=2 2 2 2 2 2 2 2 2 2 2 2 2 2 2 2 2 2 2 2 2 2 2 2 2 2 2 2 2 2
left_child=2 9 12 -3 5 6 -5 11 -7 -2 -11 -6 20 15 -15 -13 28 18 -10 -20 24 -22 -21 -24 25 -1 -27 -28 29 -8
right_child=1 3 -4 4 7 8 16 -9 17 10 -12 13 -14 14 -16 -17 -18 -19 19 22 21 -23 23 -25 -26 26 27 -29 -30 -31
leaf_value=0.066732817527462351 0.067124501778144871 -0.044382805006147108 0.0090213211483433694 0.057022141725134382 -0.07059547451303036 -0.071130220123833451 -0.066668920679521612 -0.073919525141324133 -0.067048751968148787 0.066865991309521908 0.061317786540587199 -0.071087825468215279 0.066135146846493617 -0.071071471239077297 -0.070829464953630281 -0.071052005351048539 -0.066940571622035858 -0.067044347642036081 -0.067019473400448143 -0.066942150358994909 0.066732818671489169 0.066773150121145819 -0.066668308674838458 -0.066935462998510609 0.066732817628008798 0.066732817527460131 0.066732860360105103 0.066128766805141764 -0.066671702840172681 -0.066668247133196926
leaf_weight=6.0414712886558979 0.060967454686760347 0.17892565950751249 0.40115187136893737 0.0054010836283850958 0.15414641401743612 0.088221095502376445 0.0010701094761316199 0.40891016528083213 0.0084991836920379482 0.020376668194217018 0.021558951044629016 0.43855477668136078 0.052353247039717554 0.08724493087546481 0.085848073447013173 0.4353656768480505 0.0062316516468854388 0.034201943561097958 0.0087218963108173231 0.0061996615713723066 0.0460498541360711 0.037103009526617825 0.0025992572835208394 0.0064538517618117908 68.835932664223947 0.025253260857425519 0.002972918562591075 0.0014970569946513024 0.001050782557626917 0.0012353487596783452
leaf_count=4067 6 4 32 10 29 1 23 34 1 4 36 37 38 4 71 32 3 16 14 2 31 16 77 9 46339 17 2 170 18 37
internal_value=0.0630104 -0.0619557 0.0664255 -0.0686699 -0.0711113 -0.0651959 -0.0222115 -0.0717355 -0.0693553 0.0658568 0.0640137 -0.070992 0.0667324 -0.0710504 -0.0709514 -0.07107 -0.0668457 -0.067007 -0.0669676 -0.0669388 0.0667328 0.0667508 -0.0668927 -0.0668588 0.0667328 0.0667327 0.0667024 0.0665305 -0.0666695 -0.0666686
internal_weight=77.5056 2.06178 75.4438 1.95888 1.77996 0.169886 0.014989 1.61007 0.154897 0.102903 0.0419356 1.20116 75.0426 1.04701 0.173093 0.87392 0.00958789 0.0666758 0.0324739 0.0239747 74.9903 0.0831529 0.0152528 0.00905311 74.9071 6.07119 0.0297232 0.00446998 0.00335624 0.00230546
internal_count=51180 468 50712 422 418 211 91 207 120 46 40 173 50680 144 75 69 81 119 103 102 50642 47 88 86 50595 4256 189 172 78 60
is_linear=0
shrinkage=0.1


Tree=58
num_leaves=31
num_cat=0
split_feature=5 2 4 9 6 3 9 9 5 6 4 7 9 5 0 0 2 6 9 4 7 6 9 9 6 1 4 4 10 9
split_gain=2.29574e-07 3.56685e-08 1.37003e-08 1.01446e-08 3.85691e-09 6.32081e-11 1.39511e-08 7.8607e-08 7.92255e-13 1.34441e-12 7.53677e-14 1.14639e-14 1.05363e-14 3.55271e-15 8.88178e-16 8.88178e-16 8.88178e-16 8.88178e-16 8.88178e-16 7.16007e-16 6.2862e-16 4.44089e-16 2.22045e-16 2.22045e-16 2.04481e-16 1.11022e-16 1.11022e-16 1.11022e-16 1.11022e-16 6.93889e-17
threshold=6.5000000000000009 5.5000000000000009 178.50000000000003 0.035252692626346303 1297.5000000000002 4.5000000000000009 0.011799512704490051 0.014670014347202252 5.5000000000000009 2973.5000000000005 178.50000000000003 1792.5000000000002 0.040215445041298405 3.5000000000000004 14.500000000000002 8.5000000000000018 7.5000000000000009 4046.5000000000005 0.018561584840654555 171.50000000000003 657.50000000000011 2387.5000000000005 0.033413078149920207 0.021108326371484205 2244.5000000000005 5.5000000000000009 133.50000000000003 194.50000000000003 0.24068965517241384 0.020356365896612404
decision_type=2 2 2 2 2 2 2 2 2 2 2 2 2 2 2 2 2 2 2 2 2 2 2 2 2 2 2 2 2 2
left_child=3 10 4 5 -3 6 26 -8 13 -10 19 12 -12 14 15 16 17 18 -7 24 -14 22 23 29 -2 -17 -1 -18 -28 -15
right_child=1 2 -4 -5 -6 8 7 -9 9 -11 11 -13 20 21 -16 25 27 -19 -20 -21 -22 -23 -24 -25 -26 -27 28 -29 -30 -31
leaf_value=-0.066684217156218084 -0.066667731763066715 -0.066851358964829091 -0.066896631193495731 -0.066731514259554134 -0.066777751274036859 -0.066684217140447463 -0.06668421223812683 -0.065804321080449493 -0.066684218281794369 -0.066685795752766272 -0.066668405452028942 -0.06666843413682981 -0.06666796671351527 -0.066684216455306616 -0.066684217156213255 -0.066684217133510137 -0.066684217143578778 -0.066684217156221137 -0.066684212643747895 -0.066667626742783287 -0.066668065490407033 -0.066684215884685524 -0.066684231579735118 -0.066684212647027313 -0.066667679666366095 -0.066684217117343333 -0.066684217156221595 -0.066684217156218958 -0.066684217156221789 -0.066684212731903114
leaf_weight=0.18981132470072282 0.0019424849297128288 0.012859044361903216 0.051830649019393604 0.045351120876147344 0.015946116669510957 13.779670787509527 0.0067085088521706693 0.0011963928224218989 0.014604246069210514 0.0085748575511388481 0.0010178897405239695 0.0018437882481521228 0.0010157989627259667 0.081685955694410395 0.013811634853483024 0.9399804066342774 0.76753227986046191 0.17284274473786432 0.038277962041321056 0.0014501678062117662 0.0017629192802814941 0.61205274474923488 0.0098753577040041618 1.5591363726707639 0.001231785402467267 0.19967677828390151 0.2537394631654023 0.023282470181584358 1.1613611821085212 0.098259923135628924
leaf_count=481 83 14 34 35 32 34919 17 172 37 20 28 51 37 207 35 2382 1945 438 97 75 57 1551 25 3951 57 506 643 59 2943 249
internal_value=-0.066685 -0.0668436 -0.0668659 -0.0666843 -0.0668106 -0.0666842 -0.0666836 -0.066551 -0.0666842 -0.0666848 -0.066668 -0.0666682 -0.0666681 -0.0666842 -0.0666842 -0.0666842 -0.0666842 -0.0666842 -0.0666842 -0.0666677 -0.066668 -0.0666842 -0.0666842 -0.0666842 -0.0666677 -0.0666842 -0.0666842 -0.0666842 -0.0666842 -0.0666842
internal_weight=20.0683 0.0909006 0.0806358 19.9774 0.0288052 19.9321 1.61282 0.0079049 18.3193 0.0231791 0.0102648 0.0056404 0.00379661 18.2961 15.9351 15.9213 14.7816 13.9908 13.8179 0.00462444 0.00277872 2.36101 1.74896 1.73908 0.00317427 1.13966 1.60491 0.790815 1.4151 0.179946
internal_count=51180 468 80 50712 46 50677 4256 189 46421 57 388 173 122 46364 40381 40346 37458 35454 35016 215 94 5983 4432 4407 140 2888 4067 2004 3586 456
is_linear=0
shrinkage=0.1


Tree=59
num_leaves=31
num_cat=0
split_feature=5 5 6 9 10 10 2 6 7 9 8 9 4 9 10 2 8 10 6 8 1 8 7 9 9 9 7 5 7 4
split_gain=3.46708 0.227647 0.234383 0.000696906 0.00199838 0.00597453 0.000212053 7.87472e-05 2.83868e-06 1.39719e-06 3.93761e-07 5.24167e-07 2.78676e-07 3.74294e-07 8.5333e-08 7.39148e-08 4.13058e-08 4.50263e-08 4.09788e-08 2.82569e-08 2.70998e-08 1.63953e-08 7.42531e-08 4.48663e-13 1.26297e-13 5.68434e-14 1.34441e-14 7.10543e-15 6.7433e-15 4.22579e-15
threshold=5.5000000000000009 6.5000000000000009 3663.5000000000005 0.044568590937306009 0.45346320346320351 0.4491379310344828 5.5000000000000009 70.500000000000014 42.500000000000007 0.035252692626346303 5329.5000000000009 0.04481827882744336 166.50000000000003 0.035252692626346303 0.44590643274853808 6.5000000000000009 -2816.4999999999995 0.46547619047619054 2278.5000000000005 5071.5000000000009 5.5000000000000009 -991.49999999999989 245.50000000000003 0.039786861148801408 0.040215445041298405 0.033413078149920207 597.50000000000011 2.5000000000000004 891.50000000000011 185.50000000000003
decision_type=2 2 2 2 2 2 2 2 2 2 2 2 2 2 2 2 2 2 2 2 2 2 2 2 2 2 2 2 2 2
left_child=9 2 12 4 5 14 8 -6 -5 25 18 -12 -2 29 23 16 -9 -18 19 20 -10 -19 -23 -3 -24 27 -25 -1 -26 -14
right_child=1 3 -4 6 7 -7 -8 15 10 -11 11 -13 13 -15 -16 -17 17 21 -20 -21 -22 22 24 26 28 -27 -28 -29 -30 -31
leaf_value=-0.066715244043008035 -0.067119059573459594 0.066671365921499956 0.056236181191153194 0.07057599181841015 0.071131003221149708 -0.052515231438016209 0.073546202372597624 0.067303035526058042 0.070968136122629893 -0.067112295997988902 0.071071341494995541 0.070725560676042964 -0.066715305725925697 -0.067126975129565322 0.06712740538977166 0.067308892458135525 0.067244747676559066 0.067125092230955447 0.071079462477881369 0.071063828500965542 0.071046722268338622 0.067120138557860559 0.066670730985001578 0.066669327259144859 0.066669386240623546 -0.066715391754383888 0.066669733513175219 -0.066715244246005848 0.066669672917651954 -0.066715246371567061
leaf_weight=48.126074441126548 0.18952533137053174 0.0022461758890132124 0.34560376382432878 0.15497298650171831 0.088234715163707733 0.0055522783077321938 0.43719442087331106 0.014048721641302109 0.088771280241416894 0.08876906055956979 0.087281371526785279 0.088081229954582341 0.022949029575102031 0.040860158391296864 0.010224787518382072 0.071854970460663026 0.014695647238113452 0.010283074920153012 0.52611129299810955 0.17422696879657451 0.086774319410324097 0.010530434599786531 0.0012792399019190262 0.0010629146636347286 0.0010991142473812943 0.027370592579244568 0.0034865016277763061 6.9110159964099074 0.0032366756349802017 0.025102935149334371
leaf_count=44094 19 23 16 34 1 3 40 1 41 9 4 85 21 4 1 17 16 2 35 3 1 5 16 19 22 25 51 6501 48 23
internal_value=-0.0614896 0.0535658 0.00122757 0.0709272 0.0658678 0.0375608 0.0716594 0.0688361 0.0709755 -0.0667159 0.0710344 0.0708977 -0.0670505 -0.0669045 0.0669449 0.0672421 0.067155 0.0671044 0.0710618 0.0710353 0.071007 0.0670264 0.0669635 0.0666702 0.0666699 -0.0667152 0.0666696 -0.0667152 0.0666696 -0.0667153
internal_weight=57.6585 2.50529 0.624041 1.88125 0.237835 0.0225727 1.64341 0.215263 1.20622 55.1532 1.05125 0.175363 0.278437 0.0889121 0.0170204 0.127028 0.0551729 0.0411242 0.875884 0.349773 0.175546 0.0264285 0.0161455 0.00679559 0.00561503 55.0645 0.00454942 55.0371 0.00433579 0.048052
internal_count=51180 551 83 468 225 97 243 128 203 50629 169 89 67 48 94 127 110 109 80 45 42 93 91 93 86 50620 70 50595 70 44
is_linear=0
shrinkage=0.1


Tree=60
num_leaves=31
num_cat=0
split_feature=9 4 9 5 9 10 1 2 6 6 10 9 7 8 9 2 2 2 8 10 5 6 8 9 3 9 9 9 10 0
split_gain=2.89578 0.152864 0.129379 0.0118987 0.000530773 0.00270366 0.00470279 0.000172404 4.26133e-05 2.66603e-05 3.53908e-05 2.13001e-06 1.80201e-06 1.30926e-07 1.63192e-07 1.83582e-08 1.10759e-08 6.56978e-09 5.07761e-09 5.97904e-09 3.38697e-09 4.73138e-09 1.71293e-09 8.86052e-09 1.84066e-11 4.07065e-09 2.30898e-08 5.38904e-08 6.14335e-13 3.55271e-15
threshold=0.037235096058625454 155.50000000000003 0.035252692626346303 6.5000000000000009 0.044568590937306009 0.45346320346320351 3.5000000000000004 5.5000000000000009 -1.0000000180025095e-35 121.50000000000001 0.35599078341013829 0.033413078149920207 42.500000000000007 5329.5000000000009 0.04481827882744336 3.5000000000000004 6.5000000000000009 6.5000000000000009 -2816.4999999999995 0.46547619047619054 5.5000000000000009 3663.5000000000005 -991.49999999999989 0.043835945475289705 4.5000000000000009 0.011799512704490051 0.014670014347202252 0.015424266455194202 0.40824915824915831 5.5000000000000009
decision_type=2 2 2 2 2 2 2 2 2 2 2 2 2 2 2 2 2 2 2 2 2 2 2 2 2 2 2 2 2 2
left_child=2 9 11 -3 5 6 16 12 -7 -2 -11 20 -6 15 -15 -14 28 18 -10 -20 24 -22 -21 -24 25 -1 -27 -28 -5 -26
right_child=1 3 -4 4 7 8 -8 -9 17 10 -12 -13 13 14 -16 -17 -18 -19 19 22 21 -23 23 -25 29 26 27 -29 -30 -31
leaf_value=0.06672455613029192 0.067067003025408398 -0.042409653760331227 0.0082254336031515763 -0.066668400499724126 -0.070079804628860529 -0.070538335891315446 0.056609801741807846 -0.072946561632319828 -0.067000874048120315 0.066773304675679129 0.060580371200893691 0.066042970771855086 -0.070502041018779535 -0.070487843757504276 -0.070281031962069307 -0.070471173937132911 -0.066907880414775828 -0.066997021327389092 -0.06697531548537887 -0.066907667653453531 0.066724553466394373 0.066775203982141804 -0.066668103961733519 -0.066901831774366413 0.066724556132690335 0.066724556130289173 0.066724606824659319 0.065938857172853471 -0.066671351368349882 0.066724556129609022
leaf_weight=5.2880810258211559 0.053402377292511516 0.16722530964761984 0.38025988464300908 0.0019307422091968396 0.13583215355056277 0.077812202274798903 0.0048587868496383644 0.36246473230591725 0.0074448427185412882 0.017857529314596832 0.019095031241662674 0.045881015757912702 0.38678759939265461 0.076943393011263739 0.075685571831419884 0.38394648450685054 0.0054210333200899186 0.029958114215918902 0.0076394890820673514 0.0054292485328911707 0.044207587838171913 0.031643569702282548 0.0022747624683038294 0.0056518139006485058 43.084792961017229 0.022104100673459359 0.0026027949061244718 0.0013132648158489246 0.0011117662760398161 17.167084777378477
leaf_count=4067 6 4 32 54 29 1 14 34 1 4 36 38 37 4 71 32 2 16 14 2 34 13 77 9 33136 17 2 170 21 13203
internal_value=0.0629515 -0.0611777 0.0663874 -0.0677689 -0.070468 -0.0648008 -0.0218053 -0.0710641 -0.069006 0.0656381 0.0635731 0.0667241 -0.0704199 -0.0704699 -0.0703853 -0.0704867 -0.0668222 -0.0669643 -0.0669299 -0.0669048 0.0667246 0.0667457 -0.0668644 -0.0668348 0.0667245 0.0667244 0.0666849 0.0664611 -0.0666695 0.0667246
internal_weight=67.8967 1.82877 66.068 1.73842 1.57119 0.149533 0.0133223 1.42166 0.13621 0.0903549 0.0369526 65.6877 1.0592 0.923363 0.152629 0.770734 0.00846354 0.0583983 0.0284402 0.0209953 65.6418 0.0758512 0.0133558 0.00792658 65.566 5.3141 0.0260202 0.00391606 0.00304251 60.2519
internal_count=51180 468 50712 422 418 211 91 207 120 46 40 50680 173 144 75 69 77 119 103 102 50642 47 88 86 50595 4256 189 172 75 46339
is_linear=0
shrinkage=0.1


Tree=61
num_leaves=31
num_cat=0
split_feature=5 2 4 9 6 3 9 9 5 6 4 7 9 0 1 1 4 9 9 4 9 7 6 0 6 7 9 9 9 9
split_gain=1.53216e-07 2.38493e-08 9.36307e-09 7.85543e-09 2.5438e-09 9.08216e-11 2.00204e-08 1.12484e-07 5.43565e-13 8.96257e-13 5.61495e-14 1.20906e-14 5.1981e-15 8.88178e-16 8.88178e-16 8.88178e-16 8.88178e-16 8.88178e-16 8.88178e-16 4.62737e-16 3.88578e-16 2.71051e-16 1.38561e-16 1.11022e-16 1.11022e-16 1.11022e-16 5.55112e-17 5.55112e-17 5.55112e-17 3.46945e-18
threshold=6.5000000000000009 5.5000000000000009 178.50000000000003 0.035252692626346303 1297.5000000000002 4.5000000000000009 0.011799512704490051 0.014670014347202252 5.5000000000000009 2973.5000000000005 178.50000000000003 1792.5000000000002 0.040980656770130401 13.500000000000002 9.5000000000000018 7.5000000000000009 201.50000000000003 0.030816714150047404 0.023188600618362604 171.50000000000003 0.033413078149920207 843.50000000000011 2244.5000000000005 6.5000000000000009 -371.49999999999994 -306.49999999999994 0.030573298021498604 0.030395417590539504 0.026160900660438653 0.03256451042771296
decision_type=2 2 2 2 2 2 2 2 2 2 2 2 2 2 2 2 2 2 2 2 2 2 2 2 2 2 2 2 2 2
left_child=3 10 4 5 -3 6 23 -8 13 -10 19 12 -12 14 15 16 17 18 -7 22 29 -14 -2 25 -17 -1 27 28 -20 -19
right_child=1 2 -4 -5 -6 8 7 -9 9 -11 11 -13 21 -15 -16 24 -18 20 26 -21 -22 -23 -24 -25 -26 -27 -28 -29 -30 -31
leaf_value=-0.06668202115709175 -0.066667595094601198 -0.066827251854194566 -0.066867891800661536 -0.066725535970701175 -0.066763185894356911 -0.066682021164297986 -0.066682021157079205 -0.065558343968597929 -0.066682029889065519 -0.066683406613251214 -0.066668132123218149 -0.066668279724239096 -0.066667824009737378 -0.06668202115708903 -0.06668202115709071 -0.066682021235915073 -0.066682021160297991 -0.066682021353052984 -0.066682021436122577 -0.066667504302253267 -0.066682047637670647 -0.066667893466049649 -0.0666675491951121 -0.066682021157090765 -0.066682021226299376 -0.066682021157090585 -0.066682021348593482 -0.066682021558343602 -0.066682021554359011 -0.066682023545237987
leaf_weight=0.77227973833214469 0.0016939041397553423 0.011188209385181835 0.045390950897854054 0.041456268983892097 0.013894488842197461 13.529056185594522 0.0058715364721139132 0.00105019348395885 0.012784245045621812 0.0075044309778604648 0.0010443634062085039 0.0016326716850016965 0.0010093305039617917 0.04248229329823594 0.10672380999312814 0.57195894242613576 0.45383523084456179 0.029703066858929428 0.73532359726959862 0.0012660994643169943 0.0069187560293357811 0.0012684595294558676 0.0010738110316310667 0.070803822163725383 0.15058819457772266 0.5615951943327766 0.0075984589639120905 0.0072530744655524551 0.36507141496986151 0.006907689676154404
leaf_count=2236 83 14 34 35 32 39171 17 172 37 20 35 51 41 123 309 1656 1314 86 2129 75 20 46 57 205 436 1626 22 21 1057 20
internal_value=-0.0666827 -0.0668212 -0.0668408 -0.0666821 -0.0667918 -0.066682 -0.0666812 -0.0665115 -0.066682 -0.0666825 -0.0666678 -0.0666681 -0.0666679 -0.066682 -0.066682 -0.066682 -0.066682 -0.066682 -0.066682 -0.0666676 -0.066682 -0.0666679 -0.0666676 -0.066682 -0.066682 -0.066682 -0.066682 -0.066682 -0.066682 -0.066682
internal_weight=17.5662 0.0794623 0.0704736 17.4868 0.0250827 17.4453 1.4116 0.00692173 16.0337 0.0202887 0.00898864 0.00495483 0.00332215 16.0134 15.9709 15.8642 15.1417 14.6878 14.6443 0.00403381 0.0435295 0.00227779 0.00276772 1.40468 0.722547 1.33387 1.11525 1.10765 1.1004 0.0366108
internal_count=51180 468 80 50712 46 50677 4256 189 46421 57 388 173 122 46364 46241 45932 43840 42526 42400 215 126 87 140 4067 2092 3862 3229 3207 3186 106
is_linear=0
shrinkage=0.1


Tree=62
num_leaves=31
num_cat=0
split_feature=5 5 6 9 10 10 2 6 7 9 8 9 4 9 10 2 8 10 6 8 1 8 7 9 9 9 9 7 4 4
split_gain=3.04474 0.203991 0.212078 0.000541636 0.00177961 0.00525859 0.000140334 5.19848e-05 1.8399e-06 1.07666e-06 2.57778e-07 3.43272e-07 2.07062e-07 2.94058e-07 5.75777e-08 5.57236e-08 2.77267e-08 3.01901e-08 2.69805e-08 1.85016e-08 1.78342e-08 1.10445e-08 4.98753e-08 3.36562e-13 1.06648e-13 6.39488e-14 1.06581e-14 9.80834e-15 5.84428e-15 4.47212e-15
threshold=5.5000000000000009 6.5000000000000009 3663.5000000000005 0.044568590937306009 0.45346320346320351 0.4491379310344828 5.5000000000000009 70.500000000000014 42.500000000000007 0.035252692626346303 5329.5000000000009 0.04481827882744336 166.50000000000003 0.035252692626346303 0.44590643274853808 6.5000000000000009 -2816.4999999999995 0.46547619047619054 2278.5000000000005 5071.5000000000009 5.5000000000000009 -991.49999999999989 245.50000000000003 0.039786861148801408 0.040215445041298405 0.033413078149920207 0.022514150544901555 613.50000000000011 182.50000000000003 185.50000000000003
decision_type=2 2 2 2 2 2 2 2 2 2 2 2 2 2 2 2 2 2 2 2 2 2 2 2 2 2 2 2 2 2
left_child=9 2 12 4 5 14 8 -6 -5 25 18 -12 -2 29 23 16 -9 -18 19 20 -10 -19 -23 -3 -24 26 -1 -25 -29 -14
right_child=1 3 -4 6 7 -7 -8 15 10 -11 11 -13 13 -15 -16 -17 17 21 -20 -21 -22 22 24 27 -26 -27 -28 28 -30 -31
leaf_value=-0.066709174716800684 -0.067085596328527522 0.066670893903241532 0.054542845376146454 0.070062761828806649 0.07053901272635206 -0.051234437293632751 0.072628920152144935 0.067223060819855615 0.07039863803747258 -0.067074108199794091 0.07048773409035046 0.070189763058434412 -0.06670924474978028 -0.06709325026175704 0.067069598417793461 0.067235889760708989 0.067171967998061272 0.067067588816987031 0.070494749535790421 0.070481173973691288 0.070466522954078459 0.067063261774881991 0.066670335252988863 0.066669044922508344 0.066669233763707189 -0.066709337647904363 -0.066709178134293098 0.066669562069618049 0.066669278618244565 -0.066709179474572375
leaf_weight=44.31623456980423 0.17429497558623475 0.0019994854410471117 0.3294308593031019 0.13656512913064467 0.077824383974075317 0.0050328878860454998 0.38717492736122938 0.01231253519654274 0.078294327333424008 0.080980270169674351 0.076975510055206087 0.077677648143748002 0.020092071092221886 0.037904532626271248 0.0089574661105871201 0.063646968142165861 0.012884246218163753 0.0090084684234170709 0.46401439236348097 0.15364956367193372 0.076524637639522552 0.0092251245077932253 0.0011440264722750735 0.0010554433702054666 0.0037944968627243725 0.023970719485077008 3.8555799114831606 0.001270581480639521 0.0017014690783980768 0.021971541340462863
leaf_count=46428 19 23 16 34 1 3 40 1 41 9 4 85 21 4 1 17 16 2 35 3 1 5 16 21 70 25 4167 20 29 23
internal_value=-0.0614165 0.0524391 0.00158687 0.070312 0.0655635 0.0372045 0.0709988 0.0685537 0.0704054 -0.0667098 0.0704559 0.0703381 -0.0670245 -0.0668912 0.0669088 0.0671744 0.0670935 0.0670493 0.0704795 0.0704566 0.0704322 0.066981 0.066926 0.0666698 0.0666695 -0.0667092 -0.0667092 0.0666693 0.0666694 -0.0667092
internal_weight=50.5212 2.24443 0.583694 1.66073 0.209858 0.0200173 1.45088 0.18984 1.0637 48.2768 0.927136 0.154653 0.254263 0.0799681 0.0149844 0.112016 0.0483689 0.0360564 0.772483 0.308469 0.154819 0.0231721 0.0141636 0.00602698 0.00493852 48.1958 48.1718 0.00402749 0.00297205 0.0420636
internal_count=51180 551 83 468 225 97 243 128 203 50629 169 89 67 48 94 127 110 109 80 45 42 93 91 93 86 50620 50595 70 49 44
is_linear=0
shrinkage=0.1


Tree=63
num_leaves=31
num_cat=0
split_feature=9 4 9 5 9 10 4 2 6 10 6 9 7 8 9 8 2 2 5 6 8 10 8 9 3 9 9 9 7 0
split_gain=2.53568 0.132172 0.125867 0.012113 0.000435369 0.00241618 0.00416855 0.000113919 2.95368e-05 3.87646e-05 2.81833e-05 2.42684e-06 1.17299e-06 8.48576e-08 1.05641e-07 1.21269e-08 7.35759e-09 4.39667e-09 4.04826e-09 5.10045e-09 3.39899e-09 4.00632e-09 1.14716e-09 5.93642e-09 2.73843e-11 6.04801e-09 3.42685e-08 7.97895e-08 6.53415e-13 7.10543e-15
threshold=0.037235096058625454 155.50000000000003 0.035252692626346303 6.5000000000000009 0.044568590937306009 0.45346320346320351 178.50000000000003 5.5000000000000009 -1.0000000180025095e-35 0.35599078341013829 -1.0000000180025095e-35 0.033413078149920207 42.500000000000007 5329.5000000000009 0.04481827882744336 3048.5000000000005 6.5000000000000009 6.5000000000000009 5.5000000000000009 3663.5000000000005 -2816.4999999999995 0.46547619047619054 -991.49999999999989 0.043835945475289705 4.5000000000000009 0.011799512704490051 0.014670014347202252 0.015424266455194202 1886.5000000000002 4.5000000000000009
decision_type=2 2 2 2 2 2 2 2 2 2 2 2 2 2 2 2 2 2 2 2 2 2 2 2 2 2 2 2 2 2
left_child=2 8 11 -3 5 6 -5 12 -2 -10 -7 18 -6 15 -15 -14 28 20 24 -20 -12 -22 -23 -24 25 -1 -27 -28 -8 -26
right_child=1 3 -4 4 7 10 16 -9 9 -11 17 -13 13 14 -16 -17 -18 -19 19 -21 21 22 23 -25 29 26 27 -29 -30 -31
leaf_value=0.066717319584845045 0.067016760295824207 -0.040558338065316529 0.0074775189910995625 0.056036692363797797 -0.069634683377661197 -0.070028915292905045 -0.066668125650746313 -0.072111709643048694 0.06668287577809541 0.059778867458919853 -0.066959017198308504 0.06594022689760215 -0.070004765870335064 -0.069985420366735537 -0.069808132362262451 -0.069975673068372518 -0.066876124578929011 -0.066955645789438245 0.066717322804616438 0.066771913356706153 -0.066936699191059254 -0.066877515538062898 -0.066667924155523126 -0.066872410360183154 0.066717319712490994 0.066717321389981363 0.066717385473974919 0.06569646214363413 -0.066671347483573812 0.066717319801402164
leaf_weight=4.6285596368834296 0.046770127490162849 0.15646089985966716 0.36091964333081605 0.0043838203437186196 0.11958659856565379 0.068560622632503232 0.0016808770226361958 0.32075628906158393 0.015648982041855497 0.01693224378072189 0.00652057351544466 0.040215121800428189 0.20542108707922679 0.067789192273319032 0.066661843070301541 0.47361875262777176 0.0047828440692683216 0.026237873081935953 0.038694077637045576 0.030688965693116188 0.0066907213531527945 0.0047541922849628753 0.0019907822111310276 0.0049490563469021254 31.561154608963996 0.019347310997545608 0.0022788590285927049 0.0011527688046086837 0.0010063577046821592 21.176200866582803
leaf_count=4067 6 4 32 10 29 1 58 34 4 36 1 38 42 4 71 27 3 16 34 13 14 2 77 9 27732 17 2 170 20 18607
internal_value=0.0628911 -0.0604556 0.0663473 -0.0669331 -0.0699118 -0.064439 -0.0213735 -0.070486 0.0654065 0.0630949 -0.0687037 0.0667168 -0.0699271 -0.0699701 -0.0698975 -0.0699845 -0.0668017 -0.0669271 0.0667173 0.0667415 -0.066897 -0.066875 -0.0668397 -0.0668138 0.0667173 0.0667171 0.0666657 0.0663744 -0.0666693 0.0667173
internal_weight=59.4804 1.6212 57.8592 1.54185 1.38539 0.131558 0.0118539 1.25383 0.0793514 0.0325812 0.119704 57.4983 0.933077 0.813491 0.134451 0.67904 0.00747008 0.0511432 57.4581 0.069383 0.0249053 0.0183848 0.011694 0.00693984 57.3887 4.65134 0.0227789 0.00343163 0.00268723 52.7374
internal_count=51180 468 50712 422 418 211 91 207 46 40 120 50680 173 144 75 69 81 119 50642 47 103 102 88 86 50595 4256 189 172 78 46339
is_linear=0
shrinkage=0.1


Tree=64
num_leaves=31
num_cat=0
split_feature=5 2 4 9 6 3 9 9 5 6 4 7 9 9 9 6 4 10 7 4 8 8 8 8 8 8 6 6 7 8
split_gain=1.02322e-07 1.59587e-08 6.37991e-09 6.13872e-09 1.68143e-09 1.30828e-10 2.88155e-08 1.14347e-07 3.66818e-13 5.98865e-13 4.23151e-14 1.31672e-14 5.30543e-15 2.66454e-15 7.77156e-16 5.55112e-16 3.08347e-16 2.22045e-16 1.83881e-16 1.11022e-16 1.11022e-16 1.11022e-16 1.11022e-16 1.11022e-16 1.11022e-16 1.11022e-16 5.55112e-17 5.55112e-17 5.55112e-17 5.55112e-17
threshold=6.5000000000000009 5.5000000000000009 178.50000000000003 0.035252692626346303 1297.5000000000002 4.5000000000000009 0.011799512704490051 0.014002352787399452 5.5000000000000009 2973.5000000000005 178.50000000000003 1963.5000000000002 0.040653405737221059 0.020583250953255153 0.033413078149920207 2659.5000000000005 171.50000000000003 0.60791925465838526 980.50000000000011 158.50000000000003 10131.500000000002 9046.0000000000018 8460.5000000000018 7788.5000000000009 7353.5000000000009 6957.5000000000009 2347.5000000000005 2278.5000000000005 1819.5000000000002 -45.499999999999993
decision_type=2 2 2 2 2 2 2 2 2 2 2 2 2 2 2 2 2 2 2 2 2 2 2 2 2 2 2 2 2 2
left_child=3 10 4 5 -3 6 17 -8 13 -10 16 12 -12 -7 15 19 -2 20 -14 -15 21 22 23 24 25 29 27 28 -21 -1
right_child=1 2 -4 -5 -6 8 7 -9 9 -11 11 -13 18 14 -16 -17 -18 -19 -20 26 -22 -23 -24 -25 -26 -27 -28 -29 -30 -31
leaf_value=-0.066680103818121492 -0.066667462176499312 -0.066806414499762115 -0.066842746525736088 -0.06672028782427461 -0.066750611795095366 -0.066680103841174038 -0.066680108631988963 -0.065598474831789641 -0.066680114097679891 -0.066681316997078827 -0.066667986350825645 -0.066668196446474731 -0.066667681949631324 -0.066680108286626946 -0.066680138188856056 -0.066680104159863141 -0.066667398406230705 -0.066680103818120326 -0.066667740724475677 -0.066680108448161676 -0.066680103818110847 -0.066680103818112749 -0.066680103818109834 -0.066680103818112749 -0.066680103818110847 -0.066680103818110847 -0.066680104738421536 -0.066680106863634667 -0.066680105999951667 -0.066680103818122269
leaf_weight=0.73245012894039885 0.002414420722460231 0.0097419904695925652 0.039748028244503075 0.037948614393827351 0.012114164684135176 12.372452054318272 0.0048366496339441447 0.0012249052066160004 0.011191207944649118 0.006567616277607157 0.001059247728221635 0.0011630127810349222 0.0010223196338756679 0.5238696137676 0.0075745304347948341 0.31226619196240801 0.001105754499832301 0.062876445241272561 0.0011099358544015558 0.68075843641418032 0.0069526838487946599 0.0084641368594021715 0.0063481026445516555 0.0084641368594021715 0.0069526838487946599 0.0069526838487946599 0.061667282832786441 0.014812239503953606 0.0420183936948888 0.38995487673673224
leaf_count=2423 140 14 34 35 32 40929 16 173 37 20 38 41 48 1733 25 1033 75 208 46 2252 23 28 21 28 23 23 204 49 139 1290
internal_value=-0.0666807 -0.0668017 -0.0668189 -0.0666801 -0.0667755 -0.06668 -0.066679 -0.0664615 -0.0666801 -0.0666806 -0.0666677 -0.0666679 -0.0666678 -0.0666801 -0.0666801 -0.0666801 -0.0666674 -0.0666801 -0.0666677 -0.0666801 -0.0666801 -0.0666801 -0.0666801 -0.0666801 -0.0666801 -0.0666801 -0.0666801 -0.0666801 -0.0666801 -0.0666801
internal_weight=15.3761 0.0694789 0.0616042 15.3066 0.0218562 15.2687 1.23548 0.00606155 14.0332 0.0177588 0.00787469 0.00435452 0.0031915 14.0154 1.64297 1.63539 0.00352018 1.22942 0.00213226 1.32313 1.16654 1.15959 1.15112 1.14477 1.13631 1.12936 0.799256 0.737589 0.722777 1.12241
internal_count=51180 468 80 50712 46 50677 4256 189 46421 57 388 173 132 46364 5435 5410 215 4067 94 4377 3859 3836 3808 3787 3759 3736 2644 2440 2391 3713
is_linear=0
shrinkage=0.1


Tree=65
num_leaves=31
num_cat=0
split_feature=5 5 6 9 10 4 2 6 7 9 8 9 9 9 2 2 8 10 6 8 1 8 7 10 9 9 9 6 4 7
split_gain=2.67514 0.183388 0.192145 0.000427608 0.00159193 0.00467652 9.30127e-05 3.43767e-05 1.19769e-06 8.34824e-07 1.69827e-07 2.26311e-07 1.56251e-07 2.31151e-07 4.2377e-08 3.7702e-08 1.8624e-08 2.02489e-08 1.78449e-08 1.22196e-08 1.18572e-08 7.44378e-09 3.3515e-08 1.85318e-12 2.3091e-13 9.05239e-14 5.32907e-14 7.10543e-15 4.5762e-15 1.94419e-15
threshold=5.5000000000000009 6.5000000000000009 3663.5000000000005 0.044568590937306009 0.45346320346320351 178.50000000000003 5.5000000000000009 70.500000000000014 42.500000000000007 0.035252692626346303 5329.5000000000009 0.04481827882744336 0.035875160875160857 0.035252692626346303 6.5000000000000009 6.5000000000000009 -2816.4999999999995 0.46547619047619054 2278.5000000000005 5071.5000000000009 5.5000000000000009 -991.49999999999989 245.50000000000003 0.42020373514431236 0.039786861148801408 0.040215445041298405 0.033413078149920207 390.50000000000006 185.50000000000003 980.50000000000011
decision_type=2 2 2 2 2 2 2 2 2 2 2 2 2 2 2 2 2 2 2 2 2 2 2 2 2 2 2 2 2 2
left_child=9 2 12 4 5 -3 8 -6 -5 26 18 -12 13 28 16 23 -9 -18 19 20 -10 -19 -23 24 -7 -24 27 -1 -2 -26
right_child=1 3 -4 6 7 15 -8 14 10 -11 11 -13 -14 -15 -16 -17 17 21 -20 -21 -22 22 25 -25 29 -27 -28 -29 -30 -31
leaf_value=-0.066703871804303524 -0.066703937442405867 -0.050758909167892899 0.05288476275234532 0.069619721273827706 0.070029501791109311 0.066670518492137718 0.071840369832982282 0.067153197971920639 0.069908035636404561 -0.067040124310734459 0.069985327814062429 0.069727576389318827 -0.067056336726450824 -0.067062319778372292 0.067172071342133891 0.067015177839935616 0.067108376906589481 0.067017318358314454 0.069991366889540663 0.069979590605243489 0.069967006000364762 0.067013557680988156 0.066669988591651866 0.066673789340445988 0.066668826994939243 0.066668913337380009 -0.066704032999372165 -0.066703871823576177 -0.066703866868255496 0.066669006355079427
leaf_weight=24.364648681972341 0.017591299838385699 0.0045387882455544251 0.31449410831555724 0.12023799011626557 0.068571485579013824 0.0014531008746416782 0.34235585032274685 0.010788992047309875 0.068988075159722939 0.073964750859885409 0.067817471505719595 0.068444011748027833 0.1605242770165205 0.035188800655305386 0.056401061903670779 0.0079348409490194172 0.011294661777355941 0.0078908650575613137 0.40883048687703649 0.1353652326761221 0.067417435348033905 0.0080806082150957081 0.0010245205058936344 0.0013706081590498798 0.0010527064168854849 0.0033207882055421578 0.020994668011552586 17.797729532004318 0.01923059078399092 0.001418586016370682
leaf_count=29280 21 10 16 34 1 19 40 1 41 9 4 85 19 4 17 3 16 2 35 3 1 5 16 15 23 70 25 21315 23 27
internal_value=-0.061341 0.0513271 0.00192269 0.0697798 0.0652879 0.0368285 0.0704297 0.0683092 0.0699144 -0.0667045 0.0699578 0.0698559 -0.0670014 -0.066879 0.0671153 0.0668773 0.0670398 0.067001 0.0699782 0.0699583 0.0699372 0.0669414 0.0668931 0.0666706 0.0666695 0.0666692 -0.0667039 -0.0667039 -0.0667039 0.0666689
internal_weight=44.269 2.01163 0.547029 1.4646 0.185142 0.0177686 1.27946 0.167373 0.937101 42.2573 0.816863 0.136261 0.232535 0.0720107 0.0988015 0.0132298 0.0424004 0.0316114 0.680601 0.271771 0.136406 0.0203168 0.0124259 0.005295 0.00392439 0.00434531 42.1834 42.1624 0.0368219 0.00247129
internal_count=51180 551 83 468 225 97 243 128 203 50629 169 89 67 48 127 87 110 109 80 45 42 93 91 84 69 86 50620 50595 44 50
is_linear=0
shrinkage=0.1


Tree=66
num_leaves=31
num_cat=0
split_feature=5 5 0 5 8 7 6 10 2 0 1 6 9 7 4 9 8 1 10 6 7 3 9 9 9 6 9 9 0 1
split_gain=2.22403 0.199015 0.18283 0.000364429 5.61382e-05 9.84919e-05 3.7979e-06 7.55618e-06 2.07497e-06 3.39588e-06 4.58847e-06 1.47725e-05 8.68427e-07 7.48346e-07 3.39985e-07 5.74703e-08 3.59542e-08 8.74862e-09 8.14102e-09 3.56173e-09 6.73045e-10 4.06715e-11 8.98358e-09 5.08288e-08 1.17972e-07 1.4899e-13 1.03029e-13 3.55271e-15 2.22045e-16 1.11022e-16
threshold=5.5000000000000009 6.5000000000000009 7.5000000000000009 7.5000000000000009 5329.5000000000009 445.50000000000006 659.50000000000011 0.53950103950103967 4.5000000000000009 8.5000000000000018 5.5000000000000009 1270.5000000000002 0.035252692626346303 42.500000000000007 167.50000000000003 0.032876959106467256 892.50000000000011 2.5000000000000004 0.53452380952380962 1297.5000000000002 843.50000000000011 4.5000000000000009 0.011799512704490051 0.014670014347202252 0.015424266455194202 3663.5000000000005 0.033413078149920207 0.026058908411849553 1.5000000000000002 3.5000000000000004
decision_type=2 2 2 2 2 2 2 2 2 2 2 2 2 2 2 2 2 2 2 2 2 2 2 2 2 2 2 2 2 2
left_child=12 2 14 -3 8 -6 -7 18 13 10 11 -10 21 -5 -2 -16 -15 -18 19 -8 -21 22 28 -24 -25 -22 27 -23 29 -1
right_child=1 3 -4 4 5 6 7 -9 9 -11 -12 -13 -14 16 15 -17 17 -19 -20 20 25 26 23 24 -26 -27 -28 -29 -30 -31
leaf_value=0.066710996834499964 0.067072963681767198 -0.062869458457993355 -0.049156216026375141 -0.069244365755332049 -0.07227832485301959 -0.06949569219198963 -0.066810521108492157 -0.069174200690840057 -0.069365389310734701 -0.069539901265630727 -0.069535421597904115 -0.066884370773530419 0.067050215671756799 -0.069591524961558321 0.066731541824905038 0.066911007455201038 -0.069491876332411412 -0.069535835234354748 -0.066905062456543346 -0.066742157609343586 -0.066667770215888808 0.066710996847535078 0.066710997690390919 0.066711065666998359 0.06538581680212105 -0.066669274236543091 0.066711202807347367 0.066710997047097528 0.066710996834499936 0.066710996834499853
leaf_weight=0.37354588857851823 0.17438201606273596 0.079675340512382342 0.30145410948898643 0.10542337579241579 0.21469688061673597 0.11752988943408127 0.0069416278347489424 0.052947100057524343 0.063638512091529265 0.11904409038197628 0.059330932796001434 0.038528695202330709 0.075571480672805502 0.12139795702569245 0.038644887739792466 0.033149839611724019 0.060557480061961044 0.17938322820646135 0.006223987914403816 0.0021642273974613602 0.0018476986624591518 44.790642350213602 0.016934366081841179 0.0019951867870986453 0.0010126318791066069 0.0010234781793769798 0.025017696316352978 1.3686721371486772 3.0620801639743149 0.61560362437739968
leaf_count=375 20 50 15 33 25 12 17 24 17 8 1 39 9 18 31 17 53 38 4 15 81 44965 17 2 170 33 25 1374 3074 618
internal_value=0.0628285 -0.0470892 0.00305844 -0.0694099 -0.0698628 -0.0708135 -0.0691466 -0.06857 -0.0693496 -0.0691347 -0.068836 -0.0684298 0.0667115 -0.0694788 0.0669976 0.0668144 -0.0695472 -0.0695247 -0.0668123 -0.0667641 -0.0667 0.066711 0.0667107 0.0666437 0.0662649 -0.0666683 0.066711 0.066711 0.066711 0.066711
internal_weight=52.1091 1.77799 0.547631 1.23035 1.15068 0.403375 0.188678 0.0711481 0.747304 0.280542 0.161498 0.102167 50.3311 0.466762 0.246177 0.0717947 0.361339 0.239941 0.018201 0.011977 0.0050354 50.2555 4.07117 0.0199422 0.00300782 0.00287118 46.1843 46.1593 4.05123 0.98915
internal_count=51180 551 83 468 418 211 186 174 207 65 57 56 50629 142 68 48 109 91 150 146 129 50620 4256 189 172 114 46364 46339 4067 993
is_linear=0
shrinkage=0.1


Tree=67
num_leaves=24
num_cat=0
split_feature=5 2 9 4 6 3 9 9 5 6 4 7 9 0 2 4 9 9 4 4 4 4 2
split_gain=6.83677e-08 1.06874e-08 4.84086e-09 4.33944e-09 1.11427e-09 1.88797e-10 4.16018e-08 1.64481e-07 2.41585e-13 3.9892e-13 2.78466e-14 8.89176e-15 2.83367e-15 8.88178e-16 8.88178e-16 8.88178e-16 8.88178e-16 8.88178e-16 1.76725e-16 1.11022e-16 5.55112e-17 2.77556e-17 1.73472e-18
threshold=6.5000000000000009 5.5000000000000009 0.035252692626346303 178.50000000000003 1297.5000000000002 4.5000000000000009 0.011799512704490051 0.014002352787399452 5.5000000000000009 2973.5000000000005 178.50000000000003 1963.5000000000002 0.041328615872628503 13.500000000000002 9.5000000000000018 221.50000000000003 0.033241252302025757 0.031537505180273456 170.50000000000003 203.50000000000003 153.50000000000003 136.50000000000003 4.5000000000000009
decision_type=2 2 2 2 2 2 2 2 2 2 2 2 2 2 2 2 2 2 2 2 2 2 2
left_child=2 10 5 4 -3 6 19 -8 13 -10 18 12 -12 14 15 16 17 -7 -2 20 21 -1 -15
right_child=1 3 -4 -5 -6 8 7 -9 9 -11 11 -13 -14 22 -16 -17 -18 -19 -20 -21 -22 -23 -24
leaf_value=-0.066678431558909942 -0.066667367028714328 -0.066788367533182083 -0.066715673817271323 -0.066820746293475355 -0.066739717079101771 -0.066678431556411746 -0.06667843155889068 -0.065293788669563688 -0.066678437796751061 -0.066679487195704851 -0.06666778888811134 -0.066668006341561489 -0.066667581690183109 -0.066678431558903253 -0.066678431558907361 -0.066678431558899048 -0.066678456795493668 -0.066678431192221818 -0.06666731700029821 -0.06667843155889995 -0.066678431558908069 -0.066678431558907944 -0.066678431558900311
leaf_weight=0.15556801599449899 0.0020002609957153741 0.0084883634699508548 0.034785207128153028 0.034804068121957243 0.010570113683115778 12.051758954476089 0.0042331432923675685 0.0010759648033200619 0.0097968543996110879 0.0057477314840070912 0.0010701033683631067 0.0010177497260883683 0.0017226964120595767 0.024076002475340696 0.14498515776358623 0.012964001332876118 0.0084865496610299074 0.015874287346378746 0.0010910893013829082 0.00899542949628096 0.61539320612791926 0.29605545900994912 0.0084662865847349167
leaf_count=588 132 14 35 34 32 45552 16 173 37 20 46 41 86 91 548 49 32 60 83 34 2326 1119 32
internal_value=-0.0666789 -0.0667847 -0.0666784 -0.0667997 -0.0667614 -0.0666783 -0.0666771 -0.0663978 -0.0666784 -0.0666788 -0.0666676 -0.0666678 -0.0666677 -0.0666784 -0.0666784 -0.0666784 -0.0666784 -0.0666784 -0.0666673 -0.0666784 -0.0666784 -0.0666784 -0.0666784
internal_weight=13.459 0.0607644 13.3983 0.0538625 0.0190585 13.3635 1.08132 0.00530911 12.2822 0.0155446 0.0069019 0.00381055 0.0027928 12.2666 12.2341 12.0891 12.0761 12.0676 0.00309135 1.07601 1.06702 0.451623 0.0325423
internal_count=51180 468 50712 80 46 50677 4256 189 46421 57 388 173 132 46364 46241 45693 45644 45612 215 4067 4033 1707 123
is_linear=0
shrinkage=0.1


Tree=68
num_leaves=31
num_cat=0
split_feature=5 5 0 9 10 10 2 6 7 9 4 9 8 9 2 10 8 10 6 8 1 8 7 7 9 9 9 4 4 4
split_gain=2.35162 0.165355 0.175302 0.000342571 0.0014282 0.00416276 6.17318e-05 2.27647e-05 7.82545e-07 6.51216e-07 1.46287e-07 1.84877e-07 1.12567e-07 1.50135e-07 3.24973e-08 2.64686e-08 1.25179e-08 1.35858e-08 1.18151e-08 8.171e-09 7.95866e-09 5.02274e-09 2.25281e-08 1.43716e-09 1.86716e-13 6.23243e-14 5.32907e-14 1.883e-14 3.55271e-15 3.55271e-15
threshold=5.5000000000000009 6.5000000000000009 7.5000000000000009 0.044568590937306009 0.45346320346320351 0.4491379310344828 5.5000000000000009 70.500000000000014 42.500000000000007 0.035252692626346303 166.50000000000003 0.035252692626346303 5329.5000000000009 0.04481827882744336 6.5000000000000009 0.44590643274853808 -2816.4999999999995 0.46547619047619054 2278.5000000000005 5071.5000000000009 5.5000000000000009 -991.49999999999989 245.50000000000003 1389.5000000000002 0.039786861148801408 0.040653405737221059 0.033413078149920207 180.50000000000003 189.50000000000003 177.50000000000003
decision_type=2 2 2 2 2 2 2 2 2 2 2 2 2 2 2 2 2 2 2 2 2 2 2 2 2 2 2 2 2 2
left_child=9 2 10 4 5 15 8 -6 -5 26 -2 23 18 -14 16 24 -9 -18 19 20 -10 -19 -23 -12 -3 -24 28 -26 29 -1
right_child=1 3 -4 6 7 -7 -8 14 12 -11 11 -13 13 -15 -16 -17 17 21 -20 -21 -22 22 25 -25 27 -27 -28 -29 -30 -31
leaf_value=-0.066699223467188942 -0.067030228612660711 0.066670145197499905 0.051546490900124635 0.069236587769534425 0.069590007922676278 -0.050284863231806948 0.071160947757154855 0.067092157046654319 0.069484517267385776 -0.067009796759568849 -0.066699250040079511 -0.067033921417460063 0.069551875193283291 0.069328129251299622 0.067116246271937532 0.066974924600731109 0.067052809231349902 0.066973387739688528 0.069557047130396676 0.069546926335032386 0.0695360096826418 0.066970095461791251 0.066669520819712835 -0.066736936672811858 0.066669156343921648 0.066668629041913008 -0.066699392598579585 0.066668647460964611 -0.066699223463631885 -0.066699223466530011
leaf_weight=28.040006938940937 0.13980027567595121 0.0015924099443510586 0.29995219124248251 0.10578273695136864 0.060365043580532074 0.0040972198039526111 0.30232630932187021 0.0094524994492530823 0.060738299449440092 0.067638189531861737 0.023437084862962365 0.032690499909222126 0.059696669326825713 0.060264328339798112 0.050003944261789002 0.0068721226416528225 0.009900134627969237 0.0069111558441363732 0.35989229474915874 0.11915514127031201 0.059342142194509506 0.0070773168408777565 0.0011000569924135561 0.017806887393817306 0.0011064639456890291 0.0027250000075014214 0.018389658362138017 0.0021209971828284324 3.6319692754493493 5.230240786469909
leaf_count=38459 18 23 15 34 1 3 40 1 41 9 32 4 4 85 17 1 16 2 35 3 1 5 20 14 21 66 25 49 4966 7170
internal_value=-0.061262 0.0502184 0.00223415 0.0693184 0.0650382 0.0364533 0.0699386 0.0680973 0.0694905 -0.0666998 -0.0669701 -0.0668563 0.0695279 0.0694395 0.0670636 0.0668489 0.0669928 0.0669589 0.0695456 0.0695284 0.06951 0.0669067 0.0668644 -0.0667155 0.0666693 0.0666689 -0.0666992 0.0666688 -0.0666992 -0.0666992
internal_weight=38.7925 1.80421 0.513687 1.29052 0.163324 0.0157892 1.1272 0.147535 0.824872 36.9882 0.213735 0.0739345 0.719089 0.119961 0.0871701 0.011692 0.0371662 0.0277137 0.599128 0.239236 0.12008 0.0178135 0.0109024 0.041244 0.00481987 0.00382506 36.9206 0.00322746 36.9022 33.2702
internal_count=51180 551 83 468 225 97 243 128 203 50629 68 50 169 89 127 94 110 109 80 45 42 93 91 46 93 86 50620 70 50595 45629
is_linear=0
shrinkage=0.1


Tree=69
num_leaves=31
num_cat=0
split_feature=9 4 10 5 9 10 8 7 6 10 9 2 0 7 8 5 6 10 1 7 10 4 3 9 9 9 0 0 4 7
split_gain=1.95156 0.246817 0.139255 0.00186226 0.000151833 0.000307805 3.72308e-05 6.40756e-05 2.40012e-06 4.79538e-06 2.38623e-06 1.36487e-06 1.19121e-06 4.79567e-07 2.15283e-08 5.98588e-09 5.93011e-09 4.84962e-09 2.96494e-09 9.31276e-09 1.57381e-09 3.90454e-10 6.0453e-11 1.33242e-08 7.52646e-08 1.06581e-14 4.44089e-16 4.44089e-16 2.22045e-16 2.22045e-16
threshold=0.035252692626346303 167.50000000000003 0.63484848484848488 7.5000000000000009 0.038956639566395605 0.39009661835748799 5329.5000000000009 445.50000000000006 659.50000000000011 0.53950103950103967 0.033413078149920207 4.5000000000000009 7.5000000000000009 42.500000000000007 892.50000000000011 5.5000000000000009 3663.5000000000005 0.53452380952380962 3.5000000000000004 3295.5000000000005 0.34891304347826085 171.50000000000003 4.5000000000000009 0.011799512704490051 0.014670014347202252 0.018376765914335551 12.500000000000002 5.5000000000000009 175.50000000000003 -1269.4999999999998
decision_type=2 2 2 2 2 2 2 2 2 2 2 2 2 2 2 2 2 2 2 2 2 2 2 2 2 2 2 2 2 2
left_child=10 2 4 -3 -2 -6 11 -8 -9 17 15 13 -13 -5 -15 22 -17 20 19 -16 -10 -22 23 -1 -25 -24 27 28 29 -27
right_child=1 3 -4 6 5 -7 7 8 9 -11 -12 12 -14 14 18 16 -18 -19 -20 -21 21 -23 25 24 -26 26 -28 -29 -30 -31
leaf_value=0.066705457877264868 0.067126940303705931 -0.059177434162820321 -0.07195146087336482 -0.068916875302966848 0.064687823263164482 0.041905119559911934 -0.071529200942758178 -0.069129873146039925 -0.066787305361522831 -0.068845947837572183 0.065834113674833203 -0.068622377378896662 -0.069064987597011698 -0.069212237319037181 -0.06911595029513333 0.066705774216576308 0.06676900245133012 -0.066875291543956092 -0.069169047668075467 -0.069175243700626804 -0.066735723202034955 -0.066668511341527195 0.066705457948221983 0.066705465938984673 0.066125679796612713 0.066705460224492183 0.066705459293437325 0.066705461003603514 0.066705463523957606 0.066705462277797445
leaf_weight=3.5458636757102862 0.21801743796095152 0.21369743908671357 0.10223366392438038 0.092468450196587781 0.030614602883218822 0.007354792958096156 0.18993109907337977 0.10332668402315903 0.0062901506966390741 0.046455434594337319 0.031451027181900737 0.13659222429487272 0.10959302627361467 0.10676689402225747 0.053467602555903326 0.02983794640749593 0.02949757082387805 0.0054481597608145036 0.10479183728966746 0.052497347091048141 0.0017946502111954588 0.001667339412962876 35.109891866450198 0.014822228753473499 0.0026374045662649328 0.41413455764995921 0.057542906957678386 2.0201047791051678 1.0610563310910945 1.7384932832792395
leaf_count=4067 25 40 7 20 36 82 16 9 27 21 38 34 10 16 60 34 13 4 7 3 9 74 40270 17 172 475 66 2317 1217 1994
internal_value=0.062785 -0.0463046 0.0267086 -0.0676592 0.0661106 0.0602747 -0.0694518 -0.0702769 -0.0688352 -0.0683415 0.0667048 -0.0690055 -0.0688194 -0.0691173 -0.0691757 0.0667055 0.0667372 -0.0667997 -0.0691571 -0.0691453 -0.0667575 -0.0667034 0.0667054 0.066705 0.0666179 0.0667055 0.0667055 0.0667055 0.0667055 0.0667055
internal_weight=45.6383 1.58301 0.35822 1.22479 0.255987 0.0379694 1.01109 0.354914 0.164982 0.0616557 44.0553 0.656177 0.246185 0.409992 0.317524 44.0239 0.0593355 0.0152003 0.210757 0.105965 0.00975214 0.00346199 43.9645 3.56332 0.0174596 40.4012 5.29133 5.23379 3.21368 2.15263
internal_count=51180 500 150 350 143 118 310 160 144 135 50680 150 44 106 86 50642 47 114 70 63 110 83 50595 4256 189 46339 6069 6003 3686 2469
is_linear=0
shrinkage=0.1


Tree=70
num_leaves=30
num_cat=0
split_feature=5 2 9 4 6 3 9 9 5 6 4 7 9 0 0 7 9 9 4 0 7 9 9 0 4 4 4 10 10
split_gain=4.57319e-08 7.1592e-09 3.43077e-09 2.94707e-09 7.3989e-10 2.73364e-10 6.01649e-08 1.78325e-07 6.18172e-13 7.13339e-13 2.14767e-14 9.35515e-15 9.84672e-16 8.88178e-16 8.88178e-16 8.88178e-16 8.88178e-16 8.88178e-16 7.97973e-17 5.55112e-17 2.77556e-17 2.77556e-17 2.77556e-17 1.38778e-17 1.38778e-17 6.93889e-18 1.73472e-18 1.73472e-18 1.73472e-18
threshold=6.5000000000000009 5.5000000000000009 0.035252692626346303 178.50000000000003 1297.5000000000002 4.5000000000000009 0.011799512704490051 0.013652036156928503 5.5000000000000009 2925.5000000000005 178.50000000000003 1819.5000000000002 0.041775741710296653 11.500000000000002 10.500000000000002 2157.5000000000005 0.033241252302025757 0.025493955544001006 169.50000000000003 8.5000000000000018 3295.5000000000005 0.024024240675275903 0.029666299963329656 12.500000000000002 152.50000000000003 190.50000000000003 138.50000000000003 0.56330128205128216 0.45080645161290328
decision_type=2 2 2 2 2 2 2 2 2 2 2 2 2 2 2 2 2 2 2 2 2 2 2 2 2 2 2 2 2
left_child=2 10 5 4 -3 6 19 -8 13 -10 18 12 -12 14 15 16 17 -7 -2 -1 21 -17 -19 25 26 -15 -16 28 -22
right_child=1 3 -4 -5 -6 8 7 -9 9 -11 11 -13 -14 23 24 20 -18 22 -20 -21 27 -23 -24 -25 -26 -27 -28 -29 -30
leaf_value=-0.066676962562113418 -0.0666672777827957 -0.066772721338796776 -0.066710258452076093 -0.066801504670128728 -0.066730276357691229 -0.066676962554876748 -0.066676962562093975 -0.065253008229535642 -0.06667704741244998 -0.06667850888034782 -0.066667602247172844 -0.066667887810697393 -0.066667470206256782 -0.066676962562111544 -0.066676962562104911 -0.066676962562112849 -0.066676985193298316 -0.066676962410876284 -0.066667242921848252 -0.066676962562107034 -0.066676962562104689 -0.066676962562108588 -0.066676962361709696 -0.066676962562112224 -0.066676962562112488 -0.06667696256210251 -0.066676962562109421 -0.06667696256210677 -0.066676962562107742
leaf_weight=0.93085996631998114 0.0015723704277385 0.0074002586625283575 0.030763738788665118 0.030474264844997379 0.0092283179124024173 9.6545461298228368 0.0034733580832835278 0.0011776587061618216 0.0083983844670009189 0.005544750645640307 0.0010117560972275896 0.0010603561149764573 0.0012784669775669499 0.07340363416005935 0.014356546744239362 0.38461651842226352 0.0074275664228488072 0.3079710843885558 0.0011272855782635816 0.010883188660955057 0.0078729449887759984 0.01458810394979082 0.053258157437085174 0.071319619310088456 0.099801155593013391 0.0062520445499103508 0.017829904827522114 0.010420074249850586 0.012272531894268468
leaf_count=4020 119 14 35 34 32 41694 15 174 36 21 53 48 72 317 62 1661 32 1330 96 47 34 63 230 308 431 27 77 45 53
internal_value=-0.0666773 -0.0667699 -0.0666769 -0.066783 -0.0667492 -0.0666768 -0.0666752 -0.0663164 -0.066677 -0.0666776 -0.0666675 -0.0666676 -0.0666675 -0.066677 -0.066677 -0.066677 -0.066677 -0.066677 -0.0666673 -0.066677 -0.066677 -0.066677 -0.066677 -0.066677 -0.066677 -0.066677 -0.066677 -0.066677 -0.066677
internal_weight=11.7802 0.0531531 11.727 0.0471028 0.0166286 11.6963 0.946394 0.00465102 10.7499 0.0139431 0.00605024 0.00335058 0.00229022 10.7359 10.585 10.453 10.0232 10.0158 0.00269966 0.941743 0.42977 0.399205 0.361229 0.150975 0.131988 0.0796557 0.0321865 0.0305656 0.0201455
internal_count=51180 468 50712 80 46 50677 4256 189 46421 57 388 173 125 46364 45712 45142 43286 43254 215 4067 1856 1724 1560 652 570 344 139 132 87
is_linear=0
shrinkage=0.1


Tree=71
num_leaves=31
num_cat=0
split_feature=5 5 6 5 4 2 7 9 8 4 4 4 4 10 2 7 6 8 7 8 10 4 9 6 9 6 6 6 6 8
split_gain=2.0602 0.148868 0.150173 0.000360429 4.01894e-05 4.07269e-05 5.13812e-07 4.36186e-07 7.06757e-08 9.34791e-08 3.82235e-08 9.49329e-08 4.17947e-08 2.38702e-08 1.70343e-08 7.52304e-09 7.02436e-09 4.46202e-09 2.26545e-09 3.95112e-09 1.31622e-12 4.34837e-14 3.37508e-14 5.32907e-15 3.55271e-15 1.77636e-15 1.77636e-15 1.77636e-15 8.88178e-16 1.77636e-15
threshold=5.5000000000000009 6.5000000000000009 3663.5000000000005 7.5000000000000009 178.50000000000003 5.5000000000000009 42.500000000000007 0.035252692626346303 5329.5000000000009 177.50000000000003 164.50000000000003 167.50000000000003 178.50000000000003 0.46247654784240155 6.5000000000000009 748.50000000000011 2278.5000000000005 5071.5000000000009 843.50000000000011 -2816.4999999999995 0.43875000000000003 197.50000000000003 0.033413078149920207 1585.5000000000002 0.027605258144408402 292.50000000000006 -136.49999999999997 -182.49999999999997 -206.49999999999997 5329.5000000000009
decision_type=2 2 2 2 2 2 2 2 2 2 2 2 2 2 2 2 2 2 2 2 2 2 2 2 2 2 2 2 2 2
left_child=7 2 10 -3 5 6 -5 22 16 -10 -2 -12 -13 14 20 -15 17 -8 -17 -20 21 -6 23 24 25 26 27 28 29 -1
right_child=1 3 -4 4 13 -7 8 -9 9 -11 11 12 -14 15 -16 18 -18 -19 19 -21 -22 -23 -24 -25 -26 -27 -28 -29 -30 -31
leaf_value=-0.066695158451827871 -0.066984368340364767 0.062326074985750615 0.04817353163593821 0.068905811365696332 0.066668384384509671 0.070570637437609982 0.069143873446594756 -0.066966772923289716 0.068988978716945135 0.069177348055534507 -0.067009326195045821 -0.06689227734856161 -0.066695431416280274 0.066925622129687778 0.066933329659273122 0.067033334620887439 0.069181967851169854 0.069173004493504553 0.067038813189039675 0.06694639668171036 0.066672732213220398 0.066669176518038026 -0.066695304475282574 -0.066695158448142888 -0.066695157043242817 -0.066695158430357449 -0.066695158427557008 -0.066695158453168174 -0.066695158405336644 -0.066695158424833798
leaf_weight=14.57208576161014 0.10816532606258866 0.078361898083585291 0.28283838671632111 0.092960892843848342 0.0019501046499499353 0.26665481199006535 0.10551193818628235 0.059232660103588297 0.052868887620462601 0.052511358400181507 0.037743539549410343 0.021213176660239697 0.021943996893242002 0.012625981898565897 0.0060860570065415232 0.024554619494892904 0.31653084915461704 0.10480994247700437 0.008280627429485321 0.010482418396350113 0.0010802793731272686 0.0010750066503533162 0.016095222963484868 7.7148574394767264 0.38622332627457368 6.3454623878039795 2.2539297834091121 0.24787462153471906 0.12169555062428195 0.65587500692946221
leaf_count=22857 16 50 16 33 52 40 39 9 82 4 5 12 34 21 3 5 34 3 1 64 17 20 25 12050 615 9934 3532 387 190 1030
internal_value=-0.0612076 0.0492637 0.0020517 0.06887 0.0693547 0.0695139 0.0691253 -0.0666957 0.0691576 0.0690828 -0.0669455 -0.0668935 -0.0667922 0.0669679 0.0668271 0.0669935 0.0691726 0.0691584 0.0670133 0.0669872 0.0666697 0.0666687 -0.0666952 -0.0666952 -0.0666952 -0.0666952 -0.0666952 -0.0666952 -0.0666952 -0.0666952
internal_weight=33.9816 1.60825 0.471904 1.13635 1.05798 0.991849 0.725194 32.3733 0.632233 0.10538 0.189066 0.0809007 0.0431572 0.0661351 0.0101914 0.0559436 0.526853 0.210322 0.0433177 0.018763 0.00410539 0.00302511 32.3141 32.298 24.5831 24.1969 17.8515 15.5975 15.3497 15.228
internal_count=51180 551 83 468 418 235 195 50629 162 86 67 51 46 183 92 91 76 42 70 65 89 72 50620 50595 38545 37930 27996 24464 24077 23887
is_linear=0
shrinkage=0.1


Tree=72
num_leaves=29
num_cat=0
split_feature=9 4 10 5 9 10 8 7 9 6 10 2 0 7 8 5 6 10 1 7 4 3 9 9 4 2 0 2
split_gain=1.71402 0.214715 0.123672 0.00222428 0.000163625 0.000313828 2.45981e-05 4.21964e-05 2.74191e-06 1.59853e-06 3.17151e-06 8.954e-07 7.82025e-07 3.15348e-07 1.42423e-08 6.39751e-09 5.74667e-09 3.26971e-09 1.93548e-09 6.0944e-09 1.20679e-09 8.95994e-11 1.97931e-08 1.11543e-07 5.32907e-15 8.88178e-16 2.22045e-16 2.22045e-16
threshold=0.035252692626346303 167.50000000000003 0.63484848484848488 7.5000000000000009 0.038956639566395605 0.39009661835748799 5329.5000000000009 445.50000000000006 0.033413078149920207 659.50000000000011 0.53950103950103967 4.5000000000000009 7.5000000000000009 42.500000000000007 892.50000000000011 5.5000000000000009 3663.5000000000005 0.53452380952380962 3.5000000000000004 3295.5000000000005 175.50000000000003 4.5000000000000009 0.011799512704490051 0.014670014347202252 171.50000000000003 8.5000000000000018 8.5000000000000018 1.0000000180025095e-35
decision_type=2 2 2 2 2 2 2 2 2 2 2 2 2 2 2 2 2 2 2 2 2 2 2 2 2 2 2 2
left_child=8 2 4 -3 -2 -6 11 -8 15 -9 17 13 -13 -5 -15 21 -17 20 19 -16 -11 22 26 -24 -23 -26 27 -1
right_child=1 3 -4 6 5 -7 7 9 -10 10 -12 12 -14 14 18 16 -18 -19 -20 -21 -22 24 23 -25 25 -27 -28 -29
leaf_value=0.066700613149607443 0.067092264484453046 -0.057325541915599701 -0.071354120673102067 -0.068627685998259524 0.064356349201448934 0.040180591445202508 -0.070885518452769594 -0.068811925485129669 0.065703118397347368 -0.066764096233718914 -0.068562405569869839 -0.06837326129250533 -0.06875588366106114 -0.068883280841084679 -0.068799952860652477 0.066700889330106206 0.066765788418098077 -0.066849246056853343 -0.06884574447025682 -0.068851114977202199 -0.066668252434181938 0.066700613166350314 0.066700616462746096 0.065946898834278081 0.066700613154913088 0.066700613149607388 0.066700613149606222 0.06670061314960786
leaf_weight=0.19993056554812971 0.19348456989973994 0.19608974820158243 0.092199126640480245 0.081244861256973167 0.026926399545288859 0.0067069104550951933 0.16778723490725062 0.090822119052063499 0.027576491957005511 0.0068882660480084623 0.040745658707364352 0.11993438869785678 0.09631391024140612 0.093858343179817894 0.046993113726840008 0.026115550892426564 0.028570264345034957 0.0047690468893557001 0.092111765732624917 0.046145589580191881 0.0016233267407362306 23.059930383751635 0.012973671138752141 0.0023136250104016662 12.064512372133319 0.23655906610656607 0.035865406796801724 2.8677063562208787
leaf_count=262 25 40 7 20 36 82 16 9 38 32 21 34 10 16 60 34 13 4 7 3 78 30219 17 172 15810 310 47 3758
internal_value=0.0627475 -0.045759 0.0263215 -0.066966 0.0659732 0.0595354 -0.0690918 -0.0698061 0.0666999 -0.0685557 -0.068125 -0.0687045 -0.0685437 -0.0688011 -0.0688515 0.0667006 0.0667348 -0.066783 -0.0688355 -0.0688253 -0.0667458 0.0667006 0.0667001 0.0665865 0.0667006 0.0667006 0.0667006 0.0667006
internal_weight=39.9667 1.40464 0.319317 1.08533 0.227118 0.0336333 0.889238 0.312636 38.5621 0.144848 0.0540263 0.576602 0.216248 0.360354 0.279109 38.5345 0.0546858 0.0132806 0.18525 0.0931387 0.00851159 38.4798 3.11879 0.0152873 35.361 12.3011 3.1035 3.06764
internal_count=51180 500 150 350 143 118 310 160 50680 144 135 150 44 106 86 50642 47 114 70 63 110 50595 4256 189 46339 16120 4067 4020
is_linear=0
shrinkage=0.1


Tree=73
num_leaves=20
num_cat=0
split_feature=5 2 9 4 6 3 9 9 5 6 4 7 9 4 4 4 4 6 6
split_gain=3.07181e-08 4.80022e-09 2.44408e-09 2.01229e-09 4.92183e-10 3.97217e-10 8.7344e-08 2.57637e-07 4.13003e-13 4.7764e-13 1.44949e-14 5.4479e-15 1.77636e-15 8.88178e-16 5.55112e-17 4.57533e-17 1.38778e-17 8.67362e-19 8.67362e-19
threshold=6.5000000000000009 5.5000000000000009 0.035252692626346303 178.50000000000003 1297.5000000000002 4.5000000000000009 0.011799512704490051 0.013652036156928503 5.5000000000000009 2925.5000000000005 178.50000000000003 1736.5000000000002 0.033413078149920207 205.50000000000003 114.50000000000001 168.50000000000003 224.50000000000003 -1884.4999999999998 -2991.4999999999995
decision_type=2 2 2 2 2 2 2 2 2 2 2 2 2 2 2 2 2 2 2
left_child=2 10 5 4 -3 6 14 -8 12 -10 15 -12 13 -7 17 -2 -15 18 -1
right_child=1 3 -4 -5 -6 8 7 -9 9 -11 11 -13 -14 16 -16 -17 -18 -19 -20
leaf_value=-0.066675678080130654 -0.066667200839452934 -0.066759137168962979 -0.066705485324017197 -0.066784816885153656 -0.066722081798597899 -0.066675678072421835 -0.066675678080120496 -0.064849448593790479 -0.066675751782572124 -0.06667703003879201 -0.066667419101418643 -0.066667703347925863 -0.066675711012762914 -0.066675678080141618 -0.066675678080142339 -0.066667172938238872 -0.066675678080128725 -0.06667567808016675 -0.066675678080125977
leaf_weight=0.0056745182373560974 0.0012684004691160258 0.0064548874456704661 0.027244461700321021 0.026709628185926704 0.0080605798175383825 9.2373050464375339 0.003039920484297908 0.0010356867943102088 0.0073520004079917767 0.0048527577018830925 0.0018835197776070345 0.0010502614450160763 0.0050864859804286002 0.14895610373059831 0.80963215565134306 0.0010911654892851175 0.0048638727748766533 0.0048638727748738795 0.0040532273123972109
leaf_count=28 110 14 35 34 32 45580 15 174 36 21 118 55 25 735 3995 105 24 24 20
internal_value=-0.0666759 -0.066757 -0.0666756 -0.0667685 -0.0667386 -0.0666755 -0.0666734 -0.0662116 -0.0666757 -0.0666763 -0.0666674 -0.0666675 -0.0666757 -0.0666757 -0.0666757 -0.0666672 -0.0666757 -0.0666757 -0.0666757
internal_weight=10.3105 0.0465184 10.264 0.0412251 0.0145155 10.2367 0.828299 0.00407561 9.40842 0.0122048 0.00529335 0.00293378 9.39621 9.39113 0.824224 0.00235957 0.15382 0.0145916 0.00972775
internal_count=51180 468 50712 80 46 50677 4256 189 46421 57 388 173 46364 46339 4067 215 759 72 48
is_linear=0
shrinkage=0.1


Tree=74
num_leaves=30
num_cat=0
split_feature=5 5 6 5 4 2 7 9 8 4 4 4 4 10 2 7 6 8 7 8 10 9 4 8 9 9 9 10 10
split_gain=1.80522 0.1326 0.130046 0.000470793 2.66297e-05 2.69583e-05 3.38949e-07 2.9365e-07 4.85871e-08 6.40517e-08 2.03061e-08 5.1449e-08 4.39933e-08 1.59515e-08 1.13773e-08 5.02996e-09 4.4642e-09 2.81605e-09 1.51717e-09 2.63473e-09 7.91196e-13 3.19744e-14 2.02711e-14 3.55271e-15 1.77636e-15 3.55271e-15 5.55112e-17 6.93889e-18 6.93889e-18
threshold=5.5000000000000009 6.5000000000000009 3663.5000000000005 7.5000000000000009 178.50000000000003 5.5000000000000009 42.500000000000007 0.035252692626346303 5329.5000000000009 177.50000000000003 164.50000000000003 167.50000000000003 177.50000000000003 0.46247654784240155 6.5000000000000009 748.50000000000011 2278.5000000000005 5071.5000000000009 843.50000000000011 -2816.4999999999995 0.43405797101449278 0.033413078149920207 194.50000000000003 6054.5000000000009 0.029484207476093854 0.025348583178050454 0.029340028694404555 0.61200716845878145 0.55217785843920153
decision_type=2 2 2 2 2 2 2 2 2 2 2 2 2 2 2 2 2 2 2 2 2 2 2 2 2 2 2 2 2
left_child=7 2 10 -3 5 6 -5 21 16 -10 -2 -12 -13 14 20 -15 17 -8 -17 -20 22 23 -6 24 25 -1 -27 28 -26
right_child=1 3 -4 4 13 -7 8 -9 9 -11 11 12 -14 15 -16 18 -18 -19 19 -21 -22 -23 -24 -25 27 26 -28 -29 -30
leaf_value=-0.066691597211305784 -0.066944616311661737 0.060543215794715111 0.046043843713709565 0.068617543077749713 0.06666817758283354 0.070060751216287451 0.06882457205739699 -0.066929499711009213 0.068686791740678127 0.068853051468079754 -0.066966339399318328 -0.066903045133523242 -0.066691837344176358 0.066892966225724979 0.066899691018310045 0.066987141032326766 0.06885691112504469 0.068849251181625146 0.066991837021402378 0.066911156813020387 0.066671691928937099 -0.066691746900191515 0.066668750886270181 -0.066691597204093164 -0.066691597249297685 -0.066691597262979144 -0.066691597353008919 -0.066691597204326547 -0.066691597204327088
leaf_weight=24.023830234152477 0.0947658927179863 0.070708272041428932 0.26089380332268775 0.081698646729421398 0.0015265429992723512 0.23498237858484572 0.092815405085275415 0.051979284267871573 0.04652756643451994 0.046160374819635308 0.033050404861569405 0.019678690354339778 0.019769683305639774 0.011044334794064525 0.0053238053915265482 0.021490432258133296 0.27826445293447932 0.092131477342263679 0.0072455215267837039 0.0091708511718024965 0.0010292227798345266 0.014099212421568974 0.0010348266478104051 3.4117139780781818 0.11491973681177015 0.67662514775474747 0.017378115679775874 0.011211679084226489 0.012332846992649138
leaf_count=42965 16 50 16 33 46 40 39 9 82 4 5 11 35 21 3 5 34 3 1 64 19 25 24 6091 209 1255 33 20 22
internal_value=-0.0611607 0.048491 0.0019156 0.0684096 0.0690074 0.0691452 0.0688077 -0.066692 0.0688357 0.0687696 -0.0669141 -0.0668743 -0.0667972 0.0669299 0.0668069 0.0669524 0.0688489 0.0688369 0.0669697 0.0669468 0.0666694 -0.0666916 0.0666684 -0.0666916 -0.0666916 -0.0666916 -0.0666916 -0.0666916 -0.0666916
internal_weight=29.7634 1.42931 0.428158 1.00115 0.930446 0.87258 0.637598 28.3341 0.555899 0.0926879 0.167265 0.0724988 0.0394484 0.0578655 0.0089144 0.0489511 0.463211 0.184947 0.0379068 0.0164164 0.00359059 28.2821 0.00256137 28.268 24.8563 24.7178 0.694003 0.138464 0.127253
internal_count=51180 551 83 468 418 235 195 50629 162 86 67 51 46 183 92 91 76 42 70 65 89 50620 70 50595 44504 44253 1288 251 231
is_linear=0
shrinkage=0.1


Tree=75
num_leaves=26
num_cat=0
split_feature=9 4 10 5 9 9 4 8 7 9 6 10 2 0 7 8 5 6 10 1 7 4 3 9 9
split_gain=1.50594 0.18686 0.110024 0.00261156 0.00017612 0.000689053 0.00235414 1.62822e-05 2.78523e-05 3.1598e-06 1.06556e-06 2.10119e-06 5.8906e-07 5.14738e-07 2.07863e-07 9.43665e-09 6.69503e-09 5.45163e-09 2.203e-09 1.26913e-09 4.00165e-09 8.02931e-10 1.3298e-10 2.93622e-08 1.64994e-07
threshold=0.035252692626346303 167.50000000000003 0.63484848484848488 7.5000000000000009 0.038956639566395605 0.041558721934369554 140.50000000000003 5329.5000000000009 445.50000000000006 0.033413078149920207 659.50000000000011 0.53950103950103967 4.5000000000000009 7.5000000000000009 42.500000000000007 892.50000000000011 5.5000000000000009 3663.5000000000005 0.53452380952380962 3.5000000000000004 3295.5000000000005 175.50000000000003 4.5000000000000009 0.011799512704490051 0.014670014347202252
decision_type=2 2 2 2 2 2 2 2 2 2 2 2 2 2 2 2 2 2 2 2 2 2 2 2 2
left_child=9 2 4 -3 -2 -6 -7 12 -9 16 -10 18 14 -14 -5 -16 22 -18 21 20 -17 -12 23 -1 -25
right_child=1 3 -4 7 5 6 -8 8 10 -11 11 -13 13 -15 15 19 17 -19 -20 -21 -22 -23 -24 24 -26
leaf_value=0.066696376739409924 0.067063602708590686 -0.055434131695326121 -0.070835573829686443 -0.06837659525579369 0.066874067409195312 0.066882441249765209 -0.066667653960140183 -0.070331220519811291 -0.068536198061028258 0.065552951695182105 -0.066751650418142086 -0.068317051081461688 -0.068156422723173724 -0.068487699625103912 -0.068598089753291111 -0.068525867891163411 0.066696615362387385 0.066762618042196867 -0.066826455470211849 -0.068565445938979383 -0.068570100129431794 -0.066668054269760579 0.066696376748715716 0.066696381116469708 0.065717759633699732
leaf_weight=2.716299201187208 0.17189136799424692 0.1804923313023824 0.083201201894553378 0.071347583731412922 0.023183742072433233 0.0048236581496894351 0.0018171320884299846 0.14804250711086375 0.079786272953242587 0.024185732701879625 0.0060110260296823426 0.035727184039223564 0.10526452318617885 0.084598363928307663 0.082462853338256537 0.041279970007195743 0.022857300762551769 0.027655249228700995 0.0041744920304218891 0.080920421330120007 0.040539441812143195 0.0014204760955003892 30.949247282871514 0.011355682916473486 0.0020309306042491935
leaf_count=4067 25 40 7 20 5 1 112 16 9 38 32 21 34 10 16 60 34 13 4 7 3 78 46339 17 172
internal_value=0.0627086 -0.0452099 0.025923 -0.066276 0.0658328 0.0587391 0.0303389 -0.0687797 -0.0693989 0.0666956 -0.0683132 -0.0679373 -0.0684433 -0.068304 -0.0685268 -0.0685705 0.0666964 0.0667328 -0.0667683 -0.0685566 -0.0685478 -0.0667357 0.0666963 0.0666956 0.0665479
internal_weight=35.0006 1.24698 0.284917 0.962067 0.201716 0.0298245 0.00664079 0.781575 0.275162 33.7536 0.127119 0.0473332 0.506413 0.189863 0.31655 0.245203 33.7294 0.0505125 0.011606 0.16274 0.0818194 0.0074315 33.6789 2.72969 0.0133866
internal_count=51180 500 150 350 143 118 113 310 160 50680 144 135 150 44 106 86 50642 47 114 70 63 110 50595 4256 189
is_linear=0
shrinkage=0.1


Tree=76
num_leaves=26
num_cat=0
split_feature=5 2 9 4 3 9 9 6 5 6 4 7 9 1 1 4 10 6 7 7 4 10 4 4 6
split_gain=2.06799e-08 3.22282e-09 1.75898e-09 1.37544e-09 5.78059e-10 1.26934e-07 2.90754e-07 3.27843e-10 2.82441e-13 3.18848e-13 9.81203e-15 3.02969e-15 1.33227e-15 4.44089e-16 4.44089e-16 4.44089e-16 8.88178e-16 4.44089e-16 2.22045e-16 1.11022e-16 5.55112e-17 2.59124e-17 6.93889e-18 6.93889e-18 6.93889e-18
threshold=6.5000000000000009 5.5000000000000009 0.035252692626346303 178.50000000000003 4.5000000000000009 0.011799512704490051 0.013437866795076253 1297.5000000000002 5.5000000000000009 2925.5000000000005 178.50000000000003 1655.5000000000002 0.033241252302025757 9.5000000000000018 8.5000000000000018 222.50000000000003 0.90238095238095251 585.50000000000011 -1070.4999999999998 -1489.4999999999998 199.50000000000003 0.44058823529411767 163.50000000000003 150.50000000000003 -1979.4999999999998
decision_type=2 2 2 2 2 2 2 2 2 2 2 2 2 2 2 2 2 2 2 2 2 2 2 2 2
left_child=2 10 4 7 5 19 -7 -3 12 -10 21 -12 13 14 15 16 17 -6 -19 -1 -21 -2 23 -16 -15
right_child=1 3 -4 -5 8 6 -8 -9 9 -11 11 -13 -14 24 22 -17 -18 18 -20 20 -22 -23 -24 -25 -26
leaf_value=-0.066674549582624781 -0.066667133790534697 -0.066747332755292058 -0.066701335774681486 -0.066770244494633132 -0.066674549600600277 -0.066674549582598414 -0.064715029425613982 -0.066714967782174256 -0.066674620125747694 -0.066675736430836005 -0.066667328270953327 -0.06666755084006408 -0.066674582659844009 -0.066674549582623421 -0.066674549582623963 -0.066674549582608114 -0.066674549582606699 -0.066674549582624032 -0.066674549582625225 -0.066674549582625448 -0.06667454958261898 -0.066667111353302985 -0.066674549582611334 -0.066674549582621243 -0.066674549582618689
leaf_weight=0.14313797061913647 0.0010129984709416054 0.0056327409888581315 0.02415112033486444 0.023417843459355936 4.6953511257888625 0.0024831866030581287 0.0010894460854515842 0.0070434118279081304 0.006436162759201447 0.0042471465130802244 0.0015660534357948563 0.0010034366760010016 0.0056977586500587254 0.036715687630930915 0.092232645256445589 0.0069174483942341372 0.0063853369792931094 0.073963486676803192 3.2668093467946164 0.56758550927042684 0.010642228298820555 0.0010502578872149115 0.004789002734469249 0.01667282433481887 0.018091788107995721
leaf_count=807 101 14 35 34 26472 14 175 32 36 21 112 61 32 207 520 39 36 417 18418 3200 60 114 27 94 102
internal_value=-0.0666747 -0.0667458 -0.0666744 -0.0667559 -0.0666743 -0.0666716 -0.066077 -0.0667293 -0.0666746 -0.0666751 -0.0666673 -0.0666674 -0.0666745 -0.0666745 -0.0666745 -0.0666745 -0.0666745 -0.0666745 -0.0666745 -0.0666745 -0.0666745 -0.0666671 -0.0666745 -0.0666745 -0.0666745
internal_weight=9.02413 0.0407267 8.9834 0.036094 8.95925 0.724938 0.00357263 0.0126762 8.23431 0.0106833 0.00463275 0.00256949 8.22363 8.21793 8.16312 8.04943 8.04251 8.03612 3.34077 0.721366 0.578228 0.00206326 0.113694 0.108905 0.0548075
internal_count=51180 468 50712 80 50677 4256 189 46 46421 57 388 173 46364 46332 46023 45382 45343 45307 18835 4067 3260 215 641 614 309
is_linear=0
shrinkage=0.1


Tree=77
num_leaves=26
num_cat=0
split_feature=9 4 10 5 9 9 5 9 2 9 10 9 1 10 2 5 6 7 7 8 7 4 4 8 7
split_gain=1.58334 0.16609 0.10684 0.00205408 0.000316095 0.000624082 0.00426787 1.77471e-05 1.77925e-05 7.33157e-06 1.16927e-07 2.53918e-08 2.65205e-08 1.05483e-08 7.5295e-09 6.21094e-09 3.43626e-09 3.34436e-09 9.66011e-10 1.6882e-09 4.79103e-13 1.27199e-14 6.39777e-15 3.55271e-15 8.88178e-16
threshold=0.035252692626346303 167.50000000000003 0.63484848484848488 7.5000000000000009 0.038369525211630409 0.040215445041298405 6.5000000000000009 0.044568590937306009 5.5000000000000009 0.033413078149920207 0.51925925925925942 0.04481827882744336 3.5000000000000004 0.46247654784240155 6.5000000000000009 5.5000000000000009 3756.5000000000005 748.50000000000011 843.50000000000011 -2816.4999999999995 1924.5000000000002 155.50000000000003 190.50000000000003 3048.5000000000005 -1289.4999999999998
decision_type=2 2 2 2 2 2 2 2 2 2 2 2 2 2 2 2 2 2 2 2 2 2 2 2 2
left_child=9 2 4 -3 -2 -6 -7 13 10 15 11 -9 -13 14 20 23 -17 -15 -19 -20 22 -8 -5 -1 -25
right_child=1 3 -4 7 5 6 21 8 -10 -11 -12 12 -14 17 -16 16 -18 18 19 -21 -22 -23 -24 24 -26
leaf_value=-0.066688484342944776 -0.067057393206355925 0.057063064588960821 0.070912458889445681 0.066667986191323733 -0.06685160195549357 -0.066852746784001618 0.066668324683019919 0.068583636813188423 0.069625907108743335 -0.064666871493207073 0.068464438880998721 0.068462442183082617 0.068561862763404008 0.066864977852814617 0.066870335262809971 -0.066697449973690551 -0.066754901337469363 0.066946810459578204 0.066950850944301407 0.066881714043714957 0.066670816724042903 0.066667898937593853 0.066668337189119686 -0.06668848431568368 -0.066688484341813584
leaf_weight=18.007719903945777 0.14347918471321364 0.18585837035789132 0.084661611363117117 0.0010199774169450384 0.024821758735924959 0.012484484352171421 0.0011422145689721228 0.28527767203095777 0.20647370408869392 0.017950957007996204 0.1515954156469661 0.040070781605294314 0.081200641604908697 0.0096364305625229463 0.0046573092968174024 0.020161928201558932 0.021526040975004435 0.018808566796906234 0.0063399747014045724 0.0079740346445760224 0.001013652514302521 0.0018196773017393753 0.0010579323361525894 0.20557535486295808 6.5273856422416285
leaf_count=36849 22 40 7 35 6 3 35 9 26 38 31 47 19 20 3 36 11 5 1 62 21 77 31 419 13327
internal_value=-0.0611115 0.0478189 -0.0220347 0.0665498 -0.0648601 -0.057031 -0.0412497 0.0687129 0.0688328 -0.0666871 0.0685394 0.0685673 0.068529 0.0668974 0.06679 -0.0666885 -0.0667271 0.0669168 0.0669319 0.0669123 0.066669 0.0666681 0.0666682 -0.0666885 -0.0666885
internal_weight=26.0697 1.26939 0.268409 1.00098 0.183747 0.0402681 0.0154464 0.815126 0.764618 24.8003 0.558145 0.406549 0.121271 0.0505079 0.00774887 24.7824 0.041688 0.042759 0.0331226 0.014314 0.00309156 0.00296189 0.00207791 24.7407 6.73296
internal_count=51180 500 150 350 143 121 115 310 132 50680 106 75 66 178 90 50642 47 88 68 63 87 112 66 50595 13746
is_linear=0
shrinkage=0.1


Tree=78
num_leaves=30
num_cat=0
split_feature=9 4 10 5 9 9 4 8 7 9 6 10 2 0 7 8 5 6 10 1 7 4 3 9 9 4 7 1 4
split_gain=1.31916 0.160662 0.0959684 0.00364928 0.000153163 0.00060266 0.00205968 1.07946e-05 1.84211e-05 4.66144e-06 7.10686e-07 1.39416e-06 3.88306e-07 3.3997e-07 1.37845e-07 6.2804e-09 4.49409e-09 3.65317e-09 1.48308e-09 8.2513e-10 2.60878e-09 5.34746e-10 1.97218e-10 4.3519e-08 2.43665e-07 1.77636e-15 4.44089e-16 6.93889e-18 6.93889e-18
threshold=0.035252692626346303 167.50000000000003 0.63484848484848488 7.5000000000000009 0.038956639566395605 0.041558721934369554 140.50000000000003 5329.5000000000009 445.50000000000006 0.033413078149920207 659.50000000000011 0.53950103950103967 4.5000000000000009 7.5000000000000009 42.500000000000007 892.50000000000011 5.5000000000000009 3663.5000000000005 0.53452380952380962 3.5000000000000004 3295.5000000000005 175.50000000000003 4.5000000000000009 0.011799512704490051 0.014670014347202252 104.50000000000001 -2521.4999999999995 7.5000000000000009 102.50000000000001
decision_type=2 2 2 2 2 2 2 2 2 2 2 2 2 2 2 2 2 2 2 2 2 2 2 2 2 2 2 2 2
left_child=9 2 4 -3 -2 -6 -7 12 -9 16 -10 18 14 -14 -5 -16 22 -18 21 20 -17 -12 23 26 -25 28 27 -1 -24
right_child=1 3 -4 7 5 6 -8 8 10 -11 11 -13 13 -15 15 19 17 -19 -20 -21 -22 -23 25 24 -26 -27 -28 -29 -30
leaf_value=0.066692667644568646 0.067014052425706724 -0.052045204174334281 -0.070285171746147748 -0.068158074532966392 0.066848107766638562 0.066855434591076943 -0.066667531053303683 -0.069852864130235739 -0.068296758591830445 0.065211999181033167 -0.066740828245592826 -0.068104427126906383 -0.067967500132463166 -0.068254871221034047 -0.068350634233759325 -0.068288044687675811 0.066692876520258793 0.066750627713308752 -0.066806506573114544 -0.068322126334706051 -0.068326157468847543 -0.066667881127264531 0.066692667644566328 0.066692673707104841 0.065423465958880614 0.066692667644389581 0.066692667644569784 0.066692667644566495 0.066692667644567036
leaf_weight=0.071315657231026175 0.15054653026163417 0.16747574608315663 0.073351283237116149 0.062618608684735011 0.020297916606068611 0.0042233215644955626 0.0015903090643688 0.13048176661180882 0.070055809645964473 0.021278178021019722 0.0052474280405476748 0.031318750288381658 0.092353221290977672 0.074277416571021604 0.072418136964188307 0.036247621804379904 0.020005247555672123 0.024207734735682607 0.0036539843428284868 0.071054024079785449 0.03559665123520972 0.0012429538820946107 0.059624565881679525 0.0099397366284391664 0.001784119361744275 27.007590127293952 2.2885311316349712 0.017536637024022639 0.020459409861359745
leaf_count=122 25 40 7 20 5 1 112 16 9 38 32 21 34 10 16 60 34 13 4 7 3 78 102 17 172 46202 3915 30 35
internal_value=0.0626808 -0.0446408 0.0258648 -0.0652804 0.0657878 0.0587176 0.0303304 -0.0685089 -0.0690463 0.0666916 -0.0681025 -0.0677744 -0.0682163 -0.0680956 -0.0682887 -0.0683266 0.0666926 0.0667245 -0.0667555 -0.0683145 -0.0683069 -0.0667269 0.0666926 0.0666917 0.0664995 0.0666927 0.0666927 0.0666927 0.0666927
internal_weight=30.6463 1.10405 0.250009 0.854042 0.176658 0.0261115 0.00581363 0.686566 0.242001 29.5423 0.111519 0.0414631 0.444566 0.166631 0.277935 0.215316 29.521 0.044213 0.0101444 0.142898 0.0718443 0.00649038 29.4768 2.38911 0.0117239 27.0877 2.37738 0.0888523 0.080084
internal_count=51180 500 150 350 143 118 113 310 160 50680 144 135 150 44 106 86 50642 47 114 70 63 110 50595 4256 189 46339 4067 152 137
is_linear=0
shrinkage=0.1


Tree=79
num_leaves=19
num_cat=0
split_feature=5 2 9 4 3 9 9 6 5 10 9 0 4 9 9 1 7 2
split_gain=1.39645e-08 2.17226e-09 1.24941e-09 9.43948e-10 8.42578e-10 1.84674e-07 2.7215e-07 2.18604e-10 1.86073e-13 2.13466e-13 6.83676e-15 8.88178e-16 5.41667e-16 4.44089e-16 2.98806e-16 5.55112e-17 3.46945e-18 4.33681e-19
threshold=6.5000000000000009 5.5000000000000009 0.035252692626346303 178.50000000000003 4.5000000000000009 0.011799512704490051 0.013114895080839352 1297.5000000000002 5.5000000000000009 0.46247654784240155 0.042862766969587608 12.500000000000002 174.50000000000003 0.03256451042771296 0.033413078149920207 1.0000000180025095e-35 2262.5000000000005 2.5000000000000004
decision_type=2 2 2 2 2 2 2 2 2 2 2 2 2 2 2 2 2 2
left_child=2 10 4 7 5 15 -7 -3 11 -10 -2 13 -12 -6 -15 17 -13 -1
right_child=1 3 -4 -5 8 6 -8 -9 9 -11 12 16 -14 14 -16 -17 -18 -19
leaf_value=-0.066673570706683019 -0.066667365542170176 -0.066737059591621142 -0.066697483281110068 -0.066757557183616742 -0.066673570677014654 -0.066673570706661398 -0.064775331137241696 -0.06670878205894526 -0.066673629496199913 -0.066674605712155444 -0.066667061620398746 -0.066673570706695551 -0.06666715814396626 -0.066673568860467949 -0.066673609364601025 -0.066673570706697063 -0.066673570706691124 -0.066673570706679994
leaf_weight=0.0041913446184479453 0.0016780904464609439 0.0049173111383424839 0.021357588615501188 0.020546644451314933 7.1422064685466466 0.0018628198304213575 0.001270333782663613 0.0061568141668431053 0.0056337193818761788 0.0037183330423431471 0.0013850866145475038 0.036790691650821716 0.0010013827413217768 0.0034151695872423051 0.0039045041194185615 0.62326846826181281 0.011021683996659704 0.0038808746467111632
leaf_count=27 125 14 35 34 46009 12 177 32 36 21 163 237 100 22 25 4015 71 25
internal_value=-0.0666736 -0.066736 -0.0666733 -0.0667449 -0.0666733 -0.0666698 -0.0659039 -0.0667213 -0.0666736 -0.066674 -0.0666672 -0.0666736 -0.0666671 -0.0666736 -0.0666736 -0.0666736 -0.0666736 -0.0666736
internal_weight=7.89821 0.0356853 7.86252 0.0316208 7.84116 0.634474 0.00313315 0.0110741 7.20669 0.00935205 0.00406456 7.19734 0.00238647 7.14953 0.00731967 0.631341 0.0478124 0.00807222
internal_count=51180 468 50712 80 50677 4256 189 46 46421 57 388 46364 263 46056 47 4067 308 52
is_linear=0
shrinkage=0.1


Tree=80
num_leaves=31
num_cat=0
split_feature=9 4 10 5 9 9 5 9 2 9 10 9 1 10 2 5 6 7 7 8 7 4 5 4 7 7 7 9 4 4
split_gain=1.38669 0.14285 0.0931737 0.00297519 0.000275095 0.000545836 0.00373406 1.17954e-05 1.18105e-05 1.01671e-05 7.77049e-08 1.6951e-08 1.75785e-08 7.05432e-09 5.03328e-09 4.16109e-09 2.30244e-09 2.2373e-09 6.47109e-10 1.12704e-09 2.59518e-13 7.51114e-15 7.10543e-15 1.77636e-15 8.88178e-16 8.88178e-16 8.88178e-16 8.88178e-16 4.44089e-16 4.44089e-16
threshold=0.035252692626346303 167.50000000000003 0.63484848484848488 7.5000000000000009 0.038369525211630409 0.040215445041298405 6.5000000000000009 0.044568590937306009 5.5000000000000009 0.033413078149920207 0.51925925925925942 0.04481827882744336 3.5000000000000004 0.46247654784240155 6.5000000000000009 5.5000000000000009 3756.5000000000005 748.50000000000011 843.50000000000011 -2816.4999999999995 1819.5000000000002 156.50000000000003 3.5000000000000004 154.50000000000003 372.50000000000006 359.50000000000006 245.50000000000003 0.020236145236145201 152.50000000000003 146.50000000000003
decision_type=2 2 2 2 2 2 2 2 2 2 2 2 2 2 2 2 2 2 2 2 2 2 2 2 2 2 2 2 2 2
left_child=9 2 4 -3 -2 -6 -7 13 10 15 11 -9 -13 14 20 22 -17 -15 -19 -20 -5 -8 23 27 25 26 -25 28 29 -1
right_child=1 3 -4 7 5 6 21 8 -10 -11 -12 12 -14 17 -16 16 -18 18 19 -21 -22 -23 -24 24 -26 -27 -28 -29 -30 -31
leaf_value=-0.066685766122894771 -0.067008659207100071 0.053806795360294826 0.070351677065289928 0.06666795645115535 -0.066828447373259048 -0.066829460854937225 0.066668098071987217 0.068338199446692685 0.069243732926253479 -0.064150008892714841 0.068234466368076938 0.068232724113700571 0.068319109339510617 0.066840031426502286 0.066844706589512762 -0.06669360642727494 -0.066743873166211318 0.066911594237519564 0.066915072019423788 0.066854682379015748 0.066669966056649696 0.066667750305318893 -0.066685760685425366 -0.066685766098498786 -0.066685766094447027 -0.066685766099521634 -0.066685766087706988 -0.06668576517811424 -0.066685766097432805 -0.06668576609836023
leaf_weight=4.4413773214910313 0.12566071306355187 0.17208454687988706 0.074654462037869962 0.0016530653492736738 0.021728750318288803 0.010929843876510859 0.0010315594881831211 0.2505420570498984 0.18163067267278166 0.015822667504834409 0.13308385527469113 0.03517746763463947 0.071302736386172683 0.0084303199868998036 0.0040744711095612729 0.017646217573200285 0.018842113437131047 0.016461325258603665 0.0055477297864854336 0.0069768970552104292 0.001051276209182106 0.0015606080688712609 2.5584167460384419 6.2015172834142467 5.5101696122491832 0.053246657951558585 0.41996149923029413 0.015888120256886462 0.68490653092699183 1.7678747286425727
leaf_count=10343 22 40 7 61 6 3 37 9 26 38 31 47 19 20 3 36 11 5 1 62 26 75 6115 14446 12833 125 979 38 1596 4120
internal_value=-0.0610766 0.0472484 -0.0219811 0.065613 -0.0648187 -0.0570121 -0.041238 0.0684508 0.0685549 -0.066684 0.0682997 0.068324 0.0682906 0.0668684 0.0667745 -0.0666858 -0.0667196 0.0668854 0.0668986 0.0668814 0.0666687 0.0666679 -0.0666858 -0.0666858 -0.0666858 -0.0666858 -0.0666858 -0.0666858 -0.0666858 -0.0666858
internal_weight=22.8293 1.12358 0.235566 0.888016 0.160911 0.0352508 0.013522 0.715932 0.671737 21.7057 0.490106 0.357022 0.10648 0.0441951 0.00677881 21.6898 0.0364883 0.0374163 0.028986 0.0125246 0.00270434 0.00259217 21.6534 19.0949 12.1849 6.67473 6.62148 6.91005 6.89416 6.20925
internal_count=51180 500 150 350 143 121 115 310 132 50680 106 75 66 178 90 50642 47 88 68 63 87 112 50595 44480 28383 15550 15425 16097 16059 14463
is_linear=0
shrinkage=0.1


Tree=81
num_leaves=31
num_cat=0
split_feature=9 4 10 5 9 9 4 8 7 9 6 10 2 0 7 8 5 6 10 1 7 4 3 9 9 6 6 8 4 6
split_gain=1.15579 0.137829 0.0837464 0.00488805 0.000133302 0.00052714 0.00180212 7.16658e-06 1.22044e-05 6.85428e-06 4.74304e-07 9.26262e-07 2.56509e-07 2.24965e-07 9.15362e-08 4.18124e-09 3.01893e-09 2.44795e-09 9.97869e-10 5.38176e-10 1.70606e-09 3.56425e-10 2.92362e-10 6.44608e-08 3.59303e-07 1.77636e-15 4.44089e-16 2.22045e-16 1.11022e-16 1.11022e-16
threshold=0.035252692626346303 167.50000000000003 0.63484848484848488 7.5000000000000009 0.038956639566395605 0.041558721934369554 140.50000000000003 5329.5000000000009 445.50000000000006 0.033413078149920207 659.50000000000011 0.53950103950103967 4.5000000000000009 7.5000000000000009 42.500000000000007 892.50000000000011 5.5000000000000009 3663.5000000000005 0.53452380952380962 3.5000000000000004 3295.5000000000005 175.50000000000003 4.5000000000000009 0.011799512704490051 0.014670014347202252 -1740.4999999999998 -2592.4999999999995 4132.5000000000009 149.50000000000003 -246.49999999999997
decision_type=2 2 2 2 2 2 2 2 2 2 2 2 2 2 2 2 2 2 2 2 2 2 2 2 2 2 2 2 2 2
left_child=9 2 4 -3 -2 -6 -7 12 -9 16 -10 18 14 -14 -5 -16 22 -18 21 20 -17 -12 23 28 -25 26 27 -24 -1 -30
right_child=1 3 -4 7 5 6 -8 8 10 -11 11 -13 13 -15 15 19 17 -19 -20 -21 -22 -23 25 24 -26 -27 -28 -29 29 -31
leaf_value=0.066689421146510386 0.066970688826523836 -0.048444759627653072 -0.069810869147302626 -0.067968045044597289 0.066825409249558071 0.066831819301229001 -0.066667423002049503 -0.069439303429441018 -0.068088663120965107 0.064776554827633587 -0.066731407338386284 -0.067919937592368862 -0.067802859891657227 -0.068052425524574189 -0.068135584396214699 -0.068081288041295721 0.066689604235817185 0.066740135175137313 -0.066789048600867151 -0.06811068919311547 -0.06811418637464757 -0.066667729460163527 0.066689421145261149 0.066689426527628368 0.065045236456116817 0.06668942114496916 0.06668942114311481 0.066689421146510816 0.066689421146511649 0.066689421146511732
leaf_weight=0.7259816211881257 0.13184003438800457 0.15662209550430639 0.064604986124777497 0.054937688483571168 0.017770416103303432 0.0036975049879401914 0.0013917987738064075 0.11489849171412075 0.061486252115173556 0.018747101450570791 0.0045823237601325673 0.027448344457864204 0.081000310382023599 0.065188770366603421 0.06356893400379704 0.031815220949889422 0.01750893850112234 0.02118948707357049 0.0031983193337097315 0.062364164038626768 0.031243251013620466 0.0010876407613089611 3.1039679322275338 0.0087007685797287904 0.0015687330279874354 18.254421596648161 2.2869188492768577 0.062417024513706454 0.81807231309358075 0.53668408782686972
leaf_count=1419 25 40 7 20 5 1 112 16 9 38 32 21 34 10 16 60 34 13 4 7 3 78 6067 17 172 35680 4470 122 1599 1049
internal_value=0.0626502 -0.0440185 0.025814 -0.0641841 0.0657484 0.0586988 0.0303231 -0.0682735 -0.0687404 0.066688 -0.0679194 -0.0676329 -0.0680189 -0.0679141 -0.0680817 -0.0681147 0.0666894 0.0667173 -0.0667444 -0.0681041 -0.0680976 -0.0667192 0.0666893 0.0666882 0.0664383 0.0666894 0.0666894 0.0666894 0.0666894 0.0666894
internal_weight=26.8349 0.978747 0.219305 0.759442 0.1547 0.0228597 0.0050893 0.60282 0.212701 25.8562 0.0978029 0.0363166 0.390118 0.146189 0.243929 0.188992 25.8374 0.0386984 0.00886828 0.125423 0.0630585 0.00566996 25.7987 2.09101 0.0102695 23.7077 5.4533 3.16638 2.08074 1.35476
internal_count=51180 500 150 350 143 118 113 310 160 50680 144 135 150 44 106 86 50642 47 114 70 63 110 50595 4256 189 46339 10659 6189 4067 2648
is_linear=0
shrinkage=0.1


Tree=82
num_leaves=19
num_cat=0
split_feature=5 2 3 9 9 9 4 6 5 10 9 9 9 4 4 6 9 9
split_gain=9.47061e-09 1.46764e-09 1.26282e-09 2.68941e-07 3.93779e-07 8.67217e-10 6.5022e-10 1.46003e-10 1.2923e-13 1.4467e-13 4.93334e-15 4.44089e-16 4.44089e-16 2.34838e-16 2.77556e-17 1.38778e-17 1.38778e-17 3.46945e-18
threshold=6.5000000000000009 5.5000000000000009 4.5000000000000009 0.011799512704490051 0.013114895080839352 0.035252692626346303 178.50000000000003 1297.5000000000002 5.5000000000000009 0.46247654784240155 0.042862766969587608 0.033241252302025757 0.025723738626964403 172.50000000000003 169.50000000000003 2973.5000000000005 0.028639781271360156 0.032345248474280705
decision_type=2 2 2 2 2 2 2 2 2 2 2 2 2 2 2 2 2 2
left_child=2 10 3 14 -5 8 7 -3 11 -10 -2 12 -4 -12 -1 -16 -14 -18
right_child=1 6 5 4 -6 -7 -8 -9 9 -11 13 -13 16 -15 15 -17 17 -19
leaf_value=-0.066672704016547693 -0.066667286141865789 -0.066728123777204634 -0.066672704017982837 -0.066672704016506976 -0.064236665674449245 -0.066694155756537907 -0.066746500556928864 -0.066703401071114637 -0.066672759320738836 -0.066673618241029894 -0.066667013835607067 -0.066672741629468207 -0.066672704061249463 -0.066667080926524389 -0.066672704016547374 -0.066672704016532511 -0.066672704055354082 -0.066672704016526516
leaf_weight=0.40595393639523525 0.0014808050146938303 0.0042941348751810438 6.083467004893464 0.0016303370939567676 0.0011190202354640633 0.018902729090768733 0.018040108457626047 0.0053834920922781748 0.0049316429503959425 0.0032554716744925827 0.0010399355676184996 0.0043733064667320623 0.15189307274704322 0.0010475461765935279 0.14224691144772805 0.0043475655838847152 0.056246629741508514 0.0031248127634171388
leaf_count=2988 125 14 44777 12 177 35 34 32 36 21 139 32 1118 124 1047 32 414 23
internal_value=-0.0666726 -0.0667275 -0.0666724 -0.0666678 -0.0656812 -0.0666728 -0.0667353 -0.0667144 -0.0666727 -0.0666731 -0.0666671 -0.0666727 -0.0666727 -0.066667 -0.0666727 -0.0666727 -0.0666727 -0.0666727
internal_weight=6.91278 0.031286 6.88149 0.555298 0.00274936 6.32619 0.0277177 0.00967763 6.30729 0.00818711 0.00356829 6.2991 6.29473 0.00208748 0.552548 0.146594 0.211265 0.0593714
internal_count=51180 468 50712 4256 189 46456 80 46 46421 57 388 46364 46332 263 4067 1079 1555 437
is_linear=0
shrinkage=0.1


Tree=83
num_leaves=31
num_cat=0
split_feature=9 4 10 5 9 9 5 9 9 2 10 9 1 10 2 5 6 7 7 8 7 4 2 8 7 7 7 7 7 7
split_gain=1.21471 0.122581 0.0812942 0.00409898 0.000239576 0.000477437 0.00326713 1.41331e-05 7.84817e-06 7.84949e-06 5.16962e-08 1.13192e-08 1.16675e-08 4.71865e-09 3.36617e-09 2.78984e-09 1.54289e-09 1.49716e-09 4.33643e-10 7.52846e-10 1.54936e-13 4.60526e-15 3.55271e-15 1.77636e-15 8.88178e-16 8.88178e-16 8.88178e-16 8.88178e-16 8.88178e-16 4.44089e-16
threshold=0.035252692626346303 167.50000000000003 0.63484848484848488 7.5000000000000009 0.038369525211630409 0.040215445041298405 6.5000000000000009 0.033413078149920207 0.044568590937306009 5.5000000000000009 0.51925925925925942 0.04481827882744336 3.5000000000000004 0.46247654784240155 6.5000000000000009 5.5000000000000009 3756.5000000000005 748.50000000000011 843.50000000000011 -2816.4999999999995 1792.5000000000002 157.50000000000003 6.5000000000000009 2913.5000000000005 2002.5000000000002 1627.5000000000002 1549.5000000000002 302.50000000000006 95.500000000000014 -528.49999999999989
decision_type=2 2 2 2 2 2 2 2 2 2 2 2 2 2 2 2 2 2 2 2 2 2 2 2 2 2 2 2 2 2
left_child=7 2 4 -3 -2 -6 -7 15 13 10 11 -10 -13 14 20 22 -17 -15 -19 -20 -5 -8 23 24 25 26 27 28 29 -1
right_child=1 3 -4 8 5 6 21 -9 9 -11 -12 12 -14 17 -16 16 -18 18 19 -21 -22 -23 -24 -25 -26 -27 -28 -29 -30 -31
leaf_value=-0.066683375772502718 -0.066966000515089413 0.050321138464978203 0.069868479498700717 0.066667783280013743 -0.066808198701238997 -0.066809096936891771 0.06666789221324701 -0.063501895438008174 0.068124866660699931 0.0689123360032112 0.068034528760496357 0.068033012590003036 0.068108138637361412 0.066818243850985545 0.066822333840937831 -0.06669024326275004 -0.066734226311488731 0.066880834550845217 0.06688383100412422 0.066831067112374992 0.066669420700557272 0.066667605986428818 -0.066683375753911728 -0.066683375753791047 -0.066683375753601087 -0.066683375753619878 -0.066683375753969362 -0.066683375762543337 -0.066683375753518251 -0.066683375757165084
leaf_weight=6.024426063422232 0.11004514014348288 0.16057839782570227 0.065764778604716412 0.0013620672298202399 0.019020562758669257 0.0095683846157044172 0.0010277158708049692 0.013972834793093081 0.21993749774384241 0.15967151840277438 0.11678649612886716 0.030869504414027915 0.062584521317489816 0.0073755283942773522 0.0035647370841616066 0.015444292395840331 0.016492487047798932 0.014406963392104899 0.0048545799218118182 0.0061046496393828429 0.001003701221634401 0.0012408791306768308 1.8445325837167335 4.3384850998685893 0.29464416717406194 0.31042867578094657 0.083432402636390957 2.7908529795597188 0.7429994475997671 2.5213875540361732
leaf_count=16098 22 40 7 58 6 3 43 38 9 26 31 47 19 20 3 36 11 5 1 62 29 69 4909 11569 785 827 222 7454 1989 6742
internal_value=-0.0610378 0.0466244 -0.0219345 0.0645801 -0.0647825 -0.0569955 -0.0412278 -0.0666811 0.0682231 0.0683136 0.0680913 0.0681125 0.0680833 0.066843 0.066761 -0.0666834 -0.066713 0.0668579 0.0668694 0.0668544 0.0666685 0.0666677 -0.0666834 -0.0666834 -0.0666834 -0.0666834 -0.0666834 -0.0666834 -0.0666834 -0.0666834
internal_weight=19.9929 0.995768 0.206667 0.7891 0.140903 0.0308575 0.011837 18.9971 0.628522 0.58985 0.430178 0.313392 0.093454 0.0386722 0.00593051 18.9831 0.0319368 0.0327417 0.0253662 0.0109592 0.00236577 0.0022686 18.9512 17.1067 12.7682 12.4735 12.1631 12.0797 9.28881 8.54581
internal_count=51180 500 150 350 143 121 115 50680 310 132 106 75 66 178 90 50642 47 88 68 63 87 112 50595 45686 34117 33332 32505 32283 24829 22840
is_linear=0
shrinkage=0.1


Tree=84
num_leaves=29
num_cat=0
split_feature=9 4 10 5 9 9 4 9 8 7 6 10 2 0 7 8 5 6 10 3 9 9 1 7 10 4 4 4
split_gain=1.01295 0.117922 0.0731091 0.00631092 0.000116094 0.000461116 0.00157682 1.00379e-05 4.76374e-06 8.09793e-06 3.16731e-07 6.16093e-07 1.69765e-07 1.49104e-07 6.08544e-08 2.78709e-09 2.03032e-09 1.64058e-09 6.71001e-10 4.32591e-10 9.52791e-08 5.28044e-07 3.52201e-10 1.11953e-09 2.05342e-10 1.77636e-15 1.11022e-16 6.93889e-18
threshold=0.035252692626346303 167.50000000000003 0.63484848484848488 7.5000000000000009 0.038956639566395605 0.041558721934369554 140.50000000000003 0.033413078149920207 5329.5000000000009 445.50000000000006 659.50000000000011 0.53950103950103967 4.5000000000000009 7.5000000000000009 42.500000000000007 892.50000000000011 5.5000000000000009 3663.5000000000005 0.53452380952380962 4.5000000000000009 0.011799512704490051 0.014670014347202252 3.5000000000000004 3295.5000000000005 0.34891304347826085 212.50000000000003 141.50000000000003 221.50000000000003
decision_type=2 2 2 2 2 2 2 2 2 2 2 2 2 2 2 2 2 2 2 2 2 2 2 2 2 2 2 2
left_child=7 2 4 -3 -2 -6 -7 16 12 -10 -11 18 14 -14 -5 -16 19 -18 24 20 26 -22 23 -17 -12 -21 -1 -27
right_child=1 3 -4 8 5 6 -8 -9 9 10 11 -13 13 -15 15 22 17 -19 -20 25 21 -23 -24 -25 -26 27 -28 -29
leaf_value=0.066686581676888193 0.066932741280399846 -0.044688708963759594 -0.069401304659671453 -0.067802661931164951 0.066805556245665573 0.066811162448367586 -0.066667328309151785 0.0642226226595696 -0.069081200669315501 -0.067907646955649145 -0.066727651440840016 -0.067759676162352039 -0.067659306514302561 -0.067876249753436466 -0.067948540811814381 -0.067901378746532223 0.066686740813057296 0.066730957808648891 -0.066773765350795752 0.066686581658643926 0.066686592064852265 0.064561405395936577 -0.067926790005957097 -0.067929829842031497 -0.06668513092495712 0.066686581676890663 0.066686581676890622 0.066686581676887624
leaf_weight=0.38418965530583093 0.11544861039146659 0.14767749384505124 0.056854189012483403 0.048183754530354506 0.015556958504021168 0.0032370043918490401 0.0012180672360871947 0.016547221966901726 0.10109589596884126 0.053945301348448993 0.0031910514392690095 0.024051766729742602 0.071023665506800171 0.057191729964415572 0.055779692821488425 0.027914493306094634 0.015324029751353829 0.018547171843238175 0.0027994316287878601 20.636089114326754 0.0076165064529049031 0.0013811833158143827 0.054716908421141852 0.027412153603108891 0.0017633519344268933 0.091345792170613005 1.4369051327230407 0.021940901060588658
leaf_count=858 25 40 7 20 5 1 112 38 16 9 27 21 34 10 16 60 34 13 4 46086 17 172 7 3 83 204 3209 49
internal_value=0.062616 -0.0433303 0.0257697 -0.0629669 0.0657139 0.0586824 0.0303166 0.0666847 -0.0680688 -0.0684749 -0.0677601 -0.0675098 -0.0678471 -0.0677561 -0.0679016 -0.0679303 0.0666865 0.066711 -0.0667346 0.0666865 0.066685 0.0663604 -0.0679211 -0.0679155 -0.0667125 0.0666866 0.0666866 0.0666866
internal_weight=23.4989 0.869062 0.192315 0.676747 0.135461 0.020012 0.00445507 22.6299 0.529069 0.186847 0.0857509 0.0318056 0.342222 0.128215 0.214007 0.165823 22.6133 0.0338712 0.00775384 22.5795 1.83009 0.00899769 0.110044 0.0553266 0.0049544 20.7494 1.82109 0.113287
internal_count=51180 500 150 350 143 118 113 50680 310 160 144 135 150 44 106 86 50642 47 114 50595 4256 189 70 63 110 46339 4067 253
is_linear=0
shrinkage=0.1


Tree=85
num_leaves=16
num_cat=0
split_feature=5 3 9 9 2 9 4 6 5 10 9 9 0 4 6
split_gain=6.45314e-09 1.82981e-09 3.91358e-07 4.64953e-07 9.94176e-10 6.24075e-10 4.50138e-10 9.75404e-11 8.65974e-14 9.64502e-14 3.63641e-15 1.33227e-15 2.77556e-17 2.77556e-17 4.33681e-19
threshold=6.5000000000000009 4.5000000000000009 0.011799512704490051 0.012779683161848751 5.5000000000000009 0.035252692626346303 178.50000000000003 1297.5000000000002 5.5000000000000009 0.46247654784240155 0.042862766969587608 0.033413078149920207 5.5000000000000009 201.50000000000003 1015.5000000000001
decision_type=2 2 2 2 2 2 2 2 2 2 2 2 2 2 2
left_child=1 2 12 -4 10 8 7 -6 11 -10 -2 -3 13 -1 -15
right_child=4 5 3 -5 6 -7 -8 -9 9 -11 -12 -13 -14 14 -16
leaf_value=-0.06667195154733277 -0.066667218469178946 -0.066671951548168892 -0.066671954885248977 -0.06388680172000305 -0.066720332067441712 -0.066691286961218441 -0.066736868275352898 -0.066698717440052804 -0.066672001881672563 -0.06667275139441764 -0.066667000058608414 -0.066672002478927808 -0.066671951547331576 -0.066671951547306221 -0.066671951547306194
leaf_weight=0.42841571740427742 0.0013086562132683657 5.509951687483408 0.0013079579948680467 0.0011064302844232543 0.003750984017187875 0.016744313790695631 0.015851750008096133 0.0047086244571801217 0.0043173033263882435 0.0028504854126367718 0.0018260762517812168 0.0030008926623849011 0.050178027406218462 0.0024970108424895434 0.0024970108424895443
leaf_count=3603 125 46339 11 178 14 35 34 32 36 21 263 25 422 21 21
internal_value=-0.0666717 -0.0666715 -0.0666656 -0.0653956 -0.0667201 -0.066672 -0.0667269 -0.0667083 -0.066672 -0.0666723 -0.0666671 -0.066672 -0.066672 -0.066672 -0.066672
internal_weight=6.05031 6.02287 0.486002 0.00241439 0.0274461 5.53686 0.0243114 0.00845961 5.52012 0.00716779 0.00313473 5.51295 0.483588 0.43341 0.00499402
internal_count=51180 50712 4256 189 468 46456 80 46 46421 57 388 46364 4067 3645 42
is_linear=0
shrinkage=0.1


Tree=86
num_leaves=30
num_cat=0
split_feature=9 4 10 5 9 9 5 9 8 7 6 10 2 6 7 8 4 5 1 7 9 6 4 2 10 1 6 10 10
split_gain=1.06432 0.104899 0.0709582 0.005415 0.000208768 0.000417639 0.00285868 1.96664e-05 4.59859e-06 9.17013e-06 5.97126e-07 8.53239e-07 4.01278e-07 1.22433e-07 5.89653e-08 3.6654e-09 2.46259e-09 1.86953e-09 1.39171e-09 3.54653e-09 1.28375e-09 1.03399e-09 4.46068e-11 1.77636e-15 8.88178e-16 1.11022e-16 1.11022e-16 2.77556e-17 1.73472e-18
threshold=0.035252692626346303 167.50000000000003 0.63484848484848488 7.5000000000000009 0.038369525211630409 0.040215445041298405 6.5000000000000009 0.033413078149920207 5329.5000000000009 445.50000000000006 659.50000000000011 0.53950103950103967 4.5000000000000009 2580.5000000000005 42.500000000000007 892.50000000000011 196.50000000000003 5.5000000000000009 3.5000000000000004 3295.5000000000005 0.045211935383130307 3756.5000000000005 179.50000000000003 6.5000000000000009 0.45346320346320351 9.5000000000000018 2207.5000000000005 0.7543103448275863 0.82085561497326209
decision_type=2 2 2 2 2 2 2 2 2 2 2 2 2 2 2 2 2 2 2 2 2 2 2 2 2 2 2 2 2
left_child=7 2 4 -3 -2 -6 -7 17 12 -10 -11 16 14 -14 -5 -16 20 23 19 -17 22 -19 -12 24 -1 26 -25 -28 -29
right_child=1 3 -4 8 5 6 -8 -9 9 10 11 -13 13 -15 15 18 -18 21 -20 -21 -22 -23 -24 25 -26 -27 27 28 -30
leaf_value=-0.066681292859393615 -0.066928659497916487 0.04665655528800626 0.069451273917689696 0.067799734318369373 -0.066790490456033927 -0.066791281566613764 0.066667602741615498 -0.062692289260704359 0.069063507882189151 0.067906581413435946 0.066697318977056136 0.067753412573750796 0.067596119958387921 0.067783464959609074 0.067946068657730591 0.067878811083947943 0.066839760038925014 -0.066687300496871979 0.067925982334895815 0.067929203304069805 0.066770313244368704 -0.066725787220083335 0.066668199160037606 -0.0666812928851198 -0.066681292876944132 -0.066681292890971799 -0.066681292886114213 -0.06668129289097989 -0.066681292890974728
leaf_weight=9.0732748183210905 0.096362442243843272 0.15107389095442159 0.057884032354195369 0.048326708007522257 0.01664945762604475 0.0083761988207697868 0.0019854131501517722 0.01236826453532458 0.10302956272871455 0.054013006715649681 0.0010070351674471567 0.024200699528392988 0.0779779194663206 0.063119125584307767 0.055909781723130436 0.028446259240581639 0.0046334331407251747 0.01351704023545508 0.054773889814896393 0.027436595555627719 0.0075892962991019886 0.014435601071454585 0.0011013686798833078 1.1749035831369474 5.8985309173880855 0.0069073278573342769 0.39865149350953299 0.025326868810225278 0.008551929728128016
leaf_count=27734 22 40 7 20 6 3 112 38 16 9 14 21 34 10 16 60 18 36 7 3 34 11 48 3573 17952 21 1212 77 26
internal_value=-0.0609939 0.0459334 -0.0218938 0.0634306 -0.0647508 -0.0569811 -0.0412189 -0.0666784 0.068025 0.0684145 0.067692 0.0673913 0.067811 0.0676799 0.067897 0.0679252 0.0667798 -0.0666813 0.0679147 0.0679036 0.0667511 -0.0667072 0.0666821 -0.0666813 -0.0666813 -0.0666813 -0.0666813 -0.0666813 -0.0666813
internal_weight=17.5104 0.883896 0.181258 0.702639 0.123374 0.0270111 0.0103616 16.6265 0.551565 0.195574 0.0925448 0.0385318 0.35599 0.141097 0.214893 0.166567 0.0143311 16.6141 0.110657 0.0558829 0.0096977 0.0279526 0.0021084 16.5861 14.9718 1.61434 1.60743 0.43253 0.0338788
internal_count=51180 500 150 350 143 121 115 50680 310 160 144 135 150 44 106 86 114 50642 70 63 96 47 62 50595 45686 4909 4888 1315 103
is_linear=0
shrinkage=0.1


Tree=87
num_leaves=29
num_cat=0
split_feature=9 4 10 5 9 9 4 9 8 7 6 10 2 0 7 8 5 6 3 9 9 10 1 7 10 0 0 6
split_gain=0.888097 0.100575 0.0638441 0.00788042 0.000101168 0.000403386 0.00137972 1.46257e-05 3.16109e-06 5.37003e-06 2.10958e-07 4.11329e-07 1.12032e-07 9.86965e-08 4.04053e-08 1.8509e-09 1.36812e-09 1.09951e-09 6.39043e-10 1.40552e-07 7.73302e-07 4.49671e-10 2.31192e-10 7.37331e-10 1.37658e-10 1.77636e-15 1.11022e-16 5.55112e-17
threshold=0.035252692626346303 167.50000000000003 0.63484848484848488 7.5000000000000009 0.038956639566395605 0.041558721934369554 140.50000000000003 0.033413078149920207 5329.5000000000009 445.50000000000006 659.50000000000011 0.53950103950103967 4.5000000000000009 7.5000000000000009 42.500000000000007 892.50000000000011 5.5000000000000009 3663.5000000000005 4.5000000000000009 0.011799512704490051 0.014670014347202252 0.53452380952380962 3.5000000000000004 3295.5000000000005 0.34891304347826085 14.500000000000002 1.5000000000000002 756.50000000000011
decision_type=2 2 2 2 2 2 2 2 2 2 2 2 2 2 2 2 2 2 2 2 2 2 2 2 2 2 2 2
left_child=7 2 4 -3 -2 -6 -7 16 12 -10 -11 21 14 -14 -5 -16 18 -18 19 26 -21 24 23 -17 -12 -20 27 -1
right_child=1 3 -4 8 5 6 -8 -9 9 10 11 -13 13 -15 15 22 17 -19 25 20 -22 -23 -24 -25 -26 -27 -28 -29
leaf_value=0.066684091512147076 0.066899527510906498 -0.040851839653974431 -0.069047023730451337 -0.067658740239530155 0.066788186262203036 0.066793090559886636 -0.066667245827716132 0.063521944333018499 -0.068769772238059509 -0.067750058409234315 -0.066720039757255878 -0.067621180878259551 -0.067534503423175782 -0.067722983777702833 -0.067785673796986454 -0.067744715160765009 0.0666842330132279 0.066722925389624085 0.066684091515035848 0.06668410999889253 0.063943922612113069 -0.066760386072114347 -0.06776671900109775 -0.067769369275867533 -0.066682826315055385 0.066684091512149588 0.066684091512149532 0.066684091512143509
leaf_weight=0.37817972348422202 0.10108793783001641 0.14039204047541626 0.049997273411008791 0.042252850379821183 0.013618683675304055 0.0028337414842098943 0.00106602154476515 0.014638983506300884 0.088853484706907446 0.047313877223132295 0.0027931693682727845 0.021089772255331263 0.062270199271779347 0.050163121662535559 0.048926324361673323 0.024483211610730748 0.01341169813531351 0.016234056791290641 18.145572598470611 0.0066677975410128765 0.0012180143861542092 0.0024506329429064416 0.047992226840506191 0.024043335862188542 0.0015432554812830901 0.01450015520094794 1.2046885699382981 0.010973090422339737
leaf_count=965 25 40 7 20 5 1 112 38 16 9 27 21 34 10 16 60 34 13 46302 17 172 4 7 3 83 37 3074 28
internal_value=0.0625772 -0.042565 0.025731 -0.0616116 0.0656837 0.058668 0.030311 0.0666816 -0.0678905 -0.0682434 -0.0676215 -0.0674033 -0.0676975 -0.0676186 -0.0677448 -0.0677698 0.066684 0.0667054 0.0666839 0.066682 0.0662609 -0.0667261 -0.0677618 -0.0677569 -0.0667068 0.0666841 0.0666841 0.0666841
internal_weight=20.5793 0.773171 0.168604 0.604568 0.118606 0.0175184 0.00389976 19.8061 0.464175 0.164044 0.0751907 0.0278768 0.300131 0.112433 0.187698 0.145445 19.7914 0.0296458 19.7618 1.60173 0.00788581 0.00678706 0.0965188 0.0485265 0.00433642 18.1601 1.59384 0.389153
internal_count=51180 500 150 350 143 118 113 50680 310 160 144 135 150 44 106 86 50642 47 50595 4256 189 114 70 63 110 46339 4067 993
is_linear=0
shrinkage=0.1


Tree=88
num_leaves=17
num_cat=0
split_feature=5 3 9 8 2 9 4 6 5 10 9 7 9 9 4 9
split_gain=4.42286e-09 2.65725e-09 5.68915e-07 9.39383e-08 6.75036e-10 4.54481e-10 3.11333e-10 6.56043e-11 5.86198e-14 6.52855e-14 2.73631e-15 4.44089e-16 4.44089e-16 2.22045e-16 5.55112e-17 1.38778e-17
threshold=6.5000000000000009 4.5000000000000009 0.011799512704490051 -2631.4999999999995 5.5000000000000009 0.035252692626346303 178.50000000000003 1297.5000000000002 5.5000000000000009 0.46247654784240155 0.042862766969587608 108.50000000000001 0.033413078149920207 0.019720637801400005 191.50000000000003 0.029340028694404555
decision_type=2 2 2 2 2 2 2 2 2 2 2 2 2 2 2 2
left_child=1 2 14 -4 10 8 7 -6 11 -10 -2 12 13 -3 -1 -15
right_child=4 5 3 -5 6 -7 -8 -9 9 -11 -12 -13 -14 15 -16 -17
leaf_value=-0.066671292869694893 -0.066667160071614551 -0.066671292858219655 -0.065697196899633853 -0.064366583318128431 -0.066713618513631709 -0.066688816977375623 -0.0667284452432131 -0.06669467087464441 -0.06667133620145653 -0.066671995190765054 -0.066666958172728275 -0.066671292739459265 -0.066671347304400386 -0.06667129061142528 -0.06667129286969127 -0.066671290772016792
leaf_weight=0.405541342057404 0.001157852267084424 2.3250204428550214 0.0010579908781238601 0.0010642888680081333 0.0032823767271565876 0.014845263678580412 0.013933313068719144 0.0041223040250315535 0.0037797716868225298 0.0024961762901511975 0.0015973470640062715 2.2517649228902883 0.0021062685336800105 0.22415603926492611 0.017691051616566256 0.02185365271725459
leaf_count=3897 125 22342 60 129 14 35 34 32 36 21 263 21638 20 2154 170 210
internal_value=-0.0666709 -0.0666707 -0.0666631 -0.0650299 -0.0667136 -0.0666713 -0.0667196 -0.0667031 -0.0666713 -0.0666716 -0.066667 -0.0666713 -0.0666713 -0.0666713 -0.0666713 -0.0666713
internal_weight=5.29547 5.27138 0.425355 0.00212228 0.0240932 4.84602 0.021338 0.00740468 4.83118 0.00627595 0.0027552 4.8249 2.57314 2.57103 0.423232 0.24601
internal_count=51180 50712 4256 189 468 46456 80 46 46421 57 388 46364 24726 24706 4067 2364
is_linear=0
shrinkage=0.1


Tree=89
num_leaves=31
num_cat=0
split_feature=9 4 10 5 9 9 5 9 9 2 10 9 1 10 2 5 6 7 7 8 7 7 7 7 7 7 7 9 9 9
split_gain=0.932863 0.0894796 0.0619582 0.00689274 0.000182017 0.000365352 0.00250136 2.7351e-05 3.48084e-06 3.4664e-06 2.30322e-08 5.08917e-09 5.1835e-09 2.10963e-09 1.50298e-09 1.25327e-09 6.92946e-10 6.69818e-10 1.94719e-10 3.35864e-10 2.66454e-15 8.88178e-16 8.88178e-16 8.88178e-16 8.88178e-16 4.44089e-16 8.88178e-16 8.88178e-16 8.88178e-16 4.44089e-16
threshold=0.035252692626346303 167.50000000000003 0.63484848484848488 7.5000000000000009 0.038369525211630409 0.040215445041298405 6.5000000000000009 0.033413078149920207 0.044568590937306009 5.5000000000000009 0.51925925925925942 0.04481827882744336 3.5000000000000004 0.46247654784240155 6.5000000000000009 5.5000000000000009 3756.5000000000005 748.50000000000011 843.50000000000011 -2816.4999999999995 1346.5000000000002 1221.5000000000002 1126.5000000000002 1015.5000000000001 287.50000000000006 55.500000000000007 -71.499999999999986 0.022792207792207756 0.022663071391884903 0.022284295468653004
decision_type=2 2 2 2 2 2 2 2 2 2 2 2 2 2 2 2 2 2 2 2 2 2 2 2 2 2 2 2 2 2
left_child=7 2 4 -3 -2 -6 -7 15 13 10 11 -10 -13 14 -5 20 -17 -15 -19 -20 21 22 23 24 25 26 27 28 29 -1
right_child=1 3 -4 8 5 6 -8 -9 9 -11 -12 12 -14 17 -16 16 -18 18 19 -21 -22 -23 -24 -25 -26 -27 -28 -29 -30 -31
leaf_value=-0.066679462621575758 -0.066895974023501281 0.042883972971659204 0.069090418168784348 0.066668051945702952 -0.066775000527210249 -0.066775704252423393 0.066667486056589675 -0.061686633860980868 0.067777851867124914 0.068373642784950325 0.067709070831820817 0.067707863378592512 0.067764950147780958 0.066782488889257141 0.066785599706041934 -0.066684722311395203 -0.066718399819494942 0.066830366452690457 0.066832589576980447 0.066792300172470051 -0.066679462673330109 -0.066679462726572311 -0.066679462718952281 -0.066679462745832377 -0.066679462708296153 -0.066679462692163072 -0.066679462744075477 -0.06667946388309702 -0.06667946382492293 -0.066679464243886183
leaf_weight=6.6365845228497999 0.084375148639083686 0.14330993615908483 0.050909953814880282 0.0018096064386554636 0.014573587104678154 0.0073323133401572704 0.0017375801001122682 0.010979983795551429 0.16931841335716058 0.12319260197887161 0.089846187179716708 0.023747469900058604 0.048167558584992776 0.0056415218425627236 0.0027267887280686409 0.011830218805699455 0.01263504452072084 0.011028565173461402 0.0037147193215787402 0.004670669241932047 2.1682445507373407 0.33364252746619527 0.27549258102013041 0.33594549567138088 2.7200956226563866 1.0015033957025128 0.54925797480631988 0.46779096181881641 0.0077725241015532678 0.019863107025982596
leaf_count=23068 22 40 7 87 6 3 112 38 9 26 31 47 19 20 3 36 11 5 1 62 7534 1161 959 1169 9482 3496 1918 1710 28 70
internal_value=-0.0609437 0.0451635 -0.0218582 0.062147 -0.064723 -0.0569684 -0.0412111 -0.0666757 0.0678523 0.0679208 0.0677523 0.0677684 0.0677461 0.0668015 0.0667387 -0.0666795 -0.0667021 0.0668128 0.0668216 0.0668101 -0.0666795 -0.0666795 -0.0666795 -0.0666795 -0.0666795 -0.0666795 -0.0666795 -0.0666795 -0.0666795 -0.0666795
internal_weight=15.3377 0.786103 0.158929 0.627174 0.108019 0.0236435 0.00906989 14.5516 0.483864 0.454272 0.33108 0.241233 0.071915 0.0295919 0.0045364 14.5407 0.0244653 0.0250555 0.019414 0.00838539 14.5162 12.3479 12.0143 11.7388 11.4029 8.68277 7.68127 7.13201 6.66422 6.65645
internal_count=51180 500 150 350 143 121 115 50680 310 132 106 75 66 178 90 50642 47 88 68 63 50595 43061 41900 40941 39772 30290 26794 24876 23166 23138
is_linear=0
shrinkage=0.1


Tree=90
num_leaves=31
num_cat=0
split_feature=9 4 10 5 9 9 9 8 7 6 10 2 0 7 8 3 9 9 5 6 10 1 7 10 0 2 4 0 1 4
split_gain=0.779009 0.0854791 0.0557692 0.00954031 8.82076e-05 0.000352902 2.11766e-05 2.10544e-06 3.57186e-06 1.40996e-07 2.74102e-07 7.43707e-08 6.55886e-08 2.69168e-08 1.23507e-09 9.65992e-10 2.07367e-07 1.13098e-06 9.02096e-10 7.36919e-10 3.0215e-10 1.52223e-10 4.85678e-10 9.18701e-11 8.88178e-16 8.88178e-16 8.88178e-16 1.11022e-16 1.11022e-16 5.55112e-17
threshold=0.035252692626346303 167.50000000000003 0.63484848484848488 7.5000000000000009 0.038956639566395605 0.041558721934369554 0.033413078149920207 5329.5000000000009 445.50000000000006 659.50000000000011 0.53950103950103967 4.5000000000000009 7.5000000000000009 42.500000000000007 892.50000000000011 4.5000000000000009 0.011799512704490051 0.014670014347202252 5.5000000000000009 3663.5000000000005 0.53452380952380962 3.5000000000000004 3295.5000000000005 0.34891304347826085 11.500000000000002 7.5000000000000009 206.50000000000003 8.5000000000000018 1.5000000000000002 185.50000000000003
decision_type=2 2 2 2 2 2 2 2 2 2 2 2 2 2 2 2 2 2 2 2 2 2 2 2 2 2 2 2 2 2
left_child=6 2 4 -3 -2 -6 15 11 -9 -10 20 13 -13 -5 -15 16 27 -18 24 -20 23 22 -16 -11 25 26 -17 28 -1 -27
right_child=1 3 -4 7 5 -7 -8 8 9 10 -12 12 -14 14 21 18 17 -19 19 -21 -22 -23 -24 -25 -26 29 -28 -29 -30 -31
leaf_value=0.06668191905702317 0.066870460523370576 -0.037018444829070463 -0.06874009272149563 -0.067533192280255366 0.066772995861541146 0.030306036292557723 0.062642274892741268 -0.06850033214816395 -0.067612781062535932 -0.066713293021335926 -0.067499821548453867 -0.067425163728543597 -0.067589266817590296 -0.067643851451250292 -0.067608218880009105 0.066681919053839009 0.066681937823387036 0.063153516049447952 0.066682038223356471 0.066715897183280803 -0.066748684114408804 -0.067627288188712345 -0.067629587047027415 -0.066680779123843611 0.066681919057027542 0.066681919057027916 0.066681919057027528 0.066681919057023475 0.066681919057028027 0.066681919057027153
leaf_weight=0.10255393461558027 0.088508092332630212 0.13452496747983622 0.043939964026321832 0.037039387895658749 0.011921502416953444 0.003413583740118937 0.012987808921024135 0.078078936761655587 0.041486476701265929 0.0024411845085472441 0.018474543838587501 0.054576227980305703 0.043983700495118683 0.04290451253655192 0.021468491842463244 14.611363261617948 0.0058383032737766563 0.0010758394743390909 0.011737955734134498 0.014209196553565562 0.0021449358689110271 0.042082065649083233 0.021082455485611717 0.0013494058292353728 0.22362931561656374 0.77035497373435724 0.21642653091112229 0.016120518150273822 1.2762648518546482 0.072027847054414451
leaf_count=299 25 40 7 20 5 113 38 16 9 27 21 34 10 16 60 42600 17 172 34 13 4 7 3 83 652 2246 631 47 3721 210
internal_value=0.0625327 -0.0417135 0.0256973 -0.0601062 0.0656573 0.0586555 0.0666787 -0.0677353 -0.0680428 -0.0675006 -0.0673099 -0.0675671 -0.0674984 -0.0676082 -0.06763 0.0666817 0.0666792 0.0661329 0.0666819 0.0667006 -0.0667187 -0.067623 -0.0676188 -0.0667017 0.0666819 0.0666819 0.0666819 0.0666819 0.0666819 0.0666819
internal_weight=18.024 0.68942 0.147783 0.541637 0.103843 0.0153351 17.3346 0.407112 0.143975 0.0658965 0.0244101 0.263137 0.0985599 0.164577 0.127538 17.3216 1.40185 0.00691414 15.9197 0.0259472 0.00593553 0.084633 0.0425509 0.00379059 15.8938 15.6702 14.8278 1.39494 1.37882 0.842383
internal_count=51180 500 150 350 143 118 50680 310 160 144 135 150 44 106 86 50642 4256 189 46386 47 114 70 63 110 46339 45687 43231 4067 4020 2456
is_linear=0
shrinkage=0.1


Tree=91
num_leaves=20
num_cat=0
split_feature=3 9 5 2 9 4 6 5 10 9 9 0 1 0 10 4 4 7 7
split_gain=4.01025e-09 8.27581e-07 2.91963e-09 4.60149e-10 3.35073e-10 2.18105e-10 4.39112e-11 3.9968e-14 4.4101e-14 2.11463e-15 8.88178e-16 2.22045e-16 2.22045e-16 1.11022e-16 1.11022e-16 2.77556e-17 3.46945e-18 3.46945e-18 8.67362e-19
threshold=4.5000000000000009 0.011799512704490051 6.5000000000000009 5.5000000000000009 0.035252692626346303 178.50000000000003 1297.5000000000002 5.5000000000000009 0.46247654784240155 0.042862766969587608 0.033413078149920207 4.5000000000000009 1.0000000180025095e-35 14.500000000000002 0.58477011494252884 195.50000000000003 212.50000000000003 108.50000000000001 -1.0000000180025095e-35
decision_type=2 2 2 2 2 2 2 2 2 2 2 2 2 2 2 2 2 2 2
left_child=1 15 4 9 7 6 -5 10 -9 -4 11 12 16 14 -13 -1 17 18 -2
right_child=2 -3 3 5 -6 -7 -8 8 -10 -11 -12 13 -14 -15 -16 -17 -18 -19 -20
leaf_value=-0.066670715670234817 -0.066670715648573839 -0.064560515484988854 -0.066667110683284361 -0.066707689986725285 -0.066686689588587048 -0.066721141038583495 -0.066691112612393813 -0.066670755728746575 -0.066671334499321389 -0.066666921658153022 -0.06667077659756375 -0.066670715667831115 -0.066670715669100752 -0.066670715670213029 -0.066670715668864775 -0.06667071567022767 -0.066670715670219413 -0.066670715670233596 -0.066670715670190603
leaf_weight=0.36130117267748563 0.011202431131096091 0.0018678757022314576 0.0010266466187544001 0.0028685059794497638 0.013173109095077851 0.012265134648259846 0.0036072916147986689 0.0033094813697970285 0.0021862428038730286 0.0013974717229245925 0.0023115273797883465 1.1602257722770439 2.4601631655023084 0.0033698370025377891 0.53106809626478946 0.0091076675744261593 0.004280603759980294 0.048088484792970121 0.002003686866374089
leaf_count=3967 123 189 125 14 35 34 32 36 21 263 25 12739 27012 37 5831 100 47 528 22
internal_value=-0.0666701 -0.0666601 -0.066671 -0.066708 -0.0666708 -0.0667133 -0.0666985 -0.0666707 -0.066671 -0.066667 -0.0666707 -0.0666707 -0.0666707 -0.0666707 -0.0666707 -0.0666707 -0.0666707 -0.0666707 -0.0666707
internal_weight=4.63482 0.372277 4.26255 0.0211651 4.24138 0.0187409 0.0064758 4.22821 0.00549572 0.00242412 4.22271 4.2204 2.52574 1.69466 1.69129 0.370409 0.0655752 0.0612946 0.0132061
internal_count=51180 4256 46924 468 46456 80 46 46421 57 388 46364 46339 27732 18607 18570 4067 720 673 145
is_linear=0
shrinkage=0.1


Tree=92
num_leaves=31
num_cat=0
split_feature=9 4 10 5 9 9 5 9 9 2 10 9 1 10 2 5 6 7 7 8 9 9 6 6 6 6 6 6 6 6
split_gain=0.817982 0.0760506 0.054116 0.00848234 0.000158768 0.000319628 0.00218876 3.79499e-05 2.32178e-06 2.31043e-06 1.5363e-08 3.40286e-09 3.45216e-09 1.41213e-09 1.00589e-09 8.40028e-10 4.64356e-10 4.48513e-10 1.30538e-10 2.24563e-10 1.77636e-15 1.77636e-15 8.88178e-16 8.88178e-16 8.88178e-16 4.44089e-16 4.44089e-16 4.44089e-16 2.22045e-16 2.22045e-16
threshold=0.035252692626346303 167.50000000000003 0.63484848484848488 7.5000000000000009 0.038369525211630409 0.040215445041298405 6.5000000000000009 0.033413078149920207 0.044568590937306009 5.5000000000000009 0.51925925925925942 0.04481827882744336 3.5000000000000004 0.46247654784240155 6.5000000000000009 5.5000000000000009 3756.5000000000005 748.50000000000011 843.50000000000011 -2816.4999999999995 0.028388942617666005 0.025348583178050454 1557.5000000000002 882.50000000000011 -42.499999999999993 -136.49999999999997 -701.49999999999989 -1482.4999999999998 -1712.4999999999998 2830.5000000000005
decision_type=2 2 2 2 2 2 2 2 2 2 2 2 2 2 2 2 2 2 2 2 2 2 2 2 2 2 2 2 2 2
left_child=7 2 4 -3 -2 -6 -7 15 13 10 11 -10 -13 14 -5 20 -17 -15 -19 -20 21 22 23 24 25 26 27 28 -1 -24
right_child=1 3 -4 8 5 6 -8 -9 9 -11 -12 12 -14 17 -16 16 -18 18 19 -21 -22 -23 29 -25 -26 -27 -28 -29 -30 -31
leaf_value=-0.066677866092576213 -0.066867364582263694 0.039086006399761661 0.068777813813129446 0.06666787898080502 -0.066761452419029171 -0.066762071540966916 0.066667383564293844 -0.060447103397633851 0.067637077428684675 0.068156294295310893 0.06757707682638979 0.067576024220743477 0.067625777563378564 0.066767964000364444 0.066770685677541644 -0.066682470076003947 -0.066711938334352835 0.066809850000624602 0.066811769743978802 0.066776552484345303 -0.066677866089597942 -0.066677866104327285 -0.06667786605967134 -0.066677866060140839 -0.066677866061005425 -0.06667786606170456 -0.066677866085623191 -0.066677866062663002 -0.066677866062932051 -0.066677866059877841
leaf_weight=3.0157725752407241 0.073874554596842112 0.13703542363782617 0.044747466327862639 0.0015832634871912879 0.012756271753460169 0.0064183378126472235 0.0015206833483745186 0.0097826760611504637 0.14848381279510647 0.10813575703946299 0.078772344575959607 0.020820450652308864 0.042236768448688622 0.0049362100716052728 0.0023859072844061302 0.0103538481344011 0.011058919597417116 0.0096521188455369611 0.0032507346477359516 0.0040870432512747365 0.12496412448430838 0.3161896252776043 1.7537800033363251 1.2133608310530757 1.8580847714598574 0.18643833764212381 1.1455905729585536 1.4650526667169681 0.39076476089032164 1.2345240422291679
leaf_count=11993 22 40 7 87 6 3 112 38 9 26 31 47 19 20 3 36 11 5 1 62 505 1302 6966 4825 7393 742 4562 5839 1568 4900
internal_value=-0.0608857 0.0443048 -0.0218272 0.0607168 -0.0646987 -0.0569573 -0.0412043 -0.0666731 0.0677021 0.0677617 0.0676148 0.0676288 0.0676093 0.0667846 0.0667297 -0.0666779 -0.0666977 0.0667945 0.0668022 0.0667922 -0.0666779 -0.0666779 -0.0666779 -0.0666779 -0.0666779 -0.0666779 -0.0666779 -0.0666779 -0.0666779 -0.0666779
internal_weight=13.4364 0.700697 0.139317 0.56138 0.0945698 0.0206953 0.00793902 12.7357 0.424344 0.398449 0.290313 0.211541 0.0630572 0.0258953 0.00396917 12.7259 0.0214128 0.0219261 0.0169899 0.00733778 12.7045 12.5796 12.2634 9.27506 8.0617 6.20362 6.01718 4.87159 3.40654 2.9883
internal_count=51180 500 150 350 143 121 115 50680 310 132 106 75 66 178 90 50642 47 88 68 63 50595 50090 48788 36922 32097 24704 23962 19400 13561 11866
is_linear=0
shrinkage=0.1


Tree=93
num_leaves=31
num_cat=0
split_feature=9 4 10 5 7 9 9 9 8 7 6 10 2 0 7 3 9 9 8 5 6 10 1 7 10 0 0 4 0 4
split_gain=0.683777 0.0723852 0.0486667 0.0112204 0.0175028 9.19532e-05 0.000351057 3.04239e-05 1.40345e-06 2.37816e-06 9.42731e-08 1.82787e-07 4.94293e-08 4.36353e-08 1.79413e-08 1.41457e-09 3.05176e-07 1.17631e-06 8.2478e-10 6.04739e-10 4.93773e-10 2.02971e-10 1.00418e-10 3.21133e-10 6.1371e-11 8.88178e-16 8.88178e-16 8.88178e-16 1.11022e-16 1.11022e-16
threshold=0.035252692626346303 167.50000000000003 0.63484848484848488 7.5000000000000009 643.50000000000011 0.038956639566395605 0.041558721934369554 0.033413078149920207 5329.5000000000009 445.50000000000006 659.50000000000011 0.53950103950103967 4.5000000000000009 7.5000000000000009 42.500000000000007 4.5000000000000009 0.011799512704490051 0.014002352787399452 892.50000000000011 5.5000000000000009 3663.5000000000005 0.53452380952380962 3.5000000000000004 3295.5000000000005 0.34891304347826085 11.500000000000002 8.5000000000000018 211.50000000000003 8.5000000000000018 205.50000000000003
decision_type=2 2 2 2 2 2 2 2 2 2 2 2 2 2 2 2 2 2 2 2 2 2 2 2 2 2 2 2 2 2
left_child=7 2 5 4 -3 -2 -7 15 12 -10 -11 21 14 -14 -5 16 28 -18 -16 25 -21 24 23 -20 -12 26 27 -17 29 -1
right_child=1 3 -4 8 -6 6 -8 -9 9 10 11 -13 13 -15 18 19 17 -19 22 20 -22 -23 -24 -25 -26 -27 -28 -29 -30 -31
leaf_value=0.06668001384875212 0.066845022275152766 0.0036120829947026978 -0.068473836008247149 -0.067423729274419447 -0.06981690249514387 0.066759702428941969 0.028676391814631875 0.061548428094674812 -0.068266179096863763 -0.06749312224080449 -0.066707413443119104 -0.067394130478771547 -0.067329711142388268 -0.067472684470804109 -0.067520239804876911 0.066680013773536245 0.066680033041639386 0.063241630120699652 -0.067489208588901797 0.066680121376301332 0.066709747006735681 -0.066738447467429227 -0.06750576121780015 -0.067507766279371842 -0.066678993879340384 0.066680013781835787 0.066680013743135355 0.066680013730101712 0.066680013848746486 0.066680013848739991
leaf_weight=1.2004408552602346 0.077489523915574482 0.064625521029483837 0.038595678397086886 0.032462445893655129 0.065224510450849857 0.010435520671308041 0.0031515067134259287 0.011563419910090356 0.068575302023403076 0.03636806472650278 0.002133924838502387 0.016181657185357592 0.047824216084109139 0.038556369032903604 0.037614351764432286 12.7239526217163 0.0048109463823494672 0.0012543937953637396 0.018820387665949845 0.010273048275849628 0.012436722521670163 0.0018773502985317547 0.036890769348701724 0.018481707665159774 0.001180040772436719 0.19572078960482109 0.90475837400299575 0.085852984397207233 0.014108707226114459 0.0063038904627320527
leaf_count=3999 25 15 7 20 25 5 113 38 16 9 27 21 34 10 16 42387 16 173 60 34 13 4 7 3 83 652 3014 286 47 21
internal_value=0.0624807 -0.0407587 0.0256342 -0.0584436 -0.0332718 0.0655145 0.0579263 0.0666758 -0.0676001 -0.067868 -0.0673952 -0.0672285 -0.0674534 -0.0673935 -0.0674892 0.0666798 0.0666765 0.0659689 -0.0675082 0.06668 0.0666963 -0.0667122 -0.0675021 -0.0674984 -0.0666973 0.06668 0.06668 0.06668 0.06668 0.06668
internal_weight=15.788 0.616489 0.129672 0.486817 0.12985 0.0910766 0.013587 15.1715 0.356967 0.126316 0.057741 0.021373 0.23065 0.0863806 0.14427 15.1599 1.22692 0.00606534 0.111807 13.933 0.0227098 0.00519132 0.0741929 0.0373021 0.00331397 13.9103 13.7146 12.8098 1.22085 1.20674
internal_count=51180 500 150 350 40 143 118 50680 310 160 144 135 150 44 106 50642 4256 189 86 46386 47 114 70 63 110 46339 45687 42673 4067 4020
is_linear=0
shrinkage=0.1


Tree=94
num_leaves=19
num_cat=0
split_feature=3 9 9 4 2 4 4 8 6 9 9 9 5 10 9 4 4 4
split_gain=5.78424e-09 1.20108e-06 2.01265e-09 3.93027e-10 2.35177e-10 1.00268e-10 2.36703e-11 1.92993e-11 1.36947e-11 4.38026e-12 4.30941e-12 8.88103e-13 1.95399e-14 3.09843e-14 1.11022e-15 2.77556e-17 8.67362e-19 8.67362e-19
threshold=4.5000000000000009 0.011799512704490051 0.035252692626346303 178.50000000000003 5.5000000000000009 167.50000000000003 172.50000000000003 10131.500000000002 3199.5000000000005 0.046377201236725306 0.037786843447220754 0.040215445041298405 5.5000000000000009 0.46247654784240155 0.033413078149920207 191.50000000000003 205.50000000000003 200.50000000000003
decision_type=2 2 2 2 2 2 2 2 2 2 2 2 2 2 2 2 2 2
left_child=1 15 12 5 -5 8 9 -8 10 -7 -4 -12 14 -14 -2 -1 17 -17
right_child=2 -3 3 4 -6 6 7 -9 -10 -11 11 -13 13 -15 -16 16 -18 -19
leaf_value=-0.066670212943664403 -0.06667021276035924 -0.063962551366846115 -0.066680073632312528 -0.066667005039503943 -0.066714776064268663 -0.066701146795973359 -0.066680103490544998 -0.066696647118393335 -0.066689258895000755 -0.066695416963001006 -0.066676879898751193 -0.066673130084250951 -0.066670208344277046 -0.066670723640038704 -0.066670278721288598 -0.066670212943657381 -0.066670212943624726 -0.066670212943639215
leaf_weight=0.31062680825561972 3.6936452933878186 0.0016465821978073327 0.0059920932399107896 0.0011391657166939248 0.010807406187268498 0.0032529689504130488 0.0015624481976317384 0.001285141728999406 0.0014065363787096894 0.0022618797671043467 0.0013781237212242559 0.0011659772851544403 0.0029429359856293349 0.0019335351917106891 0.0020312076740082166 0.009246268862625584 0.0016738935009925635 0.0026304040729883136
leaf_count=3897 46339 189 20 170 34 22 69 11 23 44 6 101 38 22 25 116 21 33
internal_value=-0.0666693 -0.0666565 -0.0666704 -0.0666961 -0.0667102 -0.0666869 -0.066695 -0.0666876 -0.0666801 -0.0666988 -0.0666786 -0.0666752 -0.0666702 -0.0666704 -0.0666702 -0.0666702 -0.0666702 -0.0666702
internal_weight=4.05663 0.325824 3.7308 0.0302517 0.0119466 0.0183052 0.00836244 0.00284759 0.00994273 0.00551485 0.00853619 0.0025441 3.70055 0.00487647 3.69568 0.324177 0.0135506 0.0118767
internal_count=51180 4256 46924 500 204 296 146 80 150 66 127 107 46424 60 46364 4067 170 149
is_linear=0
shrinkage=0.1


Tree=95
num_leaves=25
num_cat=0
split_feature=5 5 0 9 9 2 10 7 9 8 9 6 10 2 7 6 8 1 7 8 9 0 6 6
split_gain=0.717808 0.0579857 0.0650629 0.00252356 1.53544e-06 1.55106e-06 1.63179e-07 1.94753e-08 1.79999e-08 3.24077e-09 4.19769e-09 9.70903e-10 8.51993e-10 6.41253e-10 3.1741e-10 2.30127e-10 1.44976e-10 2.31779e-10 8.98806e-11 1.56795e-10 1.13687e-13 8.88178e-16 8.88178e-16 1.38778e-17
threshold=5.5000000000000009 6.5000000000000009 7.5000000000000009 0.039786861148801408 0.044568590937306009 5.5000000000000009 0.42020373514431236 42.500000000000007 0.035252692626346303 5329.5000000000009 0.04481827882744336 -299.49999999999994 0.46247654784240155 6.5000000000000009 748.50000000000011 2278.5000000000005 5071.5000000000009 5.5000000000000009 843.50000000000011 -2816.4999999999995 0.033413078149920207 14.500000000000002 4540.5000000000009 5684.5000000000009
decision_type=2 2 2 2 2 2 2 2 2 2 2 2 2 2 2 2 2 2 2 2 2 2 2 2
left_child=8 2 6 -3 12 7 11 -6 20 15 -11 -2 13 -5 -14 16 17 -9 -16 -20 21 22 -1 -24
right_child=1 3 -4 4 5 -7 -8 9 -10 10 -12 -13 14 -15 18 -17 -18 -19 19 -21 -22 -23 23 -25
leaf_value=-0.06667646912473385 -0.06677130939367755 0.041825675582403674 0.046152600717475012 0.066667781213997787 0.067419161351888843 0.067964340414944119 -0.06703109634074568 0.067490733426402785 -0.066770063009943662 0.067508681000670034 0.067441499566306809 -0.066741135228334775 0.066754281711544669 0.066757655223503312 0.066791711222719444 0.067510098689559428 0.067507356410343874 0.067506496367993482 0.066793582770378848 0.066762170171027743 -0.066676912865028679 -0.066676469159617932 -0.066676469147442435 -0.066676469159630755
leaf_weight=10.912309563366495 0.018916190238087438 0.042407436300209156 0.12648540161899291 0.0012810314565285799 0.032672128677560863 0.095084616065605587 0.041860028679366224 0.018889676695380331 0.020586424623616817 0.018492045864988427 0.018711698691916467 0.024442758920486862 0.0043682436270842109 0.0020876956195934326 0.0084611559957181726 0.11152047318076086 0.036911972115376557 0.018428992480039597 0.0028447352815419427 0.0035996976193928294 0.0057613826356835976 0.0081584802828736924 0.15920061527867879 0.039248905144631863
leaf_count=49658 14 48 15 79 34 40 23 41 9 4 85 31 24 3 6 35 3 1 1 64 25 37 722 178
internal_value=-0.0608178 0.0432499 0.000648595 0.0649423 0.067568 0.0676195 -0.0668903 0.0674913 -0.0666766 0.0675018 0.0674749 -0.0667543 0.0667699 0.0667235 0.066778 0.0675072 0.0675029 0.0674985 0.0667849 0.066776 -0.0666765 -0.0666765 -0.0666765 -0.0666765
internal_weight=11.7727 0.627466 0.211704 0.415762 0.373354 0.350712 0.085219 0.255627 11.1453 0.222955 0.0372037 0.0433589 0.0226426 0.00336873 0.0192738 0.185751 0.0742306 0.0373187 0.0149056 0.00644443 11.1247 11.1189 11.1108 0.19845
internal_count=51180 551 83 468 420 243 68 203 50629 169 89 45 177 82 95 80 45 42 71 65 50620 50595 50558 900
is_linear=0
shrinkage=0.1


Tree=96
num_leaves=31
num_cat=0
split_feature=9 4 10 5 1 9 9 6 9 8 7 6 10 2 0 7 3 9 9 8 5 6 10 1 7 10 0 7 4 10
split_gain=0.601404 0.0631482 0.0433874 0.0109716 0.0176374 6.14e-05 0.000127713 0.000259123 3.54375e-05 9.36123e-07 1.58493e-06 6.30936e-08 1.22035e-07 3.28857e-08 2.90425e-08 1.19467e-08 2.07827e-09 4.48351e-07 1.7094e-06 5.49815e-10 5.49209e-10 3.74721e-10 1.36545e-10 6.70236e-11 2.14266e-10 4.10814e-11 8.88178e-16 8.88178e-16 1.66533e-16 1.11022e-16
threshold=0.035252692626346303 167.50000000000003 0.63484848484848488 7.5000000000000009 2.5000000000000004 0.038369525211630409 0.040215445041298405 -159.49999999999997 0.033413078149920207 5329.5000000000009 445.50000000000006 659.50000000000011 0.53950103950103967 4.5000000000000009 7.5000000000000009 42.500000000000007 4.5000000000000009 0.011799512704490051 0.014002352787399452 892.50000000000011 5.5000000000000009 3756.5000000000005 0.53452380952380962 3.5000000000000004 3295.5000000000005 0.34891304347826085 10.500000000000002 1242.5000000000002 193.50000000000003 0.42020373514431236
decision_type=2 2 2 2 2 2 2 2 2 2 2 2 2 2 2 2 2 2 2 2 2 2 2 2 2 2 2 2 2 2
left_child=8 2 5 4 -3 -2 -7 -8 16 13 -11 -12 22 15 -15 -5 17 28 -19 -17 26 -22 25 24 -21 -13 27 -18 -1 -29
right_child=1 3 -4 9 -6 6 7 -9 -10 10 11 12 -14 14 -16 19 20 18 -20 23 21 -23 -24 -25 -26 -27 -28 29 -30 -31
leaf_value=0.066678346382637504 0.066842915597643687 -0.069338355061636534 -0.068278231815046969 -0.067328282059765418 0.0071218385960089628 0.066748230743177248 0.065483410392697936 0.024918660414533767 0.060817564835361076 -0.068062517258010546 -0.067388774599257406 -0.066702266230626056 -0.067302040607820759 -0.067246366599321455 -0.067370969593256502 -0.067412412704993777 0.066678346382489526 0.066678376370431516 0.062268532107499643 -0.067385344706746272 0.066681456030355302 0.06670843571860699 -0.066729487978347976 -0.067399788023819768 -0.067401536370504542 -0.066677417355371513 0.06667834638263688 0.066678346382637033 0.066678346382635145 0.066678346382637199
leaf_weight=1.0332841169438274 0.063786956248805454 0.061772293850289123 0.034614560368709135 0.028447965414132553 0.058969724221796832 0.010981210856698453 0.0038982238211247014 0.0026420125910287251 0.010326204093872415 0.060201389499590155 0.031875120926542877 0.0018661165053330811 0.014172036855174264 0.041901393603666293 0.033790913102848208 0.032969339007195231 9.8906806897139123 0.00421357573941361 0.001110736450854688 0.01649537450421068 0.010496131115360963 0.010103167325723916 0.001643130551224517 0.032333192101305031 0.016198427196286502 0.0010339548559157308 0.32104581512976516 0.57483489648439068 0.035204696585424355 1.3876955773448569
leaf_count=3933 22 22 7 20 18 6 8 107 38 16 9 27 21 34 10 16 37647 16 173 60 36 11 4 7 3 83 1222 2188 134 5282
internal_value=0.0624308 -0.0400768 0.0254856 -0.057602 -0.0319956 0.0654027 0.0601595 0.0490968 0.0666734 -0.0674822 -0.0677158 -0.0673032 -0.0671575 -0.0673541 -0.067302 -0.0673853 0.066678 0.0666738 0.0657584 -0.0674019 0.0666784 0.0666947 -0.0667065 -0.0673966 -0.0673934 -0.0666934 0.0666783 0.0666783 0.0666783 0.0666783
internal_weight=13.8286 0.549593 0.115923 0.43367 0.120742 0.0813084 0.0175214 0.00654024 13.279 0.312928 0.110792 0.0505904 0.0187152 0.202137 0.0756923 0.126444 13.2687 1.07381 0.00532431 0.0979963 12.1949 0.0205993 0.0045432 0.065027 0.0326938 0.00290007 12.1743 11.8532 1.06849 1.96253
internal_count=51180 500 150 350 40 143 121 115 50680 310 160 144 135 150 44 106 50642 4256 189 86 46386 47 114 70 63 110 46339 45117 4067 7470
is_linear=0
shrinkage=0.1


Tree=97
num_leaves=31
num_cat=0
split_feature=3 9 9 4 4 10 2 4 8 10 8 6 9 9 9 5 9 9 5 9 4 7 9 9 9 9 9 9 1 8
split_gain=8.37745e-09 1.73967e-06 1.39479e-09 2.66165e-10 7.17392e-11 6.66367e-11 3.51486e-11 1.82911e-11 1.30787e-11 1.70821e-11 1.29265e-11 1.01727e-11 4.36431e-12 2.83824e-12 5.55925e-13 1.28786e-14 2.7903e-15 1.11022e-15 6.66134e-16 2.22045e-16 5.55112e-17 5.55112e-17 2.77556e-17 6.93889e-18 6.93889e-18 6.93889e-18 6.93889e-18 3.46945e-18 1.73472e-18 1.73472e-18
threshold=4.5000000000000009 0.011799512704490051 0.035252692626346303 178.50000000000003 167.50000000000003 0.46247654784240155 6.5000000000000009 172.50000000000003 -2149.4999999999995 0.4743421052631579 10131.500000000002 3199.5000000000005 0.046377201236725306 0.037786843447220754 0.040215445041298405 5.5000000000000009 0.032876959106467256 0.033413078149920207 2.5000000000000004 0.011869540715694552 184.50000000000003 962.50000000000011 0.022160834868017152 0.018972343871857904 0.018376765914335551 0.020583250953255153 0.022038734745917003 0.021220308454350953 3.5000000000000004 5329.5000000000009
decision_type=2 2 2 2 2 2 2 2 2 2 2 2 2 2 2 2 2 2 2 2 2 2 2 2 2 2 2 2 2 2
left_child=1 20 15 4 11 -5 8 12 -7 -10 -9 13 -6 -4 -15 17 -17 18 19 -2 21 -1 23 24 -20 -25 27 -27 -23 -22
right_child=2 -3 3 5 7 6 -8 10 9 -11 -12 -13 -14 14 -16 16 -18 -19 22 -21 29 28 -24 25 -26 26 -28 -29 -30 -31
leaf_value=-0.066669772937752711 -0.066669773041943867 -0.063202449575375338 -0.066678403528148203 -0.06668425672948225 -0.066697870986387145 -0.066710785320368005 -0.066713456117762568 -0.066678397056240984 -0.066707911808920869 -0.06669183512145567 -0.066692870677986446 -0.066686891310305127 -0.066691798757057205 -0.066675604215272952 -0.066672439790469051 -0.066670005992606238 -0.066669835159287608 -0.066669843294725264 -0.066669772649286446 -0.066669772593419593 -0.066669767904110014 -0.066669768633218718 -0.066669768937080362 -0.066669768950979688 -0.066669769148924474 -0.066669770266283054 -0.066669769680108987 -0.066669769901797085 -0.066669768720286932 -0.066669770256462577
leaf_weight=0.23551112588029388 2.770534468108965 0.0014544488492447263 0.0052444711327551685 0.0013371213365189769 0.0029488799540615665 0.0010014514946306017 0.0052918109252004797 0.001368978943233401 0.0010229394911220871 0.0018675306572646377 0.0011234476865240595 0.0012459727783067365 0.0019773011457289158 0.0012061538582202047 0.0010286314561653853 0.0028287181557969934 0.0014442681076616282 0.0017868304494185186 0.01834698651509814 0.020370038277178426 0.019881715306837577 0.016323934672982432 0.30143472319468856 0.039623910502996296 0.0063481969264103091 0.02748559984320309 0.006557478198374155 0.041926004058041144 0.0089990921915159561 0.0029996973971719845
leaf_count=3376 39715 189 20 100 22 2 14 69 10 78 11 23 44 6 101 38 22 25 263 292 285 234 4321 568 91 394 94 601 129 43
internal_value=-0.0666685 -0.0666521 -0.06667 -0.0666927 -0.0666847 -0.0667051 -0.0667082 -0.0666919 -0.0667009 -0.0666975 -0.0666849 -0.0666785 -0.0666954 -0.0666771 -0.0666741 -0.0666698 -0.0666699 -0.0666698 -0.0666698 -0.0666698 -0.0666698 -0.0666698 -0.0666698 -0.0666698 -0.0666698 -0.0666698 -0.0666698 -0.0666698 -0.0666698 -0.0666698
internal_weight=3.55052 0.28517 3.26535 0.0266647 0.0161438 0.0105209 0.00918373 0.00741861 0.00389192 0.00289047 0.00249243 0.00872523 0.00492618 0.00747926 0.00223479 3.23869 0.00427299 3.23441 3.23263 2.7909 0.283716 0.260834 0.441723 0.140288 0.0246952 0.115593 0.0759691 0.0694116 0.025323 0.0228814
internal_count=51180 4256 46924 500 296 204 104 146 90 88 80 150 66 127 107 46424 60 46364 46339 40007 4067 3739 6332 2011 354 1657 1089 995 363 328
is_linear=0
shrinkage=0.1


Tree=98
num_leaves=31
num_cat=0
split_feature=9 4 10 5 1 9 9 4 9 9 2 10 9 1 10 5 2 6 7 7 8 1 7 5 9 9 9 9 9 9
split_gain=0.630915 0.0563227 0.0421191 0.00994068 0.0165461 0.000151904 0.000790573 0.00135941 5.89631e-05 1.03533e-06 1.02854e-06 6.86143e-09 1.52543e-09 1.53331e-09 6.37108e-10 5.17787e-10 4.52336e-10 2.85068e-10 2.0108e-10 5.86743e-11 1.00685e-10 1.77636e-15 8.88178e-16 4.44089e-16 4.44089e-16 4.44089e-16 4.44089e-16 8.88178e-16 4.44089e-16 4.44089e-16
threshold=0.035252692626346303 167.50000000000003 0.63484848484848488 7.5000000000000009 2.5000000000000004 0.038369525211630409 0.041558721934369554 140.50000000000003 0.033413078149920207 0.044568590937306009 5.5000000000000009 0.51925925925925942 0.04481827882744336 3.5000000000000004 0.46247654784240155 5.5000000000000009 6.5000000000000009 3756.5000000000005 748.50000000000011 843.50000000000011 -2816.4999999999995 5.5000000000000009 1285.5000000000002 4.5000000000000009 0.029666299963329656 0.028639781271360156 0.027266644362663052 0.025856593682099253 0.023054946515181651 0.016997303543913652
decision_type=2 2 2 2 2 2 2 2 2 2 2 2 2 2 2 2 2 2 2 2 2 2 2 2 2 2 2 2 2 2
left_child=8 2 5 4 -3 -2 -7 -8 15 14 11 12 -11 -14 16 21 -5 -17 -16 -20 -21 22 23 24 25 26 27 28 29 -1
right_child=1 3 -4 9 -6 6 7 -9 -10 10 -12 -13 13 -15 18 17 -18 -19 19 20 -22 -23 -24 -25 -26 -27 -28 -29 -30 -31
leaf_value=-0.066675250474042755 -0.066834879131697444 0.069324781386819509 0.068307490862929088 0.066667598617928883 -0.0041987045812214444 -0.06673905842568599 -0.066747816222775702 0.06666729592003981 -0.058008351842992134 0.06740736434680783 0.067802286452515043 0.067361605688673262 0.067360844148122254 0.067398674594013885 0.066744170902947514 -0.066678807020840974 0.06674624942035158 -0.066704675095108509 0.066776227718787884 0.066777680811773904 0.066750734607659665 -0.066675250429349339 -0.066675250416406998 -0.066675250126629865 -0.066675250026128133 -0.066675250035972522 -0.066675249900663702 -0.066675249871372522 -0.066675249995291355 -0.066675249813941198
leaf_weight=5.3785335386055451 0.058044862817042353 0.063815416437591921 0.035256815563116106 0.0012192859012429827 0.058822589090823385 0.012999475467950106 0.0018213873263448468 0.0013152273024985561 0.0078559656540172496 0.11410843643392354 0.083228064784861999 0.060509804907560749 0.01599413379513237 0.032452944937105599 0.0037794078884445517 0.0079586106003269874 0.0018267997920702328 0.009167102980427444 0.0073931047270718864 0.0024894673842936746 0.0031302383954425759 2.1414897107061774 1.4901849930760045 0.012157705612812708 0.022771558782883505 0.018718996667635213 0.043999284488544954 0.068507713688878868 0.26264509063446162 0.29217070174917203
leaf_count=27871 22 22 7 87 18 8 1 112 38 9 26 31 47 19 20 36 3 11 5 1 62 11115 7725 66 121 100 234 373 1434 1556
internal_value=-0.0607524 0.0426441 -0.0216797 0.0583303 0.0340597 -0.064449 -0.0558663 -0.010805 -0.0666683 0.0674569 0.0675023 0.0673904 0.0674011 0.0673862 0.0667568 -0.0666753 0.0667148 -0.0666927 0.0667645 0.0667704 0.0667627 -0.0666753 -0.0666753 -0.0666753 -0.0666753 -0.0666753 -0.0666753 -0.0666753 -0.0666753 -0.0666753
internal_weight=10.3144 0.558207 0.109438 0.44877 0.122638 0.074181 0.0161361 0.00313661 9.75616 0.326132 0.306293 0.223065 0.162556 0.0484471 0.0198383 9.74831 0.00304609 0.0171257 0.0167922 0.0130128 0.00561971 9.73118 7.58969 6.0995 6.08735 6.06458 6.04586 6.00186 5.93335 5.6707
internal_count=51180 500 150 350 40 143 121 113 50680 310 132 106 75 66 178 50642 90 47 88 68 63 50595 39480 31755 31689 31568 31468 31234 30861 29427
is_linear=0
shrinkage=0.1


Tree=99
num_leaves=28
num_cat=0
split_feature=9 4 10 5 6 9 9 9 8 7 6 10 2 0 7 3 9 9 5 8 6 10 1 7 8 4 0
split_gain=0.528076 0.0539619 0.0378687 0.0112783 0.0172656 9.92542e-05 0.000353407 5.01263e-05 6.24827e-07 1.05693e-06 4.22111e-08 8.14811e-08 2.18986e-08 1.93567e-08 7.97311e-09 3.04002e-09 6.5587e-07 1.87263e-06 3.68209e-10 3.6734e-10 2.51185e-10 9.16729e-11 4.43542e-11 1.42013e-10 7.10078e-12 1.77636e-15 5.55112e-17
threshold=0.035252692626346303 167.50000000000003 0.63484848484848488 7.5000000000000009 2387.5000000000005 0.038956639566395605 0.041558721934369554 0.033413078149920207 5329.5000000000009 445.50000000000006 659.50000000000011 0.53950103950103967 4.5000000000000009 7.5000000000000009 42.500000000000007 4.5000000000000009 0.011799512704490051 0.013652036156928503 5.5000000000000009 892.50000000000011 3756.5000000000005 0.53452380952380962 3.5000000000000004 3295.5000000000005 10131.500000000002 219.50000000000003 7.5000000000000009
decision_type=2 2 2 2 2 2 2 2 2 2 2 2 2 2 2 2 2 2 2 2 2 2 2 2 2 2 2
left_child=7 2 5 4 -3 -2 -7 15 12 -10 -11 21 14 -14 -5 16 26 -18 25 -16 -20 24 23 -21 -12 -17 -1
right_child=1 3 -4 8 -6 6 -8 -9 9 10 11 -13 13 -15 19 18 17 -19 20 22 -22 -23 -24 -25 -26 -27 -28
leaf_value=0.06667688763385142 0.066814358194121334 0.0092271094619794779 -0.068072568127828692 -0.067244938952977881 -0.068904157118144058 0.066738536364789255 0.024501273182184025 0.059315417581327773 -0.067885223203565007 -0.06729773049840547 -0.066684091979354473 -0.067221747846284888 -0.067173554924283688 -0.067282231465629908 -0.067318368830028993 0.066676887643561736 0.066676920296850573 0.062117515021997138 0.066679609953974581 -0.067294775278278138 0.066703221296975757 -0.066721646649224739 -0.067307332105716197 -0.067308856956730931 -0.066694747510400387 0.066676887633844106 0.066676887633848242
leaf_weight=0.91237284801899932 0.060634448425843923 0.056543893105072116 0.030379807364170119 0.02492420159765274 0.056589808022592128 0.0080652545439079404 0.0026259935169482005 0.009258414931537895 0.052829121992519379 0.027931553813459686 0.0011202085635511052 0.01241069963722298 0.036706546630057346 0.029609858478124806 0.028892273144265346 10.638065068807915 0.0034598589409142724 0.0012179113373349537 0.0091862148983644643 0.014454923539619635 0.0088427282753400505 0.0014381186878951041 0.028333299142559554 0.014194548593422951 0.0014158414574509948 0.016785085157608459 0.022763334665796719
leaf_count=3968 25 12 7 20 28 5 113 38 16 9 87 21 34 10 16 46266 15 174 36 60 11 4 7 3 23 73 99
internal_value=0.0623869 -0.0394014 0.0254246 -0.0564206 -0.0298544 0.0652479 0.0563642 0.0666706 -0.0673793 -0.0675831 -0.067223 -0.0670956 -0.0672675 -0.0672221 -0.0672947 0.0666764 0.066671 0.0654898 0.0666769 -0.0673092 0.0666912 -0.0667015 -0.0673045 -0.0673018 -0.06669 0.0666769 0.0666769
internal_weight=12.1111 0.4891 0.101706 0.387395 0.113134 0.0713257 0.0106912 11.622 0.274261 0.0971455 0.0443164 0.0163849 0.177116 0.0663164 0.110799 11.6127 0.939814 0.00467777 10.6729 0.085875 0.0180289 0.00397417 0.0569828 0.0286495 0.00253605 10.6549 0.935136
internal_count=51180 500 150 350 40 143 118 50680 310 160 144 135 150 44 106 50642 4256 189 46386 86 47 114 70 63 110 46339 4067
is_linear=0
shrinkage=0.1


Tree=100
num_leaves=27
num_cat=0
split_feature=3 9 9 4 4 10 2 4 8 6 8 9 9 5 10 9 4 8 8 8 8 8 8 8 0 8
split_gain=1.2137e-08 2.50718e-06 9.69244e-10 1.84281e-10 5.1176e-11 4.6828e-11 2.70753e-11 1.37355e-11 7.85476e-12 6.84962e-12 4.92884e-12 3.86839e-12 1.86716e-12 9.54792e-15 1.41434e-14 1.11022e-15 2.22045e-16 2.22045e-16 1.11022e-16 1.11022e-16 1.11022e-16 1.11022e-16 1.11022e-16 1.11022e-16 1.38778e-17 6.93889e-18
threshold=4.5000000000000009 0.011799512704490051 0.035252692626346303 178.50000000000003 167.50000000000003 0.46247654784240155 6.5000000000000009 172.50000000000003 9301.5000000000018 3199.5000000000005 -991.49999999999989 0.046377201236725306 0.037786843447220754 5.5000000000000009 0.46247654784240155 0.033413078149920207 223.50000000000003 -991.49999999999989 -1491.4999999999998 12569.500000000002 -880.49999999999989 -670.49999999999989 8111.5000000000009 4068.5000000000005 7.5000000000000009 -1379.4999999999998
decision_type=2 2 2 2 2 2 2 2 2 2 2 2 2 2 2 2 2 2 2 2 2 2 2 2 2 2
left_child=1 24 13 4 9 -5 10 11 -9 12 -7 -6 -4 15 -15 16 17 18 -2 20 -19 -22 23 -23 -1 -20
right_child=2 -3 3 5 7 6 -8 8 -10 -11 -12 -13 -14 14 -16 -17 -18 19 25 -21 21 22 -24 -25 -26 -27
leaf_value=-0.066669377874848598 -0.066669377881574385 -0.062245911438155749 -0.066676937644560216 -0.066682045671971432 -0.066694713367630762 -0.06670090856063042 -0.066708352484246933 -0.066677078732182066 -0.066689117216353455 -0.066684389669946706 -0.066693253120381504 -0.066688635547006866 -0.066673253172819719 -0.066669381263084901 -0.066669778263253224 -0.066669464269827561 -0.066669377874818664 -0.066669377897348531 -0.066669377908606206 -0.066669377874845795 -0.066669377891420217 -0.066669377878674094 -0.066669377876411473 -0.06666937787484882 -0.06666937787483794 -0.066669377877984035
leaf_weight=0.24225924443453584 1.1178847696282899 0.0012879722641798699 0.0045900522090959184 0.0011716479552887913 0.0026562454030489846 0.0015105530983419166 0.0047015981183449185 0.0011799540915262696 0.0010024364896565885 0.0010914819852558821 0.0018974296130949133 0.0017287695598042774 0.0019638826834125211 0.0022631190076934917 0.0014869574406475294 0.0015729966398793085 0.001953703584149368 0.021551792655374657 0.02155179266264895 0.023383389772789198 0.043897277406360069 0.91940069608244435 0.1551973284513225 0.44703180134820286 0.0060442704634624525 0.077293398055191642
leaf_count=3968 18310 189 20 100 22 3 14 62 18 23 87 44 107 38 22 25 32 353 353 383 719 15059 2542 7322 99 1266
internal_value=-0.0666677 -0.0666466 -0.0666695 -0.0666898 -0.0666826 -0.0667007 -0.0667034 -0.0666891 -0.0666826 -0.0666771 -0.0666966 -0.0666923 -0.0666758 -0.0666694 -0.0666695 -0.0666694 -0.0666694 -0.0666694 -0.0666694 -0.0666694 -0.0666694 -0.0666694 -0.0666694 -0.0666694 -0.0666694 -0.0666694
internal_weight=3.10755 0.249591 2.85796 0.0234941 0.0142128 0.00928123 0.00810958 0.00656741 0.00218239 0.00764542 0.00340798 0.00438501 0.00655393 2.83447 0.00375008 2.83072 2.82915 2.82719 1.21673 1.61046 1.58708 1.56553 1.52163 1.36643 0.248304 0.0988452
internal_count=51180 4256 46924 500 296 204 104 146 80 150 90 66 127 46424 60 46364 46339 46307 19929 26378 25995 25642 24923 22381 4067 1619
is_linear=0
shrinkage=0.1


Tree=101
num_leaves=31
num_cat=0
split_feature=9 4 10 5 6 9 9 4 9 9 2 10 9 1 10 5 2 6 7 7 8 9 9 8 8 9 8 9 9 9
split_gain=0.553779 0.0481173 0.0367551 0.0102973 0.0168542 0.000148362 0.000759298 0.00123361 8.06661e-05 6.91714e-07 6.86848e-07 4.58325e-09 1.02026e-09 1.02311e-09 4.26659e-10 3.47265e-10 3.02916e-10 1.90998e-10 1.34658e-10 3.93449e-11 6.73736e-11 1.77636e-15 8.88178e-16 4.44089e-16 8.88178e-16 4.44089e-16 1.11022e-16 1.11022e-16 1.11022e-16 1.11022e-16
threshold=0.035252692626346303 167.50000000000003 0.63484848484848488 7.5000000000000009 2387.5000000000005 0.038369525211630409 0.041558721934369554 140.50000000000003 0.033413078149920207 0.044568590937306009 5.5000000000000009 0.51925925925925942 0.04481827882744336 3.5000000000000004 0.46247654784240155 5.5000000000000009 6.5000000000000009 3756.5000000000005 748.50000000000011 843.50000000000011 -2816.4999999999995 0.019720637801400005 0.019448997604337354 6374.5000000000009 2475.5000000000005 0.014319890635680052 2609.5000000000005 0.014833149981664802 0.019077949651198006 0.018662564578858756
decision_type=2 2 2 2 2 2 2 2 2 2 2 2 2 2 2 2 2 2 2 2 2 2 2 2 2 2 2 2 2 2
left_child=8 2 5 4 -3 -2 -7 -8 15 14 11 12 -11 -14 16 21 -5 -17 -16 -20 -21 22 23 24 25 -1 -26 -25 29 -28
right_child=1 3 -4 9 -6 6 7 -9 -10 10 -12 -13 13 -15 18 17 -18 -19 19 20 -22 -23 -24 27 26 -27 28 -29 -30 -31
leaf_value=-0.066674172680796451 -0.06681389894390885 -0.007821639247584871 0.068098068837093337 0.066667482004456463 0.06885938204905126 -0.066730366263236349 -0.066737766913037441 0.066667256175714409 -0.056003273723815097 0.06731398310842171 0.067658637975905836 0.067274028107081413 0.067273365963191292 0.067306378177159898 0.066734470123238007 -0.066677291840696692 0.066736287651238985 -0.06669992507489593 0.066762516398220201 0.066763774520512881 0.066740211571404071 -0.066674172692787526 -0.066674172674995189 -0.06667417267898651 -0.06667417267782208 -0.066674174164153013 -0.066674172699963452 -0.066674172675654494 -0.066674172678638774 -0.066674172678638774
leaf_weight=5.3120301050657792 0.050814927672036769 0.055334219020551245 0.0309460184244017 0.001066874876187284 0.059469760167758068 0.011440299334935844 0.0015962979523465046 0.001225164879855356 0.0070900209248073711 0.099999800666552119 0.072983341993449358 0.053020014607355392 0.014014381954510213 0.028438675618488674 0.0033071648047240396 0.0069653341779493125 0.0015985558538886835 0.0080233632470481098 0.0064703345672683099 0.0021785846911370763 0.0027392272418182975 0.97907488548779209 0.013173675637157767 0.73637433107069261 0.05776147917604646 0.04341389055677769 1.3503047590347699 0.016044859955949509 0.0042223298805766909 0.0042223298805766909
leaf_count=31452 22 12 7 87 28 8 1 112 38 9 26 31 47 19 20 36 3 11 5 1 62 5958 79 4360 343 262 7995 96 25 25
internal_value=-0.0606947 0.0419578 -0.0216204 0.0571965 0.0319 -0.0642844 -0.0552716 -0.00880925 -0.0666653 0.0673573 0.0673969 0.0672991 0.0673085 0.0672955 0.0667456 -0.0666742 0.0667087 -0.0666894 0.0667522 0.0667574 0.0667506 -0.0666742 -0.0666742 -0.0666742 -0.0666742 -0.0666742 -0.0666742 -0.0666742 -0.0666742 -0.0666742
internal_weight=9.03535 0.496644 0.0960227 0.400621 0.114804 0.0650767 0.0142618 0.00282146 8.5387 0.285817 0.268456 0.195473 0.142453 0.0424531 0.0173607 8.53161 0.00266543 0.0149887 0.0146953 0.0113881 0.00491781 8.51662 7.53755 7.52437 6.77195 5.35544 1.41651 0.752419 1.35875 1.35453
internal_count=51180 500 150 350 40 143 121 113 50680 310 132 106 75 66 178 50642 90 47 88 68 63 50595 44637 44558 40102 31714 8388 4456 8045 8020
is_linear=0
shrinkage=0.1


Tree=102
num_leaves=27
num_cat=0
split_feature=9 5 9 9 8 7 6 10 2 0 1 6 7 3 9 9 8 5 6 4 10 6 4 4 4 6
split_gain=0.463959 0.0469443 0.00275323 7.00154e-05 4.12895e-07 7.1947e-07 3.14879e-08 5.90593e-08 1.48287e-08 2.50239e-08 3.48992e-08 1.15741e-07 5.55439e-09 4.44259e-09 9.56266e-07 2.69156e-06 3.10843e-10 2.46876e-10 1.6836e-10 8.93736e-11 7.66015e-11 3.15385e-11 1.77636e-15 5.55112e-17 8.67362e-19 8.67362e-19
threshold=0.035252692626346303 6.5000000000000009 0.039786861148801408 0.033413078149920207 5329.5000000000009 445.50000000000006 659.50000000000011 0.53950103950103967 4.5000000000000009 8.5000000000000018 5.5000000000000009 1270.5000000000002 42.500000000000007 4.5000000000000009 0.011799512704490051 0.013652036156928503 892.50000000000011 5.5000000000000009 3756.5000000000005 196.50000000000003 0.43875000000000003 1297.5000000000002 218.50000000000003 198.50000000000003 205.50000000000003 708.50000000000011
decision_type=2 2 2 2 2 2 2 2 2 2 2 2 2 2 2 2 2 2 2 2 2 2 2 2 2 2
left_child=3 -2 -3 13 8 -6 -7 19 12 10 11 -10 -4 14 23 -16 -14 22 -19 21 -18 -8 -15 -1 25 -25
right_child=1 2 4 -5 5 6 7 -9 9 -11 -12 -13 16 17 15 -17 20 18 -20 -21 -22 -23 -24 24 -26 -27
leaf_value=0.066675609364726066 0.0050024827003719479 -0.038155277907788158 -0.067170129559566 0.057512817701735414 -0.067730726280184256 -0.067218003477546959 -0.066694378790305792 -0.067151648654488832 -0.06719528588821011 -0.067226717746040207 -0.067227275437015954 -0.066709556004720769 -0.067236349625397276 0.066675609392453594 0.066675652303191071 0.060866947945213815 -0.067225027637276585 0.06667799350705915 0.06669865616215534 -0.066717146847332973 -0.067216027569216991 -0.06667240700609163 0.066675609364719529 0.066675609364710856 0.06667560936471012 0.066675609364713645
leaf_weight=0.80433763853215801 0.15703827643301338 0.037484797969352363 0.021922644605559594 0.0083474000857685082 0.046346442282377429 0.024483625265702358 0.0014011580390160825 0.010868834748486975 0.013278329612148809 0.024827079174883693 0.012404205277562141 0.0077799486705316659 0.02531269208179765 9.3065305908676201 0.0030316366755869231 0.0010825647643173397 0.037398143052769228 0.0080397456040380844 0.0077394604450091711 0.0011926455777580003 0.012657531424527413 0.0012239836222452394 0.0185136509244338 0.0044271773949731141 0.0042259420588379734 0.0054333540756488219
leaf_count=3997 35 45 33 38 25 11 18 25 18 8 1 42 16 46247 15 174 38 36 11 8 54 123 92 22 21 27
internal_value=0.0623394 -0.0387207 -0.0633676 0.0666675 -0.0672876 -0.0674641 -0.0671486 -0.0670328 -0.0671905 -0.0671507 -0.0670942 -0.0670158 -0.0672144 0.066675 0.066668 0.0651472 -0.0672273 0.0666756 0.0666881 -0.0666944 -0.0672228 -0.0666841 0.0666756 0.0666756 0.0666756 0.0666756
internal_weight=10.6073 0.43562 0.278582 10.1717 0.241097 0.0855167 0.0391702 0.0146866 0.155581 0.0582896 0.0334625 0.0210583 0.097291 10.1634 0.822538 0.0041142 0.0753684 9.34082 0.0157792 0.00381779 0.0500557 0.00262514 9.32504 0.818424 0.0140865 0.00986053
internal_count=51180 500 465 50680 420 210 185 174 210 69 61 60 141 50642 4256 189 108 46386 47 149 92 141 46339 4067 70 49
is_linear=0
shrinkage=0.1


Tree=103
num_leaves=20
num_cat=0
split_feature=3 9 9 4 7 4 9 7 7 0 5 9 5 10 9 7 0 7 4
split_gain=1.75924e-08 3.59685e-06 6.57537e-10 1.24393e-10 4.03236e-11 3.85313e-11 1.77243e-11 1.35175e-11 1.2052e-11 4.20608e-12 1.77308e-12 1.03015e-12 6.21725e-15 9.53708e-15 8.88178e-16 2.22045e-16 1.38778e-17 1.38778e-17 3.46945e-18
threshold=4.5000000000000009 0.011799512704490051 0.035252692626346303 167.50000000000003 1051.5000000000002 178.50000000000003 0.037786843447220754 748.50000000000011 417.50000000000006 7.5000000000000009 6.5000000000000009 0.037786843447220754 5.5000000000000009 0.46247654784240155 0.033413078149920207 1792.5000000000002 4.5000000000000009 1963.5000000000002 176.50000000000003
decision_type=2 2 2 2 2 2 2 2 2 2 2 2 2 2 2 2 2 2 2
left_child=1 16 12 9 5 8 -7 -8 -5 11 -10 -4 14 -14 15 -2 -1 -17 -18
right_child=2 -3 3 4 -6 6 7 -9 10 -11 -12 -13 13 -15 -16 17 18 -19 -20
leaf_value=-0.066669042838982104 -0.066669042835981795 -0.061047479106084837 -0.066675618432004688 -0.066679476808481922 -0.066677469068136749 -0.066707187503120033 -0.066688951868744711 -0.066699369340406281 -0.066692711871220597 -0.066681527269765631 -0.066688136167280629 -0.066672731693337636 -0.066669042547617768 -0.06666939047132607 -0.06666913390498673 -0.066669042838981368 -0.066669042838980758 -0.066669042838982201 -0.066669042838971168
leaf_weight=0.17541977220753358 2.2631982552848076 0.0011441661401647698 0.0038006333343217893 0.0013996177748971661 0.0016103044132478326 0.0018726994790085882 0.0018503150123621026 0.0038111164770242567 0.0017566455062478781 0.0010668615262900971 0.0016351474126281573 0.0018320957796049697 0.0019872331849909433 0.0013054277187620755 0.0013868300629836785 0.048142922558326862 0.036067117343918653 0.1646797861540108 0.0058241715414624187
leaf_count=3283 42356 189 19 36 192 6 50 22 3 38 41 93 38 22 25 901 675 3082 109
internal_value=-0.0666668 -0.0666396 -0.0666692 -0.066687 -0.0666924 -0.0666943 -0.0666988 -0.066696 -0.0666873 -0.0666758 -0.0666905 -0.0666747 -0.066669 -0.0666692 -0.066669 -0.066669 -0.066669 -0.066669 -0.066669
internal_weight=2.71979 0.218455 2.50134 0.0206354 0.0139358 0.0123255 0.00753413 0.00566143 0.00479141 0.00669959 0.00339179 0.00563273 2.4807 0.00329266 2.47741 2.47602 0.217311 0.212823 0.0418913
internal_count=51180 4256 46924 500 350 158 78 72 80 150 44 112 46424 60 46364 46339 4067 3983 784
is_linear=0
shrinkage=0.1


Tree=104
num_leaves=30
num_cat=0
split_feature=9 5 9 9 9 2 7 8 9 10 5 6 7 9 6 7 8 4 7 9 9 9 9 7 4 4 4 6 6
split_gain=0.486225 0.0422222 0.00259252 0.000109201 4.58497e-07 4.62298e-07 5.82017e-09 1.09271e-09 1.41885e-09 2.63621e-10 2.32851e-10 1.28054e-10 9.63476e-11 8.79185e-11 4.14914e-10 2.72547e-11 4.73897e-11 8.88178e-16 8.88178e-16 8.88178e-16 8.88178e-16 4.44089e-16 4.44089e-16 5.55112e-17 2.77556e-17 2.77556e-17 6.93889e-18 3.46945e-18 8.67362e-19
threshold=0.035252692626346303 6.5000000000000009 0.039786861148801408 0.033413078149920207 0.044568590937306009 5.5000000000000009 42.500000000000007 5329.5000000000009 0.04481827882744336 0.46247654784240155 5.5000000000000009 3756.5000000000005 748.50000000000011 0.04481827882744336 3086.5000000000005 843.50000000000011 -2816.4999999999995 195.50000000000003 2002.5000000000002 0.022038734745917003 0.021798526966025154 0.021680376028202105 0.021544055078517803 1601.5000000000002 205.50000000000003 189.50000000000003 218.50000000000003 2347.5000000000005 3591.0000000000005
decision_type=2 2 2 2 2 2 2 2 2 2 2 2 2 2 2 2 2 2 2 2 2 2 2 2 2 2 2 2 2
left_child=3 -2 -3 10 9 6 -6 13 -9 -4 17 -12 -11 -8 -15 -14 -17 18 19 20 21 22 -1 -21 -19 -20 -26 -27 -28
right_child=1 2 4 -5 5 -7 7 8 -10 12 11 -13 15 14 -16 16 -18 24 25 23 -22 -23 -24 -25 26 27 28 -29 -30
leaf_value=-0.066673234824987312 -0.001627095369771869 0.039720637529123581 0.066704278082036314 -0.053647550680243974 0.067168592173326588 0.067531146052185187 0.067229239384594075 0.067228606308194258 0.067181056041309389 0.06672519835731365 -0.066675965426216913 -0.066695774939324423 0.066750368964297396 0.067208794873124103 0.067230923908490212 0.066751614680852694 0.066730525417749834 -0.066673234877235282 -0.066673234844220219 -0.06667323544010352 -0.066673235419447224 -0.066673235748882648 -0.066673235462496303 -0.066673235054978783 -0.066673234815493698 -0.066673234934664052 -0.066673234794023123 -0.066673234794028466 -0.066673234794015337
leaf_weight=6.0244337617198536 0.15110334649216373 0.039533935095164452 0.002283451687389971 0.0064416412205899878 0.021998202652525833 0.064148064931259796 0.087124270386993885 0.012444106655308929 0.012658768866440795 0.0029330687830935185 0.0060960053524466984 0.0070222615031525493 0.0056729960626142883 0.012775164297636366 0.025159659576303284 0.0019065424567088502 0.0024154606510364812 0.29680871453498614 0.31809380112869323 0.56863789610487048 0.02719764262503499 0.0096078580031323524 0.0096078707599510649 0.038874852114954006 0.10169541393406689 0.010346917115384713 0.0091644123021978885 0.034736078887362964 0.0044343930494505921
leaf_count=40774 35 45 82 38 34 40 7 4 85 24 36 11 6 52 21 1 64 2009 2153 3987 189 66 68 264 688 70 62 235 30
internal_value=-0.0606334 0.0412605 0.063526 -0.066662 0.0672678 0.067302 0.0672166 0.0672237 0.0672046 0.0667356 -0.0666733 -0.0666866 0.0667411 0.0672275 0.0672235 0.0667458 0.0667398 -0.0666732 -0.0666732 -0.0666732 -0.0666732 -0.0666732 -0.0666732 -0.0666732 -0.0666732 -0.0666732 -0.0666732 -0.0666732 -0.0666732
internal_weight=7.91536 0.442157 0.291054 7.4732 0.25152 0.236308 0.17216 0.150162 0.0251029 0.0152115 7.46676 0.0131183 0.0129281 0.125059 0.0379348 0.009995 0.004322 7.45364 7.04154 6.67836 6.07085 6.04365 6.03404 0.607513 0.412103 0.363177 0.115294 0.045083 0.0135988
internal_count=51180 500 465 50680 420 243 203 169 89 177 50642 47 95 80 73 71 65 50595 47806 45348 41097 40908 40842 4251 2789 2458 780 305 92
is_linear=0
shrinkage=0.1


Tree=105
num_leaves=31
num_cat=0
split_feature=5 5 6 9 8 7 4 6 6 10 2 0 1 6 9 3 9 9 7 8 4 10 6 9 0 9 0 2 4 4
split_gain=0.4118 0.043236 0.047626 0.00324001 2.75926e-07 4.80386e-07 1.61428e-07 3.3207e-08 2.10747e-08 3.94711e-08 9.91023e-09 1.67196e-08 2.33228e-08 7.74494e-08 7.48213e-09 6.44165e-09 1.38558e-06 3.01963e-06 3.70726e-09 2.07639e-10 5.9948e-11 5.10773e-11 2.10922e-11 2.54019e-13 4.44089e-16 8.88178e-16 4.44089e-16 4.44089e-16 4.44089e-16 4.44089e-16
threshold=5.5000000000000009 6.5000000000000009 3663.5000000000005 0.039786861148801408 5329.5000000000009 445.50000000000006 167.50000000000003 -2113.4999999999995 659.50000000000011 0.53950103950103967 4.5000000000000009 8.5000000000000018 5.5000000000000009 1270.5000000000002 0.035252692626346303 4.5000000000000009 0.011799512704490051 0.013437866795076253 42.500000000000007 892.50000000000011 196.50000000000003 0.43875000000000003 1297.5000000000002 0.033413078149920207 14.500000000000002 0.030816714150047404 12.500000000000002 11.500000000000002 221.50000000000003 215.50000000000003
decision_type=2 2 2 2 2 2 2 2 2 2 2 2 2 2 2 2 2 2 2 2 2 2 2 2 2 2 2 2 2 2
left_child=14 2 6 -3 10 -6 -2 -8 -7 20 18 12 13 -12 15 16 -1 -18 -5 -20 22 -21 -10 24 25 26 27 28 29 -17
right_child=1 3 -4 4 5 8 7 -9 9 -11 11 -13 -14 -15 -16 23 17 -19 19 21 -22 -23 -24 -25 -26 -27 -28 -29 -30 -31
leaf_value=0.066674499554483846 0.066749514323151196 -0.034998201122583152 -0.044075342784452923 -0.067106869826046814 -0.067596133247066703 -0.067148657546752352 0.067191039065666452 0.066978020223376483 -0.066690897417081146 -0.067090539779604233 -0.067128856918600974 -0.067156258438470409 -0.067156742798195196 -0.066704199878421022 0.066743562536247289 0.066674499387635894 0.066674541737512305 0.060463223921751345 -0.067164676228736633 -0.067154787904201318 -0.066710841077558231 -0.067146935801652124 -0.06667168472693856 0.066675224965194874 0.06667449955446568 0.066674498996163095 0.066674499534077628 0.066674499554473007 0.066674499554470121 0.066674499463420328
leaf_weight=0.71627659304067393 0.037520143436267583 0.036644353060633073 0.088155518635176122 0.019203013784595768 0.040644878964233355 0.021448310797723025 0.011615000665187836 0.019781080191023648 0.0012253868242169128 0.00951663714560156 0.011631006803099808 0.021749175625473072 0.010866434313356876 0.0068090411710954859 0.015356470015832069 8.0467079774534653 0.0024797472287900737 0.0011436540220870484 0.022175171842036434 0.032761890632173163 0.0010438914819994594 0.011088083255969661 0.0010706680811977329 0.0048133453674389362 0.0065164086408920898 0.019549226009986209 0.047552171177813629 0.01091938745230514 0.0086298384703703546 0.021310417476343768
leaf_count=4067 21 48 16 33 25 11 1 45 18 25 18 8 1 42 9 45689 14 175 16 38 8 54 123 25 37 111 270 62 49 121
internal_value=0.0621871 -0.0364368 0.00461119 -0.0624476 -0.0672094 -0.0673635 0.0668895 0.0670568 -0.067088 -0.0669867 -0.0671247 -0.0670898 -0.0670405 -0.0669721 0.0666738 0.0666737 0.0666646 0.0647141 -0.0671455 -0.0671568 -0.066691 -0.0671528 -0.0666819 0.0666745 0.0666745 0.0666745 0.0666745 0.0666745 0.0666745 0.0666745
internal_weight=9.3062 0.40495 0.157072 0.247878 0.211234 0.0749498 0.0689162 0.0313961 0.0343049 0.0128566 0.136284 0.0510557 0.0293065 0.01844 8.90126 8.8859 0.7199 0.0036234 0.0852282 0.0660251 0.00333995 0.04385 0.00229605 8.166 8.16119 8.15467 8.13512 8.08757 8.07665 8.06802
internal_count=51180 551 83 468 420 210 67 46 185 174 210 69 61 60 50629 50620 4256 189 141 108 149 92 141 46364 46339 46302 46191 45921 45859 45810
is_linear=0
shrinkage=0.1


Tree=106
num_leaves=20
num_cat=0
split_feature=3 9 9 4 7 9 2 7 7 10 5 9 5 10 9 4 4 6 6
split_gain=2.54391e-08 5.11906e-06 4.69419e-10 8.49327e-11 2.87623e-11 2.80629e-11 1.23781e-11 5.2948e-12 4.29864e-12 3.04874e-12 2.80881e-12 9.09401e-13 4.44089e-15 6.51996e-15 1.22125e-15 1.11022e-16 1.11022e-16 1.38778e-17 2.1684e-19
threshold=4.5000000000000009 0.011799512704490051 0.035252692626346303 167.50000000000003 1051.5000000000002 0.044568590937306009 6.5000000000000009 891.50000000000011 674.50000000000011 0.53708791208791218 6.5000000000000009 0.037786843447220754 5.5000000000000009 0.46247654784240155 0.033413078149920207 224.50000000000003 116.50000000000001 2925.5000000000005 3449.5000000000005
decision_type=2 2 2 2 2 2 2 2 2 2 2 2 2 2 2 2 2 2 2
left_child=1 17 12 9 5 6 7 10 -7 11 -5 -4 14 -14 15 16 -2 -1 -19
right_child=2 -3 3 4 -6 8 -8 -9 -10 -11 -12 -13 13 -15 -16 -17 -18 18 -20
leaf_value=-0.066668743805050987 -0.066668743805045033 -0.059566655321143261 -0.066675052225590267 -0.066690785269517425 -0.066676084256525214 -0.066677874946613688 -0.066697997091762481 -0.066694186886619669 -0.066686008024512092 -0.066680008354351325 -0.066683808355453261 -0.066672168086395256 -0.06666874834634845 -0.06666905527437017 -0.066668843792460492 -0.066668743804998695 -0.066668744068756808 -0.066668743805000583 -0.066668743804992062
leaf_weight=0.18775501428535823 0.032219976299531772 0.0010203325311977087 0.003559876757208146 0.0010844982462003827 0.001412650849943021 0.0012222591679211811 0.0041006458923220634 0.0019073155497153493 0.0013876719140952787 0.0010813684967132531 0.001233136542012403 0.0015778150876712971 0.0017458402307964907 0.0011467074200481875 0.0012248992134117334 0.0011223213805350287 2.1336264833553287 0.0013093749439576632 0.0011223213805351406
leaf_count=4015 689 189 19 2 192 45 6 11 25 27 69 104 38 22 25 24 45626 28 24
internal_value=-0.0666658 -0.0666308 -0.0666689 -0.0666847 -0.0666895 -0.0666912 -0.0666941 -0.0666903 -0.0666822 -0.0666752 -0.0666871 -0.0666742 -0.0666687 -0.0666689 -0.0666687 -0.0666687 -0.0666687 -0.0666687 -0.0666687
internal_weight=2.38086 0.191207 2.18965 0.0185672 0.0123482 0.0109355 0.0083256 0.00422495 0.00260993 0.00621906 0.00231763 0.00513769 2.17109 0.00289255 2.16819 2.16697 2.16585 0.190187 0.0024317
internal_count=51180 4256 46924 500 350 158 88 82 70 150 71 123 46424 60 46364 46339 46315 4067 52
is_linear=0
shrinkage=0.1


Tree=107
num_leaves=25
num_cat=0
split_feature=5 5 6 9 9 2 4 4 9 7 8 9 10 7 9 6 7 8 9 1 10 10 10 10
split_gain=0.432514 0.0383842 0.0460711 0.00306157 3.06605e-07 3.09016e-07 1.56557e-07 2.05135e-08 5.56272e-09 3.8835e-09 7.29602e-10 9.47353e-10 1.76624e-10 6.45851e-11 5.8594e-11 2.76654e-10 1.82564e-11 3.1743e-11 1.42553e-13 4.44089e-16 1.38778e-17 1.38778e-17 1.38778e-17 1.73472e-18
threshold=5.5000000000000009 6.5000000000000009 3663.5000000000005 0.039786861148801408 0.044568590937306009 5.5000000000000009 167.50000000000003 168.50000000000003 0.035252692626346303 42.500000000000007 5329.5000000000009 0.04481827882744336 0.46247654784240155 748.50000000000011 0.04481827882744336 3086.5000000000005 843.50000000000011 -2816.4999999999995 0.033413078149920207 1.0000000180025095e-35 0.13484848484848483 0.68301435406698574 0.65108695652173931 0.77097902097902116
decision_type=2 2 2 2 2 2 2 2 2 2 2 2 2 2 2 2 2 2 2 2 2 2 2 2
left_child=8 2 6 -3 12 9 -2 -8 18 -6 14 -12 -5 -14 -11 -16 -15 -18 19 20 -1 22 -22 -23
right_child=1 3 -4 4 5 -7 7 -9 -10 10 11 -13 13 16 15 -17 17 -19 -20 -21 21 23 -24 -25
leaf_value=-0.066672416692576314 -0.066741599105368463 0.036641987964640972 0.045570426909950376 0.066699585645713474 0.067105533169953518 0.067422141637505581 -0.067166559673403112 -0.066991980042819685 -0.066735916659274655 0.067158464669746024 0.067157912251696469 0.067116398790716986 0.066717886479097946 0.066739912309465396 0.067140629120107986 0.067159935363957993 0.066741001609662912 0.066722553068041188 -0.066673046452461027 -0.066672416710125401 -0.06667241669528215 -0.066672416692578784 -0.066672416692571929 -0.066672416692560049
leaf_weight=0.0062094640452413632 0.033856289461254963 0.038540672120120689 0.088166687550256029 0.0019984678817763788 0.019269113340968147 0.056225547611006732 0.011080825701355934 0.017143869801657274 0.013824958354234584 0.076324290595948696 0.010901550637662183 0.011088447542373814 0.0025672450704377079 0.0049657900632951169 0.01119098509707328 0.022040761332291936 0.0016688792966306227 0.0021141854206234694 0.0035886805562767013 6.3475133495017362 0.15277870098562207 0.0094435599021380767 0.0047864618682069695 0.0025872766855172822
leaf_count=48 21 48 16 82 34 40 1 45 9 7 4 85 24 6 52 21 1 64 25 49234 1183 73 37 20
internal_value=-0.0604332 0.0393108 -0.000895801 0.0626443 0.0671921 0.0672221 -0.0668866 -0.0670605 -0.0666726 0.0671475 0.0671536 0.067137 0.066727 0.0667318 0.0671569 0.0671534 0.0667359 0.0667307 -0.0666724 -0.0666724 -0.0666724 -0.0666724 -0.0666724 -0.0666724
internal_weight=6.94988 0.409144 0.150248 0.258896 0.220355 0.207041 0.062081 0.0282247 6.54073 0.150815 0.131546 0.02199 0.0133146 0.0113161 0.109556 0.0332317 0.00874885 0.00378306 6.52691 6.52332 0.175805 0.169596 0.157565 0.0120308
internal_count=51180 551 83 468 420 243 67 46 50629 203 169 89 177 95 80 73 71 65 50620 50595 1361 1313 1220 93
is_linear=0
shrinkage=0.1


Tree=108
num_leaves=28
num_cat=0
split_feature=9 4 10 5 9 9 9 6 8 7 6 10 3 9 9 2 6 7 5 6 8 10 1 7 8 1 6
split_gain=0.36351 0.0377566 0.0302498 0.010489 9.4913e-05 4.5585e-05 9.13937e-05 0.000182129 1.86319e-07 3.14779e-07 1.26968e-08 2.43765e-08 9.39671e-09 1.99664e-06 4.2692e-06 6.51446e-09 7.26461e-09 2.36974e-09 2.65377e-10 1.43854e-10 1.08987e-10 2.37953e-11 1.33771e-11 4.27555e-11 4.44089e-16 5.55112e-17 3.46945e-18
threshold=0.035252692626346303 167.50000000000003 0.63484848484848488 7.5000000000000009 0.033413078149920207 0.038369525211630409 0.040215445041298405 -159.49999999999997 5329.5000000000009 445.50000000000006 659.50000000000011 0.53950103950103967 4.5000000000000009 0.011799512704490051 0.013437866795076253 4.5000000000000009 1297.5000000000002 42.500000000000007 5.5000000000000009 3756.5000000000005 892.50000000000011 0.50675675675675691 3.5000000000000004 3295.5000000000005 -1929.9999999999998 1.5000000000000002 2659.5000000000005
decision_type=2 2 2 2 2 2 2 2 2 2 2 2 2 2 2 2 2 2 2 2 2 2 2 2 2 2 2
left_child=4 2 5 -3 12 -2 -7 -8 15 -10 -11 21 13 25 -15 17 -17 -5 24 -20 -19 -12 23 -22 -14 26 -1
right_child=1 3 -4 8 -6 6 7 -9 9 10 11 -13 18 14 -16 16 -18 20 19 -21 22 -23 -24 -25 -26 -27 -28
leaf_value=0.066673519168136727 0.066807544886592893 -0.026510330655140038 -0.067796104868127413 -0.067053162575452505 0.054732994284355491 0.066720576693580072 0.06535513638275485 0.024338251218542075 -0.067478801736773661 -0.067088271789722154 -0.066682589123424146 -0.067037223184861369 0.066673519167950654 0.066673570031955912 0.058837758310709712 -0.067083368336996879 -0.0670020572381234 -0.067101984578280913 0.066676445318661098 0.06669699550852605 -0.067086263373443603 -0.066702085073386153 -0.067094668839441401 -0.067095686275426267 0.066673519167336867 0.066673519168138004 0.06667351916811752
leaf_weight=0.043004324557841644 0.044010775745846234 0.096906681923212612 0.024599477081096666 0.016751067107383374 0.0066638202697503193 0.0072642030427232385 0.0026431133658206818 0.0018335421208312969 0.035633420701702022 0.018778914952918058 0.001664817743503467 0.0083315078716350924 2.5982935453503151 0.0021744156547356388 0.0010221662886635841 0.019667571871536893 0.024897637479966761 0.019428484961736103 0.0063594038365407668 0.007335635251365602 0.0097197423021286866 0.0010033386958927665 0.019049191535714272 0.0095430535579907882 4.5442777660791771 0.580635450212867 0.0032368846441386259
leaf_count=279 22 40 7 20 38 6 8 107 16 9 98 21 16857 14 175 14 30 16 36 11 60 16 7 3 29482 3767 21
internal_value=0.0621136 -0.035884 0.0245739 -0.0531488 0.0666623 0.0653306 0.0597944 0.0485555 -0.0671427 -0.0672783 -0.0670383 -0.066953 0.0666725 0.0666608 0.0641679 -0.0670682 -0.0670379 -0.0670863 0.0666735 0.0666875 -0.0670959 -0.0666899 -0.0670928 -0.0670909 0.0666735 0.0666735 0.0666735
internal_weight=8.15473 0.361727 0.0803511 0.281375 7.793 0.0557516 0.0117409 0.00447666 0.184469 0.065412 0.0297786 0.0109997 7.78634 0.630073 0.00319658 0.119057 0.0445652 0.0744915 7.15627 0.013695 0.0577405 0.00266816 0.038312 0.0192628 7.14257 0.626877 0.0462412
internal_count=51180 500 150 350 50680 143 121 115 310 160 144 135 50642 4256 189 150 44 106 46386 47 86 114 70 63 46339 4067 300
is_linear=0
shrinkage=0.1


Tree=109
num_leaves=31
num_cat=0
split_feature=3 9 9 4 7 9 6 7 7 6 9 4 5 6 9 4 5 4 4 4 4 4 4 4 6 0 6 4 6 6
split_gain=3.66948e-08 5.68949e-06 3.24088e-10 5.81704e-11 2.00962e-11 1.98947e-11 9.88666e-12 5.08865e-12 2.87622e-12 2.2094e-12 5.16734e-13 4.50398e-13 9.65894e-15 1.15199e-14 1.11022e-15 1.11022e-16 2.22045e-16 1.11022e-16 1.11022e-16 1.11022e-16 2.22045e-16 1.11022e-16 1.11022e-16 1.11022e-16 5.55112e-17 1.38778e-17 1.38778e-17 6.93889e-18 6.93889e-18 3.46945e-18
threshold=4.5000000000000009 0.011331535695942403 0.035252692626346303 167.50000000000003 1051.5000000000002 0.044568590937306009 3199.5000000000005 748.50000000000011 674.50000000000011 2580.5000000000005 0.037786843447220754 180.50000000000003 5.5000000000000009 2925.5000000000005 0.033413078149920207 221.50000000000003 3.5000000000000004 218.50000000000003 214.50000000000003 212.50000000000003 200.50000000000003 199.50000000000003 196.50000000000003 109.50000000000001 708.50000000000011 6.5000000000000009 2001.5000000000002 186.50000000000003 1967.5000000000002 1585.5000000000002
decision_type=2 2 2 2 2 2 2 2 2 2 2 2 2 2 2 2 2 2 2 2 2 2 2 2 2 2 2 2 2 2
left_child=1 25 12 9 5 6 7 11 -7 10 -4 -5 14 -14 15 16 17 18 19 20 21 22 23 -2 27 26 -1 -18 29 -26
right_child=2 -3 3 4 -6 8 -8 -9 -10 -11 -12 -13 13 -15 -16 -17 24 -19 -20 -21 -22 -23 -24 -25 28 -27 -28 -29 -30 -31
leaf_value=-0.06666848151842332 -0.06666848151843173 -0.059639989003822197 -0.066673959175878719 -0.066686626820281703 -0.066674874245897228 -0.06667646515377329 -0.066695926916744377 -0.066691542817718982 -0.066683578253884088 -0.066678378802864424 -0.066671611106821238 -0.066683856069876243 -0.066668497857265724 -0.066668925050910224 -0.06666857212091476 -0.066668481518386891 -0.06666848521526747 -0.066668481518372125 -0.066668481518402767 -0.066668481518389028 -0.066668481518422057 -0.066668481518413467 -0.066668481518420628 -0.066668481530435073 -0.066668483115457297 -0.066668481518415826 -0.066668481518408582 -0.066668483143296306 -0.06666848193318517 -0.066668482621028036
leaf_weight=0.15347410680988116 0.011213841404239644 0.0011597619692338404 0.003096489323070383 0.0010060057143164158 0.0012398368907042831 0.0010693236507925974 0.0025756079640757434 0.0023579443511607678 0.001213666462540175 0.0010351036560649618 0.0013440336454095814 0.0014075066821988003 0.0015359638746305073 0.0010716626165958587 0.0010720091522672384 0.0020053949956492225 0.10055623480730003 0.0014324249968923333 0.0035196728495067156 0.0021281742810971274 0.042317927051044646 0.0071621249844612258 0.023368990663584666 1.5598289687586655 0.038839180630020564 0.0083489914104575291 0.0043791278476419384 0.0088810349989216775 0.079233565535105299 0.016002233536710264
leaf_count=3750 274 195 19 14 192 45 11 22 25 44 87 41 38 22 25 49 2457 35 86 52 1034 175 571 38113 949 204 107 217 1936 391
internal_value=-0.0666647 -0.0666198 -0.0666686 -0.0666826 -0.0666869 -0.0666884 -0.0666909 -0.0666882 -0.0666802 -0.0666742 -0.0666732 -0.066685 -0.0666685 -0.0666687 -0.0666685 -0.0666685 -0.0666685 -0.0666685 -0.0666685 -0.0666685 -0.0666685 -0.0666685 -0.0666685 -0.0666685 -0.0666685 -0.0666685 -0.0666685 -0.0666685 -0.0666685 -0.0666685
internal_weight=2.08388 0.167362 1.91651 0.0163455 0.0108699 0.00963005 0.00734706 0.00477146 0.00228299 0.00547563 0.00444052 0.00241351 1.90017 0.00260763 1.89756 1.89649 1.89448 1.65097 1.64954 1.64602 1.64389 1.60157 1.59441 1.57104 0.243512 0.166202 0.157853 0.109437 0.134075 0.0548414
internal_count=51180 4256 46924 500 350 158 88 77 70 150 106 55 46424 60 46364 46339 46290 40340 40305 40219 40167 39133 38958 38387 5950 4061 3857 2674 3276 1340
is_linear=0
shrinkage=0.1


Tree=110
num_leaves=27
num_cat=0
split_feature=5 5 10 2 9 0 4 2 9 7 8 4 10 7 4 6 7 8 9 4 7 7 7 9 7 9
split_gain=0.380235 0.03399 0.0313755 0.01106 0.0168978 3.0939e-05 2.05899e-07 2.06275e-07 3.72833e-09 2.60091e-09 4.64143e-10 5.97299e-10 1.32834e-10 4.06924e-11 3.21298e-11 1.66512e-10 1.24988e-11 2.11786e-11 9.4591e-14 8.88178e-16 4.44089e-16 2.77556e-17 2.77556e-17 3.46945e-18 1.73472e-18 8.67362e-19
threshold=5.5000000000000009 7.5000000000000009 0.46547619047619054 3.5000000000000004 0.037235096058625454 4.5000000000000009 178.50000000000003 5.5000000000000009 0.035252692626346303 42.500000000000007 5329.5000000000009 177.50000000000003 0.46247654784240155 748.50000000000011 177.50000000000003 3086.5000000000005 843.50000000000011 -2816.4999999999995 0.033413078149920207 195.50000000000003 1655.5000000000002 2997.5000000000005 2616.5000000000005 0.0064725596983661012 3295.5000000000005 0.020960714677992102
decision_type=2 2 2 2 2 2 2 2 2 2 2 2 2 2 2 2 2 2 2 2 2 2 2 2 2 2
left_child=8 2 5 -4 -5 -2 7 9 18 -3 14 -12 -8 -14 15 -11 -15 -18 19 20 -1 22 -22 -24 -23 -26
right_child=1 6 3 4 -6 -7 12 -9 -10 10 11 -13 13 16 -16 -17 17 -19 -20 -21 21 24 23 -25 25 -27
leaf_value=-0.066671698677898975 -0.066556748940142282 0.067050563533342086 0.059116011324113739 -0.053958214923264428 0.05158578637579099 -0.06109127488592362 0.066694447351889605 0.067326996582957641 -0.066727265125337304 0.06708204224429605 0.06706093213785598 0.06709617581128817 0.066711977074229087 0.066730878979563119 0.067096654435888622 0.067098059019691375 0.066731719609101126 0.066715610139505735 -0.06667224780095439 -0.066671698654996767 -0.066671698657323336 -0.066671698657399178 -0.066671698657401524 -0.066671698657396847 -0.066671698657398012 -0.066671698657375114
leaf_weight=4.9127374014233816 0.03018940128822567 0.016871056884419033 0.068381393766230758 0.029410657524749695 0.031326525596568899 0.015766630174312013 0.001814341109138696 0.049272121577246253 0.012100777588784584 0.0097795816516281775 0.0096868373815048869 0.0095490170770347049 0.0022227639764622609 0.0043387814787081425 0.066854762844741344 0.01930078260238588 0.0014608075143769383 0.0018490794370791264 0.0031407584174302219 0.31564932700684956 0.39784495350586446 0.016642916118144058 0.040418510572635569 0.010529191829846241 0.012906751275295392 0.002377559445449152
leaf_count=43559 39 33 16 18 23 37 92 40 9 49 82 4 21 5 7 20 1 64 25 2789 3515 147 357 93 114 21
internal_value=-0.060337 0.0381834 0.00627721 0.031533 0.000478403 -0.0646816 0.0671262 0.0671524 -0.0666718 0.0670872 0.0670926 0.0670784 0.0667193 0.0667239 0.0670954 0.0670927 0.0667273 0.0667227 -0.0666717 -0.0666717 -0.0666717 -0.0666717 -0.0666717 -0.0666717 -0.0666717 -0.0666717
internal_weight=6.09242 0.368075 0.175075 0.129119 0.0607372 0.045956 0.193 0.181314 5.72435 0.132042 0.115171 0.0192359 0.0116858 0.00987143 0.0959351 0.0290804 0.00764867 0.00330989 5.71225 5.70911 5.39346 0.48072 0.448793 0.0509477 0.0319272 0.0152843
internal_count=51180 551 133 57 41 76 418 235 50629 195 162 86 183 91 76 69 70 65 50620 50595 47806 4247 3965 450 282 135
is_linear=0
shrinkage=0.1


Tree=111
num_leaves=28
num_cat=0
split_feature=9 5 10 2 9 10 8 7 3 9 9 6 10 2 0 1 7 5 6 8 1 7 4 0 0 2 1
split_gain=0.320276 0.0331872 0.0337771 0.0125887 0.000124427 5.14044e-07 1.23257e-07 2.14589e-07 1.35935e-08 2.86366e-06 3.94947e-06 9.41739e-09 1.76517e-08 4.36753e-09 7.43075e-09 1.0372e-08 1.65876e-09 2.17452e-10 1.16193e-10 8.77082e-11 2.2284e-11 1.95581e-11 8.88178e-16 5.55112e-17 2.77556e-17 1.73472e-18 8.67362e-19
threshold=0.035252692626346303 7.5000000000000009 0.45346320346320351 3.5000000000000004 0.033413078149920207 0.40824915824915831 5329.5000000000009 445.50000000000006 4.5000000000000009 0.011799512704490051 0.013114895080839352 659.50000000000011 0.53950103950103967 4.5000000000000009 8.5000000000000018 5.5000000000000009 42.500000000000007 5.5000000000000009 3756.5000000000005 892.50000000000011 2.5000000000000004 779.50000000000011 215.50000000000003 7.5000000000000009 1.5000000000000002 1.5000000000000002 4.5000000000000009
decision_type=2 2 2 2 2 2 2 2 2 2 2 2 2 2 2 2 2 2 2 2 2 2 2 2 2 2 2
left_child=4 2 5 -4 8 -2 13 -8 9 23 -11 -9 21 16 15 -15 -3 22 -19 -18 -21 -13 -10 24 -1 -24 -25
right_child=1 6 3 -5 -6 -7 7 11 17 10 -12 12 -14 14 -16 -17 19 18 -20 20 -22 -23 25 26 -26 -27 -28
leaf_value=0.06667266259418235 0.066064823799456426 -0.067003169128122486 -0.064641508282785795 0.0021931441869070304 0.052344192377342849 0.06671345085823667 -0.067376348535664918 -0.067035002751676967 0.066672662593714807 0.066672717363772491 0.059100326802717845 -0.066694491974818124 -0.066990635658380759 -0.066900667215901696 -0.067041008084146453 -0.067041344447230616 -0.067047137277871968 0.066675309482291806 0.066694763023580336 -0.067033904154231813 -0.067039825811299344 -0.066676974203824096 0.066672662594172385 0.0666726625941753 0.066672662622305451 0.066672662594178436 0.066672662594165308
leaf_weight=0.13395459584717073 0.024391111336058147 0.014735517711461227 0.059715017277767402 0.053370279902219431 0.006067086389521025 0.02448220116639277 0.031236485875119409 0.01646184406786233 6.2281467632710701 0.0016337953857146195 0.0011907630396308377 0.0012108352382469434 0.0072941580559877719 0.014115236395582542 0.016686448365476281 0.0083363326266407967 0.017024267335500554 0.0056258335243909441 0.0067591102560982108 0.0085051988567959036 0.025135621288541188 0.0013456246873761041 0.0059355510747990383 0.0094429221644531935 0.40132570736750495 0.016997259896015748 0.0039120677538448953
leaf_count=993 31 33 8 33 38 10 25 12 46169 12 177 17 24 56 8 1 18 36 11 53 38 133 44 70 2975 126 29
internal_value=0.062044 -0.035092 -0.00307692 -0.0330991 0.0666586 0.0663897 -0.0670816 -0.0671991 0.0666714 0.0666563 0.0634804 -0.0669887 -0.0669114 -0.0670169 -0.0669905 -0.0669529 -0.0670327 0.0666727 0.0666859 -0.0670413 -0.0670383 -0.0666853 0.0666727 0.0666727 0.0666727 0.0666727 0.0666727
internal_weight=7.14504 0.324046 0.161959 0.113085 6.82099 0.0488733 0.162088 0.0575489 6.81492 0.55146 0.00282456 0.0263125 0.00985062 0.104539 0.039138 0.0224516 0.0654006 6.26346 0.0123849 0.0506651 0.0336408 0.00255646 6.25108 0.548635 0.53528 0.0229328 0.013355
internal_count=51180 500 82 41 50680 41 418 211 50642 4256 189 186 174 207 65 57 142 46386 47 109 91 150 46339 4067 3968 170 99
is_linear=0
shrinkage=0.1


Tree=112
num_leaves=18
num_cat=0
split_feature=3 9 9 4 9 7 7 4 10 9 5 6 9 4 4 9 4
split_gain=5.28374e-08 8.01614e-06 2.36573e-10 4.33807e-11 1.92183e-11 8.47414e-12 9.55455e-12 1.75734e-12 1.47896e-12 3.94606e-13 6.66134e-15 6.69083e-15 7.77156e-16 1.11022e-16 2.22045e-16 1.38778e-17 6.93889e-18
threshold=4.5000000000000009 0.011331535695942403 0.035252692626346303 167.50000000000003 0.037786843447220754 943.50000000000011 748.50000000000011 180.50000000000003 0.5270467836257311 0.037786843447220754 5.5000000000000009 2830.5000000000005 0.032876959106467256 220.50000000000003 197.50000000000003 0.0062305900621118012 218.50000000000003
decision_type=2 2 2 2 2 2 2 2 2 2 2 2 2 2 2 2 2
left_child=1 15 10 8 -5 6 7 -6 9 -4 12 -12 13 14 -2 -1 -16
right_child=2 -3 3 4 5 -7 -8 -9 -10 -11 11 -13 -14 -15 16 -17 -18
leaf_value=-0.066668256213400653 -0.066668256216622243 -0.057852402334242548 -0.066673106169140475 -0.06669188098055534 -0.06667654704093938 -0.066673917206151789 -0.066687205343929093 -0.066681779674444219 -0.06667672173778455 -0.066670919192779163 -0.066668274408086467 -0.066668618522194398 -0.066668323603171639 -0.066668256213365445 -0.066668256215019137 -0.066668256213355703 -0.066668256213346364
leaf_weight=0.14398831801372569 1.5811135130425089 0.0010387884786950954 0.0025892282719724999 0.002820937785827482 0.0013468426051197468 0.0010733567305578617 0.0032356937691204735 0.0012261157113968579 0.0010057417191475793 0.0012108792336675833 0.0012788525918950846 0.0010122449530172162 0.0014151042560116558 0.0020774433942279949 0.074895416164508899 0.0014685375717817797 0.0012178116448922074
leaf_count=4020 44143 195 18 19 67 193 27 44 32 100 36 24 38 58 2091 41 34
internal_value=-0.0666633 -0.0666057 -0.0666684 -0.0666811 -0.0666849 -0.0666821 -0.0666836 -0.066679 -0.0666733 -0.0666724 -0.0666683 -0.0666684 -0.0666683 -0.0666683 -0.0666683 -0.0666683 -0.0666683
internal_weight=1.82401 0.146496 1.67752 0.0145088 0.00970295 0.00688201 0.00580865 0.00257296 0.00480585 0.00380011 1.66301 0.0022911 1.66072 1.6593 1.65723 0.145457 0.0761132
internal_count=51180 4256 46924 500 350 331 138 111 150 118 46424 60 46364 46326 46268 4061 2125
is_linear=0
shrinkage=0.1


Tree=113
num_leaves=23
num_cat=0
split_feature=9 5 10 2 9 10 4 2 7 8 4 5 10 6 7 4 6 7 8 0 4 4
split_gain=0.334774 0.0303085 0.0334217 0.0112329 0.000182187 9.9819e-07 1.37673e-07 1.38012e-07 1.74303e-09 3.24544e-10 4.18456e-10 2.04781e-10 8.89896e-11 8.4396e-11 2.728e-11 2.36027e-11 1.18388e-10 8.37954e-12 1.41662e-11 4.44089e-16 2.22045e-16 3.46945e-18
threshold=0.035252692626346303 7.5000000000000009 0.45346320346320351 3.5000000000000004 0.033413078149920207 0.40824915824915831 178.50000000000003 5.5000000000000009 42.500000000000007 5329.5000000000009 177.50000000000003 5.5000000000000009 0.46247654784240155 3851.0000000000005 748.50000000000011 177.50000000000003 3086.5000000000005 843.50000000000011 -2816.4999999999995 3.5000000000000004 118.50000000000001 117.50000000000001
decision_type=2 2 2 2 2 2 2 2 2 2 2 2 2 2 2 2 2 2 2 2 2 2
left_child=4 2 5 -4 11 -2 7 8 -3 15 -11 19 -8 -13 -14 16 -10 -16 -19 -1 21 -21
right_child=1 6 3 -5 -6 -7 12 -9 9 10 -12 13 14 -15 17 -17 -18 18 -20 20 -22 -23
leaf_value=-0.066671067689714814 -0.065678442419266084 0.067002251228447593 0.064982978104226513 0.0020223635264349205 -0.047122332623068759 -0.066615734841183036 0.066690974356174812 0.067243827515191576 0.067029449739600941 0.067010736264563261 0.067042241271066408 -0.066675131390650705 0.066706308368005784 -0.066693121458412594 0.066722852160946713 0.067042666069222628 0.067043874579621909 0.06672357888890236 0.066709495065291308 -0.066671067631792494 -0.066671067664931624 -0.066671067631777658
leaf_weight=2.3784631492839705 0.022012521218584769 0.014781620145647878 0.060014811052496952 0.053685787527797402 0.0047719067151773533 0.02348392937801691 0.0015877122164056354 0.043179331911346708 0.0085757048188952467 0.00850136518725364 0.0083633775737510518 0.0047421765484613188 0.0019451436625956831 0.0057934919022955 0.0037972789732805268 0.058554481714963913 0.016906360235232398 0.0012784184655174613 0.0016181727205548668 0.036958939199394414 2.5772281410618443 0.0038643394873361095
leaf_count=24132 31 33 8 33 38 10 92 40 49 82 4 37 21 10 5 7 20 1 64 373 26051 39
internal_value=-0.0602444 0.0375858 0.00627126 0.035255 -0.0666525 -0.0661622 0.0670684 0.0670913 0.0670343 0.067039 0.0670264 -0.0666711 0.0667127 -0.066685 0.0667167 0.0670416 0.067039 0.0667198 0.0667157 -0.0666711 -0.0666711 -0.0666711
internal_weight=5.34011 0.328286 0.159197 0.113701 5.01182 0.0454965 0.169089 0.158862 0.115683 0.100901 0.0168647 5.00705 0.0102267 0.0105357 0.00863901 0.0840365 0.0254821 0.00669387 0.00289659 4.99651 2.61805 0.0408233
internal_count=51180 500 82 41 50680 41 418 235 195 162 86 50642 183 47 91 76 69 70 65 50595 26463 412
is_linear=0
shrinkage=0.1


Tree=114
num_leaves=26
num_cat=0
split_feature=9 5 6 10 9 7 8 7 3 9 9 6 10 2 0 1 7 5 6 8 1 7 0 4 6
split_gain=0.28207 0.0299726 0.0288193 0.0120075 0.000164484 6.41247e-07 8.24491e-08 1.43466e-07 1.96039e-08 4.08425e-06 5.50564e-06 6.30674e-09 1.18085e-08 2.91933e-09 4.96613e-09 6.93397e-09 1.10862e-09 1.45713e-10 7.78799e-11 5.86773e-11 1.4899e-11 1.31195e-11 4.44089e-16 5.55112e-17 5.55112e-17
threshold=0.035252692626346303 7.5000000000000009 2620.5000000000005 0.53708791208791218 0.033413078149920207 302.50000000000006 5329.5000000000009 445.50000000000006 4.5000000000000009 0.011799512704490051 0.013114895080839352 659.50000000000011 0.53950103950103967 4.5000000000000009 8.5000000000000018 5.5000000000000009 42.500000000000007 5.5000000000000009 3756.5000000000005 892.50000000000011 2.5000000000000004 779.50000000000011 7.5000000000000009 214.50000000000003 -5203.9999999999991
decision_type=2 2 2 2 2 2 2 2 2 2 2 2 2 2 2 2 2 2 2 2 2 2 2 2 2
left_child=4 2 3 5 8 -2 13 -8 9 24 -11 -9 21 16 15 -15 -3 22 -19 -18 -21 -13 -10 -24 -1
right_child=1 6 -4 -5 -6 -7 7 11 17 10 -12 12 -14 14 -16 -17 19 18 -20 20 -22 -23 23 -25 -26
leaf_value=0.066671915367675166 0.066644896490347424 -0.06696098139627836 -0.05043041712738211 -0.014376337883750978 0.049522528571327523 0.065938060066561541 -0.067286975306652175 -0.066988795460414086 0.066671915353428049 0.066671974107250925 0.057189268665991215 -0.066691021230049705 -0.066949940756759183 -0.066871413460012546 -0.066994032840589177 -0.066994331630629789 -0.066999395113983937 0.066674230053745773 0.066691254274644299 -0.066987830150155706 -0.066993004301946865 -0.066675682843901088 0.066671915366626797 0.066671915367658194 0.066671915395864853
leaf_weight=0.0067295005210326045 0.028967097837778649 0.012903723148439891 0.068701950583265531 0.028553547347883068 0.0055991059343795105 0.023045965934670676 0.027374975766302448 0.01441634931632052 4.7807788453719695 0.0014333191356854505 0.0010688504527820442 0.0010595677171725271 0.0063856750782661786 0.012357946860561242 0.014613047029911286 0.0073004984296858302 0.014909144771422689 0.0049236622799070373 0.0059157110226806253 0.0074482637030186529 0.022012407811189405 0.0011772047284999976 0.68758966727182258 0.0024792896656435906 0.47342926789133333
leaf_count=57 22 33 27 9 38 24 25 12 40494 12 177 17 24 56 8 1 18 36 11 53 38 133 5824 21 4010
internal_value=0.0619662 -0.0341331 -0.00284754 0.037728 0.0666542 0.0663317 -0.0670295 -0.0671322 0.0666702 0.0666509 0.0626213 -0.0669483 -0.0668807 -0.066973 -0.0669499 -0.0669171 -0.0669868 0.0666719 0.0666835 -0.0669943 -0.0669917 -0.0666829 0.0666719 0.0666719 0.0666719
internal_weight=6.26117 0.291227 0.149269 0.0805666 5.96995 0.0520131 0.141959 0.0504138 5.96435 0.482661 0.00250217 0.0230388 0.00862245 0.091545 0.0342715 0.0196584 0.0572735 5.48169 0.0108394 0.0443698 0.0294607 0.00223677 5.47085 0.690069 0.480159
internal_count=51180 500 82 55 50680 46 418 211 50642 4256 189 186 174 207 65 57 142 46386 47 109 91 150 46339 5845 4067
is_linear=0
shrinkage=0.1


Tree=115
num_leaves=24
num_cat=0
split_feature=3 9 9 4 9 8 2 10 10 9 5 6 9 4 4 4 4 4 8 1 2 6 6
split_gain=7.59129e-08 1.01711e-05 1.71369e-10 3.08512e-11 1.74605e-11 4.85924e-12 3.97449e-12 1.33425e-12 1.08452e-12 2.61749e-13 4.32987e-15 3.27581e-15 7.77156e-16 1.11022e-16 1.11022e-16 1.11022e-16 1.11022e-16 1.11022e-16 5.55112e-17 6.93889e-18 2.1684e-19 2.1684e-19 2.1684e-19
threshold=4.5000000000000009 0.011142147734326502 0.035252692626346303 167.50000000000003 0.037786843447220754 3995.5000000000005 6.5000000000000009 0.52086956521739147 0.57793522267206487 0.037786843447220754 5.5000000000000009 2458.5000000000005 0.033241252302025757 220.50000000000003 216.50000000000003 213.50000000000003 210.50000000000003 167.50000000000003 9840.5000000000018 8.5000000000000018 2.5000000000000004 3086.5000000000005 2704.5000000000005
decision_type=2 2 2 2 2 2 2 2 2 2 2 2 2 2 2 2 2 2 2 2 2 2 2
left_child=1 19 10 7 -5 8 -7 9 -6 -4 12 -12 13 14 15 16 17 -2 -19 -1 -21 -16 -18
right_child=2 -3 3 4 5 6 -8 -9 -10 -11 11 -13 -14 -15 21 -17 22 18 -20 20 -22 -23 -24
leaf_value=-0.066668063189363358 -0.066668063093507923 -0.056689303511815448 -0.066672324100264455 -0.066689966246334137 -0.066680811012720997 -0.06667263918961161 -0.066680119190642248 -0.066675714801286007 -0.066684652244851525 -0.066670401698078391 -0.066668081514277708 -0.066668336513383539 -0.066668142857566295 -0.066668063189323126 -0.066668063189318436 -0.06666806318933606 -0.066668063189333174 -0.06666806313901262 -0.066668063189361443 -0.06666806318931072 -0.066668063189316576 -0.066668063189297369 -0.066668063189309304
leaf_weight=0.12454224168322969 0.84066796943807121 0.0010297116793651631 0.002145666381693557 0.002582928436140719 0.0012924442034147887 0.001135789751621985 0.0018964827928016348 0.0011084553112326034 0.0017041845493395158 0.0010572594037512317 0.0010015161069533143 0.0010136077498827945 0.001062377472408226 0.0018181349150837569 0.0016300519928337245 0.0026645080652089028 0.0024137308355421929 0.57321405318725738 0.027742231031879783 0.0012538861483335486 0.0014106219168752432 0.0010031089186668396 0.0012225389946252108
leaf_count=3973 26818 198 17 19 87 189 27 37 28 96 32 28 32 58 52 85 77 18286 885 40 45 32 39
internal_value=-0.0666617 -0.0665879 -0.0666682 -0.0666796 -0.0666831 -0.0666801 -0.0666773 -0.0666727 -0.066683 -0.0666717 -0.0666681 -0.0666682 -0.0666681 -0.0666681 -0.0666681 -0.0666681 -0.0666681 -0.0666681 -0.0666681 -0.0666681 -0.0666681 -0.0666681 -0.0666681
internal_weight=1.59661 0.128236 1.46838 0.0129232 0.00861183 0.0060289 0.00303227 0.00431138 0.00299663 0.00320293 1.45545 0.00201512 1.45344 1.45238 1.45056 1.44793 1.44526 1.44162 0.600956 0.127207 0.00266451 0.00263316 0.00363627
internal_count=51180 4256 46924 500 350 331 216 150 115 113 46424 60 46364 46332 46274 46190 46105 45989 19171 4058 85 84 116
is_linear=0
shrinkage=0.1


Tree=116
num_leaves=31
num_cat=0
split_feature=5 5 6 0 6 8 9 4 8 10 8 6 9 9 0 10 2 10 0 10 9 0 7 7 9 9 7 7 9 9
split_gain=0.295157 0.0277223 0.032889 0.00310043 0.00795612 2.79097e-07 1.04495e-07 8.2495e-08 6.03667e-08 1.34016e-08 2.98608e-09 4.21448e-09 1.84753e-09 1.16993e-09 6.61223e-10 5.38167e-11 2.72186e-11 2.75516e-11 1.4987e-11 1.22797e-13 9.74776e-14 4.44089e-16 2.22045e-16 1.11022e-16 1.11022e-16 1.11022e-16 5.55112e-17 5.55112e-17 1.38778e-17 8.67362e-19
threshold=5.5000000000000009 6.5000000000000009 3663.5000000000005 3.5000000000000004 2136.5000000000005 -2568.4999999999995 0.044568590937306009 167.50000000000003 9046.0000000000018 0.56904761904761914 5148.5000000000009 242.50000000000003 0.035252692626346303 0.037786843447220754 5.5000000000000009 0.46247654784240155 6.5000000000000009 0.46547619047619054 6.5000000000000009 0.53950103950103967 0.033413078149920207 13.500000000000002 42.500000000000007 794.50000000000011 0.031031826279551204 0.027100470035252604 657.50000000000011 505.50000000000006 0.022367214208288154 0.029484207476093854
decision_type=2 2 2 2 2 2 2 2 2 2 2 2 2 2 2 2 2 2 2 2 2 2 2 2 2 2 2 2 2 2
left_child=12 2 7 4 -3 -5 13 -2 10 -9 14 -12 20 -7 -8 -15 17 -17 -16 -19 21 22 -1 26 25 -25 27 -24 -29 -27
right_child=1 3 -4 5 -6 6 8 9 -10 -11 11 -13 -14 15 18 16 -18 19 -20 -21 -22 -23 23 24 -26 29 -28 28 -30 -31
leaf_value=-0.066670522065593998 -0.066723127767339449 -0.04203997021872459 0.041541157757309752 0.06740603263852557 0.067160678295328569 0.066763882353633008 0.06697232031790111 -0.066919722976349669 0.06714465778011014 -0.067077147842664372 0.066994566737665615 0.066890357077844909 -0.06671453694700924 0.066687442240973102 0.066995132272860899 0.066715014267228742 0.066715127659110474 0.066694632934071796 0.066991686622774549 0.066696177562261566 -0.06667114476520207 -0.066670522045081823 -0.066670522037857491 -0.066670522061320667 -0.066670522045048572 -0.066670522033708726 -0.066670522059639678 -0.06667052208701163 -0.066670521996393325 -0.066670522034027943
leaf_weight=2.2961338202051915 0.024545435735490062 0.0098274581075656897 0.070537863561185077 0.018393727767033852 0.020778735817657434 0.0058725767362375345 0.020225132741870766 0.012078264815500006 0.029415659602797462 0.0097914691286860034 0.0073236250048012161 0.0082555700869857418 0.0095575357554479323 0.0014268554078853413 0.029460332076496343 0.0010960901895487041 0.0033719831915277609 0.0010508879147579364 0.022087416724325237 0.0010087069780055913 0.0025184202968374638 0.010666299531294388 0.58196391918803447 1.1391309626971735 0.0019077934121015652 0.010666299538570567 0.15548583432118557 0.15782844680757835 0.016910011898391808 0.002167953260830747
leaf_count=26589 21 52 16 7 13 17 29 42 36 4 4 68 9 78 20 2 15 47 46 34 25 123 6745 13152 22 123 1795 1821 199 26
internal_value=-0.0601408 0.0364129 -0.00147565 0.0610862 0.032097 0.0670413 0.06699 -0.066849 0.0670208 -0.0669902 0.066979 0.0669393 -0.0666706 0.06673 0.0669876 0.066705 0.0667089 0.0667022 0.0669937 0.0666954 -0.0666705 -0.0666705 -0.0666705 -0.0666705 -0.0666705 -0.0666705 -0.0666705 -0.0666705 -0.0666705 -0.0666705
internal_weight=4.68149 0.296548 0.116953 0.179595 0.0306062 0.148989 0.130595 0.0464152 0.116768 0.0218697 0.0873521 0.0155792 4.38494 0.0138271 0.0717729 0.00795452 0.00652767 0.00315569 0.0515477 0.00205959 4.37538 4.37286 4.3622 2.06606 1.15387 1.15197 0.912188 0.756702 0.174738 0.0128343
internal_count=51180 551 83 468 65 403 396 67 203 46 167 72 50629 193 95 176 98 83 66 81 50620 50595 50472 23883 13323 13301 10560 8765 2020 149
is_linear=0
shrinkage=0.1


Tree=117
num_leaves=29
num_cat=0
split_feature=9 5 10 2 9 10 8 7 3 9 9 6 10 2 0 1 1 7 5 6 8 1 10 0 7 9 7 7
split_gain=0.248952 0.0267969 0.0248102 0.0113892 0.000176131 4.93318e-07 5.50075e-08 9.64362e-08 2.8118e-08 5.77341e-06 6.25609e-06 4.31996e-09 8.02414e-09 1.98947e-09 3.37328e-09 4.69767e-09 1.45784e-08 7.42377e-10 1.44027e-10 6.92794e-11 3.92396e-11 1.01398e-11 1.76427e-12 4.44089e-16 4.44089e-16 5.55112e-17 1.38778e-17 1.73472e-18
threshold=0.035252692626346303 7.5000000000000009 0.45346320346320351 3.5000000000000004 0.033413078149920207 0.40824915824915831 5329.5000000000009 445.50000000000006 4.5000000000000009 0.011799512704490051 0.012779683161848751 659.50000000000011 0.53950103950103967 4.5000000000000009 8.5000000000000018 5.5000000000000009 2.5000000000000004 42.500000000000007 5.5000000000000009 3756.5000000000005 892.50000000000011 2.5000000000000004 0.45346320346320351 12.500000000000002 2206.5000000000005 0.0071685508735868011 2262.5000000000005 2002.5000000000002
decision_type=2 2 2 2 2 2 2 2 2 2 2 2 2 2 2 2 2 2 2 2 2 2 2 2 2 2 2 2
left_child=4 2 5 -4 8 -2 13 -8 9 25 -11 -9 22 17 15 16 -15 -3 23 -20 -19 -22 -13 24 -10 -1 -26 -25
right_child=1 6 3 -5 -6 -7 7 11 18 10 -12 12 -14 14 -16 -17 -18 20 19 -21 21 -23 -24 27 26 -27 -28 -29
leaf_value=0.066671257915591656 0.065755241125658823 -0.066924051519470909 -0.063618113855483049 0.0042557547303002452 0.047987166031920263 0.066478161636605776 -0.067208952714960787 -0.06694834067322579 0.066671257920060387 0.066671326782348467 0.056053175774798764 -0.066678371768162714 -0.066914458513992234 -0.066930411993471856 -0.066952981071940837 -0.066953242376346769 -0.066687731590503993 -0.066957639216114945 0.066673748594543294 0.06669045610704917 -0.066947503386197413 -0.066952064459501776 -0.066684302877023122 0.066671257915588505 0.066671257915587964 0.06667126736829769 0.066671257915590934 0.066671257915585036
leaf_weight=0.41764109495852419 0.018761190122404792 0.011300751985793292 0.048702954294867588 0.050209137153065804 0.0050513889436841755 0.01899804431013763 0.023987175517150568 0.012622578940522544 4.5580948205752074 0.0011529868497746057 0.0010696857682432892 0.0010053866453298968 0.0055916707290663767 0.0070501862026048912 0.012796289160633023 0.0063928505405783645 0.0038147533667824973 0.013054967866423794 0.0043830162903758518 0.0057218897563870996 0.0065235431566348359 0.019277220274943829 0.0010007230680060507 0.021181698284635675 0.017771961487596744 0.0025882643822114906 0.18030274881311925 0.010642511821060907
leaf_count=4042 31 33 8 33 38 10 25 12 44114 11 178 88 24 17 8 1 39 18 36 11 53 38 62 205 172 25 1745 103
internal_value=0.0618897 -0.0334066 -0.00283974 -0.0291644 0.066651 0.066119 -0.0669838 -0.0670733 0.0666691 0.0666444 0.0615612 -0.0669125 -0.0668529 -0.0669344 -0.0669141 -0.0668852 -0.0668452 -0.0669466 0.0666713 0.0666832 -0.0669532 -0.0669509 -0.0666813 0.0666713 0.0666713 0.0666713 0.0666713 0.0666713
internal_weight=5.48669 0.261089 0.136671 0.0989121 5.2256 0.0377592 0.124418 0.0442075 5.22055 0.422452 0.00222267 0.0202204 0.00759778 0.0802106 0.0300541 0.0172578 0.0108649 0.0501565 4.7981 0.0101049 0.0388557 0.0258008 0.00200611 4.78799 4.75617 0.420229 0.198075 0.0318242
internal_count=51180 500 82 41 50680 41 418 211 50642 4256 189 186 174 207 65 57 56 142 46386 47 109 91 150 46339 46031 4067 1917 308
is_linear=0
shrinkage=0.1


Tree=118
num_leaves=31
num_cat=0
split_feature=3 9 9 4 9 8 8 10 6 9 5 9 0 5 1 9 7 9 9 9 9 9 9 6 8 9 6 6 7 8
split_gain=1.08472e-07 1.22596e-05 1.20784e-10 2.13712e-11 1.20517e-11 3.2403e-12 1.61869e-12 1.10914e-12 6.00072e-13 5.76104e-14 3.44169e-15 7.77156e-16 1.11022e-16 2.22045e-16 5.55112e-17 1.11022e-16 5.55112e-17 5.55112e-17 1.11022e-16 5.55112e-17 5.55112e-17 1.11022e-16 5.55112e-17 6.93889e-18 6.93889e-18 6.93889e-18 3.46945e-18 3.46945e-18 3.46945e-18 5.20417e-18
threshold=4.5000000000000009 0.008032258064516103 0.035252692626346303 167.50000000000003 0.037786843447220754 3995.5000000000005 9840.5000000000018 0.52086956521739147 2347.5000000000005 0.037235096058625454 5.5000000000000009 0.032876959106467256 14.500000000000002 3.5000000000000004 10.500000000000002 0.019184762605815205 205.50000000000003 0.018561584840654555 0.017817460317460256 0.016172624237140353 0.012945119396732251 0.012307808831326152 0.010389680483592352 2037.5000000000002 4835.5000000000009 0.022284295468653004 4967.0000000000009 -852.49999999999989 1764.5000000000002 5507.5000000000009
decision_type=2 2 2 2 2 2 2 2 2 2 2 2 2 2 2 2 2 2 2 2 2 2 2 2 2 2 2 2 2 2
left_child=1 -1 10 7 -5 8 -7 9 -6 -4 11 12 13 14 15 17 24 18 19 20 21 22 -2 -18 25 -15 28 -27 29 -25
right_child=2 -3 3 4 5 6 -8 -9 -10 -11 -12 -13 -14 16 -16 -17 23 -19 -20 -21 -22 -23 -24 26 -26 27 -28 -29 -30 -31
leaf_value=-0.066667882228017214 -0.066667882228017991 -0.055901563908802347 -0.066671449880556219 -0.066687285953178285 -0.066679732191754812 -0.06667407295576698 -0.066679033565986312 -0.066674910693608577 -0.066682748097880981 -0.066670533879160276 -0.066668021240227554 -0.066667964446776154 -0.066667882227944952 -0.066667885232765733 -0.06666788222798041 -0.066667888686101004 -0.066667884791237572 -0.066667887803465234 -0.066667884548567549 -0.066667882642392706 -0.066667882922611513 -0.066667882227988556 -0.066667882228010053 -0.066667885259975884 -0.066667884781584502 -0.06666788838931885 -0.066667882491458802 -0.066667888064729841 -0.066667882477990228 -0.06666788264871823
leaf_weight=0.11119143225187156 1.0792125738771545 0.0010678058210373811 0.0016100803186417378 0.002303313644915761 0.0014444079782833796 0.0015435513683197399 0.0011463136391576256 0.0010192052289710318 0.0012144161524823005 0.0011970999175900943 0.0017688693969831739 0.0011071364442615242 0.0010150710568269652 0.0097666296514945516 0.0019752734078793957 0.0021124451723154572 0.047735774032844347 0.0012071115270374513 0.0010973741154886021 0.0035115971695632844 0.0057612141063146929 0.0025239604656236416 0.0094648517460883541 0.016378308673665742 0.0081205684546148404 0.025596251331080566 0.0041425872859690563 0.025212170303348103 0.01528093455817725 0.010809135037561646
leaf_count=4053 39338 203 15 19 76 173 43 37 39 98 60 38 37 356 72 77 1740 44 40 128 210 92 345 597 296 933 151 919 557 394
internal_value=-0.0666597 -0.0665655 -0.066668 -0.0666782 -0.0666812 -0.0666786 -0.0666762 -0.0666721 -0.0666811 -0.0666711 -0.0666679 -0.0666679 -0.0666679 -0.0666679 -0.0666679 -0.0666679 -0.0666679 -0.0666679 -0.0666679 -0.0666679 -0.0666679 -0.0666679 -0.0666679 -0.0666679 -0.0666679 -0.0666679 -0.0666679 -0.0666679 -0.0666679 -0.0666679
internal_weight=1.39754 0.112259 1.28528 0.0114784 0.007652 0.00534869 0.00268987 0.00382639 0.00265882 0.00280718 1.2738 1.27203 1.27092 1.26991 1.10687 1.10489 0.163042 1.10278 1.10157 1.10047 1.09696 1.0912 1.08868 0.0943467 0.0686956 0.0605751 0.046611 0.0508084 0.0424684 0.0271874
internal_count=51180 4256 46924 500 350 331 216 150 115 113 46424 46364 46326 46289 40346 40274 5943 40197 40153 40113 39985 39775 39683 3439 2504 2208 1699 1852 1548 991
is_linear=0
shrinkage=0.1


Tree=119
num_leaves=26
num_cat=0
split_feature=9 5 10 2 9 10 4 2 7 8 4 5 6 10 7 4 6 7 8 0 0 6 6 1 2
split_gain=0.26002 0.0246634 0.0245033 0.0103148 0.000246996 1.007e-06 6.15836e-08 6.0661e-08 7.80152e-10 1.48098e-10 1.8999e-10 1.37315e-10 5.03345e-11 4.05064e-11 1.22474e-11 1.10946e-11 5.48372e-11 3.79358e-12 4.70556e-12 2.22045e-16 2.22045e-16 1.11022e-16 1.11022e-16 6.93889e-18 8.67362e-19
threshold=0.035252692626346303 7.5000000000000009 0.45346320346320351 3.5000000000000004 0.033413078149920207 0.40824915824915831 178.50000000000003 5.5000000000000009 42.500000000000007 5329.5000000000009 177.50000000000003 5.5000000000000009 3851.0000000000005 0.46247654784240155 748.50000000000011 177.50000000000003 3086.5000000000005 843.50000000000011 1181.5000000000002 10.500000000000002 2.5000000000000004 2973.5000000000005 2830.5000000000005 1.5000000000000002 5.5000000000000009
decision_type=2 2 2 2 2 2 2 2 2 2 2 2 2 2 2 2 2 2 2 2 2 2 2 2 2
left_child=4 2 5 -4 11 -2 7 8 -3 15 -11 19 -13 -8 -15 16 -10 -16 -19 20 21 22 -1 24 -21
right_child=1 6 3 -5 -6 -7 13 -9 9 10 -12 12 -14 14 17 -17 -18 18 -20 23 -22 -23 -24 -25 -26
leaf_value=-0.066670038162188736 -0.065291682327740727 0.066923341298336089 0.063980034048285311 -0.00047457550090246537 -0.04190293960285954 -0.066362494361206212 0.066685178767920683 0.0671061334627822 0.066943966955882159 0.066929647173688822 0.066953887306836518 -0.066673876469678692 -0.066689246788032161 0.066697011226717035 0.066709685801859681 0.066954255700124379 0.06695517511967268 0.066709278775795897 0.066700022618941313 -0.066670038104591961 -0.066670038132482193 -0.066670038104576002 -0.066670038104552243 -0.066670038104597873 -0.066670038104567286
leaf_weight=1.2392066778702981 0.016943067314514226 0.011336485241933758 0.048931738656392554 0.050404809625320013 0.0040308310417457296 0.018233095750474604 0.0012226222088429495 0.033295026185044208 0.0065809745426577129 0.0065218170637066919 0.0064127598377581307 0.0037436716083901755 0.0049447245255578309 0.0014902540840040501 0.0029087028280940785 0.044904564507305622 0.012965097585592389 0.0010000928186855162 0.0012182633183783764 0.0088036787346935652 2.4900903320873793 0.0032634326344124212 0.0015937694261084481 0.081965284771285951 0.0021250259014777848
leaf_count=16420 31 33 8 33 38 10 92 40 49 82 4 37 10 21 5 7 20 6 59 116 32887 43 21 1080 28
internal_value=-0.0600395 0.0358872 0.00587676 0.0312748 -0.0666441 -0.0658467 0.0669736 0.066991 0.0669478 0.0669514 0.0669417 -0.0666701 -0.0666826 0.0667019 0.066705 0.0669534 0.0669514 0.0667073 0.0667042 -0.06667 -0.06667 -0.06667 -0.06667 -0.06667 -0.06667
internal_weight=4.10414 0.264369 0.134513 0.0993365 3.83977 0.0351762 0.129857 0.122017 0.0887217 0.0773852 0.0129346 3.83574 0.0086884 0.00783994 0.00661731 0.0644506 0.0195461 0.00512706 0.00221836 3.82705 3.73415 1.24406 1.2408 0.092894 0.0109287
internal_count=51180 500 82 41 50680 41 418 235 195 162 86 50642 47 183 91 76 69 70 65 50595 49371 16484 16441 1224 144
is_linear=0
shrinkage=0.1


Tree=120
num_leaves=30
num_cat=0
split_feature=9 5 0 10 9 8 3 9 9 2 9 7 5 8 9 6 2 7 7 0 4 4 9 1 4 4 0 6 4
split_gain=0.219642 0.0243923 0.00256071 0.00679078 0.00022555 1.62179e-07 4.01627e-08 8.10341e-06 3.44899e-08 2.8687e-08 5.45477e-10 4.712e-10 9.64797e-11 5.60928e-11 7.86427e-11 4.64315e-11 5.85445e-12 4.87973e-12 3.84653e-12 2.22045e-16 2.22045e-16 5.55112e-17 5.55112e-17 2.77556e-17 3.46945e-18 3.46945e-18 8.67362e-19 8.67362e-19 4.33681e-19
threshold=0.035252692626346303 6.5000000000000009 3.5000000000000004 0.46547619047619054 0.033413078149920207 -2568.4999999999995 4.5000000000000009 0.011799512704490051 0.044568590937306009 5.5000000000000009 0.037786843447220754 42.500000000000007 5.5000000000000009 5329.5000000000009 0.04481827882744336 3756.5000000000005 6.5000000000000009 491.50000000000006 2116.5000000000005 13.500000000000002 145.50000000000003 114.50000000000001 0.0073261056247316001 6.5000000000000009 112.50000000000001 141.50000000000003 14.500000000000002 -514.49999999999989 175.50000000000003
decision_type=2 2 2 2 2 2 2 2 2 2 2 2 2 2 2 2 2 2 2 2 2 2 2 2 2 2 2 2 2
left_child=4 -2 3 -3 6 -4 7 22 10 11 -7 -10 19 17 -15 -14 -12 -13 -19 20 21 24 23 -1 -8 -25 28 -26 -21
right_child=1 2 5 -5 -6 8 12 -9 9 -11 16 13 15 14 -16 -17 -18 18 -20 26 -22 -23 -24 25 27 -27 -28 -29 -30
leaf_value=0.066670687029927331 0.0042582696204169863 0.050085545615861676 -0.067281273673451977 -0.067045273483380685 0.044798579154995494 -0.0667398149126434 0.066670687029923972 0.060257414266321287 -0.066892399528338684 -0.067058393315740011 -0.066680027047946053 -0.06691844342516215 0.066672863828400084 -0.066917895288470655 -0.06690114564639224 0.066687484361652838 -0.066687972761101541 -0.066915512157671234 -0.066917901184858145 0.066670687029916173 0.066670687028834386 0.066670687028870038 0.066670704112080592 0.066670687029924847 0.066670687029919351 0.066670687029924611 0.066670687029907347 0.066670687029892137 0.066670687029899964
leaf_weight=0.31360597733873685 0.10267147631384452 0.0072152591707350519 0.014577127382949584 0.015763439768988974 0.0047208490359479374 0.0033496721674737334 0.03590010755579065 0.0019808023763516749 0.0098689807827179038 0.01665132045354023 0.0017784618441401001 0.022533802510452006 0.0038359509853761464 0.0056127852350989389 0.005599853269473206 0.0050078717176802456 0.0019375508946466516 0.016848777693756478 0.011232444193069568 0.0053352804679888122 3.3301192971994169 0.80291449617652688 0.0018167463131248942 0.027399830200010911 0.0084098488732706755 0.024958261172287166 0.0033458538528066128 0.0018989981326740244 0.0024415690277237445
leaf_count=3468 35 53 7 12 38 14 397 189 28 30 159 15 36 4 76 11 17 44 6 59 36826 8879 20 303 93 276 37 21 27
internal_value=0.0617946 -0.0323561 -0.0606277 -0.0302665 0.0666454 -0.0669706 0.0666679 0.0666363 -0.0669231 -0.0669402 -0.0667105 -0.0669127 0.0666707 -0.0669159 -0.0669095 0.0666811 -0.0666842 -0.0669173 -0.0669165 0.0666707 0.0666707 0.0666707 0.0666707 0.0666707 0.0666707 0.0666707 0.0666707 0.0666707 0.0666707
internal_weight=4.80933 0.235641 0.132969 0.0229787 4.57369 0.109991 4.56897 0.369762 0.0954136 0.088348 0.00706568 0.0716966 4.19921 0.0618277 0.0112126 0.00884382 0.00371601 0.050615 0.0280812 4.19037 4.17924 0.849123 0.367781 0.365964 0.046209 0.0523581 0.0111227 0.0103088 0.00777685
internal_count=51180 500 465 65 50680 400 50642 4256 393 203 190 173 46386 145 80 47 176 65 50 46339 46216 9390 4067 4047 511 579 123 114 86
is_linear=0
shrinkage=0.1


Tree=121
num_leaves=22
num_cat=0
split_feature=3 9 9 4 9 8 8 10 6 9 5 9 5 7 7 9 4 7 4 4 4
split_gain=1.54485e-07 1.60717e-05 8.8387e-11 1.52887e-11 1.092e-11 2.18175e-12 1.08664e-12 9.54478e-13 4.00189e-13 2.81062e-14 2.27596e-15 6.66134e-16 1.66533e-16 2.08167e-17 1.38778e-17 1.38778e-17 6.93889e-18 1.73472e-18 8.67362e-19 2.1684e-19 1.0842e-19
threshold=4.5000000000000009 0.0076629477392835509 0.035252692626346303 167.50000000000003 0.037786843447220754 3995.5000000000005 9840.5000000000018 0.51787994891443179 2347.5000000000005 0.037235096058625454 5.5000000000000009 0.03256451042771296 1.5000000000000002 1033.5000000000002 1682.5000000000002 0.012232530300763102 187.50000000000003 2997.5000000000005 192.50000000000003 193.50000000000003 189.50000000000003
decision_type=2 2 2 2 2 2 2 2 2 2 2 2 2 2 2 2 2 2 2 2 2
left_child=1 13 10 7 -5 8 -7 9 -6 -4 11 12 -2 16 15 -14 -1 -16 -15 20 -18
right_child=2 -3 3 4 5 6 -8 -9 -10 -11 -12 -13 14 18 17 -17 19 -19 -20 -21 -22
leaf_value=-0.066667734742056714 -0.066667734880774029 -0.054020519454723942 -0.066670817014103809 -0.066685784896516623 -0.066678094575385108 -0.066673132288871395 -0.066677473936117213 -0.066674096953843826 -0.066680726215362959 -0.066670122577467225 -0.066667855971382625 -0.06666780264547012 -0.066667734880766091 -0.066667729830028222 -0.066667733265769288 -0.066667731353656598 -0.066667729829969727 -0.066667733340880914 -0.066667729829969616 -0.066667729830006864 -0.066667729829974084
leaf_weight=0.083050363089569257 0.94534314516386009 0.001015270027380665 0.0013058812182861201 0.0021131099060767156 0.0012648028605326544 0.0013534908784382793 0.0010041568916641097 0.0010797039893972737 0.0010639103689200624 0.0010526073937171532 0.0015573176733597585 0.001197416886498214 0.0083794670881616184 0.0088116465740313288 0.023577756102895364 0.1327989540714043 0.0010084173190989523 0.0019688146621774641 0.001008417319098954 0.0023049538722261786 0.0010804471276060212
leaf_count=3459 39373 205 14 19 76 173 43 42 39 94 60 47 349 367 982 5531 42 82 42 96 45
internal_value=-0.0666573 -0.0665371 -0.0666678 -0.0666771 -0.0666798 -0.0666771 -0.066675 -0.0666716 -0.0666793 -0.0666705 -0.0666677 -0.0666677 -0.0666677 -0.0666677 -0.0666677 -0.0666677 -0.0666677 -0.0666677 -0.0666677 -0.0666677 -0.0666677
internal_weight=1.22334 0.0982795 1.12506 0.0102377 0.00679947 0.00468636 0.00235765 0.00343819 0.00232871 0.00235849 1.11482 1.11327 1.11207 0.0972642 0.166725 0.141178 0.0874442 0.0255466 0.00982006 0.00439382 0.00208886
internal_count=51180 4256 46924 500 350 331 216 150 115 108 46424 46364 46317 4051 6944 5880 3642 1064 409 183 87
is_linear=0
shrinkage=0.1


Tree=122
num_leaves=23
num_cat=0
split_feature=5 5 6 0 6 8 6 9 8 6 8 6 9 9 0 7 10 2 0 8 9 1
split_gain=0.229747 0.0232345 0.0261819 0.00246526 0.00603855 1.64213e-07 6.51161e-08 4.75827e-08 2.70563e-08 1.34703e-08 1.34384e-09 1.89482e-09 9.79282e-10 8.3964e-10 2.95172e-10 9.87384e-11 2.66257e-11 1.25426e-11 6.85657e-12 9.36781e-13 9.79217e-14 4.44089e-16
threshold=5.5000000000000009 6.5000000000000009 3663.5000000000005 3.5000000000000004 2136.5000000000005 -2568.4999999999995 -2113.4999999999995 0.044568590937306009 9046.0000000000018 2244.5000000000005 5148.5000000000009 242.50000000000003 0.035252692626346303 0.037786843447220754 5.5000000000000009 688.50000000000011 0.46247654784240155 6.5000000000000009 6.5000000000000009 3636.5000000000005 0.033413078149920207 1.0000000180025095e-35
decision_type=2 2 2 2 2 2 2 2 2 2 2 2 2 2 2 2 2 2 2 2 2 2
left_child=12 2 6 4 -3 -5 -2 13 10 15 14 -12 20 -7 -9 -8 -15 19 -16 -18 21 -1
right_child=1 3 -4 5 -6 7 9 8 -10 -11 11 -13 -14 16 18 -17 17 -19 -20 -21 -22 -23
leaf_value=-0.066669617042359394 -0.067068194089055622 -0.039948545296492874 0.03814644162808583 0.067268327723043642 0.067044380635534029 0.0667501311980883 -0.066699292616956354 0.06690052006251937 0.067032216649403384 -0.066845013185764163 0.066917500415739281 0.066837706740140765 -0.066705386359851362 0.066681968963955854 0.066917940170578505 -0.066714043780696841 0.066692009025355353 0.066703746444584641 0.066915278705418052 0.066695967028625278 -0.066670308557470817 -0.066669617085560059
leaf_weight=0.090265708878595308 0.0089265173301100731 0.007883810194812213 0.061952685995493084 0.014928563721923638 0.015941063888249118 0.0052739402840416005 0.0092707755975424133 0.015506560602943864 0.022567597422114005 0.011450077246990986 0.00561540604678612 0.0063314374485727853 0.0076716861804014816 0.0011404198259015175 0.022590271932131145 0.008887989999493584 0.0013676243602844806 0.0025847430684962092 0.016937271018566236 0.001062579665799035 0.0020494628188315591 3.2590947833817085
leaf_count=1361 1 52 16 7 13 17 27 29 36 21 4 68 9 78 20 18 29 15 46 54 25 49234
internal_value=-0.0599134 0.0345628 -0.00211069 0.0609367 0.0316397 0.0669588 -0.0668314 0.066913 0.0669375 -0.0667601 0.0669056 0.0668752 -0.0666697 0.0667208 0.0669122 -0.0667065 0.0666958 0.0666989 0.0669168 0.0666937 -0.0666696 -0.0666696
internal_weight=3.5993 0.240219 0.100488 0.139731 0.0238249 0.115906 0.0385354 0.100978 0.0895485 0.0296088 0.0669809 0.0119468 3.35908 0.0114293 0.0550341 0.0181588 0.00615537 0.00501495 0.0395275 0.0024302 3.35141 3.34936
internal_count=51180 551 83 468 65 403 67 396 203 66 167 72 50629 193 95 45 176 98 66 83 50620 50595
is_linear=0
shrinkage=0.1


Tree=123
num_leaves=27
num_cat=0
split_feature=9 5 6 9 9 3 9 8 7 6 10 2 0 1 1 7 5 6 8 1 8 9 1 8 4 4
split_gain=0.195263 0.0219848 0.0212999 0.0077915 0.000237649 5.76557e-08 1.13732e-05 2.44795e-08 4.36894e-08 2.04982e-09 3.71001e-09 9.3129e-10 1.56623e-09 2.16707e-09 6.62643e-09 3.32731e-10 9.37561e-11 3.90416e-11 1.76849e-11 4.78182e-12 2.22045e-16 1.11022e-16 2.77556e-17 1.38778e-17 6.93889e-18 8.67362e-19
threshold=0.035252692626346303 7.5000000000000009 2620.5000000000005 0.038956639566395605 0.033413078149920207 4.5000000000000009 0.011799512704490051 5329.5000000000009 445.50000000000006 659.50000000000011 0.53950103950103967 4.5000000000000009 8.5000000000000018 5.5000000000000009 2.5000000000000004 42.500000000000007 5.5000000000000009 3851.0000000000005 892.50000000000011 2.5000000000000004 -8243.9999999999982 0.0073261056247316001 3.5000000000000004 -8793.4999999999982 192.50000000000003 204.50000000000003
decision_type=2 2 2 2 2 2 2 2 2 2 2 2 2 2 2 2 2 2 2 2 2 2 2 2 2 2
left_child=4 2 3 -2 5 6 21 11 -9 -10 -11 15 13 14 -13 -3 20 -18 -17 -20 23 22 24 -7 -1 -26
right_child=1 7 -4 -5 -6 16 -8 8 9 10 -12 12 -14 -15 -16 18 17 -19 19 -21 -22 -23 -24 -25 25 -27
leaf_value=0.066670183230925328 0.066505972385986808 -0.066863560146170939 -0.04537030637701478 -0.0077932696819243271 0.04311153857765708 0.066670183236367295 0.058640134870434346 -0.06708129027823144 -0.066882136180223414 -0.066678855905300927 -0.066856217835930862 -0.06686845472565435 -0.066885728817736717 -0.066885924198511859 -0.06668323263891264 -0.066889248595792317 0.066673330437143352 0.066687143617794847 -0.066881418317949456 -0.066884994757355667 0.066670183243783654 0.066670211507628363 0.066670183230925148 0.066670183244902731 0.066670183230918084 0.066670183230893035
leaf_weight=0.10525789562962007 0.038211700556928879 0.0086658720560479491 0.058943753235223023 0.022380741193387621 0.0042877627347478455 0.20054399062064476 0.0017735067354465164 0.018411260458853686 0.0096770169465116851 0.0016272673449300732 0.0042849428984235056 0.0054053349379046267 0.0098102327839342252 0.0049010450020432481 0.0030054307810019054 0.010008116557401081 0.0037561714270849533 0.004494567692745477 0.00500407160350158 0.014781191299903185 3.423414128934382 0.0015943511534715063 0.20394706544175278 0.043369418657676628 0.0090221053396817297 0.0020576731476467111
leaf_count=1330 33 33 27 22 38 2534 189 25 12 150 24 17 8 1 39 18 37 10 53 38 43257 20 2577 548 114 26
internal_value=0.0616544 -0.0311582 -0.00257168 0.0390624 0.0666414 0.0666666 0.0666262 -0.0669089 -0.066977 -0.0668538 -0.0668074 -0.0668713 -0.0668554 -0.0668331 -0.0668023 -0.0668808 0.0666702 0.0666809 -0.0668858 -0.0668841 0.0666702 0.0666702 0.0666702 0.0666702 0.0666702 0.0666702
internal_weight=4.21864 0.215118 0.119536 0.0605924 4.00352 3.99923 0.323653 0.0955818 0.0340005 0.0155892 0.00591221 0.0615813 0.023122 0.0133118 0.00841077 0.0384593 3.67558 0.00825074 0.0297934 0.0197853 3.66733 0.321879 0.320285 0.243913 0.116338 0.0110798
internal_count=51180 500 82 55 50680 50642 4256 418 211 186 174 207 65 57 56 142 46386 47 109 91 46339 4067 4047 3082 1470 140
is_linear=0
shrinkage=0.1


Tree=124
num_leaves=18
num_cat=0
split_feature=3 9 9 4 9 8 10 8 7 5 9 9 7 4 6 0 6
split_gain=2.21103e-07 2.02363e-05 6.35376e-11 1.06489e-11 7.63073e-12 1.45551e-12 6.73709e-13 4.87231e-13 2.43826e-14 1.72085e-15 5.55112e-16 2.22045e-16 2.08167e-17 6.93889e-18 6.93889e-18 8.67362e-19 8.67362e-19
threshold=4.5000000000000009 0.0073261056247316001 0.035252692626346303 167.50000000000003 0.037786843447220754 3995.5000000000005 0.48610038610038614 8823.5000000000018 28.500000000000004 5.5000000000000009 0.03256451042771296 0.019834764933446953 980.50000000000011 189.50000000000003 3756.5000000000005 6.5000000000000009 4967.0000000000009
decision_type=2 2 2 2 2 2 2 2 2 2 2 2 2 2 2 2 2
left_child=1 12 9 6 -5 -6 8 -7 -4 10 11 -2 13 -1 -13 -14 -16
right_child=2 -3 3 4 5 7 -8 -9 -10 -11 -12 14 15 -15 16 -17 -18
leaf_value=-0.066667600262559343 -0.06666760020496014 -0.052424586856819555 -0.066670508882537352 -0.066683646810046474 -0.066677876112790593 -0.066672673557663029 -0.066673213360304559 -0.066675727352929537 -0.066669820270246219 -0.066667711888456507 -0.066667673974999203 -0.066667603898828698 -0.066667604456020366 -0.066667604456005655 -0.066667603907850467 -0.066667604455980675 -0.066667604012953685
leaf_weight=0.072872901582741179 0.85266337959365046 0.0010093742079675385 0.0010556525634228819 0.0018972682141793484 0.0020685699404801028 0.0010909941594103856 0.0011289408207773022 0.0010025906090085357 0.0010025178024761772 0.0013682887283721348 0.0010609027776808935 0.10996075422190188 0.0079008682223502547 0.0028787737937818738 0.0079639070645498578 0.001386854528391269 0.0026686443197831986
leaf_count=3468 40578 209 24 19 115 150 54 66 72 60 47 5233 376 137 379 66 127
internal_value=-0.0666542 -0.0665005 -0.0666677 -0.0666759 -0.0666784 -0.066676 -0.0666713 -0.0666741 -0.0666702 -0.0666676 -0.0666676 -0.0666676 -0.0666676 -0.0666676 -0.0666676 -0.0666676 -0.0666676
internal_weight=1.07098 0.0860488 0.984932 0.00924653 0.00605942 0.00416215 0.00318711 0.00209358 0.00205817 0.975686 0.974318 0.973257 0.0850394 0.0757517 0.120593 0.00928772 0.0106326
internal_count=51180 4256 46924 500 350 331 150 216 96 46424 46364 46317 4047 3605 5739 442 506
is_linear=0
shrinkage=0.1


Tree=125
num_leaves=22
num_cat=0
split_feature=5 5 6 0 1 8 6 9 8 10 6 8 6 9 9 0 7 2 0 7 9
split_gain=0.204138 0.0208572 0.0242595 0.00228821 0.00634169 1.09968e-07 5.23487e-08 3.21457e-08 1.81225e-08 1.55527e-08 1.09647e-08 8.99778e-10 1.26916e-09 7.9911e-10 5.49154e-10 1.97459e-10 7.92718e-11 1.67841e-11 4.58204e-12 2.9355e-12 8.23785e-14
threshold=5.5000000000000009 6.5000000000000009 3663.5000000000005 3.5000000000000004 3.5000000000000004 -2568.4999999999995 -2113.4999999999995 0.044568590937306009 9046.0000000000018 0.52277432712215333 2244.5000000000005 5148.5000000000009 242.50000000000003 0.035252692626346303 0.037786843447220754 5.5000000000000009 688.50000000000011 6.5000000000000009 6.5000000000000009 231.50000000000003 0.033413078149920207
decision_type=2 2 2 2 2 2 2 2 2 2 2 2 2 2 2 2 2 2 2 2 2
left_child=13 2 6 4 9 -5 -2 14 11 -3 16 15 -13 20 -7 -9 -8 19 -17 -16 -1
right_child=1 3 -4 5 -6 7 10 8 -10 -11 -12 12 -14 -15 17 18 -18 -19 -20 -21 -22
leaf_value=-0.066669253356352987 -0.067040561762876316 0.066854840640887675 0.037094932651518919 0.06719264120956546 -0.051368465692700351 0.066738911904041978 -0.06669723592538282 0.066871238079001055 0.066986411196292214 0.067063066507188282 -0.066833825229600394 0.066886084624247374 0.066816288420460751 -0.066702733183471752 0.066690114562241068 0.06688646452797721 -0.06671096955056903 0.066697473405645274 0.06688413935563603 0.066683313610510664 -0.066669924355441418
leaf_weight=2.9312964348836705 0.0083189941942691803 0.0060487660698527188 0.060493536002468318 0.013078809760600052 0.0065115901049921368 0.004696308287748252 0.008575508305511792 0.013576468029441457 0.019764167971153768 0.0088138533756136894 0.010600392979540629 0.0049166011156103195 0.0055418162669162996 0.007146741554606594 0.0011314314946275772 0.019779069109631564 0.0082426607659726869 0.0028104411402409823 0.014829473842901564 0.0014454888881374472 0.0018333084881304576
leaf_count=50595 1 48 16 7 16 17 27 29 36 1 21 4 68 9 14 20 18 17 46 145 25
internal_value=-0.0597294 0.0333717 -0.0014965 0.0606637 0.0309243 0.066922 -0.0668208 0.066882 0.0669036 0.0669783 -0.0667542 0.0668757 0.0668491 -0.0666693 0.0667139 0.0668815 -0.066704 0.0666921 0.0668855 0.0666863 -0.0666693
internal_weight=3.15945 0.219175 0.0962311 0.122944 0.0213742 0.10157 0.0357376 0.0884913 0.0784076 0.0148626 0.0274186 0.0586434 0.0104584 2.94028 0.0100837 0.048185 0.0168182 0.00538736 0.0346085 0.00257692 2.93313
internal_count=51180 551 83 468 65 403 67 396 203 49 66 167 72 50629 193 95 45 176 66 159 50620
is_linear=0
shrinkage=0.1


Tree=126
num_leaves=24
num_cat=0
split_feature=9 5 6 10 9 7 3 9 8 7 6 10 2 0 1 1 7 5 6 8 1 9 9
split_gain=0.172846 0.0196809 0.0178413 0.00722416 0.000249003 9.04225e-07 8.2237e-08 1.5782e-05 1.64329e-08 2.92503e-08 1.37319e-09 2.48812e-09 6.40538e-10 1.07022e-09 1.47538e-09 4.47068e-09 2.23508e-10 9.02889e-11 3.38452e-11 1.18334e-11 3.19158e-12 1.38778e-16 1.38778e-17
threshold=0.035252692626346303 7.5000000000000009 2620.5000000000005 0.53708791208791218 0.033413078149920207 302.50000000000006 4.5000000000000009 0.011799512704490051 5329.5000000000009 445.50000000000006 659.50000000000011 0.53950103950103967 4.5000000000000009 8.5000000000000018 5.5000000000000009 2.5000000000000004 42.500000000000007 5.5000000000000009 3851.0000000000005 892.50000000000011 2.5000000000000004 0.0073261056247316001 0.0063092110500756011
decision_type=2 2 2 2 2 2 2 2 2 2 2 2 2 2 2 2 2 2 2 2 2 2 2
left_child=4 2 3 5 6 -2 7 21 12 -10 -11 -12 16 14 15 -14 -3 -8 -19 -18 -21 22 -1
right_child=1 8 -4 -5 -6 -7 17 -9 9 10 11 -13 13 -15 -16 -17 19 18 -20 20 -22 -23 -24
leaf_value=0.066669744587218804 0.066463213571372401 -0.066838881264086089 -0.042324507875075121 -0.009440521126176396 0.041393035375932523 0.065431852848035557 0.066669744588881683 0.056696671982205293 -0.067029260211199829 -0.06685513562546104 -0.066677320065148538 -0.066832504171786711 -0.066843203583447419 -0.066858298793719587 -0.066858475487480196 -0.066681481190100242 -0.06686137528890887 0.066673070148305258 0.066686423246179918 -0.066854532880207429 -0.066857655554069736 0.066669777951840078 0.066669744587175617
leaf_weight=0.27878298242285504 0.018918159070665498 0.0075882983981494503 0.055789906856922013 0.020131574881133929 0.0039030403931973314 0.015437344275824216 3.209571334853536 0.0015957206062466858 0.016125708895074833 0.0084713775991076545 0.0014258828242236865 0.003751459274994328 0.0047322705963210865 0.0085889516710722091 0.0042909029871225357 0.0026759475243238739 0.0087627224982043117 0.00337612142175192 0.0043359840929042548 0.0043810693188004448 0.012941455426869197 0.0014007643258082672 0.0015237827610690138
leaf_count=4025 22 33 27 9 38 24 46339 189 25 12 150 24 17 8 1 39 18 37 10 53 38 20 22
internal_value=0.0615506 -0.0303279 -0.00257422 0.0381265 0.0666371 0.0659998 0.0666652 0.0666136 -0.0668784 -0.0669381 -0.0668303 -0.0667898 -0.0668455 -0.0668315 -0.0668118 -0.0667848 -0.066854 0.0666698 0.0666806 -0.0668584 -0.0668569 0.0666697 0.0666697
internal_weight=3.6985 0.194013 0.110277 0.0544871 3.50449 0.0343555 3.50059 0.283303 0.083736 0.0297744 0.0136487 0.00517734 0.0539616 0.0202881 0.0116991 0.00740822 0.0336735 3.21728 0.00771211 0.0260852 0.0173225 0.281708 0.280307
internal_count=51180 500 82 55 50680 46 50642 4256 418 211 186 174 207 65 57 56 142 46386 47 109 91 4067 4047
is_linear=0
shrinkage=0.1


Tree=127
num_leaves=14
num_cat=0
split_feature=3 9 9 4 9 8 10 9 5 6 4 8 4
split_gain=3.14512e-07 2.50048e-05 4.40709e-11 7.18619e-12 5.02015e-12 1.11367e-12 5.31422e-13 1.33227e-15 1.11022e-16 2.09034e-16 5.55112e-17 5.55112e-17 6.93889e-18
threshold=4.5000000000000009 0.0071685508735868011 0.035252692626346303 167.50000000000003 0.037786843447220754 3995.5000000000005 0.48610038610038614 0.03256451042771296 4.5000000000000009 2580.5000000000005 213.50000000000003 8642.0000000000018 198.50000000000003
decision_type=2 2 2 2 2 2 2 2 2 2 2 2 2
left_child=1 12 7 6 -5 -6 -4 8 10 -10 11 -2 -1
right_child=2 -3 3 4 5 -7 -8 -9 9 -11 -12 -13 -14
leaf_value=-0.066667482687741059 -0.066667482703152148 -0.050872739580463289 -0.066669778915513345 -0.066681563025146148 -0.066676684619296309 -0.066673203142294732 -0.066672626102872876 -0.06666757717188676 -0.066667482585296242 -0.066667540757023039 -0.066667482687725946 -0.06666748268774042 -0.066667482687690224
leaf_weight=0.073045250384893734 0.80265181232607574 0.0010160025387335727 0.0018315243185611507 0.0016685512865706187 0.0018429948696230269 0.0018323004309461766 0.0010209950350912322 0.0014637735621363382 0.0015446602301381054 0.001029370745527558 0.0041561496946087564 0.043069480463600485 0.001287303002754924
leaf_count=3972 43646 214 96 19 115 216 54 73 84 53 226 2342 70
internal_value=-0.0666504 -0.0664545 -0.0666676 -0.0666749 -0.066677 -0.0666749 -0.0666708 -0.0666675 -0.0666675 -0.0666675 -0.0666675 -0.0666675 -0.0666675
internal_weight=0.93746 0.0753486 0.862112 0.00819637 0.00534385 0.0036753 0.00285252 0.853915 0.852451 0.00257403 0.849877 0.845721 0.0743326
internal_count=51180 4256 46924 500 350 331 150 46424 46351 137 46214 45988 4042
is_linear=0
shrinkage=0.1


Tree=128
num_leaves=27
num_cat=0
split_feature=5 5 0 0 9 8 6 9 10 8 6 8 6 9 6 7 0 7 7 2 0 9 0 4 8 7
split_gain=0.180291 0.0187143 0.0208759 0.00231826 0.00692384 9.50744e-08 3.60576e-08 2.17086e-08 1.30904e-08 1.21361e-08 6.08659e-09 6.02718e-10 8.49888e-10 5.7702e-10 3.86669e-10 1.76883e-10 1.32127e-10 1.30708e-10 6.19711e-11 2.2348e-11 3.07438e-12 7.17204e-14 2.22045e-16 2.22045e-16 1.04083e-17 4.33681e-19
threshold=5.5000000000000009 6.5000000000000009 7.5000000000000009 3.5000000000000004 0.039786861148801408 -2568.4999999999995 -2113.4999999999995 0.044568590937306009 0.52277432712215333 9046.0000000000018 2244.5000000000005 5148.5000000000009 242.50000000000003 0.035252692626346303 3199.5000000000005 445.50000000000006 5.5000000000000009 629.50000000000011 688.50000000000011 5.5000000000000009 6.5000000000000009 0.033413078149920207 13.500000000000002 121.50000000000001 -625.49999999999989 1165.5000000000002
decision_type=2 2 2 2 2 2 2 2 2 2 2 2 2 2 2 2 2 2 2 2 2 2 2 2 2 2
left_child=13 2 6 4 -3 -5 -2 14 -6 11 18 16 -13 21 19 -16 -9 -17 -8 -7 -18 22 23 24 -1 -24
right_child=1 3 -4 5 8 7 10 9 -10 -11 -12 12 -14 -15 15 17 20 -19 -20 -21 -22 -23 25 -25 -26 -27
leaf_value=-0.066668931129496942 -0.066993828347430381 -0.065210708741229667 0.034347240775241761 0.067156105505344205 0.066815980815233697 0.06667522980058263 -0.066693516127454597 0.066845630549976789 0.067013107367426716 0.066946348223681368 -0.066801913504732566 0.066858607583819896 0.066797566398057742 -0.066699008225462611 0.066752142420153412 0.066731486547849578 0.066858943285296651 0.066685637908540527 -0.066706501237344923 0.066691744047257043 0.066856907791757209 -0.0666695917955476 -0.066668931134437878 -0.066668931156205272 -0.066668931134472878 -0.066668931134469131
leaf_weight=0.048635597377142403 0.0072893826290965072 0.0055811348561292098 0.057307957322336733 0.012107159348602181 0.0059747596681063442 0.0010779849717437173 0.0075527131048146456 0.011886010783314305 0.007723282962160738 0.017306926277129264 0.0096876525312836748 0.0043045313526022255 0.0048520056611902618 0.0063945850706658139 0.001929699672619023 0.0014625657803435388 0.017316989908295 0.0010816591530229402 0.0071591920423088595 0.0034167203590413919 0.012983649432158018 0.0016427185983046702 0.0013227254530646651 2.489307080551276 0.021214481304925648 0.0049347834210493602
leaf_count=956 1 4 15 7 59 99 27 29 2 36 24 4 68 9 3 3 20 65 16 23 46 25 26 49099 417 97
internal_value=-0.0595943 0.0323566 -0.00166757 0.0601355 0.0286745 0.0668955 -0.0667987 0.0668548 0.0669271 0.0668739 -0.0667404 0.0668495 0.0668263 -0.066669 0.0667085 0.0667293 0.0668546 0.066712 -0.0666998 0.0666878 0.0668581 -0.0666689 -0.0666689 -0.0666689 -0.0666689 -0.0666689
internal_weight=2.77145 0.198002 0.0889969 0.109005 0.0192792 0.0897259 0.0316889 0.0776187 0.013698 0.0686501 0.0243996 0.0513432 0.00915654 2.57345 0.00896863 0.00447392 0.0421867 0.00254422 0.0147119 0.00449471 0.0303006 2.56706 2.56541 2.55916 0.0698501 0.00625751
internal_count=51180 551 83 468 65 403 68 396 61 203 67 167 72 50629 193 71 95 68 43 122 66 50620 50595 50472 1373 123
is_linear=0
shrinkage=0.1


Tree=129
num_leaves=26
num_cat=0
split_feature=9 5 6 9 9 3 9 8 7 6 10 2 0 1 1 7 5 6 8 1 0 4 9 4 7
split_gain=0.153101 0.017666 0.0149085 0.0065881 0.000257444 1.16473e-07 2.16244e-05 1.10025e-08 1.95796e-08 9.18905e-10 1.66691e-09 4.28732e-10 7.16701e-10 9.87865e-10 2.99481e-09 1.4962e-10 7.88234e-11 3.00704e-11 7.95948e-12 2.11764e-12 2.22045e-16 2.22045e-16 1.80411e-16 2.77556e-17 6.93889e-18
threshold=0.035252692626346303 7.5000000000000009 2620.5000000000005 0.038956639566395605 0.033413078149920207 4.5000000000000009 0.011799512704490051 5329.5000000000009 445.50000000000006 659.50000000000011 0.53950103950103967 4.5000000000000009 8.5000000000000018 5.5000000000000009 2.5000000000000004 42.500000000000007 5.5000000000000009 3851.0000000000005 892.50000000000011 2.5000000000000004 10.500000000000002 121.50000000000001 0.0073261056247316001 141.50000000000003 908.50000000000011
decision_type=2 2 2 2 2 2 2 2 2 2 2 2 2 2 2 2 2 2 2 2 2 2 2 2 2
left_child=4 2 3 -2 5 6 22 11 -9 -10 -11 15 13 14 -13 -3 20 -18 -17 -20 21 24 23 -1 -7
right_child=1 7 -4 -5 -6 16 -8 8 9 10 -12 12 -14 -15 -16 18 17 -19 19 -21 -22 -23 -24 -25 -26
leaf_value=0.066669361409833414 0.06636152853303881 -0.066817331483881179 -0.039215866613934114 -0.0088456076728371923 0.039863359437983054 0.066669361348898851 0.054395608168053028 -0.066983784826032636 -0.066831534742344545 -0.066675989227708607 -0.066811761835718297 -0.06682111423487555 -0.066834316247731076 -0.066834465368698984 -0.066679630807491924 -0.066837007556283579 0.066672276964321528 0.066685509079225977 -0.066831023922313632 -0.066833742419096925 0.066669361352546239 0.06666936136255748 0.066669400829061032 0.066669361359094501 0.066669361359056933
leaf_weight=0.051465453474521694 0.030057857369854307 0.0066430289211638687 0.053164362393074011 0.019017096690390645 0.0035885046818292512 0.071346679535055357 0.0014438601343158544 0.014122492851176262 0.0074156920630912299 0.001247807356285149 0.0032842428188095893 0.0041428335297837293 0.0075193465484062463 0.0037565391976386309 0.0023417695103375991 0.0076716909582614781 0.0029621043577207065 0.0040872208192013204 0.0038354510104912096 0.011330396168091283 0.074074462623684556 2.6617706453616847 0.0012312598046264603 0.19385444477666169 0.0017579045961610964
leaf_count=849 33 33 27 22 38 1177 189 25 12 150 24 17 8 1 39 18 37 10 53 38 1222 43911 20 3198 29
internal_value=0.0614346 -0.0293899 -0.00252759 0.0372179 0.0666323 0.0666636 0.0665979 -0.0668519 -0.0669041 -0.0668099 -0.0667744 -0.0668231 -0.0668109 -0.0667937 -0.06677 -0.0668305 0.0666694 0.0666799 -0.0668344 -0.0668331 0.0666694 0.0666694 0.0666694 0.0666694 0.0666694
internal_weight=3.24313 0.175551 0.102239 0.049075 3.06758 3.06399 0.247995 0.0733113 0.0260702 0.0119477 0.00453205 0.0472411 0.0177605 0.0102411 0.0064846 0.0294806 2.816 0.00704933 0.0228375 0.0151658 2.80895 2.73488 0.246551 0.24532 0.0731046
internal_count=51180 500 82 55 50680 50642 4256 418 211 186 174 207 65 57 56 142 46386 47 109 91 46339 45117 4067 4047 1206
is_linear=0
shrinkage=0.1


Tree=130
num_leaves=27
num_cat=0
split_feature=3 9 9 4 9 8 10 9 5 5 7 7 4 4 7 4 7 9 8 9 4 4 7 7 8 10
split_gain=4.44362e-07 3.04447e-05 3.06295e-11 4.8155e-12 3.6499e-12 7.47473e-13 4.11995e-13 1.16573e-15 2.22045e-16 4.85723e-17 7.00395e-17 2.08167e-17 1.38778e-17 6.93889e-18 6.93889e-18 3.46945e-18 3.46945e-18 3.46945e-18 1.73472e-18 1.30104e-18 4.33681e-19 4.33681e-19 4.33681e-19 2.1684e-19 2.1684e-19 1.0842e-19
threshold=4.5000000000000009 0.0069204980842911502 0.035252692626346303 167.50000000000003 0.037786843447220754 3995.5000000000005 0.47913043478260875 0.032345248474280705 1.5000000000000002 4.5000000000000009 999.50000000000011 980.50000000000011 177.50000000000003 186.50000000000003 2036.5000000000002 179.50000000000003 1655.5000000000002 0.020779360967184756 2291.5000000000005 0.019834764933446953 181.50000000000003 182.50000000000003 1203.5000000000002 2616.5000000000005 5871.0000000000009 0.51668520578420474
decision_type=2 2 2 2 2 2 2 2 2 2 2 2 2 2 2 2 2 2 2 2 2 2 2 2 2 2
left_child=1 11 7 6 -5 -6 -4 8 -2 12 -11 13 14 15 -10 -1 18 19 -14 24 22 -17 -13 -16 -18 -21
right_child=2 -3 3 4 5 -7 -8 -9 9 10 -12 20 16 -15 23 21 17 -19 -20 25 -22 -23 -24 -25 -26 -27
leaf_value=-0.06666738062686603 -0.066667380612060873 -0.049343632936400594 -0.066669366552722042 -0.066679898669991119 -0.066675432873783025 -0.066672384109491209 -0.066671971291224832 -0.066667471005651485 -0.066667385332082524 -0.066667384410941541 -0.066667420151997378 -0.066667384472527208 -0.066667384882088704 -0.066667386221661004 -0.066667382227529201 -0.066667380570680196 -0.066667385680588775 -0.066667381269592971 -0.066667384180218267 -0.06666738248085001 -0.066667386174159959 -0.066667382857968416 -0.06666738622166446 -0.06666738174489692 -0.066667386007036103 -0.066667383979173336
leaf_weight=0.051840478556187009 0.63368989822811272 0.0010305361909104241 0.0015270197046675085 0.0014907029579944719 0.001612854211288095 0.0016038523911019453 0.0010081539314654719 0.0014496783023787421 0.07081592857502983 0.001207009214340359 0.0010067603398056235 0.0013519404528778969 0.013261892074297066 0.0032028113109845427 0.0030740550773771238 0.001448507628083461 0.0015128857448871713 0.0045547517638624413 0.012103085962735349 0.0011427115732658422 0.0019152489749103552 0.0013519404528778978 0.0038465924790216377 0.0012392787484714063 0.001271467806873261 0.0010139553396584233
leaf_count=3221 39373 220 93 19 115 216 57 82 4400 75 60 84 824 199 191 90 94 283 752 71 119 84 239 77 79 63
internal_value=-0.0666457 -0.0663968 -0.0666674 -0.0666739 -0.0666758 -0.0666739 -0.0666704 -0.0666674 -0.0666674 -0.0666674 -0.0666674 -0.0666674 -0.0666674 -0.0666674 -0.0666674 -0.0666674 -0.0666674 -0.0666674 -0.0666674 -0.0666674 -0.0666674 -0.0666674 -0.0666674 -0.0666674 -0.0666674 -0.0666674
internal_weight=0.820574 0.0659881 0.754586 0.00724258 0.00470741 0.00321671 0.00253517 0.747343 0.745894 0.112204 0.00221377 0.0649575 0.10999 0.0578437 0.0751293 0.0546409 0.0348608 0.00949577 0.025365 0.00494102 0.00711378 0.00280045 0.00519853 0.00431333 0.00278435 0.00215667
internal_count=51180 4256 46924 500 350 331 150 46424 46342 6969 135 4036 6834 3594 4668 3395 2166 590 1576 307 442 174 323 268 173 134
is_linear=0
shrinkage=0.1


Tree=131
num_leaves=24
num_cat=0
split_feature=5 9 6 0 9 5 4 4 8 9 10 8 9 8 6 9 0 2 0 9 0 7 4
split_gain=0.159359 0.0173937 0.017428 0.00405845 0.00859938 0.000709941 0.000598203 0.0016831 7.8225e-08 1.17148e-08 8.73003e-09 8.12886e-09 4.13146e-10 4.04209e-10 5.69917e-10 1.41003e-10 8.82845e-11 7.84659e-12 2.08497e-12 6.12843e-14 1.11022e-16 6.93889e-18 4.33681e-19
threshold=5.5000000000000009 0.037235096058625454 3938.5000000000005 3.5000000000000004 0.040653405737221059 6.5000000000000009 168.50000000000003 187.50000000000003 -2568.4999999999995 0.044568590937306009 0.52277432712215333 9046.0000000000018 0.035252692626346303 5148.5000000000009 242.50000000000003 0.037786843447220754 5.5000000000000009 6.5000000000000009 6.5000000000000009 0.033413078149920207 10.500000000000002 191.50000000000003 156.50000000000003
decision_type=2 2 2 2 2 2 2 2 2 2 2 2 2 2 2 2 2 2 2 2 2 2 2
left_child=12 2 6 4 -3 -5 -2 -8 -7 15 -6 13 19 16 -15 -10 -11 -17 -18 20 -1 22 -22
right_child=1 3 -4 5 10 8 7 -9 9 11 -12 -13 -14 14 -16 17 18 -19 -20 -21 21 -23 -24
leaf_value=-0.066668645391914028 -0.066921827415134749 -0.066490098203594222 0.049611140283644911 0.045780069452914338 0.066797524193113036 0.067121274377117929 -0.066925602183083299 0.0087848627630625307 0.066723565474154575 0.066823239378251964 0.066969646129416777 0.066911318378167425 -0.066695636438030212 0.066834584740961642 0.066781164838717141 0.066681554124828554 0.066834875484823614 0.066690258784846163 0.066833084002547782 -0.066669290237967513 -0.066668645376228852 -0.066668645376240482 -0.066668645376219207
leaf_weight=2.1907052323846949 0.022804959793574997 0.0081000278560168226 0.02674831552485557 0.020134504389716312 0.0052219839204212803 0.011192045069833512 0.0082273442822042853 0.0045657924247279888 0.0013229267963197336 0.010405572899003346 0.0067632046707331028 0.015154109046452646 0.0056855891598387434 0.0037684768686858661 0.0042488012153620858 0.0019951977602410409 0.015160655529484757 0.0021530681878516589 0.011367486901963986 0.001474472628615219 0.0045414302148855104 0.04701715987175703 0.0029385724919848144
leaf_count=49371 13 12 12 5 55 7 25 36 5 29 2 36 9 4 68 159 20 17 46 25 102 1056 66
internal_value=-0.0594452 0.0312785 -0.0113823 0.0540137 0.0131028 0.0624934 -0.0572126 -0.039905 0.0668769 0.0668352 0.0668947 0.066848 -0.0666687 0.0668266 0.0668063 0.0666951 0.066831 0.0666861 0.0668341 -0.0666686 -0.0666686 -0.0666686 -0.0666686
internal_weight=2.4317 0.179334 0.0623464 0.116988 0.0200852 0.0969028 0.0355981 0.0127931 0.0767683 0.0655763 0.0119852 0.0601051 2.25236 0.044951 0.00801728 0.00547119 0.0369337 0.00414827 0.0265281 2.24668 2.2452 0.0544972 0.00748
internal_count=51180 551 86 465 69 396 74 61 391 384 57 203 50629 167 72 181 95 176 66 50620 50595 1224 168
is_linear=0
shrinkage=0.1


Tree=132
num_leaves=28
num_cat=0
split_feature=9 4 10 6 10 9 9 9 4 5 3 9 8 8 7 10 2 7 6 5 6 2 1 9 1 4 9
split_gain=0.135749 0.0160545 0.0180411 0.00896819 0.00334312 0.0108258 0.000295944 2.58055e-05 5.66507e-05 8.44143e-07 1.63709e-07 3.05471e-05 5.67465e-08 1.00103e-08 1.07526e-08 9.33166e-10 4.24121e-10 3.27674e-10 6.88093e-10 7.68421e-11 2.80713e-11 1.12113e-11 5.63587e-12 2.77556e-16 2.22045e-16 2.77556e-17 1.38778e-17
threshold=0.035252692626346303 167.50000000000003 0.63484848484848488 -1682.4999999999998 0.45346320346320351 0.039786861148801408 0.033413078149920207 0.038369525211630409 152.50000000000003 6.5000000000000009 4.5000000000000009 0.011869540715694552 -2149.4999999999995 5329.5000000000009 445.50000000000006 0.53950103950103967 4.5000000000000009 962.50000000000011 2170.5000000000005 5.5000000000000009 3938.5000000000005 1.0000000180025095e-35 3.5000000000000004 0.0073261056247316001 1.5000000000000002 186.50000000000003 0.0063898415809243506
decision_type=2 2 2 2 2 2 2 2 2 2 2 2 2 2 2 2 2 2 2 2 2 2 2 2 2 2 2
left_child=6 2 7 -3 5 -5 10 -2 -9 -6 11 23 -11 17 -15 -16 21 18 -14 24 -21 -7 -23 26 25 -12 -1
right_child=1 3 -4 4 9 16 -8 8 -10 12 19 -13 13 14 15 -17 -18 -19 -20 20 -22 22 -24 -25 -26 -27 -28
leaf_value=0.066669027935223557 0.066866591638663084 0.066948403120946881 -0.067362660558266396 0.065213889072967351 -0.067628089626694671 -0.066818363636374292 0.036793262894088789 0.064599520376480146 0.039707056933356848 -0.067097059468576623 0.066669027815673618 0.051039813106002002 -0.066808418445367418 -0.066944139993082782 -0.06669359402441094 -0.066792960533740092 -0.066777580475162718 -0.066813710841616969 -0.066769466290239679 0.066672514823847173 0.066685547004629864 -0.066808433057370942 -0.066813142371422496 0.066669077985001171 0.066669027843214337 0.066669027862082078 0.066669033979013997
leaf_weight=0.21363651117644744 0.025133868184639002 0.0062857517041266095 0.015349071651769464 0.0088398088277585746 0.021021420136094086 0.0034046865966956821 0.0033213998685822635 0.0042654465307524056 0.0011636849641495084 0.010144316482524118 0.15925920231529822 0.0012578208891227396 0.010261933600816064 0.01236266595883782 0.0014043367013707271 0.0028901191477865018 0.0041655001272502537 0.0099794460567181886 0.0081263684183764395 0.0029745234496657549 0.0037197667406871915 0.0034188570229214408 0.0098997015692366963 0.0011397293965273994 2.1747210118228395 0.12435162224210217 0.001064868654793826
leaf_count=4027 22 1 7 23 1 4 38 30 91 5 3002 188 23 10 60 26 34 40 26 38 9 72 25 21 40993 2344 20
internal_value=0.061323 -0.0287213 0.0210928 -0.0491042 -0.0559914 -0.0275499 0.0666248 0.0655161 0.059264 -0.0670889 0.0666617 0.0665785 -0.0668834 -0.0668353 -0.0668968 -0.0667605 -0.0668061 -0.0667991 -0.0667912 0.0666691 0.0666798 -0.0668132 -0.0668119 0.066669 0.066669 0.066669 0.066669
internal_weight=2.84356 0.158117 0.0459121 0.112205 0.105919 0.0297286 2.68545 0.030563 0.00542913 0.0761906 2.68213 0.217099 0.0551692 0.0450249 0.0166571 0.00429446 0.0208887 0.0283677 0.0183883 2.46503 0.00669429 0.0167232 0.0133186 0.215841 2.45833 0.283611 0.214701
internal_count=51180 500 150 350 349 158 50680 143 121 191 50642 4256 190 185 96 86 135 89 49 46386 47 101 97 4068 46339 5346 4047
is_linear=0
shrinkage=0.1


Tree=133
num_leaves=12
num_cat=0
split_feature=3 9 9 4 9 8 10 9 4 5 4
split_gain=6.23116e-07 3.76567e-05 2.1474e-11 3.28084e-12 2.75938e-12 5.00879e-13 2.54775e-13 1.05471e-15 5.55112e-17 5.55112e-17 4.33681e-19
threshold=4.5000000000000009 0.0066890380313198508 0.035252692626346303 167.50000000000003 0.037786843447220754 3995.5000000000005 0.4491379310344828 0.03256451042771296 212.50000000000003 4.5000000000000009 219.50000000000003
decision_type=2 2 2 2 2 2 2 2 2 2 2
left_child=1 -1 7 6 -5 -6 -4 8 9 -2 -10
right_child=2 -3 3 4 5 -7 -8 -9 10 -11 -12
leaf_value=-0.06666729083721816 -0.066667290931764975 -0.047294550285283177 -0.066669072171482421 -0.066678532000291321 -0.066674334769908056 -0.066671667758341713 -0.066671197676319779 -0.066667386452138697 -0.066667290826540646 -0.066667309479730527 -0.066667290837154489
leaf_weight=0.056778830021357862 0.64739979809019133 0.0010214172415317071 0.0012274388481046108 0.0013297352996914924 0.0014123145001576631 0.0014044247524021003 0.0010432614389781492 0.0011536123888618013 0.0025494785013506762 0.0019433662646406438 0.0010282447510689963
leaf_count=4031 45962 225 76 19 115 216 74 73 181 135 73
internal_value=-0.0666398 -0.0663249 -0.0666673 -0.0666731 -0.0666748 -0.066673 -0.06667 -0.0666673 -0.0666673 -0.0666673 -0.0666673
internal_weight=0.718292 0.0578002 0.660492 0.00641717 0.00414647 0.00281674 0.0022707 0.654074 0.652921 0.649343 0.00357772
internal_count=51180 4256 46924 500 350 331 150 46424 46351 46097 254
is_linear=0
shrinkage=0.1


Tree=134
num_leaves=31
num_cat=0
split_feature=9 4 10 6 10 5 9 9 4 5 8 6 8 9 2 9 5 1 6 4 0 2 4 9 9 6 6 6 6 9
split_gain=0.141111 0.0150476 0.0176578 0.00872395 0.00312644 0.0107267 0.000384003 4.85561e-05 9.8571e-05 8.97756e-07 5.70701e-08 1.13905e-08 1.11199e-08 3.71621e-09 8.84797e-10 2.50397e-10 7.54978e-11 2.89867e-11 2.20518e-11 9.8882e-13 1.11022e-16 1.11022e-16 1.11022e-16 2.22045e-16 2.77556e-17 1.38778e-17 6.93889e-18 1.73472e-18 1.73472e-18 1.73472e-18
threshold=0.035252692626346303 167.50000000000003 0.63484848484848488 -1682.4999999999998 0.45346320346320351 7.5000000000000009 0.033413078149920207 0.038369525211630409 152.50000000000003 6.5000000000000009 -2149.4999999999995 2170.5000000000005 5329.5000000000009 0.044568590937306009 4.5000000000000009 0.037786843447220754 5.5000000000000009 3.5000000000000004 3938.5000000000005 196.50000000000003 13.500000000000002 5.5000000000000009 221.50000000000003 0.023599025408980102 0.024860171193720804 2424.5000000000005 -1026.4999999999998 -3104.4999999999995 4046.5000000000005 0.026863679007000051
decision_type=2 2 2 2 2 2 2 2 2 2 2 2 2 2 2 2 2 2 2 2 2 2 2 2 2 2 2 2 2 2
left_child=6 2 7 -3 5 -5 16 -2 -9 -6 -11 12 -12 15 17 -13 20 -7 -18 -17 21 22 23 -1 -23 26 27 -25 -27 -26
right_child=1 3 -4 4 9 14 -8 8 -10 10 11 13 -14 -15 -16 19 18 -19 -20 -21 -22 24 -24 25 29 28 -28 -29 -30 -31
leaf_value=-0.066668393985495095 -0.066869945164721209 -0.066936999161113828 0.067371192965144044 -0.064720701423268107 0.067637269359440574 0.066804234615317287 -0.029165381757461629 -0.063685043739940092 -0.030340677398096733 0.067089328359649578 0.066804935050239531 0.066729431740057563 0.066944284902068663 0.066803187402237618 0.066764191834755918 0.066684597920644642 -0.066672306976467616 0.066814433195519815 -0.066684685891139447 0.066688621956554964 -0.066668393870409168 -0.066668393964923758 -0.066668393870379386 -0.066668397573047919 -0.066668396233855842 -0.06666839425798618 -0.066668395210426612 -0.066668396605726654 -0.066668393870399439 -0.066668397053301853
leaf_weight=1.5203542278839219 0.023672793642617651 0.006033404264599084 0.015542439218506843 0.0086687046268707491 0.021216267719864845 0.0035246921508971232 0.0027340328306310049 0.0038665210739168279 0.0011503045051988181 0.010348469235282209 0.010567233235974527 0.0028336786249383286 0.012500700227803918 0.018937506120717984 0.0049463963318316919 0.0015247639889253151 0.0024228317415692082 0.013313612343894832 0.0035441333893686533 0.001018582985761185 0.0047928455096554181 0.32435486244965717 0.001636581393540947 0.0072088140224293431 0.0096636345837293192 0.010481914137926651 0.051084929952994185 0.024159378641566587 0.0026497032085899272 0.0085725688222737517
leaf_count=39076 22 1 7 13 1 85 38 30 91 5 34 9 20 39 35 74 38 25 9 9 123 8327 42 196 250 269 1348 676 68 220
internal_value=-0.0593013 0.0311223 -0.0184714 0.0501256 0.0565816 0.029363 -0.0666165 -0.0649761 -0.0560395 0.067081 0.0668766 0.0668301 0.0668804 0.0667824 0.0668014 0.066709 -0.0666684 0.0668123 -0.0666797 0.0666862 -0.0666684 -0.0666684 -0.0666684 -0.0666684 -0.0666684 -0.0666684 -0.0666684 -0.0666684 -0.0666684 -0.0666684
internal_weight=2.13333 0.159666 0.0442321 0.115434 0.109401 0.0304534 1.97366 0.0286896 0.00501683 0.0789472 0.0577309 0.0473825 0.0230679 0.0243145 0.0217847 0.00537703 1.97093 0.0168383 0.00596697 0.00254335 1.96496 1.96017 1.61758 1.61594 0.342591 0.0955847 0.0824531 0.0313682 0.0131316 0.0182362
internal_count=51180 500 150 350 349 158 50680 143 121 191 190 185 54 131 145 92 50642 110 47 83 50595 50472 41675 41633 8797 2557 2220 872 337 470
is_linear=0
shrinkage=0.1


Tree=135
num_leaves=31
num_cat=0
split_feature=9 4 10 6 10 9 9 9 9 5 3 9 8 8 7 10 2 7 6 5 6 2 1 9 4 2 4 4 4 6
split_gain=0.11885 0.01404 0.0157296 0.00783947 0.00293389 0.00946067 0.000351889 3.32969e-05 6.71453e-05 5.63946e-07 2.27586e-07 4.04712e-05 3.79793e-08 6.70173e-09 7.19905e-09 6.25077e-10 2.8313e-10 2.19431e-10 4.60724e-10 5.15085e-11 1.88088e-11 7.64776e-12 4.0455e-12 3.33067e-16 2.22045e-16 1.11022e-16 1.11022e-16 1.11022e-16 2.22045e-16 1.11022e-16
threshold=0.035252692626346303 167.50000000000003 0.63484848484848488 -1682.4999999999998 0.45346320346320351 0.039786861148801408 0.033413078149920207 0.038369525211630409 0.040215445041298405 6.5000000000000009 4.5000000000000009 0.011869540715694552 -2149.4999999999995 5329.5000000000009 445.50000000000006 0.53950103950103967 4.5000000000000009 962.50000000000011 2170.5000000000005 5.5000000000000009 3938.5000000000005 1.0000000180025095e-35 3.5000000000000004 0.0073261056247316001 146.50000000000003 4.5000000000000009 223.50000000000003 218.50000000000003 210.50000000000003 -3456.4999999999995
decision_type=2 2 2 2 2 2 2 2 2 2 2 2 2 2 2 2 2 2 2 2 2 2 2 2 2 2 2 2 2 2
left_child=6 2 7 -3 5 -5 10 -2 -9 -6 11 23 -11 17 -15 -16 21 18 -14 24 -21 -7 -23 -1 -12 26 27 28 29 -26
right_child=1 3 -4 4 9 16 -8 8 -10 12 19 -13 13 14 15 -17 -18 -19 -20 20 -22 22 -24 -25 25 -27 -28 -29 -30 -31
leaf_value=0.06666873270650929 0.066841700329184128 0.066913098416309505 -0.067274940027739191 0.064799696808725479 -0.067506472314943319 -0.066799384330975695 0.033405952179837384 0.066690936013740598 0.042397285507493755 -0.067043031195659811 0.066668732594767396 0.047895806096770362 -0.066790690276541873 -0.066909369031606172 -0.066690233020900339 -0.066777161335369317 -0.066763721630996059 -0.06679532059363423 -0.066756623175716526 0.066671785474661543 0.066683188366411919 -0.066790541214163821 -0.066794803499289582 0.066668788758389136 0.066668732570040842 0.066668732575747028 0.066668732642695183 0.066668732642731293 0.06666873256555661 0.066668732523546104
leaf_weight=0.18790578814878367 0.022004305646987563 0.0055039464496076098 0.013449522270263969 0.0077909740411428443 0.018428411334753036 0.0029804916279658764 0.0031865333075983262 0.0030788691656198344 0.0018045097554847539 0.0088847752335823316 0.46489440263030779 0.0011553932541801251 0.0089832267812539543 0.010824746773248201 0.0012290715083441229 0.0025298886880152464 0.0036463006070892581 0.008736080902338017 0.0071132633153495597 0.0026032530477094742 0.0032555532961850986 0.0029967822367671379 0.0086671934724970034 0.0010029438308265517 0.060032803638024101 0.48676250068092497 0.0010678688959161456 0.0022285959566944449 0.0094251037444338381 1.1270659781293924
leaf_count=4047 22 1 7 23 1 4 38 6 115 5 10013 188 23 10 60 26 34 40 26 38 9 72 25 21 1293 10484 23 48 203 24275
internal_value=0.0613075 -0.028661 0.0210185 -0.0490437 -0.0559203 -0.0274814 0.0666144 0.0651839 0.0577139 -0.0670358 0.0666595 0.0665546 -0.0668563 -0.0668142 -0.066868 -0.0667487 -0.0667887 -0.0667826 -0.0667756 0.0666688 0.0666781 -0.0667949 -0.0667937 0.0666687 0.0666687 0.0666687 0.0666687 0.0666687 0.0666687 0.0666687
internal_weight=2.48924 0.138652 0.0403372 0.0983152 0.0928112 0.0260817 2.35059 0.0268877 0.00488338 0.0667295 2.3474 0.190064 0.0483011 0.0394163 0.0145837 0.00375896 0.0182908 0.0248326 0.0160965 2.15734 0.00585881 0.0146445 0.011664 0.188909 2.15148 1.68658 1.19982 1.19875 1.19652 1.1871
internal_count=51180 500 150 350 349 158 50680 143 121 191 50642 4256 190 185 96 86 135 89 49 46386 47 101 97 4068 46339 36326 25842 25819 25771 25568
is_linear=0
shrinkage=0.1


Tree=136
num_leaves=15
num_cat=0
split_feature=3 9 9 4 9 8 9 4 9 4 4 7 9 10
split_gain=8.64414e-07 4.56717e-05 1.43514e-11 2.21483e-12 1.84861e-12 3.36179e-13 8.88178e-16 5.55112e-17 6.93889e-18 3.46945e-18 8.67362e-19 8.67362e-19 8.67362e-19 4.33681e-19
threshold=4.5000000000000009 0.0063092110500756011 0.035252692626346303 167.50000000000003 0.037786843447220754 3995.5000000000005 0.03256451042771296 202.50000000000003 0.019277220364176853 123.50000000000001 213.50000000000003 2325.5000000000005 0.0097324177125266021 0.56125000000000014
decision_type=2 2 2 2 2 2 2 2 2 2 2 2 2 2
left_child=1 9 6 -4 -5 -6 7 -2 10 -1 11 12 13 -9
right_child=2 -3 3 4 5 -7 -8 8 -10 -11 -12 -13 -14 -15
leaf_value=-0.066667215088730566 -0.066667215109931927 -0.045301943339200568 -0.066669615141017255 -0.066677041190975769 -0.066673373176737147 -0.066671038505700359 -0.066667308535084888 -0.066667215088748691 -0.066667222629288939 -0.066667215088757767 -0.066667215088735216 -0.0666672150887129 -0.066667215029433416 -0.066667215088716911
leaf_weight=0.0023298643945963695 0.55709668119470734 0.00102112147567368 0.0019996715749659435 0.0011655396639298488 0.0012364752027504977 0.0012305936719974042 0.0010280435012646185 0.0063608996169932652 0.001133509316787241 0.047287618082918925 0.002785975413644338 0.0014422970061787064 0.0010231679625576371 0.0015778975794091821
leaf_count=189 45190 231 150 19 115 216 73 516 91 3836 226 117 83 128
internal_value=-0.0666326 -0.0662364 -0.0666673 -0.0666723 -0.0666738 -0.0666722 -0.0666672 -0.0666672 -0.0666672 -0.0666672 -0.0666672 -0.0666672 -0.0666672 -0.0666672
internal_weight=0.628719 0.0506386 0.578081 0.00563228 0.00363261 0.00246707 0.572448 0.57142 0.0143237 0.0496175 0.0131902 0.0104043 0.00896197 0.0079388
internal_count=51180 4256 46924 500 350 331 46424 46351 1161 4025 1070 844 727 644
is_linear=0
shrinkage=0.1


Tree=137
num_leaves=31
num_cat=0
split_feature=5 5 0 0 9 8 6 9 2 8 6 9 8 6 6 7 0 7 2 0 9 0 9 2 2 10 10 4 10 6
split_gain=0.123618 0.013677 0.0139391 0.00177727 0.00486473 4.61679e-08 1.41256e-08 6.78374e-09 3.96679e-09 3.6502e-09 1.79147e-09 2.05618e-10 1.85482e-10 2.61506e-10 1.49612e-10 8.38147e-11 3.9574e-11 2.68443e-11 2.92892e-12 1.05102e-12 6.01741e-14 1.11022e-16 2.22045e-16 1.11022e-16 1.11022e-16 1.11022e-16 1.11022e-16 1.38778e-17 6.93889e-18 8.67362e-19
threshold=5.5000000000000009 6.5000000000000009 7.5000000000000009 3.5000000000000004 0.039786861148801408 -2568.4999999999995 -2113.4999999999995 0.044568590937306009 7.5000000000000009 9046.0000000000018 2244.5000000000005 0.035252692626346303 5148.5000000000009 242.50000000000003 3199.5000000000005 445.50000000000006 5.5000000000000009 688.50000000000011 5.5000000000000009 6.5000000000000009 0.033413078149920207 14.500000000000002 0.019720637801400005 11.500000000000002 10.500000000000002 0.90692640692640702 0.69397993311036799 135.50000000000003 0.86190476190476206 1529.5000000000002
decision_type=2 2 2 2 2 2 2 2 2 2 2 2 2 2 2 2 2 2 2 2 2 2 2 2 2 2 2 2 2 2
left_child=11 2 6 4 -3 -5 -2 14 -6 12 17 20 16 -14 18 -16 -9 -8 -7 -18 21 22 23 24 25 26 -1 29 -28 -24
right_child=1 3 -4 5 8 7 10 9 -10 -11 -12 -13 13 -15 15 -17 19 -19 -20 -21 -22 -23 27 -25 -26 -27 28 -29 -30 -31
leaf_value=-0.06666818157392175 -0.066903128174359242 -0.064158393762723392 0.029827064540466436 0.067036085183970903 0.066766179543331319 0.066676991780109218 -0.066684905493903157 0.066786427325938369 0.066898454963098361 0.06685377135267867 -0.066756022637073045 -0.066689662669878025 0.066795177646886375 0.066753890419484041 0.066729874660575811 0.066697500631491699 0.066795358938119054 -0.066695086232673756 0.066683466381123199 0.0667939066364579 -0.066668877705289717 -0.066668181499057941 -0.066668181963610837 -0.06666818149908102 -0.066668181499101212 -0.066668181499052764 -0.066668181501737908 -0.066668182381974084 -0.066668181499095133 -0.066668181899111459
leaf_weight=1.4402958645266419 0.0052828174084424964 0.0040945798068605663 0.044721926671627443 0.0090682218555002692 0.0040286289278697041 0.0010052214564097986 0.0052283683326096453 0.0079801341710208362 0.0051851473407396043 0.011624638637160345 0.0067944190814159802 0.0044678347476293503 0.0028884265354349728 0.0032717781467130891 0.0014274220086178957 0.0018184892751413884 0.011624857614776829 0.0051323550542292651 0.0022911921105333022 0.0087216013001967241 0.0012408839211276437 0.0012617857937585733 0.0081504766349508317 0.0020802414437640629 0.0048084269437823615 0.0011594788375078871 0.069364116337965354 0.18810927161468038 0.0031033110062708138 0.0013640927500091502
leaf_count=42241 1 4 15 7 58 99 27 29 3 36 24 9 4 68 3 68 20 16 23 46 25 37 243 61 141 34 2034 5673 91 40
internal_value=-0.0592826 0.0303386 -0.0024425 0.0596811 0.0265362 0.0668277 -0.0667601 0.0667918 0.0668406 0.0668053 -0.0667161 -0.0666682 0.066789 0.0667732 0.0666965 0.0667117 0.0667924 -0.0666899 0.0666815 0.0667947 -0.0666682 -0.0666682 -0.0666682 -0.0666682 -0.0666682 -0.0666682 -0.0666682 -0.0666682 -0.0666682 -0.0666682
internal_weight=1.8676 0.14219 0.0671599 0.0750303 0.0133084 0.061722 0.022438 0.0526538 0.00921378 0.0461114 0.0171551 1.72541 0.0344868 0.0061602 0.00654232 0.00324591 0.0283266 0.0103607 0.00329641 0.0203465 1.72094 1.7197 1.71844 1.52081 1.51873 1.51392 1.51276 0.197624 0.0724674 0.00951457
internal_count=51180 551 83 468 65 403 68 396 61 203 67 50629 167 72 193 71 95 43 122 66 50620 50595 50558 44602 44541 44400 44366 5956 2125 283
is_linear=0
shrinkage=0.1


Tree=138
num_leaves=31
num_cat=0
split_feature=9 4 10 6 10 5 9 9 9 5 3 9 8 8 7 10 2 7 6 5 6 1 9 4 0 4 4 10 10 10
split_gain=0.104866 0.012662 0.0142612 0.00686667 0.00258396 0.00826993 0.000354945 3.57823e-05 6.91315e-05 4.26428e-07 3.13165e-07 5.26622e-05 2.54256e-08 4.48471e-09 4.82822e-09 4.20244e-10 1.90836e-10 1.46993e-10 3.08633e-10 4.49343e-11 1.67484e-11 5.83187e-12 3.05311e-16 2.22045e-16 1.11022e-16 1.11022e-16 1.11022e-16 1.11022e-16 1.11022e-16 1.11022e-16
threshold=0.035252692626346303 167.50000000000003 0.63484848484848488 -1682.4999999999998 0.45346320346320351 7.5000000000000009 0.033413078149920207 0.038369525211630409 0.040215445041298405 6.5000000000000009 4.5000000000000009 0.011869540715694552 -2149.4999999999995 5329.5000000000009 445.50000000000006 0.53950103950103967 4.5000000000000009 962.50000000000011 2170.5000000000005 5.5000000000000009 3938.5000000000005 3.5000000000000004 0.0070176302570668014 219.50000000000003 13.500000000000002 217.50000000000003 213.50000000000003 0.86811594202898557 0.82085561497326209 0.20942982456140347
decision_type=2 2 2 2 2 2 2 2 2 2 2 2 2 2 2 2 2 2 2 2 2 2 2 2 2 2 2 2 2 2
left_child=6 2 7 -3 5 -5 10 -2 -9 -6 11 22 -11 17 -15 -16 21 18 -14 23 -21 -7 -1 24 25 26 27 28 29 -12
right_child=1 3 -4 4 9 16 -8 8 -10 12 19 -13 13 14 15 -17 -18 -19 -20 20 -22 -23 -24 -25 -26 -27 -28 -29 -30 -31
leaf_value=0.066668476743635366 0.06684120779933253 0.066882232791688881 -0.067218666223276408 0.064436161852162444 -0.067428590546225284 -0.066774639144913495 0.03197519797137343 0.066687905178341514 0.040668338441657445 -0.06699581526003888 0.066668476629958992 0.044406567804163119 -0.066775181952990301 -0.066878978714672799 -0.06668723948779616 -0.066763355726559753 -0.066751516072014752 -0.066779232642167896 -0.066745379658620527 0.06667115151498744 0.066682451176782759 -0.066779918556056556 0.066668527458067076 0.066668476687724215 0.066668476687734346 0.066668476687710407 0.066668476645895161 0.06666847668773182 0.066668476687740882 0.06666847664571908
leaf_weight=0.16416625925194339 0.020108233555220033 0.0048190699890255919 0.0122253623761992 0.0068620803237990904 0.016758065670728683 0.0026332837650318028 0.002955184772872487 0.0026946453726850441 0.001644163283928142 0.0077808818258517853 0.17626887386359014 0.001069484234335504 0.0078635764708110505 0.0094778901142401582 0.0010786402332083533 0.0022145707495614762 0.0031944037498323743 0.007647387115696346 0.0062262887781641138 0.0022839870725875891 0.0030814264173386618 0.010185928075289064 0.0011730098194675511 0.0029662581328012685 0.0049979417854048016 0.0019097826334474313 0.004347803016571671 0.0042665356704675297 0.0089394080714556567 1.6792271732156221
leaf_count=4040 22 1 7 13 1 85 38 6 115 5 4338 188 23 10 60 26 35 40 26 38 9 25 28 73 123 47 107 105 220 41326
internal_value=0.061237 -0.0282967 0.0209654 -0.0491235 -0.0559475 -0.0274141 0.0666071 0.0650641 0.056828 -0.0670017 0.0666569 0.0665254 -0.0668325 -0.0667957 -0.0668427 -0.0667384 -0.0667734 -0.0667681 -0.066762 0.0666685 0.0666776 -0.0667788 0.0666685 0.0666685 0.0666685 0.0666685 0.0666685 0.0666685 0.0666685 0.0666685
internal_weight=2.18107 0.123414 0.0366724 0.0867421 0.081923 0.0228757 2.05765 0.024447 0.00433881 0.0590473 2.0547 0.166409 0.0422892 0.0345084 0.0127711 0.00329321 0.0160136 0.0217373 0.0140899 1.88829 0.00536541 0.0128192 0.165339 1.88292 1.87996 1.87496 1.87305 1.8687 1.86444 1.8555
internal_count=51180 500 150 350 349 158 50680 143 121 191 50642 4256 190 185 96 86 145 89 49 46386 47 110 4068 46339 46266 46143 46096 45989 45884 45664
is_linear=0
shrinkage=0.1


Tree=139
num_leaves=10
num_cat=0
split_feature=3 9 9 4 9 8 9 0 9
split_gain=1.18685e-06 5.56965e-05 9.75087e-12 1.47128e-12 1.25913e-12 2.25427e-13 8.32667e-16 2.77556e-17 1.04083e-17
threshold=4.5000000000000009 0.0062305900621118012 0.035252692626346303 167.50000000000003 0.037786843447220754 3995.5000000000005 0.032345248474280705 8.5000000000000018 0.027266644362663052
decision_type=2 2 2 2 2 2 2 2 2
left_child=1 -1 6 -4 -5 -6 7 -2 -9
right_child=2 -3 3 4 5 -7 -8 8 -10
leaf_value=-0.066667142971189461 -0.066667143039110463 -0.042855492110241859 -0.066669283740560623 -0.0666757683309014 -0.066672535038557662 -0.066670491548993058 -0.066667234199531675 -0.066667142981800806 -0.066667151016108858
leaf_weight=0.043370054463593988 0.46041934703498555 0.0010050756117152551 0.0017589111379177061 0.0010274648922177221 0.0010820982481192232 0.0010772488140720071 0.0010176935634262909 0.038569140463550866 0.0010029457444034042
leaf_count=4020 42675 236 150 19 115 216 82 3575 92
internal_value=-0.0666237 -0.0661278 -0.0666672 -0.0666716 -0.0666729 -0.0666715 -0.0666671 -0.0666671 -0.0666671
internal_weight=0.55033 0.0443751 0.505955 0.00494572 0.00318681 0.00215935 0.501009 0.499991 0.0395721
internal_count=51180 4256 46924 500 350 331 46424 46342 3667
is_linear=0
shrinkage=0.1


Tree=140
num_leaves=31
num_cat=0
split_feature=9 4 10 6 10 5 9 9 9 5 6 6 8 9 2 9 5 1 0 2 0 0 0 4 4 4 4 4 4 6
split_gain=0.108926 0.0119072 0.013962 0.00379041 0.00238935 0.00819296 0.000447067 6.09961e-05 0.000110572 4.41467e-07 2.83608e-08 6.08494e-09 4.23153e-09 1.85189e-09 3.95991e-10 1.20594e-10 4.43857e-11 1.39169e-11 1.30168e-11 4.95769e-13 1.11022e-16 1.11022e-16 1.11022e-16 1.11022e-16 1.11022e-16 1.11022e-16 1.11022e-16 1.11022e-16 2.22045e-16 1.11022e-16
threshold=0.035252692626346303 167.50000000000003 0.63484848484848488 -921.49999999999989 0.45346320346320351 7.5000000000000009 0.033413078149920207 0.038369525211630409 0.040215445041298405 6.5000000000000009 -159.49999999999997 2170.5000000000005 5329.5000000000009 0.044568590937306009 4.5000000000000009 0.037786843447220754 5.5000000000000009 3.5000000000000004 7.5000000000000009 6.5000000000000009 14.500000000000002 12.500000000000002 7.5000000000000009 222.50000000000003 216.50000000000003 214.50000000000003 209.50000000000003 208.50000000000003 204.50000000000003 4967.0000000000009
decision_type=2 2 2 2 2 2 2 2 2 2 2 2 2 2 2 2 2 2 2 2 2 2 2 2 2 2 2 2 2 2
left_child=6 2 7 -3 5 -5 16 -2 -9 -6 -11 12 -12 15 17 -13 20 -7 -18 -17 21 22 23 24 25 26 27 28 29 -1
right_child=1 3 -4 4 9 14 -8 8 -10 10 11 13 -14 -15 -16 19 18 -19 -20 -21 -22 -23 -24 -25 -26 -27 -28 -29 -30 -31
leaf_value=-0.066667993249604263 -0.06684449911036347 -0.019704434793862802 0.067225428510857249 -0.06390816870685756 0.067435857198465524 0.066771719266856738 -0.024146355310594697 -0.066685896468925809 -0.032782784966518159 0.067005634127183744 0.066769489793300926 0.066714730152816412 0.066879018201863649 0.066771180240109931 0.066741329714291489 0.066680536166634871 -0.066671999233174184 0.066779783922332234 -0.06668243581561166 0.066683452702987409 -0.066667993165247935 -0.066667993155175173 -0.06666799316987404 -0.066667992710728943 -0.066667992669947329 -0.066667993275073514 -0.066667993215946325 -0.066667993199840805 -0.066667993212874352 -0.066667993215341767
leaf_weight=1.3019803723959713 0.018988898722455017 0.0071480373449048775 0.012379758850784128 0.0067316644517632076 0.01691414974629879 0.0027077105301902557 0.0024766470960458911 0.0024351060565095386 0.0015901743972079885 0.0075498404912650577 0.0055804998345365684 0.0021708720805690964 0.0095871157573697019 0.014511545720631069 0.0037902510048866125 0.0011791117831201348 0.0022203844309843781 0.010202113333892981 0.0025879260283545591 0.0011525280711168762 0.0011042847036152317 0.0080881393168966698 0.16820942132835615 0.0010744391784102128 0.002805480078677757 0.0012833578966821016 0.0061481796965382465 0.001611658755791833 0.010714546173403616 0.0020294962105255046
leaf_count=43791 22 3 7 13 1 84 38 6 115 1 36 9 20 39 35 75 39 25 8 9 37 271 5636 36 94 43 206 54 359 68
internal_value=-0.0591935 0.0306691 -0.0184095 0.0501376 0.0562201 0.0292275 -0.0665984 -0.0644742 -0.0532926 0.0670049 0.0668302 0.0667915 0.0668387 0.0667538 0.0667697 0.0666978 -0.066668 0.0667781 -0.0666776 0.066682 -0.066668 -0.066668 -0.066668 -0.066668 -0.066668 -0.066668 -0.066668 -0.066668 -0.066668 -0.066668
internal_weight=1.63695 0.124619 0.0353939 0.0892254 0.0820774 0.0234317 1.51233 0.0230142 0.00402528 0.0586457 0.0417315 0.0341817 0.0151676 0.0190141 0.0167001 0.00450251 1.50986 0.0129098 0.00480831 0.00233164 1.50505 1.50395 1.49586 1.32765 1.32657 1.32377 1.32248 1.31634 1.31472 1.30401
internal_count=51180 500 150 350 347 157 50680 143 121 190 189 188 56 132 144 93 50642 109 47 84 50595 50558 50287 44651 44615 44521 44478 44272 44218 43859
is_linear=0
shrinkage=0.1


Tree=141
num_leaves=31
num_cat=0
split_feature=9 4 10 6 10 9 9 9 9 3 9 5 8 6 8 9 2 9 5 6 1 9 0 9 4 4 4 10 10 10
split_gain=0.0919398 0.0110108 0.0124257 0.00626759 0.00227488 0.00722485 0.000410125 4.51174e-05 8.09975e-05 4.25782e-07 6.46364e-05 2.85163e-07 1.69237e-08 3.09686e-09 2.90211e-09 1.02369e-09 1.26135e-10 3.64731e-11 3.01141e-11 1.12302e-11 3.81093e-12 2.91434e-16 1.11022e-16 2.22045e-16 1.11022e-16 1.11022e-16 1.11022e-16 2.22045e-16 1.11022e-16 1.11022e-16
threshold=0.035252692626346303 167.50000000000003 0.63484848484848488 -1682.4999999999998 0.45346320346320351 0.039786861148801408 0.033413078149920207 0.038369525211630409 0.040215445041298405 4.5000000000000009 0.011799512704490051 6.5000000000000009 -2149.4999999999995 2170.5000000000005 5329.5000000000009 0.044568590937306009 4.5000000000000009 0.037786843447220754 5.5000000000000009 3938.5000000000005 3.5000000000000004 0.0066890380313198508 14.500000000000002 0.025062814070351755 221.50000000000003 213.50000000000003 211.50000000000003 0.90692640692640702 0.8377192982456142 0.81534090909090928
decision_type=2 2 2 2 2 2 2 2 2 2 2 2 2 2 2 2 2 2 2 2 2 2 2 2 2 2 2 2 2 2
left_child=6 2 7 -3 5 -5 9 -2 -9 10 21 -6 -13 14 -14 17 20 -15 22 -20 -7 -1 23 24 25 26 27 28 29 -11
right_child=1 3 -4 4 11 16 -8 8 -10 18 -12 12 13 15 -16 -17 -18 -19 19 -21 -22 -23 -24 -25 -26 -27 -28 -29 -30 -31
leaf_value=0.066668252354821433 0.066819463912765387 0.066863991603370393 -0.067149230896996023 0.063883117416483157 -0.067332472179656336 -0.066761103930612922 0.028759363064064382 0.066685252661354971 0.037374386640851458 0.066668252169639147 0.04161037285799904 -0.066954543511351924 -0.0667646103609386 -0.06669925157073224 -0.066851651102205437 -0.066759433533273946 -0.066740982665504836 -0.066674609904730758 0.066670591324851855 0.066680481890598942 -0.066765664218521689 0.06666829874261096 0.066668252326516034 0.066668250927781975 0.066668251352214852 0.066668251684772348 0.066668252169502312 0.066668252326512814 0.0666682521053652 0.066668252237405676
leaf_weight=0.14335273842152618 0.017603639600565719 0.0044135870411992203 0.010709685021254245 0.0060632015736814321 0.014685810543596751 0.0023060131273494608 0.0028605841034733395 0.00235837762011215 0.0015706891289447508 1.5520523515115181 0.0010367870672780546 0.0068135334354053603 0.0070906900392060336 0.0014553393168625943 0.0083316203678027931 0.01250582956093417 0.0027935559531204754 0.0010228110732749783 0.0019988996973553377 0.0026968620804836974 0.0089245693657508118 0.0013211950172262723 0.0013157807916287503 0.070483177649293904 0.0017425205332984852 0.0063299725152320399 0.0027026848729293498 0.0012446575055947698 0.0065789039799711837 0.0054409313888755797
leaf_count=4031 22 1 7 23 1 75 38 6 115 43644 189 5 34 9 20 39 34 83 38 9 26 36 37 1982 49 178 76 35 185 153
internal_value=0.0612048 -0.0281299 0.020876 -0.0488096 -0.055901 -0.0273264 0.0665936 0.0646569 0.0549679 0.0666538 0.06649 -0.0669593 -0.0668121 -0.0667802 -0.0668116 -0.0667478 -0.06676 -0.0666891 0.0666683 0.0666763 -0.0667647 0.0666683 0.0666683 0.0666683 0.0666683 0.0666683 0.0666683 0.0666683 0.0666683 0.0666683
internal_weight=1.90981 0.108649 0.0322424 0.0764066 0.071993 0.0200873 1.80116 0.0215327 0.00392907 1.7983 0.145711 0.0519056 0.0372198 0.0304063 0.0154223 0.014984 0.0140241 0.00247815 1.65259 0.00469576 0.0112306 0.144674 1.64789 1.64658 1.57609 1.57435 1.56802 1.56532 1.56407 1.55749
internal_count=51180 500 150 350 349 158 50680 143 121 50642 4256 191 190 185 54 131 135 92 46386 47 101 4067 46339 46302 44320 44271 44093 44017 43982 43797
is_linear=0
shrinkage=0.1


Tree=142
num_leaves=13
num_cat=0
split_feature=3 9 9 4 9 9 9 5 1 6 6 6
split_gain=1.61014e-06 6.58867e-05 6.50743e-12 9.92031e-13 6.45068e-13 6.10623e-16 5.55112e-17 1.04083e-17 3.46945e-18 3.46945e-18 3.46945e-18 2.1684e-19
threshold=4.5000000000000009 0.006042351223074051 0.035252692626346303 167.50000000000003 0.040215445041298405 0.032025641025641004 0.020887870855148306 4.5000000000000009 7.5000000000000009 4722.5000000000009 121.50000000000001 -2472.4999999999995
decision_type=2 2 2 2 2 2 2 2 2 2 2 2
left_child=1 8 5 -4 -5 6 -2 9 -1 10 -8 -10
right_child=2 -3 3 4 -6 -7 7 -9 11 -11 -12 -13
leaf_value=-0.066667088641554809 -0.066667088689759235 -0.040752642996522051 -0.066668950284044556 -0.066674018512784969 -0.066670897778540281 -0.066667165483573793 -0.066667086225962291 -0.066667095740787358 -0.066667088893466273 -0.066667088371373029 -0.066667087489368698 -0.066667088838576236
leaf_weight=0.035614799460745417 0.38825041166091978 0.0010071808893599146 0.0015501759563889541 0.0010802090383634777 0.0017122895268917304 0.0010439779703119703 0.018553309590970457 0.0012380979487716095 0.0011707940393534955 0.0011613521610343005 0.028240685850505542 0.0011047008283640017
leaf_count=3772 41120 243 150 59 291 96 1965 129 124 123 2991 117
internal_value=-0.0666129 -0.0659961 -0.0666671 -0.066671 -0.0666721 -0.0666671 -0.0666671 -0.0666671 -0.0666671 -0.0666671 -0.0666671 -0.0666671
internal_weight=0.481728 0.0388975 0.442831 0.00434267 0.0027925 0.438488 0.437444 0.0491934 0.0378903 0.0479553 0.046794 0.00227549
internal_count=51180 4256 46924 500 350 46424 46328 5208 4013 5079 4956 241
is_linear=0
shrinkage=0.1


Tree=143
num_leaves=26
num_cat=0
split_feature=5 5 6 0 9 8 6 9 2 8 6 8 6 9 9 10 6 7 6 2 9 1 1 2 2
split_gain=0.0956491 0.0108814 0.0106634 0.00137777 0.00371138 2.07401e-08 7.25464e-09 3.21601e-09 1.8055e-09 1.58901e-09 1.01706e-09 9.83018e-11 1.21633e-10 9.48871e-11 6.45169e-11 2.78703e-11 3.31548e-11 1.07528e-11 6.80583e-12 1.88121e-12 5.62883e-14 1.11022e-16 1.11022e-16 1.11022e-16 8.67362e-19
threshold=5.5000000000000009 6.5000000000000009 3663.5000000000005 3.5000000000000004 0.039786861148801408 -2568.4999999999995 -2113.4999999999995 0.044568590937306009 7.5000000000000009 9046.0000000000018 2244.5000000000005 5148.5000000000009 242.50000000000003 0.035252692626346303 0.037786843447220754 0.51925925925925942 2925.5000000000005 688.50000000000011 1270.5000000000002 6.5000000000000009 0.033413078149920207 10.500000000000002 9.5000000000000018 11.500000000000002 3.5000000000000004
decision_type=2 2 2 2 2 2 2 2 2 2 2 2 2 2 2 2 2 2 2 2 2 2 2 2 2
left_child=13 2 6 4 -3 -5 -2 14 -6 11 17 15 -13 20 -7 18 -17 -8 -9 -16 21 22 23 -1 -24
right_child=1 3 -4 5 8 7 10 9 -10 -11 -12 12 -14 -15 19 16 -18 -19 -20 -21 -22 -23 24 -25 -26
leaf_value=-0.066667825087710256 -0.066856359396212428 -0.06300441620584428 0.028239688666227732 0.066949198965733314 0.066742310320386897 0.066699950439172304 -0.06668058351941962 0.066768763034233 0.06684404112488955 0.066809719005221382 -0.066741035308331323 0.066765019202126047 0.066732914949167374 -0.066684423948945123 0.066674997737352609 0.066752409424700329 0.066765078386415044 -0.066687842295768449 0.066764292107318476 0.066680487394311955 -0.066668553140618189 -0.066667825003448908 -0.066667825003466949 -0.066667825003441497 -0.066667825003464617
leaf_weight=1.3070343533525328 0.0042439317330718032 0.0031967517284101632 0.036186456549330615 0.0069550483906368745 0.0031095545819539439 0.0027653379404455327 0.0040213723532361856 0.006939500332237003 0.0039743558857026073 0.0089197621061369858 0.0051445173812680886 0.002213909358943055 0.0025272725543299401 0.0034531669516583144 0.0012328722524497238 0.0038418498832015757 0.0044680869868702899 0.0041435619568801485 0.0066843059519889891 0.0012644644235138003 0.0010614533493936698 0.0019328863454576286 0.0036568120049197397 0.0016194453164645175 0.0029515696896851296
leaf_count=50206 1 4 16 7 58 17 27 19 3 36 21 4 68 9 159 28 18 18 30 17 25 74 140 62 113
internal_value=-0.0591542 0.0296469 -0.00278495 0.0596484 0.0264371 0.0667896 -0.0667425 0.0667624 0.0667994 0.0667732 -0.0667062 0.066761 0.0667479 -0.0666679 0.0666894 0.0667638 0.0667592 -0.0666843 0.0667666 0.0666778 -0.0666678 -0.0666678 -0.0666678 -0.0666678 -0.0666678
internal_weight=1.43354 0.111833 0.0537398 0.0580931 0.0102807 0.0478124 0.0175534 0.0408574 0.00708391 0.0355947 0.0133095 0.0266749 0.00474118 1.32171 0.00526267 0.0219337 0.00830994 0.00816493 0.0136238 0.00249734 1.31826 1.3172 1.31526 1.30865 0.00660838
internal_count=51180 551 83 468 65 403 67 396 61 203 66 167 72 50629 193 95 46 45 49 176 50620 50595 50521 50268 253
is_linear=0
shrinkage=0.1


Tree=144
num_leaves=29
num_cat=0
split_feature=9 4 10 6 10 9 9 9 9 3 9 5 8 6 8 9 2 5 6 8 1 9 4 0 0 0 0 5
split_gain=0.0812348 0.00989458 0.0112664 0.00549001 0.00200792 0.00630671 0.000411214 4.78193e-05 8.17783e-05 5.73235e-07 7.59835e-05 2.16529e-07 1.13345e-08 2.07295e-09 1.94137e-09 6.85951e-10 8.45193e-11 2.78254e-11 9.50996e-12 6.73928e-12 2.54522e-12 3.46945e-16 2.22045e-16 1.11022e-16 1.11022e-16 1.38778e-17 6.93889e-18 6.93889e-18
threshold=0.035252692626346303 167.50000000000003 0.63484848484848488 -1682.4999999999998 0.45346320346320351 0.039786861148801408 0.033413078149920207 0.038369525211630409 0.040215445041298405 4.5000000000000009 0.011396103896103852 6.5000000000000009 -2149.4999999999995 2170.5000000000005 5329.5000000000009 0.044568590937306009 4.5000000000000009 5.5000000000000009 3938.5000000000005 2913.5000000000005 3.5000000000000004 0.0066890380313198508 216.50000000000003 6.5000000000000009 4.5000000000000009 8.5000000000000018 9.5000000000000018 1.0000000180025095e-35
decision_type=2 2 2 2 2 2 2 2 2 2 2 2 2 2 2 2 2 2 2 2 2 2 2 2 2 2 2 2
left_child=6 2 7 -3 5 -5 9 -2 -9 10 21 -6 -13 14 -14 19 20 22 -19 -15 -7 27 23 24 -11 -25 -27 -1
right_child=1 3 -4 4 11 16 -8 8 -10 17 -12 12 13 15 -16 -17 -18 18 -20 -21 -22 -23 -24 25 -26 26 -28 -29
leaf_value=0.066668049882261021 0.0668191491972292 0.066839295378860894 -0.067105339414846504 0.063287638678227634 -0.067271793834538934 -0.066749305755698637 0.027179957030754643 0.066682932620705862 0.035630601960876335 0.066668049880287877 0.03951202918091011 -0.066918476822183381 -0.066752366857268167 -0.066691948832074688 -0.066828448919712194 -0.066747840259419877 -0.066731694972618133 0.066670456421921515 0.066679912110768499 -0.066680798906794042 -0.066753289177212072 0.066668105740968209 0.066668049895965129 0.066668049878573998 0.066668049879423319 0.066668049887455907 0.066668049887677647 0.066668056480578344
leaf_weight=0.12399287108564694 0.016041477036196856 0.0038640401326119752 0.0097480029312464467 0.0053575400182808283 0.013371443375945084 0.0020184929448050504 0.0026439780776855706 0.0020640470029320559 0.0014396475639170195 0.86035615663786236 0.001038812601564131 0.0059660514664301402 0.0062066674805976232 0.0010668290827413633 0.0072967187127022728 0.010946594764463909 0.0024450481596272064 0.0018072834609484936 0.002584942863904871 0.0011020944596237658 0.007811808368194173 0.0010993847099598488 0.0044194246183907318 0.16445239223321562 0.29912035234156065 0.046684062872373033 0.067162805127736647 0.0014700448846269856
leaf_count=3984 22 1 7 23 1 75 38 6 115 27644 191 5 34 18 20 39 34 38 9 74 26 34 142 5284 9611 1500 2158 47
internal_value=0.0611267 -0.0278186 0.0207102 -0.0488934 -0.0559259 -0.0272385 0.066584 0.0645075 0.0539237 0.0666502 0.066447 -0.0669329 -0.0667939 -0.066766 -0.0667935 -0.0667377 -0.0667483 0.0666681 0.066676 -0.0666863 -0.0667525 0.0666681 0.066668 0.066668 0.066668 0.066668 0.066668 0.066668
internal_weight=1.67358 0.0967465 0.0292932 0.0674533 0.0635893 0.0176329 1.57683 0.0195452 0.00350369 1.57419 0.127601 0.0459564 0.032585 0.0266189 0.0135034 0.0131155 0.0122753 1.44659 0.00439223 0.00216892 0.0098303 0.126562 1.4422 1.43778 1.15948 0.278299 0.113847 0.125463
internal_count=51180 500 150 350 349 158 50680 143 121 50642 4256 191 190 185 54 131 135 46386 47 92 101 4065 46339 46197 37255 8942 3658 4031
is_linear=0
shrinkage=0.1


Tree=145
num_leaves=12
num_cat=0
split_feature=3 9 9 4 9 9 5 5 1 4 9
split_gain=2.16261e-06 7.74993e-05 4.4148e-12 6.58495e-13 4.32666e-13 4.16334e-16 2.77556e-17 3.46945e-18 1.73472e-18 8.67362e-19 8.67362e-19
threshold=4.5000000000000009 0.0058651530787753011 0.035252692626346303 167.50000000000003 0.040653405737221059 0.031796582751996712 1.0000000180025095e-35 3.5000000000000004 3.5000000000000004 179.50000000000003 0.018376765914335551
decision_type=2 2 2 2 2 2 2 2 2 2 2
left_child=1 8 5 -4 -5 6 -2 10 9 -1 -8
right_child=2 -3 3 4 -6 -7 7 -9 -10 -11 -12
leaf_value=-0.066667039050920959 -0.066667039050928426 -0.038478457404474191 -0.066668697221296841 -0.066672944010922594 -0.066670265644107607 -0.066667104288007609 -0.066667039050923499 -0.066667038571886175 -0.06666703905092547 -0.066667039050908594 -0.066667038229488315
leaf_weight=0.0086929940553091001 0.31959148106761859 0.0010049383150771965 0.0013644894556641409 0.0010728128569237327 0.0013776365143343128 0.001063363307821418 0.012981647966626042 0.049025046114365978 0.021079684253891173 0.0033301108405794375 0.0011072825263909189
leaf_count=1052 38676 250 150 69 281 112 1571 5931 2551 403 134
internal_value=-0.0665999 -0.0658365 -0.0666671 -0.0666705 -0.0666714 -0.066667 -0.066667 -0.066667 -0.066667 -0.066667 -0.066667
internal_weight=0.421691 0.0341077 0.387584 0.00381494 0.00245045 0.383769 0.382705 0.063114 0.0331028 0.0120231 0.0140889
internal_count=51180 4256 46924 500 350 46424 46312 7636 4006 1455 1705
is_linear=0
shrinkage=0.1


Tree=146
num_leaves=20
num_cat=0
split_feature=9 4 10 6 10 5 9 9 9 5 8 6 8 9 2 9 5 0 1
split_gain=0.0842969 0.0093292 0.011031 0.00534954 0.00187765 0.00624242 0.000505378 7.51168e-05 0.00011964 2.29904e-07 1.14007e-08 2.36009e-09 2.11574e-09 7.48782e-10 1.77058e-10 5.05326e-11 2.75505e-11 7.45248e-12 6.76184e-12
threshold=0.035252692626346303 167.50000000000003 0.63484848484848488 -1682.4999999999998 0.45346320346320351 7.5000000000000009 0.033413078149920207 0.038369525211630409 0.040215445041298405 6.5000000000000009 -2149.4999999999995 2170.5000000000005 5329.5000000000009 0.044568590937306009 4.5000000000000009 0.037786843447220754 5.5000000000000009 7.5000000000000009 3.5000000000000004
decision_type=2 2 2 2 2 2 2 2 2 2 2 2 2 2 2 2 2 2 2
left_child=6 2 7 -3 5 -5 16 -2 -9 -6 -11 12 -12 15 18 -13 -1 -18 -7
right_child=1 3 -4 4 9 14 -8 8 -10 10 11 13 -14 -15 -16 -17 17 -19 -20
leaf_value=-0.066667683921009066 -0.066822310181289035 -0.066832620519458305 0.067110713358525906 -0.062641757292213773 0.067277551345712214 0.066746851636264981 -0.019230060037765076 -0.066681393927006005 -0.027995253732190795 0.066913970568719255 0.066750414923897744 0.066703478145235848 0.066829124701789616 0.066746687462603316 0.066723835316102251 0.066678129995245666 -0.066671256006834947 -0.066679967186314679 0.066753265886226307
leaf_weight=1.1527897973126013 0.015184000352746918 0.0037154296878725282 0.009871331528643168 0.0052612397198572572 0.013496461324393749 0.0020810596445226546 0.0022501623898280023 0.0018652247381396583 0.00139897451264126 0.0060857296186327394 0.0063781260031419151 0.0016630400646135976 0.0073513029981882028 0.011118719646078468 0.00290395366255325 0.0014920808741738512 0.0017907334604388972 0.0021747789905930404 0.0078168948978181163
leaf_count=50595 22 1 7 13 1 85 38 6 115 5 34 9 20 39 35 83 39 8 25
internal_value=-0.0590566 0.0301555 -0.01821 0.0499019 0.0565085 0.029059 -0.0665756 -0.0638637 -0.0501012 0.0669282 0.0667899 0.066763 0.0667926 0.0667345 0.0667455 0.0666915 -0.0666677 -0.066676 0.0667519
internal_weight=1.25669 0.0976836 0.0283195 0.069364 0.0656486 0.0180631 1.15901 0.0184482 0.0032642 0.0475855 0.034089 0.0280033 0.0137294 0.0142738 0.0128019 0.00315512 1.15676 0.00396551 0.00989795
internal_count=51180 500 150 350 349 158 50680 143 121 191 190 185 54 131 145 92 50642 47 110
is_linear=0
shrinkage=0.1


Tree=147
num_leaves=29
num_cat=0
split_feature=5 5 6 0 7 3 9 8 6 9 2 10 6 9 9 7 7 7 9 8 7 9 9 4 4 4 10 10
split_gain=0.0711831 0.00909893 0.00841009 0.0011177 0.00279902 7.64977e-07 8.41014e-05 9.37412e-09 3.75398e-09 1.30477e-09 7.6123e-10 6.51352e-10 5.22995e-10 5.77985e-11 1.7413e-11 1.51381e-11 7.67381e-12 6.17238e-12 4.01073e-12 5.56316e-12 4.80526e-13 9.4813e-14 2.42861e-16 1.11022e-16 1.11022e-16 1.38778e-17 4.33681e-19 1.0842e-19
threshold=5.5000000000000009 6.5000000000000009 3663.5000000000005 3.5000000000000004 316.50000000000006 4.5000000000000009 0.011331535695942403 -2568.4999999999995 -2113.4999999999995 0.044568590937306009 5.5000000000000009 0.52277432712215333 2244.5000000000005 0.035252692626346303 0.037786843447220754 42.500000000000007 302.50000000000006 688.50000000000011 0.04481827882744336 4370.5000000000009 2116.5000000000005 0.033413078149920207 0.0063092110500756011 213.50000000000003 211.50000000000003 202.50000000000003 0.28759398496240607 0.41522988505747133
decision_type=2 2 2 2 2 2 2 2 2 2 2 2 2 2 2 2 2 2 2 2 2 2 2 2 2 2 2 2
left_child=5 2 8 4 -3 6 22 -5 -2 14 15 -6 17 21 -9 -11 -17 -10 -18 20 -20 23 25 24 -7 -1 -25 -26
right_child=1 3 -4 7 11 13 -8 9 12 10 -12 -13 -14 -15 -16 16 18 -19 19 -21 -22 -23 -24 26 27 -27 -28 -29
leaf_value=0.066667879890433046 0.06681769238518398 0.061982534312372412 -0.025678628438898135 -0.066886790096728196 -0.066729599100171455 0.066667879820765205 0.038819116554501071 -0.066686852460778087 0.066678192967318778 -0.066734177495892985 -0.066783842594498391 -0.066801732454483606 0.066725274877581495 0.06668187139824204 -0.066671592283488304 -0.066746012008266617 -0.066742018123921387 0.066684076049224064 -0.066739778180359435 -0.066734042857368475 -0.066742144969566361 0.066668774364331732 0.066667929417576446 0.066667879867424465 0.066667879808825922 0.066667879524942783 0.066667879854668696 0.066667879867411323
leaf_weight=0.10857723669505515 0.003382766619324685 0.0025092608910615146 0.029321081965463236 0.0052271063594844227 0.0021347401962827917 1.2539213781656133 0.0010951358171951133 0.0019620870332346376 0.0035229704171797771 0.0029924969722039353 0.0050535363781895491 0.0030267031397670507 0.004314766711104312 0.0029597232642118989 0.0012081762660191703 0.0035642172891332544 0.010150158952186645 0.003611635247580125 0.0017331871903957788 0.001766545899589033 0.0016984576011225272 0.001185849694593454 0.0010222729360975782 0.0014436057226704371 0.0010350380634919212 0.001062275909134768 0.0047393848235515179 0.0010350380653108004
leaf_count=3986 1 16 16 7 48 46036 195 17 27 28 30 1 21 9 176 10 9 18 39 84 3 25 36 53 38 39 174 38
internal_value=0.061102 -0.0265294 0.00536204 -0.0592559 -0.0246534 0.0666458 0.066395 -0.0667632 0.0667251 -0.0667417 -0.0667489 -0.0667719 0.0666978 0.0666679 -0.066681 -0.0667408 -0.0667418 0.0666812 -0.0667409 -0.0667386 -0.0667409 0.0666679 0.0666679 0.0666679 0.0666679 0.0666679 0.0666679 0.0666679
internal_weight=1.46526 0.0871799 0.0441532 0.0430267 0.0076707 1.37808 0.111757 0.035356 0.0148321 0.0301289 0.0269586 0.00516144 0.0114494 1.26632 0.00317026 0.0219051 0.0189126 0.00713461 0.0153483 0.00519819 0.00343164 1.26336 0.110662 1.26217 1.25599 0.10964 0.00618299 0.00207008
internal_count=51180 551 83 468 65 50629 4256 403 67 396 203 49 66 46373 193 173 145 45 135 126 42 46364 4061 46339 46112 4025 227 76
is_linear=0
shrinkage=0.1


Tree=148
num_leaves=25
num_cat=0
split_feature=3 9 9 4 8 9 5 6 7 7 7 6 6 7 9 6 8 7 7 7 7 8 8 7
split_gain=2.87845e-06 8.99123e-05 2.96582e-12 4.44536e-13 1.29693e-13 3.88578e-16 5.55112e-17 2.77556e-17 2.77556e-17 1.38778e-17 1.38778e-17 6.93889e-18 3.46945e-18 3.46945e-18 3.46945e-18 1.73472e-18 1.73472e-18 8.67362e-19 8.67362e-19 8.67362e-19 8.67362e-19 8.67362e-19 8.67362e-19 4.33681e-19
threshold=4.5000000000000009 0.0056657678479711511 0.035252692626346303 167.50000000000003 3116.5000000000005 0.031537505180273456 2.5000000000000004 -136.49999999999997 135.50000000000003 122.50000000000001 1572.5000000000002 2830.5000000000005 1441.5000000000002 1346.5000000000002 0.025348583178050454 242.50000000000003 317.50000000000006 1819.5000000000002 1963.5000000000002 1525.5000000000002 1525.5000000000002 4288.0000000000009 6957.5000000000009 148.50000000000003
decision_type=2 2 2 2 2 2 2 2 2 2 2 2 2 2 2 2 2 2 2 2 2 2 2 2
left_child=1 -1 5 -4 -5 6 7 8 -2 -9 -11 12 15 16 17 -8 -10 21 19 23 -17 -13 -18 -14
right_child=2 -3 3 4 -6 -7 11 9 13 10 -12 14 18 -15 -16 20 22 -19 -20 -21 -22 -23 -24 -25
leaf_value=-0.066666985490366731 -0.066666985740556989 -0.036272891973329127 -0.066668438569314134 -0.066671645012701342 -0.06667008979255494 -0.066667050109547363 -0.066666990256580433 -0.066666985871196752 -0.06666698907283862 -0.066666988927706061 -0.066666986717270435 -0.066666989189410872 -0.066666988856783224 -0.066666986136092149 -0.066666992713502987 -0.066666988998303381 -0.066666990136054732 -0.066666986162433287 -0.066666987059753047 -0.066666986519228352 -0.066666987649132939 -0.066666986322019992 -0.066666991213628291 -0.066666988714394401
leaf_weight=0.028912868429870286 0.11916614456913521 0.0010071915764910946 0.0012033739070922414 0.0010351360978706481 0.0011124698494979768 0.0010694379207052398 0.016640439780530869 0.043166811320134002 0.011860206159326481 0.072839022217522142 0.029599892567148345 0.0018658129188224848 0.0018658102276276622 0.0023503457327933566 0.001112761995045731 0.0086131104399100877 0.0092712099367417977 0.0033121795213446603 0.0013451101663122253 0.0013668137466993358 0.0011064704513046317 0.0026540827193457517 0.001070311287548976 0.0056046598215289123
leaf_count=3998 16478 258 150 94 256 129 2301 5969 1640 10072 4093 258 258 325 152 1191 1282 458 186 189 153 367 148 775
internal_value=-0.0665841 -0.0656438 -0.066667 -0.06667 -0.0666708 -0.066667 -0.066667 -0.066667 -0.066667 -0.066667 -0.066667 -0.066667 -0.066667 -0.066667 -0.066667 -0.066667 -0.066667 -0.066667 -0.066667 -0.066667 -0.066667 -0.066667 -0.066667 -0.066667
internal_weight=0.369152 0.0299201 0.339232 0.00335098 0.00214761 0.335881 0.334811 0.289324 0.143718 0.145606 0.102439 0.0454873 0.0365424 0.0245521 0.00894484 0.02636 0.0222017 0.00783208 0.0101824 0.00883728 0.00971958 0.0045199 0.0103415 0.00747047
internal_count=51180 4256 46924 500 350 46424 46295 40007 19873 20134 14165 6288 5053 3395 1235 3645 3070 1083 1408 1222 1344 625 1430 1033
is_linear=0
shrinkage=0.1


Tree=149
num_leaves=26
num_cat=0
split_feature=5 5 0 0 9 8 6 9 2 8 6 8 6 9 9 10 6 7 6 9 2 4 10 4 0
split_gain=0.0740292 0.00857146 0.00809415 0.00107255 0.00282327 9.38185e-09 3.32576e-09 1.50106e-09 8.25195e-10 7.15109e-10 3.75841e-10 4.60138e-11 5.71046e-11 4.43017e-11 3.08418e-11 1.25139e-11 1.50769e-11 6.02253e-12 3.1436e-12 4.4853e-14 1.11022e-16 1.11022e-16 5.55112e-17 4.33681e-19 2.1684e-19
threshold=5.5000000000000009 6.5000000000000009 7.5000000000000009 3.5000000000000004 0.039786861148801408 -2568.4999999999995 -2113.4999999999995 0.044568590937306009 7.5000000000000009 9046.0000000000018 2244.5000000000005 5148.5000000000009 242.50000000000003 0.035252692626346303 0.037786843447220754 0.51925925925925942 2925.5000000000005 688.50000000000011 1270.5000000000002 0.033241252302025757 10.500000000000002 215.50000000000003 0.89181286549707617 169.50000000000003 3.5000000000000004
decision_type=2 2 2 2 2 2 2 2 2 2 2 2 2 2 2 2 2 2 2 2 2 2 2 2 2
left_child=13 2 6 4 -3 -5 -2 14 -6 11 17 15 -13 19 -7 18 -17 -8 -9 20 21 22 -1 -22 -23
right_child=1 3 -4 5 8 7 10 9 -10 -11 -12 12 -14 -15 -16 16 -18 -19 -20 -21 23 24 -24 -25 -26
leaf_value=-0.066667554745247687 -0.066811853311908559 -0.061260597218921777 0.026643643179379367 0.066882810990980146 0.066724063600555827 0.06669208984136113 -0.066677278919815508 0.066744729677925024 0.066802428129246375 0.06677602263701031 -0.06671936729044424 0.066741941049449027 0.066716872341914271 -0.066680439497385932 0.06667503444342969 0.066732166332070575 0.066741917638838605 -0.066683501436388543 0.066741261246969483 -0.066668205203368691 -0.066667554664342252 -0.066667554664315523 -0.066667554664299453 -0.066667554664301423 -0.06666755466433115
leaf_weight=1.000004103207206 0.003252605441957713 0.0025182226240758609 0.029328166161576519 0.0053330017002508603 0.0024046286658858662 0.0023255745443293554 0.0030967161565059742 0.0053242092025698184 0.0030457798729912611 0.006845410761440184 0.0041118671924778027 0.0016968753786557036 0.0019562231346754722 0.0026758609892568721 0.0019487309072339087 0.0029502653414397164 0.0034277961619526565 0.0031250831052602734 0.0051318503655313208 0.0010611404632073764 0.0031809864467505769 0.001480459101003472 0.0011203474277864381 0.0010403226115158759 0.0019406017945584608
leaf_count=50150 1 4 15 7 58 17 27 19 3 36 24 4 68 9 176 28 18 16 30 32 159 74 56 52 97
internal_value=-0.0590284 0.029043 -0.00291549 0.0595824 0.0263087 0.0667601 -0.0667237 0.0667394 0.0667679 0.066748 -0.0666959 0.0667387 0.0667285 -0.0666676 0.0666843 0.0667409 0.0667374 -0.0666804 0.066743 -0.0666676 -0.0666676 -0.0666676 -0.0666676 -0.0666676 -0.0666676
internal_weight=1.10033 0.087823 0.0429144 0.0449086 0.00796863 0.0369399 0.0135863 0.0316069 0.00545041 0.0273326 0.0103337 0.0204872 0.0036531 1.0125 0.00427431 0.0168341 0.00637806 0.0062218 0.0104561 1.00983 1.00877 1.00455 1.00112 0.00422131 0.00342106
internal_count=51180 551 83 468 65 403 68 396 61 203 67 167 72 50629 193 95 46 43 49 50620 50588 50377 50206 211 171
is_linear=0
shrinkage=0.1


Tree=150
num_leaves=31
num_cat=0
split_feature=9 4 10 6 10 9 9 9 9 3 9 5 8 6 8 9 2 5 0 1 9 4 4 4 4 9 9 9 9 9
split_gain=0.063477 0.00806189 0.00931484 0.00421242 0.00157152 0.00480512 0.000401604 5.29202e-05 8.14867e-05 1.01465e-06 0.000103446 1.25996e-07 5.08453e-09 9.29802e-10 8.69901e-10 3.08013e-10 3.77761e-11 2.23403e-11 7.12363e-12 1.24301e-12 2.84495e-16 5.55112e-17 1.11022e-16 5.55112e-17 5.55112e-17 5.55112e-17 5.55112e-17 5.55112e-17 5.55112e-17 5.55112e-17
threshold=0.035252692626346303 167.50000000000003 0.63484848484848488 -1682.4999999999998 0.45346320346320351 0.039786861148801408 0.033413078149920207 0.038369525211630409 0.040215445041298405 4.5000000000000009 0.011331535695942403 6.5000000000000009 -2149.4999999999995 2170.5000000000005 5329.5000000000009 0.044568590937306009 4.5000000000000009 5.5000000000000009 7.5000000000000009 3.5000000000000004 0.0062305900621118012 219.50000000000003 216.50000000000003 210.50000000000003 208.50000000000003 0.031331806282722509 0.029895433014567853 0.029340028694404555 0.028004705574798953 0.027855369335816203
decision_type=2 2 2 2 2 2 2 2 2 2 2 2 2 2 2 2 2 2 2 2 2 2 2 2 2 2 2 2 2 2
left_child=6 2 7 -3 5 -5 9 -2 -9 10 20 -6 -13 14 -14 -15 19 21 -19 -7 -1 22 23 24 25 26 27 28 29 -11
right_child=1 3 -4 4 11 16 -8 8 -10 17 -12 12 13 15 -16 -17 -18 18 -20 -21 -22 -23 -24 -25 -26 -27 -28 -29 -30 -31
leaf_value=0.066667724885745822 0.066817628699053486 0.066798807275049152 -0.067030705419961784 0.061870008411240865 -0.067168657630519144 -0.066729806148884394 0.024574426640127583 0.066679124419367186 0.032262620130919711 0.066667724788351965 0.034866790566144272 -0.066859359241275187 -0.066732287311094124 -0.06668168986403665 -0.066790462776254625 -0.066728819803350936 -0.066716462118803041 0.066670634116315672 0.066679353317143905 -0.066732983836784263 0.066667777661249442 0.066667724785158131 0.066667724858883046 0.066667724810494627 0.066667724823716454 0.066667726987687068 0.066667724964305175 0.066667724944142984 0.066667724926500693 0.066667724877638557
leaf_weight=0.095836483949824136 0.013442674462567201 0.0029613205697387448 0.0081071017729072992 0.0042037048721113033 0.011126567609608173 0.0015496731870238145 0.0022738004408894277 0.001580985961481928 0.0012178927570701131 1.0774967439519947 0.0010338222029986346 0.0045733755524963683 0.0047552170009907985 0.0016613788513759583 0.0055941282846876921 0.0083865068753240096 0.001873154436528246 0.001706700582872033 0.0020777511781489011 0.0059859387938407393 0.0010256355399178565 0.001740166419040289 0.0016448148326163583 0.0047914171245794215 0.0031466022901441839 0.0019547071551643249 0.0033849812443805796 0.0022884380250617333 0.0068653140770039691 0.0013110842864990637
leaf_count=4020 22 1 7 23 1 75 38 6 115 45201 195 5 34 92 20 39 34 39 8 26 41 73 69 201 132 82 142 96 288 55
internal_value=0.0609519 -0.0270703 0.0205142 -0.0490676 -0.0559701 -0.0270161 0.0665614 0.064213 0.0517033 0.0666405 0.0663319 -0.0668888 -0.0667641 -0.0667427 -0.0667637 -0.066721 -0.0667292 0.0666678 0.0666754 -0.0667323 0.0666677 0.0666677 0.0666677 0.0666677 0.0666677 0.0666677 0.0666677 0.0666677 0.0666677 0.0666677
internal_weight=1.2856 0.0770196 0.0243487 0.052671 0.0497096 0.0136125 1.20858 0.0162416 0.00279888 1.2063 0.0978959 0.0360972 0.0249706 0.0203972 0.0103493 0.0100479 0.00940877 1.10841 0.00378445 0.00753561 0.0968621 1.10462 1.10288 1.10124 1.09645 1.0933 1.09135 1.08796 1.08567 1.07881
internal_count=51180 500 150 350 349 158 50680 143 121 50642 4256 191 190 185 54 131 135 46386 47 101 4061 46339 46266 46197 45996 45864 45782 45640 45544 45256
is_linear=0
shrinkage=0.1


Tree=151
num_leaves=9
num_cat=0
split_feature=3 9 9 4 9 1 1 7
split_gain=3.80736e-06 0.000104652 2.0309e-12 2.87906e-13 3.05311e-16 2.77556e-17 1.73472e-18 8.67362e-19
threshold=4.5000000000000009 0.0053050771135877009 0.035252692626346303 167.50000000000003 0.031331806282722509 8.5000000000000018 1.5000000000000002 -617.49999999999989
decision_type=2 2 2 2 2 2 2 2
left_child=1 6 4 -4 5 -2 -1 -7
right_child=2 -3 3 -5 -6 7 -8 -9
leaf_value=-0.066666946881862033 -0.066666946910905078 -0.033686039437729361 -0.066668269229343477 -0.066670327205494456 -0.066666998465701552 -0.066666946881884084 -0.066666946881894992 -0.066666946881840314
leaf_weight=0.0018607600677569272 0.28690271592904537 0.0010002025492212843 0.0010632841344087032 0.0018847405158468611 0.0010558491030678843 0.0048481027615707717 0.023398741396249534 0.001158228205440536
leaf_count=294 45328 265 150 350 147 766 3697 183
internal_value=-0.0665649 -0.0654107 -0.066667 -0.0666696 -0.0666669 -0.0666669 -0.0666669 -0.0666669
internal_weight=0.323173 0.0262597 0.296913 0.00294802 0.293965 0.292909 0.0252595 0.00600633
internal_count=51180 4256 46924 500 46424 46277 3991 949
is_linear=0
shrinkage=0.1


Tree=152
num_leaves=24
num_cat=0
split_feature=9 4 10 6 10 5 9 9 7 4 0 6 5 0 7 2 7 5 7 0 1 8 0
split_gain=0.0658287 0.00809638 0.00931212 0.00405179 0.00144071 0.00423235 8.06831e-05 0.000113982 5.39906e-06 1.21565e-05 6.30335e-07 8.82985e-07 8.57897e-08 2.58482e-08 1.25053e-09 1.11775e-10 2.54157e-11 2.20254e-11 1.73402e-11 5.83703e-12 3.68641e-12 1.18616e-13 5.55112e-17
threshold=0.033413078149920207 167.50000000000003 0.63484848484848488 -1682.4999999999998 0.46547619047619054 7.5000000000000009 0.038369525211630409 0.040215445041298405 1242.5000000000002 177.50000000000003 6.5000000000000009 1700.5000000000002 6.5000000000000009 8.5000000000000018 55.500000000000007 4.5000000000000009 1263.5000000000002 5.5000000000000009 688.50000000000011 7.5000000000000009 3.5000000000000004 3312.5000000000005 10.500000000000002
decision_type=2 2 2 2 2 2 2 2 2 2 2 2 2 2 2 2 2 2 2 2 2 2 2
left_child=17 2 6 -3 5 -5 13 -8 10 -10 11 -6 -12 18 -14 20 -11 22 -2 -19 -7 -16 -1
right_child=1 3 -4 4 8 15 7 -9 9 16 12 -13 14 -15 21 -17 -18 19 -20 -21 -22 -23 -24
leaf_value=-0.066667440849780921 -0.066675886388505218 -0.066793698844175908 0.067034987278613414 -0.046359154560966009 0.066808776615465429 0.066727566732827245 -0.066677946474283337 -0.024771885123044037 0.056016222927662965 0.066733830365817343 0.067173239256212533 0.065181610574675627 0.06679576270170498 -0.066956542906251068 0.066714366960649876 0.066707264123212137 0.066715546056139469 -0.066670607252302408 -0.066685805528109807 -0.066678946862482477 0.066732959972580663 0.066713392866874485 -0.066667440684013771
leaf_weight=0.86155380228878409 0.0039134508260758594 0.0028473290149122468 0.0082056150970402086 0.0049346152650286976 0.0077112961947136682 0.001607472921185682 0.0014286835794337085 0.0011894097602507259 0.0016274797000477284 0.0015094797112737979 0.011226635426282883 0.005876316767029266 0.002974306595035614 0.0064658704213798046 0.0025975385951344521 0.002452166198594341 0.0015315967091851235 0.0014452430932578855 0.0032064082333818078 0.0020016414891870227 0.0059901831637940717 0.0024098362427404929 0.021430927954497747
leaf_count=49371 36 1 7 24 17 94 6 115 20 2 1 30 6 1 16 43 54 39 10 8 26 29 1224
internal_value=-0.0588402 0.0282092 -0.0197608 0.0493847 0.0556917 0.0294851 -0.0637141 -0.0476399 0.0661734 0.0629916 0.0666263 0.0661051 0.066995 -0.0668118 0.0667444 0.0667258 0.0667246 -0.0666675 -0.0666804 -0.0666755 0.0667318 0.0667139 -0.0666674
internal_weight=0.966137 0.0797057 0.0244094 0.0552963 0.0524489 0.0149844 0.0162038 0.00261809 0.0374645 0.00466856 0.0327959 0.0135876 0.0192083 0.0135857 0.00798168 0.0100498 0.00304108 0.886432 0.00711986 0.00344688 0.00759766 0.00500737 0.882985
internal_count=51180 538 175 363 362 187 168 121 175 76 99 47 52 47 51 163 56 50642 46 47 120 45 50595
is_linear=0
shrinkage=0.1


Tree=153
num_leaves=29
num_cat=0
split_feature=9 4 10 6 10 5 9 9 9 3 9 5 8 6 8 9 2 5 0 1 9 0 6 0 4 7 4 7
split_gain=0.0555752 0.00702436 0.00810662 0.00367193 0.00142477 0.00423378 0.000455913 6.38718e-05 8.97474e-05 1.32812e-06 0.000116557 8.43201e-08 3.40224e-09 6.21129e-10 5.84731e-10 2.08034e-10 2.55043e-11 1.49568e-11 4.77574e-12 1.04381e-12 2.28983e-16 5.55112e-17 5.55112e-17 6.93889e-18 6.93889e-18 6.93889e-18 2.1684e-19 2.1684e-19
threshold=0.035252692626346303 167.50000000000003 0.63484848484848488 -1682.4999999999998 0.45346320346320351 7.5000000000000009 0.033413078149920207 0.038369525211630409 0.040215445041298405 4.5000000000000009 0.011142147734326502 6.5000000000000009 -2149.4999999999995 2170.5000000000005 5329.5000000000009 0.044568590937306009 4.5000000000000009 5.5000000000000009 7.5000000000000009 3.5000000000000004 0.0059347703578472508 13.500000000000002 -2510.4999999999995 6.5000000000000009 123.50000000000001 316.50000000000006 160.50000000000003 1627.5000000000002
decision_type=2 2 2 2 2 2 2 2 2 2 2 2 2 2 2 2 2 2 2 2 2 2 2 2 2 2 2 2
left_child=6 2 7 -3 5 -5 9 -2 -9 10 20 -6 -13 14 -14 -15 19 21 -19 -7 23 22 25 24 -1 -11 -25 -23
right_child=1 3 -4 4 11 16 -8 8 -10 17 -12 12 13 15 -16 -17 -18 18 -20 -21 -22 27 -24 26 -26 -27 -28 -29
leaf_value=0.066667596694474834 0.06679877296102836 0.066782275499760541 -0.066985028326131388 0.060856013327020154 -0.067105560264919276 -0.066721650416578293 0.021080689570934327 0.066677568834871068 0.029162920679792217 0.066667596660459946 0.033153021050921529 -0.066835247234101156 -0.066724086050559045 -0.066679810368874784 -0.066775057879252905 -0.066721195767099256 -0.066710186383732314 0.066670138367093665 0.066677769622429509 -0.06672475722842984 0.066667642854131418 0.066667596694422113 0.066667596668111326 0.066667596694457126 0.066667596746413801 0.066667596498530018 0.066667596963468329 0.066667596694438488
leaf_weight=0.003838669988908471 0.011767820615204899 0.0025922919157892457 0.0070996547150912184 0.0038015560695612372 0.00974624510854483 0.0013630505219466849 0.0022016164803063667 0.0013836697471560919 0.001182862234793719 0.13276791203861626 0.0010505674774776699 0.0040042363655743386 0.0041619347697405829 0.0014547604019416842 0.0049006161029211664 0.0073579973765834205 0.001641701941843543 0.0014936700426915186 0.0018184341643063817 0.0052337653283101582 0.0010968982915073857 0.0010848415186046614 0.82769235413616127 0.0025243427644454633 0.075547235159319825 0.0037134959784452795 0.0017112597361119697 0.0014812259196332889
leaf_count=184 22 1 7 13 1 85 38 6 115 6364 198 5 34 92 20 39 35 39 8 25 50 52 39674 121 3621 178 82 71
internal_value=0.0609193 -0.0269232 0.0204003 -0.0488508 -0.0557155 -0.0264398 0.0665395 0.0636814 0.0493878 0.0666343 0.0662571 -0.0668609 -0.0667519 -0.0667333 -0.0667516 -0.0667144 -0.0667213 0.0666676 0.0666743 -0.0667241 0.0666676 0.0666676 0.0666676 0.0666676 0.0666676 0.0666676 0.0666676 0.0666676
internal_weight=1.12571 0.0676922 0.021434 0.0462582 0.0436659 0.0120401 1.05802 0.0143344 0.00256653 1.05582 0.085769 0.0316258 0.0218795 0.0178753 0.00906255 0.00881276 0.00823852 0.970052 0.0033121 0.00659682 0.0847184 0.96674 0.964174 0.0836215 0.0793859 0.136481 0.0042356 0.00256607
internal_count=51180 500 150 350 349 158 50680 143 121 50642 4256 191 190 185 54 131 145 46386 47 110 4058 46339 46216 4008 3805 6542 203 123
is_linear=0
shrinkage=0.1


Tree=154
num_leaves=26
num_cat=0
split_feature=3 10 7 4 4 7 6 6 10 4 7 8 10 7 10 4 6 9 10 9 0 4 4 7 4
split_gain=4.96822e-06 9.8481e-07 1.1588e-06 7.18247e-07 6.7241e-07 3.65402e-07 3.7624e-07 3.35471e-07 3.23669e-07 3.98818e-07 3.19555e-07 4.92538e-07 1.5241e-07 1.34166e-07 9.06091e-08 4.82489e-08 3.1287e-09 1.35519e-12 1.47973e-13 2.08167e-16 1.38778e-17 6.93889e-18 8.67362e-19 6.50521e-19 4.33681e-19
threshold=4.5000000000000009 0.38585607940446653 -1227.4999999999998 144.50000000000003 172.50000000000003 372.50000000000006 -2014.4999999999998 -1026.4999999999998 0.51787994891443179 152.50000000000003 569.50000000000011 -3575.4999999999995 0.29289215686274511 -1838.4999999999998 0.26393188854489169 142.50000000000003 -1182.4999999999998 0.035252692626346303 0.46247654784240155 0.031031826279551204 2.5000000000000004 136.50000000000003 128.50000000000003 272.50000000000006 131.50000000000003
decision_type=2 2 2 2 2 2 2 2 2 2 2 2 2 2 2 2 2 2 2 2 2 2 2 2 2
left_child=1 2 13 -4 5 6 -5 -8 9 15 11 -11 -6 -1 -15 -3 -10 19 -19 20 21 22 -2 -18 -24
right_child=17 8 3 4 12 -7 7 -9 16 10 -12 -13 -14 14 -16 -17 23 18 -20 -21 -22 -23 24 -25 -26
leaf_value=-0.066555530220791317 -0.066666915691205988 -0.066666918614229187 -0.065768935898852562 -0.063787409738855994 -0.065394666643712407 -0.064308579802335203 -0.060169075524136945 -0.062575033585229825 -0.066460022005233765 -0.065865458758360571 -0.066139335400490828 -0.063084535887563103 -0.063806733512850156 -0.066065213932835806 -0.064763580012237101 -0.065853595128810061 -0.066666915809960273 -0.066668275454685802 -0.066669822685369293 -0.066666961018925455 -0.066666915650476805 -0.066666915650665917 -0.066666915656522524 -0.066666918114695189 -0.066666915669828464
leaf_weight=0.0018778799570782212 0.0050184061778963951 0.0016871266234375071 0.0016286827686826655 0.001016205764699408 0.0014777269117303149 0.0010630339994577298 0.0010614432579814101 0.0012764687563731041 0.0010096565995354467 0.0010439549022294159 0.0011883626597182229 0.0016333356692257439 0.0010227803513771505 0.0010424279489598129 0.0010982413692772752 0.0012848799819948908 0.0012468240433918254 0.0010185643503142208 0.0015722352869720346 0.0010061215323275965 0.17609753772103431 0.070353996743051539 0.0014900124310770479 0.0014006337628416077 0.003317908721328422
leaf_count=338 906 302 296 192 272 198 214 246 182 191 216 312 194 188 205 234 225 264 236 159 31790 12701 269 251 599
internal_value=-0.0665421 -0.0651354 -0.0645381 -0.0638796 -0.0634348 -0.062693 -0.062181 -0.0614827 -0.0658504 -0.0654443 -0.0647746 -0.0641689 -0.0647452 -0.0659386 -0.0653974 -0.0663153 -0.0666098 -0.0666669 -0.0666692 -0.0666669 -0.0666669 -0.0666669 -0.0666669 -0.0666669 -0.0666669
internal_weight=0.282934 0.0230597 0.0125649 0.00854634 0.00691766 0.00441715 0.00335412 0.00233791 0.0104948 0.00683766 0.00386565 0.00267729 0.00250051 0.00401855 0.00214067 0.00297201 0.00365711 0.259875 0.0025908 0.257284 0.256278 0.0801803 0.00982633 0.00264746 0.00480792
internal_count=51180 4256 2343 1612 1316 850 652 460 1913 1255 719 503 466 731 393 536 658 46924 500 46424 46265 14475 1774 476 868
is_linear=0
shrinkage=0.1


Tree=155
num_leaves=30
num_cat=0
split_feature=9 4 10 6 10 5 9 9 7 4 0 6 5 0 7 2 7 5 7 0 1 8 0 6 9 9 2 9 4
split_gain=0.0577758 0.00706788 0.00810604 0.00352833 0.00128984 0.00362925 9.42385e-05 0.000120782 6.30458e-06 1.43446e-05 6.8413e-07 1.06686e-06 5.73982e-08 1.73625e-08 8.37732e-10 7.4736e-11 1.77381e-11 1.47583e-11 1.17508e-11 3.91327e-12 2.61322e-12 7.9503e-14 5.55112e-17 5.55112e-17 6.93889e-18 3.07913e-17 1.73472e-18 4.33681e-19 2.1684e-19
threshold=0.033413078149920207 167.50000000000003 0.63484848484848488 -1682.4999999999998 0.46547619047619054 7.5000000000000009 0.038369525211630409 0.040215445041298405 1242.5000000000002 177.50000000000003 6.5000000000000009 1700.5000000000002 6.5000000000000009 8.5000000000000018 55.500000000000007 4.5000000000000009 1263.5000000000002 5.5000000000000009 688.50000000000011 7.5000000000000009 3.5000000000000004 3312.5000000000005 9.5000000000000018 -2321.4999999999995 0.012618422100151202 0.020887870855148306 1.5000000000000002 0.028639781271360156 183.50000000000003
decision_type=2 2 2 2 2 2 2 2 2 2 2 2 2 2 2 2 2 2 2 2 2 2 2 2 2 2 2 2 2
left_child=17 2 6 -3 5 -5 13 -8 10 -10 11 -6 -12 18 -14 20 -11 22 -2 -19 -7 -16 23 24 -1 -26 28 -27 -24
right_child=1 3 -4 4 8 15 7 -9 9 16 12 -13 14 -15 21 -17 -18 19 -20 -21 -22 -23 26 -25 25 27 -28 -29 -30
leaf_value=-0.066667347304227631 -0.066674689991367067 -0.066777816430234921 0.066988775466821929 -0.043137872464746874 0.066791008159648599 0.066719830504741715 -0.066676538079071479 -0.021877079557676513 0.054390658210892999 0.066725446282396003 0.067109556617265684 0.064881336275098622 0.066779617578265241 -0.06692024702331921 0.066708410818747149 0.066702192302000682 0.066709158014362738 -0.066670116787120912 -0.066683400789026889 -0.066677415892232264 0.066724679554163183 0.066707558393363758 -0.066667347252721984 -0.0666673473737808 -0.066667366111563223 -0.066667347828306772 -0.066667347254824677 -0.066667347263481128 -0.06666734725268092
leaf_weight=0.12210394952307979 0.003452524188105599 0.0024924697354435912 0.0071860136254713316 0.0045684358801736389 0.0067504200232804124 0.0014103305040569225 0.0012503716716310018 0.0011602203536558164 0.0014590660461522012 0.0013212177806281034 0.0098340278491377831 0.0051629001943069852 0.0026036399005420199 0.0056624342687427998 0.0022735020864281807 0.0021464907668189426 0.0013535238885538092 0.0012648476586036841 0.0028083292381779756 0.0017518214517622255 0.0052430552022180166 0.0021091971313591529 0.0031566143152303985 0.60873085476148825 0.0010174052529206001 0.0059915380926494066 0.029099080498781404 0.0016089729594455093 0.0010726359323598444
leaf_count=7968 36 1 7 24 17 94 6 115 20 2 1 30 6 1 16 43 54 39 10 8 26 29 206 39863 68 412 1899 109 70
internal_value=-0.0588038 0.0280388 -0.0196919 0.0491181 0.0553658 0.0291765 -0.0631475 -0.0451145 0.0660179 0.0623664 0.0665432 0.0659634 0.0669539 -0.0667934 0.0667347 0.0667184 0.0667172 -0.0666674 -0.0666786 -0.0666744 0.0667237 0.066708 -0.0666673 -0.0666673 -0.0666673 -0.0666673 -0.0666673 -0.0666673 -0.0666673
internal_weight=0.846046 0.0702482 0.0215199 0.0487283 0.0462358 0.0133683 0.0143339 0.00241059 0.0328675 0.00413381 0.0287337 0.0119133 0.0168204 0.0119233 0.00698634 0.00879988 0.00267474 0.775798 0.00626085 0.00301667 0.00665339 0.0043827 0.772781 0.739453 0.130722 0.00861792 0.0333283 0.00760051 0.00422925
internal_count=51180 538 175 363 362 187 168 121 175 76 99 47 52 47 51 163 56 50642 46 47 120 45 50595 48420 8557 589 2175 521 276
is_linear=0
shrinkage=0.1


Tree=156
num_leaves=28
num_cat=0
split_feature=9 4 10 6 10 9 9 9 7 8 3 9 0 0 9 0 7 2 5 7 0 1 9 0 6 6 6
split_gain=0.0487595 0.00656037 0.00722744 0.00313751 0.00126223 0.00318062 7.68187e-05 9.66725e-05 9.16888e-06 2.11634e-05 1.83728e-06 0.000147879 1.07913e-06 1.80567e-06 3.48174e-08 1.25636e-08 5.05516e-10 2.49037e-11 1.00333e-11 9.7457e-12 3.20107e-12 7.67005e-13 1.59595e-16 1.11022e-16 2.77556e-17 1.38778e-17 4.33681e-19
threshold=0.033413078149920207 167.50000000000003 0.63484848484848488 -1682.4999999999998 0.46547619047619054 0.039786861148801408 0.038369525211630409 0.040215445041298405 1242.5000000000002 4208.5000000000009 4.5000000000000009 0.011142147734326502 6.5000000000000009 4.5000000000000009 0.036521849593495907 8.5000000000000018 55.500000000000007 4.5000000000000009 5.5000000000000009 688.50000000000011 7.5000000000000009 3.5000000000000004 0.0057307060755336509 4.5000000000000009 -492.49999999999994 3086.5000000000005 3938.5000000000005
decision_type=2 2 2 2 2 2 2 2 2 2 2 2 2 2 2 2 2 2 2 2 2 2 2 2 2 2 2
left_child=10 2 6 -3 5 -5 15 -8 12 -10 11 22 13 -6 -14 19 -16 21 23 -2 -20 -7 -1 24 -12 -26 -27
right_child=1 3 -4 4 8 17 7 -9 9 -11 18 -13 14 -15 16 -17 -18 -19 20 -21 -22 -23 -24 -25 25 26 -28
leaf_value=0.066667479270332564 0.06667423035502236 0.066767823763045575 -0.066945114106738854 0.041284433271676808 -0.066793213044775451 -0.066714584796678869 0.066676207712636576 0.026234660044742265 -0.066718073369030337 -0.050877335557901693 0.066667478617078391 0.028012512446740381 -0.067050432842284277 -0.064123580293744833 -0.066766169411946061 0.066890950114333922 -0.06670478358098561 -0.066702524820054898 0.066669705322364659 0.066682259399863483 0.06667638374183664 -0.066717426368908053 0.066667518092666772 0.066667478616630152 0.066667478616288051 0.066667478599794022 0.066667478617735698
leaf_weight=0.0731009503633685 0.0034883677180915298 0.0022691818885505121 0.0062169016596129714 0.0043443408940788686 0.0055477049494276915 0.001197937794618853 0.0012109760427847513 0.0011546901131838719 0.002329784204079032 0.001321966688023278 0.29821113301659352 0.0010030689106770288 0.0085362177342176455 0.0046632666389996302 0.0022369073794834549 0.0050126472488045692 0.0033514885793191314 0.0015389302580981479 0.0013072287347313241 0.0026680212031351402 0.0015914770519884769 0.0045878430858992125 0.0010721895760070757 0.33973027311185433 0.20184436876661493 0.0050575205932545933 0.0012232992048666347
leaf_count=4002 36 1 7 36 13 83 6 115 20 56 16333 198 1 34 6 1 45 42 39 10 8 26 56 18607 11055 277 67
internal_value=0.0608801 -0.025207 0.0223091 -0.0475923 -0.0541362 -0.0265065 0.0633062 0.0469365 -0.0656561 -0.0609836 0.0666255 0.0661517 -0.0663572 -0.065574 -0.0669234 0.0667734 -0.0667294 -0.0667138 0.0666675 0.0666777 0.0666734 -0.0667168 0.0666675 0.0666675 0.0666675 0.0666675 0.0666675
internal_weight=0.985819 0.0616772 0.0197516 0.0419256 0.0396564 0.0116691 0.0135347 0.00236567 0.0279873 0.00365175 0.924142 0.0751762 0.0243356 0.010211 0.0141246 0.011169 0.0055884 0.00732471 0.848965 0.00615639 0.00289871 0.00578578 0.0741731 0.846067 0.506336 0.208125 0.00628082
internal_count=51180 538 175 363 362 187 168 121 175 76 50642 4256 99 47 52 47 51 151 46386 46 47 109 4058 46339 27732 11399 344
is_linear=0
shrinkage=0.1


Tree=157
num_leaves=22
num_cat=0
split_feature=3 10 7 4 4 8 8 10 4 7 10 7 10 4 4 9 6 9 4 6 6
split_gain=6.84452e-06 1.34288e-06 1.57343e-06 9.70582e-07 8.9994e-07 4.79932e-07 5.44148e-07 4.45846e-07 5.46419e-07 4.35323e-07 4.05567e-07 1.85103e-07 1.31159e-07 6.69149e-08 3.60828e-09 9.10841e-13 9.09865e-14 1.66533e-16 2.77556e-17 1.6263e-18 2.1684e-19
threshold=4.5000000000000009 0.38585607940446653 -1227.4999999999998 144.50000000000003 172.50000000000003 3048.5000000000005 -366.49999999999994 0.51787994891443179 152.50000000000003 569.50000000000011 0.43534002229654406 -1838.4999999999998 0.27429467084639497 142.50000000000003 166.50000000000003 0.035252692626346303 2244.5000000000005 0.030573298021498604 206.50000000000003 -751.49999999999989 3199.5000000000005
decision_type=2 2 2 2 2 2 2 2 2 2 2 2 2 2 2 2 2 2 2 2 2
left_child=1 2 11 -4 5 6 -5 8 13 10 -10 -1 -6 -3 19 17 -17 18 -2 -9 -20
right_child=15 7 3 4 12 -7 -8 14 9 -11 -12 -13 -14 -15 -16 16 -18 -19 20 -21 -22
leaf_value=-0.066526372738895945 -0.066666881008755591 -0.066666883668733787 -0.065537931334460675 -0.062085962202539459 -0.065020010445133405 -0.063574321701746928 -0.05920767766969285 -0.066666886907049513 -0.06496957247118576 -0.066002352621819582 -0.062339798924562206 -0.065073942397912796 -0.063476096384673053 -0.065643856094343575 -0.066438429428739551 -0.06666822200207248 -0.066669488114972128 -0.066666920621744966 -0.06666688112515666 -0.06666688147804728 -0.066666883083211476
leaf_weight=0.0016442529959022067 0.22088549226054965 0.0014768317832931643 0.0014297587877081241 0.0018559693967290514 0.0011195069373570732 0.0010401190039601715 0.0010165974919118526 0.001021651522933098 0.001085027947283379 0.0010416473388659142 0.001276225476090076 0.0018815200993458348 0.0010820881453810216 0.001127484894823283 0.0010098626706849245 0.0010741378269898396 0.0012035601729309953 0.0011338161802996174 0.0021523569989767557 0.0011703616705744935 0.0010099351165990811
leaf_count=338 45565 302 296 400 235 221 229 209 226 216 277 393 231 234 208 245 255 208 444 241 207
internal_value=-0.06651 -0.0647496 -0.0640074 -0.0631923 -0.0626438 -0.0617338 -0.0610673 -0.0656418 -0.0651338 -0.0642994 -0.0635482 -0.0657513 -0.0642612 -0.066224 -0.0665948 -0.0666669 -0.0666689 -0.0666669 -0.0666669 -0.0666669 -0.0666669
internal_weight=0.247738 0.0202789 0.0110698 0.00754404 0.00611428 0.00391269 0.00287257 0.00920909 0.00600722 0.0034029 0.00236125 0.00352577 0.0022016 0.00260432 0.00320188 0.227459 0.0022777 0.225182 0.224048 0.00219201 0.00316229
internal_count=51180 4256 2343 1612 1316 850 629 1913 1255 719 503 731 466 536 658 46924 500 46424 46216 450 651
is_linear=0
shrinkage=0.1


Tree=158
num_leaves=23
num_cat=0
split_feature=9 4 10 6 10 9 9 9 7 4 0 6 5 0 7 2 7 5 7 0 1 8
split_gain=0.0507308 0.00616656 0.00705161 0.00306994 0.00115897 0.00310611 0.000108509 0.000125654 7.41709e-06 1.69061e-05 7.68015e-07 1.30238e-06 3.84127e-08 1.16672e-08 5.61365e-10 4.96136e-11 1.23696e-11 9.89353e-12 7.97388e-12 2.6224e-12 1.59804e-12 5.3596e-14
threshold=0.033413078149920207 167.50000000000003 0.63484848484848488 -1682.4999999999998 0.46547619047619054 0.039786861148801408 0.038369525211630409 0.040215445041298405 1242.5000000000002 177.50000000000003 6.5000000000000009 1700.5000000000002 6.5000000000000009 8.5000000000000018 55.500000000000007 4.5000000000000009 1263.5000000000002 5.5000000000000009 688.50000000000011 7.5000000000000009 3.5000000000000004 3312.5000000000005
decision_type=2 2 2 2 2 2 2 2 2 2 2 2 2 2 2 2 2 2 2 2 2 2
left_child=17 2 6 -3 5 -5 13 -8 10 -10 11 -6 -12 18 -14 20 -11 -1 -2 -19 -7 -16
right_child=1 3 -4 4 8 15 7 -9 9 16 12 -13 14 -15 21 -17 -18 19 -20 -21 -22 -23
leaf_value=-0.066667261327991251 -0.066673644350888031 -0.066763915335200666 0.06694839299483496 -0.039691156865123499 0.06677546549651503 0.066713295319039551 -0.066675306011400398 -0.019203726071632093 0.052546556620154665 0.066718101769589158 0.067053935663340683 0.06452311820097055 0.066765501668807722 -0.066888506579161247 0.066703199529925636 0.06669779712176889 0.066703598813056195 -0.066669685749964888 -0.066681297286551366 -0.066676072791171256 0.066717351264082667 0.066702451415891761
leaf_weight=0.67633417285589204 0.0030489393793686759 0.0021817747037857762 0.006292589598047015 0.0042608406167801149 0.0059090891912205734 0.00123173105818708 0.0010943117813440048 0.0011368279240890899 0.0013128283419376876 0.0011564180171603766 0.00861319899559021 0.0045394079162690559 0.0022791000637028 0.0049584284424781799 0.0019898657346670845 0.0018761285489432566 0.0011966197145909518 0.0011069681868320904 0.0024599784301244654 0.0015331767172028776 0.0045963478503150412 0.0018460454287518857
leaf_count=50595 36 1 7 36 17 83 6 115 20 2 1 30 6 1 16 42 54 39 10 8 26 29
internal_value=-0.0587616 0.0278427 -0.0196143 0.0488073 0.0549863 0.028821 -0.0625094 -0.0424872 0.0658408 0.0616382 0.0664527 0.0657969 0.0669179 -0.0667772 0.0667262 0.0667119 0.0667107 -0.0666673 -0.0666771 -0.0666734 0.0667165 0.0667028
internal_weight=0.740955 0.0619805 0.0189911 0.0429894 0.0408076 0.011965 0.0126985 0.00223114 0.0288426 0.00366587 0.0251767 0.0104485 0.0147282 0.0104673 0.00611501 0.00770421 0.00235304 0.678974 0.00550892 0.00264014 0.00582808 0.00383591
internal_count=51180 538 175 363 362 187 168 121 175 76 99 47 52 47 51 151 56 50642 46 47 109 45
is_linear=0
shrinkage=0.1


Tree=159
num_leaves=27
num_cat=0
split_feature=5 5 6 0 9 3 5 8 6 9 2 6 2 9 9 1 0 7 8 8 9 9 0 6 7 7
split_gain=0.0428563 0.00566387 0.00497756 0.000772862 0.00169135 2.51185e-06 0.000177272 1.92059e-09 7.28513e-10 2.76546e-10 1.52601e-10 1.46673e-10 1.42653e-10 1.33032e-11 6.54454e-12 3.60906e-12 4.82226e-12 1.57173e-12 1.05854e-12 7.90638e-13 2.09277e-14 9.36751e-17 5.55112e-17 6.93889e-18 6.93889e-18 8.67362e-19
threshold=5.5000000000000009 6.5000000000000009 3663.5000000000005 3.5000000000000004 0.039786861148801408 4.5000000000000009 1.5000000000000002 -2568.4999999999995 -2113.4999999999995 0.044568590937306009 5.5000000000000009 2244.5000000000005 7.5000000000000009 0.035252692626346303 0.037235096058625454 3.5000000000000004 5.5000000000000009 688.50000000000011 3995.5000000000005 3858.5000000000005 0.03256451042771296 0.0054794931844111506 7.5000000000000009 1113.5000000000002 -1269.4999999999998 -1806.4999999999998
decision_type=2 2 2 2 2 2 2 2 2 2 2 2 2 2 2 2 2 2 2 2 2 2 2 2 2 2
left_child=5 2 8 4 -3 6 21 -5 -2 14 15 17 -6 20 -9 16 -11 -10 -18 -17 22 24 -7 -24 25 -1
right_child=1 3 -4 7 12 13 -8 9 11 10 -12 -13 -14 -15 -16 19 18 -19 -20 -21 -22 -23 23 -25 -26 -27
leaf_value=0.06666737580172484 0.066755178486495148 0.057067783044930133 -0.022899613353495937 -0.066795549347209868 -0.066702600153223421 0.066667380020334593 0.024267730650436348 -0.066682376826026846 0.066673364789797573 -0.066703771483981877 -0.066735099487776797 0.066704722569266711 -0.066746258513443596 0.066676003182185514 -0.066671606514222409 -0.066712453342324063 -0.066711030568857937 0.066677155396243457 -0.066707379060709532 -0.066710325279447133 0.06666781450832536 0.066667408097400946 0.066667380030394643 0.066667380009154009 0.066667378218469964 0.066667376999773709
leaf_weight=0.0083426290730130859 0.0019862931221723557 0.0017214562358276479 0.019262807676568627 0.0030731158298351593 0.0012874414918506716 0.64672269408220018 0.0010012990245513711 0.0012437755375458428 0.0021018382776673804 0.0017251012796375429 0.0029936422179577806 0.0027735843523259973 0.0017876068618249974 0.0017936655785888425 0.0010325660392304578 0.0041527524269748808 0.003026762680115618 0.0022808999419794418 0.0010761570269735392 0.0030122277282591233 0.0011109567640232845 0.0010340462231397387 0.018248148557177046 0.075133795540750725 0.047061273155122874 0.0084746494831051677
leaf_count=522 1 4 16 7 58 40473 200 12 27 33 30 21 3 9 181 17 29 18 64 30 47 62 1142 4702 2942 530
internal_value=0.0608302 -0.0249703 0.00593958 -0.0585685 -0.0222979 0.0666149 0.0660233 -0.0667224 0.0667016 -0.0667101 -0.0667147 0.0666867 -0.066728 0.0666674 -0.0666775 -0.0667101 -0.0667082 0.0666753 -0.0667101 -0.0667116 0.0666674 0.0666674 0.0666674 0.0666674 0.0666674 0.0666674
internal_weight=0.863461 0.054538 0.0284054 0.0261326 0.0047965 0.808923 0.0659139 0.0213361 0.00914262 0.018263 0.0159866 0.00715632 0.00307505 0.743009 0.00227634 0.012993 0.00582802 0.00438274 0.00410292 0.00716498 0.741216 0.0649126 0.740105 0.0933819 0.0638786 0.0168173
internal_count=51180 551 83 468 65 50629 4256 403 67 396 203 66 61 46373 193 173 126 45 93 47 46364 4056 46317 5844 3994 1052
is_linear=0
shrinkage=0.1


Tree=160
num_leaves=20
num_cat=0
split_feature=3 4 10 3 7 7 8 7 6 10 10 1 8 6 9 7 9 6 2
split_gain=9.31184e-06 1.80582e-06 2.03925e-06 1.87608e-06 1.91962e-06 1.91835e-06 1.19113e-06 7.20657e-07 1.37996e-06 3.10033e-07 1.52616e-07 1.85461e-07 5.34078e-08 3.37445e-09 6.13037e-13 4.63431e-15 1.38778e-16 2.77556e-17 4.33681e-19
threshold=4.5000000000000009 144.50000000000003 0.51787994891443179 3.5000000000000004 -1310.4999999999998 372.50000000000006 -3703.4999999999995 -120.49999999999999 -1155.4999999999998 0.36939571150097467 0.40270270270270275 5.5000000000000009 -4341.4999999999991 172.50000000000003 0.035252692626346303 597.50000000000011 0.030395417590539504 -4129.4999999999991 3.5000000000000004
decision_type=2 2 2 2 2 2 2 2 2 2 2 2 2 2 2 2 2 2 2
left_child=1 10 3 -3 12 6 -6 8 -8 -7 11 -1 -5 -4 16 -16 17 18 -2
right_child=14 2 13 4 5 9 7 -9 -10 -11 -12 -13 -14 -15 15 -17 -18 -19 -20
leaf_value=-0.064605224042742437 -0.066666852512336755 -0.066666856553483256 -0.066413512113836198 -0.065926695733583007 -0.06322280139610105 -0.063048839901321485 -0.058348484816528018 -0.057787632369445265 -0.06309981592473049 -0.065174120190407289 -0.06666685534047756 -0.066297389632290676 -0.064900415673935966 -0.06666685679079748 -0.066668762638606147 -0.066668458557290519 -0.066666887905120847 -0.066666852586049305 -0.06666685247069859
leaf_weight=0.0012276020098624931 0.0058674415477071298 0.001339909113539762 0.0010005978334675101 0.0010261313734645228 0.0014618112563766789 0.0013930498913623524 0.0011787728891476962 0.0011612728367253987 0.0012696974937398409 0.0013531172211287412 0.0019593964339037484 0.0013710813548186707 0.0010024478310697313 0.0011078621437263791 0.0010005570563245128 0.0010042281617081983 0.0010957325114304686 0.18831695250764824 0.0017988396357395686
leaf_count=289 1383 314 235 242 352 333 295 292 305 320 458 323 238 260 160 340 231 44386 424
internal_value=-0.0664707 -0.0642828 -0.0636939 -0.0631562 -0.0626785 -0.0619672 -0.0608145 -0.0598393 -0.0608124 -0.064096 -0.0660005 -0.065498 -0.0654195 -0.0665466 -0.0666669 -0.0666686 -0.0666669 -0.0666669 -0.0666669
internal_weight=0.216937 0.0178527 0.0132947 0.0111862 0.0098463 0.00781772 0.00507155 0.00360974 0.00244847 0.00274617 0.00455808 0.00259868 0.00202858 0.00210846 0.199084 0.00200479 0.197079 0.195983 0.00766628
internal_count=51180 4256 3186 2691 2377 1897 1244 892 600 653 1070 612 480 495 46924 500 46424 46193 1807
is_linear=0
shrinkage=0.1


Tree=161
num_leaves=31
num_cat=0
split_feature=9 4 10 6 10 5 9 6 7 6 0 6 5 0 7 2 9 5 7 1 0 8 0 3 9 9 9 3 9 9
split_gain=0.0445745 0.00533115 0.00612345 0.00265949 0.00106715 0.00268755 0.000123105 9.36048e-05 9.94948e-06 2.26471e-05 1.02466e-06 1.8774e-06 2.57121e-08 7.81508e-09 3.76096e-10 3.33807e-11 7.77586e-12 6.62775e-12 5.34726e-12 1.32462e-12 1.12041e-12 3.55588e-14 5.55112e-17 2.77556e-17 2.28983e-16 5.55112e-17 2.77556e-17 1.38778e-17 2.77556e-17 3.46945e-18
threshold=0.033413078149920207 167.50000000000003 0.63484848484848488 -1682.4999999999998 0.46547619047619054 7.5000000000000009 0.038369525211630409 242.50000000000003 1242.5000000000002 2973.5000000000005 6.5000000000000009 1700.5000000000002 6.5000000000000009 8.5000000000000018 55.500000000000007 4.5000000000000009 0.04481827882744336 5.5000000000000009 688.50000000000011 3.5000000000000004 8.5000000000000018 3312.5000000000005 4.5000000000000009 4.5000000000000009 0.0051151229722658006 0.028004705574798953 0.0066007319623561508 4.5000000000000009 0.022878953107960707 0.023866484392800154
decision_type=2 2 2 2 2 2 2 2 2 2 2 2 2 2 2 2 2 2 2 2 2 2 2 2 2 2 2 2 2 2
left_child=17 2 6 -3 5 -5 13 -8 10 -10 11 -6 -12 18 -14 19 -11 22 -2 -7 -19 -16 23 24 -1 26 -25 -24 -29 -28
right_child=1 3 -4 4 8 15 7 -9 9 16 12 -13 14 -15 21 -17 -18 20 -20 -21 -22 -23 27 25 -26 -27 29 28 -30 -31
leaf_value=-0.066667191503767612 -0.066672772262380539 -0.066751764095262983 0.066913085094255559 -0.036252306031312055 0.066761862336723474 0.06670715066116871 -0.061779687984524045 -0.019283587382407041 0.049422627305232891 0.06670023192740554 0.067005336296822621 0.063878834511654409 0.066753147552787856 -0.066860727357237665 0.066698638872221647 0.066693866440993302 0.066712464366808125 -0.066670378819130446 -0.066679471220886924 0.066711086316789264 -0.066674783192081366 0.066697987525152241 -0.066667193835096991 -0.066667188445764747 -0.066667240020533911 -0.066667192472797801 -0.066667189502251159 -0.066667188484391945 -0.066667191149181987 -0.066667191290132641
leaf_weight=0.037791962786286604 0.0026683852738642599 0.0019097614567726842 0.005509850528341075 0.0040611729400552576 0.0051780959237532898 0.0010864976236852897 0.0010018180586257594 0.001073981206650032 0.0011933580571223948 0.0010406084840184349 0.0075431885197758675 0.004006231618319589 0.001994953811134792 0.0043411734513938427 0.0017415930811246483 0.0016447171715157083 0.0010380483661691642 0.0011688274435073245 0.0021529647965508047 0.0040167009507685592 0.0011417849436838878 0.0016157142853430173 0.0092679011561949132 0.28422609742756322 0.0010031582534177899 0.0037791963104609741 0.024247888194622647 0.19621306908538827 0.022170503188135626 0.01322718745086604
leaf_count=3220 36 1 7 24 17 94 17 104 23 41 1 30 6 1 16 43 12 40 10 26 7 29 799 24217 237 322 2066 16718 1889 1127
internal_value=-0.0587077 0.0275738 -0.0194435 0.0482577 0.0543317 0.0280228 -0.0617818 -0.039793 0.0655489 0.0604027 0.0663115 0.0655043 0.0668864 -0.0667634 0.0667188 0.0667063 0.0667063 -0.0666672 -0.0666758 0.0667102 -0.0666726 0.0666983 -0.0666672 -0.0666672 -0.0666672 -0.0666672 -0.0666672 -0.0666672 -0.0666672 -0.0666672
internal_weight=0.649056 0.0548188 0.0167482 0.0380706 0.0361609 0.0108091 0.0112383 0.0020758 0.0253518 0.00327201 0.0220798 0.00918433 0.0128954 0.00916252 0.00535226 0.00674792 0.00207866 0.594238 0.00482135 0.0051032 0.00231061 0.00335731 0.591927 0.364275 0.0387951 0.32548 0.321701 0.227651 0.218384 0.0374751
internal_count=51180 538 175 363 362 187 168 121 175 76 99 47 52 47 51 163 53 50642 46 120 47 45 50595 31189 3457 27732 27410 19406 18607 3193
is_linear=0
shrinkage=0.1


Tree=162
num_leaves=31
num_cat=0
split_feature=9 4 10 6 10 9 9 7 8 3 9 0 0 5 0 7 2 5 7 0 6 0 4 5 0 4 4 4 6 4
split_gain=0.0380169 0.00506586 0.00571744 0.0023673 0.00105432 0.00239036 9.09784e-05 1.27557e-05 2.89849e-05 3.39616e-06 0.000206687 1.50779e-06 2.67398e-06 1.76271e-08 7.14304e-09 2.27002e-10 1.11327e-11 6.12266e-12 4.37843e-12 1.81013e-12 2.20312e-13 5.55112e-17 5.55112e-17 5.55112e-17 3.46945e-18 3.46945e-18 8.67362e-19 8.67362e-19 8.67362e-19 4.33681e-19
threshold=0.033413078149920207 167.50000000000003 0.63484848484848488 -1682.4999999999998 0.46547619047619054 0.039786861148801408 0.038369525211630409 1242.5000000000002 4208.5000000000009 4.5000000000000009 0.008032258064516103 6.5000000000000009 4.5000000000000009 6.5000000000000009 8.5000000000000018 55.500000000000007 4.5000000000000009 5.5000000000000009 688.50000000000011 7.5000000000000009 242.50000000000003 12.500000000000002 135.50000000000003 1.0000000180025095e-35 4.5000000000000009 133.50000000000003 174.50000000000003 145.50000000000003 1351.5000000000002 160.50000000000003
decision_type=2 2 2 2 2 2 2 2 2 2 2 2 2 2 2 2 2 2 2 2 2 2 2 2 2 2 2 2 2 2
left_child=9 2 6 -3 5 -5 14 11 -9 10 23 12 -6 -13 18 -15 20 21 -2 -19 -7 22 25 24 -1 -11 27 -26 -27 -29
right_child=1 3 -4 4 7 16 -8 8 -10 17 -12 13 -14 15 -16 -17 -18 19 -20 -21 -22 -23 -24 -25 26 28 -28 29 -30 -31
leaf_value=0.066667289112763539 0.066672461230484578 0.066744117048533877 -0.066889303981682677 0.035861541866325737 -0.06676362399259507 -0.066705929156554752 0.043072483212278197 -0.066706660015918323 -0.045984871053754109 0.066667286721906388 0.021167027863210251 -0.066973414777840912 -0.06306670480079038 -0.066742854760286574 0.066854433568997326 -0.06669585833754077 -0.066694131432727746 0.06666926336947325 0.066678610362003662 0.066674816928223843 -0.066704490084756277 0.066667286667922668 0.06666728668733983 0.066667311730178411 0.066667286900664258 0.066667286678505161 0.066667288001753741 0.06666728929208865 0.066667286674911147 0.066667288177434031
leaf_weight=0.045048604304611217 0.0026719130655692355 0.0017386305844411176 0.0049790147687929212 0.0038175639944029276 0.0042594961337316644 0.0017711750782667401 0.0019818996125185668 0.0018129419722612283 0.0010754480381909006 0.052973346540966304 0.0010162200703689441 0.0068388492800295353 0.0036186088293845842 0.00171390613542144 0.0042009903118014336 0.0025673419450420011 0.0011788588629051411 0.0010500839725864344 0.0020436130071175285 0.0013305870961630717 0.0026638132778963319 0.0043072309408671563 0.58115453319169319 0.0010008625413320251 0.0031751873248140328 0.0085725083363286103 0.001693880200946297 0.0033470452481196844 0.0010208696712652463 0.0025341999271404347
leaf_count=3216 36 1 7 36 13 16 121 20 56 3788 203 1 34 6 1 45 42 39 10 8 93 308 41557 69 227 613 121 239 73 181
internal_value=0.060712 -0.0245341 0.0218918 -0.0468329 -0.0531382 -0.0251877 0.0624521 -0.0651826 -0.0589912 0.066602 0.0658675 -0.066124 -0.0650655 -0.0668738 0.0667596 -0.0667147 -0.0667028 0.0666673 0.0666751 0.0666724 -0.0667051 0.0666673 0.0666673 0.0666673 0.0666673 0.0666673 0.0666673 0.0666673 0.0666673 0.0666673
internal_weight=0.757159 0.0489341 0.0158774 0.0330566 0.031318 0.00943141 0.0108984 0.0218866 0.00288839 0.708225 0.057816 0.0189982 0.0078781 0.0111201 0.00891652 0.00428125 0.00561385 0.650409 0.00471553 0.00238067 0.00443499 0.648028 0.643721 0.0567998 0.0557989 0.0625667 0.0107503 0.00905643 0.00959338 0.00588125
internal_count=51180 538 175 363 362 187 168 175 76 50642 4256 99 47 52 47 51 151 46386 46 47 109 46339 46031 4053 3984 4474 768 647 686 420
is_linear=0
shrinkage=0.1


Tree=163
num_leaves=19
num_cat=0
split_feature=3 4 10 3 7 7 8 7 6 1 10 1 9 9 9 9 10 9
split_gain=1.25179e-05 2.39684e-06 2.70747e-06 2.48441e-06 2.51511e-06 2.486e-06 1.52252e-06 9.06641e-07 1.75708e-06 4.11422e-07 2.07089e-07 2.49709e-07 4.11782e-13 8.32667e-17 1.38778e-17 8.67362e-19 8.67362e-19 2.1684e-19
threshold=4.5000000000000009 144.50000000000003 0.51787994891443179 3.5000000000000004 -1310.4999999999998 372.50000000000006 -3703.4999999999995 -120.49999999999999 -1155.4999999999998 2.5000000000000004 0.40270270270270275 5.5000000000000009 0.035252692626346303 0.030097834948817802 0.021877866858122905 0.027266644362663052 0.51925925925925942 0.028388942617666005
decision_type=2 2 2 2 2 2 2 2 2 2 2 2 2 2 2 2 2 2
left_child=1 10 3 -3 -5 6 -6 8 -8 -7 11 -1 13 14 -2 16 -16 -17
right_child=12 2 -4 4 5 9 7 -9 -10 -11 -12 -13 -14 -15 15 17 -18 -19
leaf_value=-0.064110773395876661 -0.066666832008039842 -0.066666833243269386 -0.066516562751665106 -0.065114742229402556 -0.062415733972963738 -0.064914326320152801 -0.056584604145443008 -0.055926369946425664 -0.062266530470589047 -0.062297577456988454 -0.066666834349307175 -0.066205240747606017 -0.06666836731959451 -0.066666858692676842 -0.066666831899779885 -0.066666831963477488 -0.066666832000106493 -0.066666833853994314
leaf_weight=0.0010819347469350751 0.15526882015819865 0.0011726536299647714 0.0018466635324330136 0.0017824353060404982 0.0012922960879677712 0.001101317019220005 0.0010560800940311319 0.0010419039651878821 0.0011229863066546386 0.0013222002196471294 0.0017151287420347217 0.0012012104723453376 0.0017652203782745337 0.0011056912098865715 0.0091264709203642269 0.0013403792895587676 0.0044815501894390772 0.0011631113579824159
leaf_count=289 41818 314 495 480 352 295 295 292 305 358 458 323 500 269 2458 361 1207 311
internal_value=-0.0664229 -0.0637219 -0.0630016 -0.0623454 -0.0617642 -0.0609033 -0.0595161 -0.0583527 -0.0595128 -0.0634867 -0.0658365 -0.0652127 -0.0666668 -0.0666668 -0.0666668 -0.0666668 -0.0666668 -0.0666668
internal_weight=0.189988 0.0157368 0.0117385 0.00989187 0.00871922 0.00693678 0.00451327 0.00322097 0.00217907 0.00242352 0.00399827 0.00228315 0.174251 0.172486 0.17138 0.0161115 0.013608 0.00250349
internal_count=51180 4256 3186 2691 2377 1897 1244 892 600 653 1070 612 46924 46424 46155 4337 3665 672
is_linear=0
shrinkage=0.1


Tree=164
num_leaves=24
num_cat=0
split_feature=9 4 10 6 10 5 9 7 4 0 6 5 0 7 2 5 7 0 6 8 0 1 8
split_gain=0.0395121 0.00477342 0.0055726 0.00231725 0.00097319 0.00234005 0.000124382 1.07691e-05 2.44478e-05 1.13277e-06 2.1017e-06 1.94215e-08 6.61538e-09 2.52088e-10 2.23615e-11 5.97536e-12 3.58258e-12 9.36022e-13 3.5921e-13 2.40973e-14 2.77556e-17 1.38778e-17 4.33681e-19
threshold=0.033413078149920207 167.50000000000003 0.63484848484848488 -1682.4999999999998 0.46547619047619054 7.5000000000000009 0.038369525211630409 1242.5000000000002 177.50000000000003 6.5000000000000009 1700.5000000000002 6.5000000000000009 8.5000000000000018 55.500000000000007 4.5000000000000009 5.5000000000000009 688.50000000000011 8.5000000000000018 659.50000000000011 3312.5000000000005 4.5000000000000009 8.5000000000000018 -5955.9999999999991
decision_type=2 2 2 2 2 2 2 2 2 2 2 2 2 2 2 2 2 2 2 2 2 2 2
left_child=15 2 6 -3 5 -5 12 9 -9 10 -6 -11 16 -13 18 20 -2 -17 -7 -15 -1 -22 -23
right_child=1 3 -4 4 7 14 -8 8 -10 11 -12 13 -14 19 -16 17 -18 -19 -20 -21 21 22 -24
leaf_value=-0.066667125652363296 -0.066672011579869475 -0.066741130204506297 0.0668918135335832 -0.034262200525450599 0.066749970076764586 0.066705541619920955 -0.038328784771049867 0.047644912761217011 0.066700953990783129 0.066976093827106439 0.063494752417197264 0.066742341666305174 -0.066852385480074702 0.066694643264024855 0.066690469204145994 -0.066670297772755904 -0.066677872819495582 -0.066674445889808295 0.066703715203280875 0.06669407011839977 -0.066667125632866406 -0.066667125637091221 -0.066667125622793477
leaf_weight=0.31881857409160652 0.0023353264987235889 0.0016716254176571957 0.0050370991212957969 0.003754994492737751 0.0045324966710893477 0.002655892469505261 0.0018846282902291742 0.0010637510473898706 0.0018339585961655303 0.0068979742936789989 0.0035266370331754615 0.0017462274499564501 0.0041555077768862247 0.0015242836021753803 0.0014394791717080579 0.0010852710638573617 0.0018842499339370988 0.0010906686420639744 0.0018111838177876649 0.0014141112716321569 0.19589983588201898 0.0010579748250165721 0.0022802952735219142
leaf_count=31189 36 1 7 24 17 27 121 20 56 1 30 6 1 16 43 40 10 7 93 29 19081 103 222
internal_value=-0.0585687 0.0271167 -0.0192484 0.0480551 0.0540144 0.0274615 -0.0615397 0.0653964 0.0597055 0.0662359 0.0653255 0.0668694 -0.0667628 0.0667123 0.0667013 -0.0666671 -0.0666746 -0.0666724 0.0667048 0.0666944 -0.0666671 -0.0666671 -0.0666671
internal_weight=0.569402 0.0491694 0.0152968 0.0338726 0.032201 0.00966155 0.0102597 0.0225394 0.00289771 0.0196417 0.00805913 0.0115826 0.00837508 0.00468462 0.00590656 0.520233 0.00421958 0.00217594 0.00446708 0.00293839 0.518057 0.199238 0.00333827
internal_count=51180 538 175 363 362 187 168 175 76 99 47 52 47 51 163 50642 46 47 120 45 50595 19406 325
is_linear=0
shrinkage=0.1


Tree=165
num_leaves=28
num_cat=0
split_feature=9 5 6 0 1 3 9 8 4 9 10 2 5 10 1 0 7 10 10 7 0 4 7 10 1 10 8
split_gain=0.0334509 0.00445197 0.00525487 0.000680691 0.00140116 4.55027e-06 0.000242458 8.68264e-10 4.13001e-10 1.18417e-10 7.08113e-11 6.85314e-11 4.09878e-12 2.86049e-12 1.8863e-12 2.2178e-12 4.30229e-13 3.86905e-13 3.57839e-13 1.18612e-13 5.55112e-17 6.93889e-18 1.30104e-18 8.67362e-19 6.50521e-19 6.50521e-19 2.1684e-19
threshold=0.033413078149920207 6.5000000000000009 3663.5000000000005 3.5000000000000004 3.5000000000000004 4.5000000000000009 0.0076629477392835509 -2568.4999999999995 167.50000000000003 0.044568590937306009 0.52277432712215333 5.5000000000000009 5.5000000000000009 0.4491379310344828 3.5000000000000004 5.5000000000000009 491.50000000000006 0.52277432712215333 0.47722567287784684 42.500000000000007 13.500000000000002 138.50000000000003 -1148.4999999999998 0.38585607940446653 5.5000000000000009 0.40967365967365971 -724.49999999999989
decision_type=2 2 2 2 2 2 2 2 2 2 2 2 2 2 2 2 2 2 2 2 2 2 2 2 2 2 2
left_child=5 2 8 4 10 6 21 -5 13 -9 -3 14 20 19 15 -11 -17 -14 -16 -2 -7 22 24 -24 -1 -26 -25
right_child=1 3 -4 7 -6 12 -8 9 -10 11 -12 -13 17 -15 18 16 -18 -19 -20 -21 -22 -23 23 26 25 -27 -28
leaf_value=0.066667212500184966 0.066671769247855062 -0.066693623857722137 -0.031832151620110043 -0.066765280969250329 0.057118098812515075 0.066667211636902562 0.017326515350119098 -0.066677069746861814 0.066719238706080403 -0.066694912652394425 -0.066727999294773521 -0.06671892522120694 0.066670297200839015 0.066676974855567936 -0.066700371516374438 -0.066700944835372838 -0.066698617633230442 0.066673022637718724 -0.066701994301483006 0.066672952592745846 0.066667211620188904 0.066667212829796041 0.066667213824706348 0.06666721064149693 0.066667208272298814 0.066667211430548462 0.06666721189416798
leaf_weight=0.0011419915863370989 0.0016737406804168478 0.0010606747386576699 0.014024127740412951 0.0023566065721354309 0.0014614749562724683 0.56563262921736168 0.001016277727103442 0.0019787302166216084 0.0031905607957014581 0.0013390019325734163 0.0013774811523035169 0.0023159920983015668 0.0010454059311086885 0.0022381206199497683 0.0031045959958961025 0.0015663607654916268 0.0016118320949780893 0.0010381155543655041 0.0024164893815151727 0.0017149226223409642 0.0015053837087179991 0.041435481360167614 0.0019500559819788377 0.0013708813612538506 0.0017396534894942306 0.0010175172328672488 0.001065749795998272
leaf_count=93 24 48 3 7 16 46216 205 193 12 33 1 30 37 15 28 19 74 10 19 16 123 3375 159 112 142 83 87
internal_value=0.0606429 -0.0241975 0.0061999 -0.05792 -0.0203045 0.0665863 0.0656789 -0.066709 0.0666905 -0.0666998 -0.066713 -0.0667034 0.0666672 0.0666742 -0.0666998 -0.0666983 -0.0666998 0.0666717 -0.0667011 0.0666724 0.0666672 0.0666672 0.0666672 0.0666672 0.0666672 0.0666672 0.0666672
internal_weight=0.66339 0.0434307 0.0228415 0.0205892 0.00389963 0.619959 0.0507376 0.0166896 0.00881734 0.014333 0.00243816 0.0123543 0.569222 0.00562678 0.0100383 0.00451719 0.00317819 0.00208352 0.00552109 0.00338866 0.567138 0.0497213 0.00828585 0.00438669 0.00389916 0.00275717 0.00243663
internal_count=51180 538 70 468 65 50642 4256 403 67 396 49 203 46386 55 173 126 93 47 47 40 46339 4051 676 358 318 225 199
is_linear=0
shrinkage=0.1


Tree=166
num_leaves=16
num_cat=0
split_feature=3 10 7 4 4 10 4 10 10 7 7 9 9 2 7
split_gain=1.66577e-05 3.14762e-06 3.60134e-06 1.63996e-06 1.88149e-06 1.07608e-06 1.29521e-06 6.20658e-07 6.15119e-07 4.55966e-07 4.90315e-09 2.75016e-13 2.77556e-17 1.38778e-17 4.33681e-19
threshold=4.5000000000000009 0.38585607940446653 -1227.4999999999998 145.50000000000003 172.50000000000003 0.51787994891443179 152.50000000000003 0.31698564593301443 0.43534002229654406 -1838.4999999999998 -120.49999999999999 0.035252692626346303 0.029895433014567853 7.5000000000000009 -387.49999999999994
decision_type=2 2 2 2 2 2 2 2 2 2 2 2 2 2 2
left_child=1 2 9 -4 7 6 -3 -5 -8 -1 -7 12 13 -2 -15
right_child=11 5 3 4 -6 10 8 -9 -10 -11 -12 -13 -14 14 -16
leaf_value=-0.066393451557922353 -0.066666815787673958 -0.065815121094511347 -0.063783467844829786 -0.056571421096336998 -0.062158569492258856 -0.066364065599875552 -0.064055422857157956 -0.059701142891909677 -0.060790570820987724 -0.063623771051821584 -0.066666814028577978 -0.066668151953126031 -0.066666834121339447 -0.066666815926255216 -0.066666815911071001
leaf_weight=0.0011064004415857198 0.14185086810152825 0.0017586551198292 0.0010380635544606776 0.0016715801234568062 0.0015200535253825365 0.0010004024115914945 0.001028998635320022 0.0010204563870956918 0.0013139577260972146 0.0012844224715991004 0.0011497626194341137 0.0015566015563723825 0.0010702803363074045 0.0010723320635861455 0.0069669089214130508
leaf_count=338 43651 536 317 518 466 307 313 311 406 393 351 500 299 330 2144
internal_value=-0.0663649 -0.0630499 -0.0616884 -0.0602233 -0.0593459 -0.0647139 -0.063764 -0.0577578 -0.0622245 -0.0649055 -0.066526 -0.0666668 -0.0666668 -0.0666668 -0.0666668
internal_weight=0.16641 0.0138928 0.00764098 0.00525015 0.00421209 0.00625178 0.00410161 0.00269204 0.00234296 0.00239082 0.00215017 0.152517 0.15096 0.14989 0.00803924
internal_count=51180 4256 2343 1612 1295 1913 1255 829 719 731 658 46924 46424 46125 2474
is_linear=0
shrinkage=0.1


Tree=167
num_leaves=29
num_cat=0
split_feature=9 5 6 0 9 8 4 9 2 8 9 8 5 10 7 7 7 10 6 0 9 9 9 9 0 7 7 9
split_gain=0.0347661 0.00419828 0.00503943 0.000655731 0.00136328 8.67226e-10 3.68678e-10 1.35444e-10 8.40416e-11 6.28817e-11 7.38697e-12 4.93847e-12 4.01221e-12 2.41005e-12 2.17117e-12 6.93931e-13 4.02893e-13 1.86436e-13 8.20537e-14 2.77556e-17 2.77556e-17 5.55112e-17 2.08167e-17 6.72205e-18 8.67362e-19 8.67362e-19 4.33681e-19 3.25261e-19
threshold=0.033413078149920207 6.5000000000000009 3663.5000000000005 3.5000000000000004 0.039786861148801408 -2568.4999999999995 167.50000000000003 0.044568590937306009 7.5000000000000009 9046.0000000000018 0.037235096058625454 5148.5000000000009 5.5000000000000009 0.4491379310344828 42.500000000000007 302.50000000000006 2116.5000000000005 0.60791925465838526 -299.49999999999994 10.500000000000002 0.013289183222958001 0.011019367372958453 0.015915231340763201 0.011799512704490051 13.500000000000002 2325.5000000000005 1366.5000000000002 0.012461180124223602
decision_type=2 2 2 2 2 2 2 2 2 2 2 2 2 2 2 2 2 2 2 2 2 2 2 2 2 2 2 2
left_child=12 2 6 4 -3 -5 13 10 -6 11 -7 14 19 18 -9 -16 17 -17 -2 20 21 -1 -22 -23 25 26 -21 -25
right_child=1 3 -4 5 8 7 -8 9 -10 -11 -12 -13 -14 -15 15 16 -18 -19 -20 24 22 23 -24 27 -26 -27 -28 -29
leaf_value=-0.066667064668490775 -0.066671408289279269 -0.053473342164790653 0.032366340004500629 0.066763473877307827 0.066691751540389518 0.066682887958047415 -0.066717843787029621 0.066696457197093814 0.066728314877380804 0.066715373038013989 0.066671987548856559 0.066694111510755313 -0.066671664537443706 -0.066676346433524658 0.06670260777859012 0.066698806244446643 0.066701517949739109 0.066700350025769975 -0.066672454262750341 -0.066667064629232956 -0.066667077114415677 -0.066667071093355332 -0.066667064926072536 -0.06666708110889856 -0.066667064616436247 -0.066667064616464461 -0.066667064616474855 -0.066667078684659056
leaf_weight=0.38357329050904809 0.0015903741405054461 0.0015031069692668089 0.014085901668295264 0.0024050283026042498 0.0011503247472717248 0.0012527307280834074 0.0030221430024539586 0.0013858479910791033 0.001386166476464723 0.0031034376735505917 0.0012342070316755382 0.0017163444395176253 0.0019043439406232201 0.0020512261580734048 0.0016263464964936247 0.0016111106261527119 0.0015716946474242377 0.0015206004114709515 0.001419322463334538 0.004755413370730821 0.0014312237371996153 0.0014298932228484764 0.053874499893298733 0.001073770134098595 0.0011057010297008682 0.0020765604704138249 0.0030653987896585022 0.0010224744719380396
leaf_count=42669 25 4 3 7 58 12 12 25 3 36 181 72 47 15 7 46 6 11 15 529 156 157 6162 116 123 231 341 111
internal_value=-0.0584953 0.0267721 -0.00375084 0.0582932 0.0219917 0.0667077 -0.0666902 0.0666988 0.0667117 0.066703 0.0666775 0.066699 -0.0666671 -0.0666737 0.0667 0.0667008 0.0667002 0.0666996 -0.0666719 -0.0666671 -0.0666671 -0.0666671 -0.0666671 -0.0666671 -0.0666671 -0.0666671 -0.0666671 -0.0666671
internal_weight=0.498948 0.0436359 0.022169 0.0214669 0.0040396 0.0174273 0.00808307 0.0150223 0.00253649 0.0125354 0.00248694 0.00943194 0.455313 0.00506092 0.0077156 0.00632975 0.00470341 0.00313171 0.0030097 0.453408 0.442405 0.387099 0.0553057 0.00352614 0.0110031 0.00989737 0.00782081 0.00209624
internal_count=51180 538 70 468 65 403 67 396 61 203 193 167 50642 55 95 70 63 57 40 50595 49371 43053 6318 384 1224 1101 870 227
is_linear=0
shrinkage=0.1


Tree=168
num_leaves=21
num_cat=0
split_feature=9 4 10 6 10 9 9 7 3 9 0 0 5 0 5 7 2 0 6 8
split_gain=0.0296479 0.00412843 0.00468603 0.00179322 0.000873372 0.00181938 0.00010087 1.44727e-05 6.04947e-06 0.000281628 1.80307e-06 3.22896e-06 9.55955e-09 5.33478e-09 2.75066e-12 1.96636e-12 1.52455e-12 3.46945e-18 3.46945e-18 4.33681e-19
threshold=0.033413078149920207 167.50000000000003 0.63484848484848488 -1682.4999999999998 0.46547619047619054 0.039786861148801408 0.038369525211630409 1242.5000000000002 4.5000000000000009 0.0074907417798226504 6.5000000000000009 4.5000000000000009 6.5000000000000009 8.5000000000000018 5.5000000000000009 688.50000000000011 2.5000000000000004 7.5000000000000009 -3218.4999999999995 -1929.9999999999998
decision_type=2 2 2 2 2 2 2 2 2 2 2 2 2 2 2 2 2 2 2 2
left_child=8 2 6 -3 5 -5 13 10 9 17 11 -6 -12 15 -10 -2 -7 18 19 -1
right_child=1 3 -4 4 7 16 -8 -9 14 -11 12 -13 -14 -15 -16 -17 -18 -19 -20 -21
leaf_value=0.066667144172960227 0.066671105114884027 0.066725974495587967 -0.06684932664200946 0.032297797559705521 -0.066740940301197135 -0.06669623734678036 0.039455273652236104 -0.057368236233179097 0.066667142180980785 0.01347669545143174 -0.066918281593452519 -0.062116344397017943 -0.066703430420804552 0.066841644492711516 0.066671033212128347 0.06667581363453319 -0.066692471104859527 0.066667144017589663 0.066667144419446711 0.066667143416085137
leaf_weight=0.0047247704987967154 0.0020465320849325612 0.0013320564758032552 0.0040895567124152885 0.0032609827644307591 0.0032676813877694508 0.0020421414944396532 0.0016492805056382911 0.0022727403033672771 0.49634461298865062 0.0010187172165387883 0.0056188497692346573 0.0028064701245824608 0.0032796956401626234 0.0039163972251117229 0.0018234590352221849 0.001565330025186995 0.002268981304481583 0.0010625198101479319 0.036521020628242695 0.0012248384246049673
leaf_count=440 36 1 7 36 13 51 121 76 46339 207 1 34 51 1 47 10 100 99 3396 114
internal_value=0.0604855 -0.0232544 0.0221813 -0.0463063 -0.0523732 -0.0240626 0.0618538 -0.0648038 0.0665673 0.0654509 -0.0659324 -0.0646042 -0.0668391 0.0667608 0.0666672 0.0666731 -0.0666943 0.0666671 0.0666671 0.0666671
internal_weight=0.582137 0.0394167 0.0132671 0.0261496 0.0248175 0.00757211 0.00917754 0.0172454 0.54272 0.0445519 0.0149727 0.00607415 0.00889855 0.00752826 0.498168 0.00361186 0.00431112 0.0435331 0.0424706 0.00594961
internal_count=51180 538 175 363 362 187 168 175 50642 4256 99 47 52 47 46386 46 151 4049 3950 554
is_linear=0
shrinkage=0.1


Tree=169
num_leaves=15
num_cat=0
split_feature=3 4 10 7 7 8 4 10 10 9 9 1 1 6
split_gain=2.19663e-05 4.07741e-06 4.60017e-06 3.95989e-06 3.03793e-06 2.27375e-06 1.04958e-06 6.59519e-07 3.71306e-07 1.89529e-13 2.77556e-17 6.93889e-18 3.46945e-18 2.60209e-18
threshold=4.5000000000000009 144.50000000000003 0.51787994891443179 -1310.4999999999998 372.50000000000006 -3703.4999999999995 158.50000000000003 0.36939571150097467 0.40270270270270275 0.035252692626346303 0.029484207476093854 2.5000000000000004 1.5000000000000002 3381.5000000000005
decision_type=2 2 2 2 2 2 2 2 2 2 2 2 2 2
left_child=1 8 3 -3 5 -5 -7 -6 -1 10 11 12 13 -2
right_child=9 2 -4 4 7 6 -8 -9 -10 -11 -12 -13 -14 -15
leaf_value=-0.064448399661577824 -0.066666794581957678 -0.064644708328602946 -0.06643444476786553 -0.061224116029299808 -0.060477769414244958 -0.053534340910009373 -0.057461510074385047 -0.064070893555606065 -0.066666795270907186 -0.066667977046390978 -0.066666810116596503 -0.066666794577543084 -0.066666794591212927 -0.06666679483524808
leaf_weight=0.0017679918557860228 0.012407803290670927 0.0016171174070223069 0.001417052775650518 0.0011836346204745505 0.0010430004110730806 0.0010693301192077325 0.0018717694711085642 0.0010012043267124682 0.001316165592697871 0.0013698561097617015 0.0011229993812094099 0.095733182942012718 0.02005928406174462 0.0027933128349104672
leaf_count=612 4363 563 495 410 357 370 645 346 458 500 364 33663 7053 981
internal_value=-0.0662944 -0.0622483 -0.0611938 -0.06024 -0.0590854 -0.0575231 -0.0560337 -0.0622376 -0.0653951 -0.0666668 -0.0666668 -0.0666668 -0.0666668 -0.0666668
internal_weight=0.145774 0.0122873 0.00920311 0.00778606 0.00616894 0.00412473 0.0029411 0.0020442 0.00308416 0.133486 0.132117 0.130994 0.0352604 0.0152011
internal_count=51180 4256 3186 2691 2128 1425 1015 703 1070 46924 46424 46060 12397 5344
is_linear=0
shrinkage=0.1


Tree=170
num_leaves=21
num_cat=0
split_feature=9 4 10 6 10 5 9 7 0 6 5 0 7 2 5 10 6 8 1 4
split_gain=0.0307652 0.00392012 0.00457456 0.00175574 0.000809511 0.00178457 0.000133399 1.24428e-05 1.38789e-06 2.63837e-06 1.05208e-08 4.92529e-09 1.132e-10 1.01859e-11 2.68879e-12 1.57836e-12 1.70121e-13 1.05606e-14 2.77556e-17 2.1684e-19
threshold=0.033413078149920207 167.50000000000003 0.63484848484848488 -1682.4999999999998 0.46547619047619054 7.5000000000000009 0.038369525211630409 1242.5000000000002 6.5000000000000009 1700.5000000000002 6.5000000000000009 8.5000000000000018 55.500000000000007 4.5000000000000009 5.5000000000000009 0.4491379310344828 659.50000000000011 3312.5000000000005 9.5000000000000018 136.50000000000003
decision_type=2 2 2 2 2 2 2 2 2 2 2 2 2 2 2 2 2 2 2 2
left_child=14 2 6 -3 5 -5 11 8 9 -6 -10 15 -12 16 18 -2 -7 -14 -1 -20
right_child=1 3 -4 4 7 13 -8 -9 10 -11 12 -13 17 -15 -16 -17 -18 -19 19 -21
leaf_value=-0.066667015579096531 -0.066670793011191443 -0.066723681990607825 0.066851305542426617 -0.03071442469354271 0.066730452413878885 0.06669642996340569 -0.034609639870895333 0.058144319109467449 0.06692040379538948 0.062578736555255796 0.066724613038841071 -0.066839917445290276 0.066688092199624516 0.066684828709514629 -0.066671040598754325 -0.066675241557249118 0.066694994649612593 0.066687658678250411 -0.066667015405587879 -0.066667015405564231
leaf_weight=0.39425759920451053 0.0017995147518377053 0.0012807007879018775 0.0041356359793383044 0.0032132149907511112 0.0034778196628479927 0.0020350416650813941 0.0015763037654750178 0.0022787246483133563 0.0056658177636563778 0.0027339254839091609 0.0013378610984489114 0.0038779398892074823 0.0011676024726687828 0.0011111164872801282 0.0016666461388012968 0.0014324662388389697 0.0013896834834512539 0.0010832068518706883 0.0015655974366381989 0.0010070174466818571
leaf_count=50268 33 1 7 24 17 27 121 76 1 30 6 1 16 43 47 13 93 29 199 128
internal_value=-0.0583136 0.0257543 -0.0197139 0.0475281 0.0532675 0.0263022 -0.0609288 0.065043 0.0660595 0.0649032 0.0668355 -0.0667639 0.0667016 0.0666931 -0.066667 -0.0666728 0.0666958 0.0666879 -0.066667 -0.066667
internal_weight=0.438093 0.0395966 0.0128219 0.0267747 0.025494 0.00774906 0.00868622 0.017745 0.0154662 0.00621175 0.00925449 0.00710992 0.00358867 0.00453584 0.398497 0.00323198 0.00342473 0.00225081 0.39683 0.00257261
internal_count=51180 538 175 363 362 187 168 175 99 47 52 47 51 163 50642 46 120 45 50595 327
is_linear=0
shrinkage=0.1


Tree=171
num_leaves=25
num_cat=0
split_feature=9 5 6 0 1 3 9 8 4 9 2 5 10 1 0 7 10 6 4 8 10 0 8 4
split_gain=0.0261123 0.00355795 0.00397529 0.000587244 0.00113958 7.94926e-06 0.00032951 3.90584e-10 1.93794e-10 4.89688e-11 3.07676e-11 1.84494e-12 1.28604e-12 9.60259e-13 1.02017e-12 2.98493e-13 2.29542e-13 7.45079e-14 5.55112e-17 2.77556e-17 6.93889e-18 8.67362e-19 4.33681e-19 2.1684e-19
threshold=0.033413078149920207 6.5000000000000009 3663.5000000000005 3.5000000000000004 3.5000000000000004 4.5000000000000009 0.0074907417798226504 -2568.4999999999995 167.50000000000003 0.044568590937306009 5.5000000000000009 5.5000000000000009 0.4491379310344828 3.5000000000000004 5.5000000000000009 491.50000000000006 0.47722567287784684 -299.49999999999994 203.50000000000003 6836.5000000000009 0.59317129629629639 7.5000000000000009 4835.5000000000009 158.50000000000003
decision_type=2 2 2 2 2 2 2 2 2 2 2 2 2 2 2 2 2 2 2 2 2 2 2 2
left_child=5 2 8 4 -3 6 20 -5 12 -9 13 18 17 14 -11 -16 -15 -2 19 -7 -1 22 -20 -22
right_child=1 3 -4 7 -6 11 -8 9 -10 10 -12 -13 -14 16 15 -17 -18 -19 21 -21 23 -23 -24 -25
leaf_value=0.066667085971197512 0.066670646631893066 -0.066701730577450408 -0.028434318068450117 -0.066742123929425398 0.056208358223843763 0.066667080656988467 0.0085954967449701648 -0.066676190270790553 0.066707094715694318 -0.066688194504827561 -0.066706600108221867 0.066670487051913974 0.066674654731680438 -0.066692411119624623 -0.066693053371699992 -0.066690849734257526 -0.066693891395333257 0.066671710213846699 0.066667080626011649 0.066667080661621636 0.066667082689382429 0.066667080737481524 0.066667080652075564 0.066667083763329624
leaf_weight=0.035788977944321343 0.0013912571957916944 0.0019313137670948768 0.011927453568205237 0.0018067631546188059 0.0012378171411029371 0.3837864445786181 0.001002793259203826 0.0016640024105350681 0.0025794691428018268 0.0010373853200977834 0.0017894009277507677 0.0015958554213284506 0.0017344967163808178 0.0023845316802453553 0.0012098559340731558 0.0012495268395137302 0.001868335419903739 0.0012508417967182772 0.0058869565327768214 0.041302437006379478 0.0013035741685598614 0.0010873996125155836 0.0023247853814609698 0.0010505098771318444
leaf_count=3798 25 49 3 7 16 40941 207 193 12 33 30 47 15 28 19 74 19 15 628 4406 139 116 248 112
internal_value=0.0603988 -0.0228811 0.00660463 -0.0572959 -0.0186948 0.0665445 0.0651795 -0.066699 0.0666854 -0.066692 -0.0666948 0.0666671 0.0666725 -0.0666921 -0.0666908 -0.0666919 -0.0666931 0.0666712 0.0666671 0.0666671 0.0666671 0.0666671 0.0666671 0.0666671
internal_weight=0.510192 0.0350625 0.0188835 0.0161789 0.00316913 0.47513 0.0391459 0.0130098 0.00695606 0.011203 0.00953904 0.435984 0.0043766 0.00774964 0.00349677 0.00245938 0.00425287 0.0026421 0.434388 0.425089 0.0381431 0.00929914 0.00821174 0.00235408
internal_count=51180 538 70 468 65 50642 4256 403 67 396 203 46386 55 173 126 93 47 40 46339 45347 4049 992 876 251
is_linear=0
shrinkage=0.1


Tree=172
num_leaves=12
num_cat=0
split_feature=3 4 10 7 7 8 2 10 9 9 0
split_gain=2.85895e-05 5.19674e-06 5.86261e-06 4.96728e-06 3.7511e-06 2.76001e-06 1.22807e-06 4.9059e-07 1.28113e-13 2.77556e-17 6.93889e-18
threshold=4.5000000000000009 144.50000000000003 0.51787994891443179 -1310.4999999999998 372.50000000000006 -3703.4999999999995 2.5000000000000004 0.40270270270270275 0.035252692626346303 0.029218423186921052 1.0000000180025095e-35
decision_type=2 2 2 2 2 2 2 2 2 2 2
left_child=1 7 3 -3 5 -5 -7 -1 9 10 -2
right_child=8 2 -4 4 -6 6 -8 -9 -10 -11 -12
leaf_value=-0.063946039998369522 -0.066666776311172835 -0.064183998231133202 -0.06637959935301968 -0.060066403365879456 -0.061284697769254576 -0.056383004462649926 -0.052055460165687462 -0.066666781374845829 -0.066667811209792677 -0.066666792377288522 -0.066666776305344608
leaf_weight=0.0015581533141357804 0.006481044113115785 0.0014238549158562827 0.0012417012917467218 0.0010515724404740476 0.0018130129212750035 0.0011962358939854294 0.0014513572391479101 0.0011532719656770496 0.0012090139867773067 0.0010894138112007559 0.10805906554128342
leaf_count=612 2604 563 495 410 703 460 555 458 500 405 43415
internal_value=-0.0662101 -0.0613094 -0.0600515 -0.0589186 -0.0575585 -0.0557322 -0.0540107 -0.0651033 -0.0666668 -0.0666668 -0.0666668
internal_weight=0.127728 0.0108892 0.00817773 0.00693603 0.00551218 0.00369917 0.00264759 0.00271143 0.116839 0.11563 0.11454
internal_count=51180 4256 3186 2691 2128 1425 1015 1070 46924 46424 46019
is_linear=0
shrinkage=0.1


Tree=173
num_leaves=19
num_cat=0
split_feature=9 5 6 0 1 8 4 9 8 8 5 2 10 7 7 7 10 6
split_gain=0.0270976 0.00337763 0.00381014 0.000566777 0.00110126 3.89937e-10 1.731e-10 5.65595e-11 2.78294e-11 2.32609e-12 1.80156e-12 1.26809e-12 1.08251e-12 1.06714e-12 3.65465e-13 2.80743e-13 1.14044e-13 5.75434e-14
threshold=0.033413078149920207 6.5000000000000009 3663.5000000000005 3.5000000000000004 3.5000000000000004 -2568.4999999999995 167.50000000000003 0.044568590937306009 9046.0000000000018 5148.5000000000009 5.5000000000000009 5.5000000000000009 0.4491379310344828 42.500000000000007 302.50000000000006 2116.5000000000005 0.60791925465838526 -299.49999999999994
decision_type=2 2 2 2 2 2 2 2 2 2 2 2 2 2 2 2 2 2
left_child=10 2 6 4 -3 -5 12 11 9 13 -1 -7 17 -9 -15 16 -16 -2
right_child=1 3 -4 5 -6 7 -8 8 -10 -11 -12 -13 -14 14 15 -17 -18 -19
leaf_value=-0.066666972849907621 -0.066670314850501261 0.066700938112598515 0.028962875384506655 0.066740740003945684 -0.052138402519587894 0.066678752308695008 -0.066706023232506795 0.066689397474495829 0.066703851553536059 0.066687642170896594 -0.066670494648122899 0.066673783585675689 -0.066674167948488058 0.066694353037457188 0.06669108595501462 0.066693612840226249 0.066692461282266774 -0.066671305403247519
leaf_weight=0.34731519612750628 0.0012234098167027687 0.0020001189948430911 0.011974448803812265 0.0018440652918627629 0.0012780327425332416 0.0010039090898095191 0.0024453468813590007 0.0010718184542475306 0.0023849168416423261 0.0013389717900644804 0.0014586159081773067 0.0010517656635329331 0.001590531400324835 0.001254796359859256 0.0012498785710297611 0.0012154493606857386 0.0011648114005566867 0.0011264401673543034
leaf_count=50595 25 49 3 7 16 160 12 25 36 72 47 33 15 7 46 6 11 15
internal_value=-0.0582255 0.0253712 -0.0043038 0.0576894 0.0203698 0.066698 -0.0666851 0.0666913 0.0666945 0.0666914 -0.066667 0.0666762 -0.0666722 0.0666923 0.0666929 0.0666924 0.0666917 -0.0666708
internal_weight=0.383993 0.0352187 0.0183602 0.0168585 0.00327815 0.0135804 0.00638573 0.0117363 0.00968064 0.00729573 0.348774 0.00205567 0.00394038 0.00595675 0.00488494 0.00363014 0.00241469 0.00234985
internal_count=51180 538 70 468 65 403 67 396 203 167 50642 193 55 95 70 63 57 40
is_linear=0
shrinkage=0.1


Tree=174
num_leaves=31
num_cat=0
split_feature=9 4 10 6 10 9 9 7 3 9 0 0 0 5 10 2 0 4 4 10 6 6 7 7 8 8 7 8 8 10
split_gain=0.0231917 0.003367 0.00386139 0.00135563 0.000728632 0.00139961 0.000111884 1.71241e-05 1.03071e-05 0.000371722 2.18894e-06 3.90191e-06 3.86917e-09 1.23548e-12 8.35163e-13 7.4609e-13 2.77556e-17 5.20417e-18 1.73472e-18 1.73472e-18 8.67362e-19 8.67362e-19 8.67362e-19 8.67362e-19 8.67362e-19 8.67362e-19 4.33681e-19 4.33681e-19 4.33681e-19 4.33681e-19
threshold=0.033413078149920207 167.50000000000003 0.63484848484848488 -1682.4999999999998 0.46547619047619054 0.039786861148801408 0.038369525211630409 1242.5000000000002 4.5000000000000009 0.0073261056247316001 6.5000000000000009 4.5000000000000009 8.5000000000000018 5.5000000000000009 0.4491379310344828 2.5000000000000004 12.500000000000002 162.50000000000003 145.50000000000003 0.54226190476190483 1169.5000000000002 292.50000000000006 -914.49999999999989 -1697.4999999999998 4673.5000000000009 -2097.4999999999995 702.50000000000011 2672.5000000000005 -3441.4999999999995 0.32071428571428579
decision_type=2 2 2 2 2 2 2 2 2 2 2 2 2 2 2 2 2 2 2 2 2 2 2 2 2 2 2 2 2 2
left_child=8 2 6 -3 5 -5 12 10 9 17 11 -6 14 16 -2 -7 -10 18 19 27 21 22 23 -19 25 28 -24 29 -20 -1
right_child=1 3 -4 4 7 15 -8 -9 13 -11 -12 -13 -14 -15 -16 -17 -18 20 24 -21 -22 -23 26 -25 -26 -27 -28 -29 -30 -31
leaf_value=0.066667032080463581 0.066670112007322188 0.066712081139547283 -0.066817553584205089 0.029362782776176745 -0.066723578002694225 -0.06668929653522869 0.035448874507052801 -0.05525055279453505 0.066667028839440937 0.005089927499178637 -0.066811437368670373 -0.060941655497700579 0.06682864447006566 0.066670008511600973 0.066673618957142203 -0.066686293289125592 0.066667028815027896 0.066667031156130471 0.066667032847403232 0.066667029834258221 0.066667033493483255 0.066667034191861194 0.066667035369948863 0.066667034370100575 0.066667034872201589 0.066667034575651138 0.066667033952796384 0.066667032974705928 0.066667034341647655 0.066667032885850658
leaf_weight=0.0026769427249745958 0.0015696229456807313 0.0010204883292317347 0.0033813521113117417 0.0027939930761249352 0.0025075152830842393 0.0015654633436829597 0.0013891143726173297 0.0018029805476171513 0.37763830724179576 0.0010099820551658914 0.0071592747749178063 0.0021835230925404403 0.0036269060801714659 0.0013966598471597527 0.0011968669878115179 0.0017540391401361659 0.0025268318886446641 0.0010695499258872587 0.0042065720044774935 0.0010009840470956996 0.0024241913015430336 0.0021235346766843586 0.0047397151383847796 0.0019005959629794251 0.001069459270183871 0.0045626890760104288 0.0011396143754609511 0.0010134239882972906 0.001076197136171686 0.0044074984807593864
leaf_count=325 33 1 7 36 13 51 121 76 46031 209 52 34 1 47 13 100 308 130 510 122 294 257 572 230 129 551 138 123 130 536
internal_value=0.0602114 -0.0218906 0.0224059 -0.0456802 -0.0514826 -0.0227907 0.0611718 -0.0643299 0.0665175 0.0648602 -0.0657113 -0.0640323 0.0667607 0.066667 0.0666716 -0.0666877 0.066667 0.066667 0.066667 0.066667 0.066667 0.066667 0.066667 0.066667 0.066667 0.066667 0.066667 0.066667 0.066667 0.066667
internal_weight=0.447934 0.0319511 0.0111639 0.0207873 0.0197668 0.0061135 0.00778251 0.0136533 0.415983 0.034421 0.0118503 0.00469104 0.0063934 0.381562 0.00276649 0.0033195 0.380165 0.033411 0.0200138 0.00909885 0.0133972 0.010973 0.00884948 0.00297015 0.0109149 0.00984546 0.00587933 0.00809787 0.00528277 0.00708444
internal_count=51180 538 175 363 362 187 168 175 50642 4256 99 47 47 46386 46 151 46339 4047 2426 1106 1621 1327 1070 360 1320 1191 710 984 640 861
is_linear=0
shrinkage=0.1


Tree=175
num_leaves=11
num_cat=0
split_feature=3 10 7 10 4 4 4 9 9 0
split_gain=3.66569e-05 6.50873e-06 7.16423e-06 2.3325e-06 2.7288e-06 1.55228e-06 3.20326e-06 9.03375e-14 1.38778e-17 6.93889e-18
threshold=4.5000000000000009 0.38585607940446653 -1227.4999999999998 0.51787994891443179 152.50000000000003 172.50000000000003 155.50000000000003 0.035252692626346303 0.029027637344118604 8.5000000000000018
decision_type=2 2 2 2 2 2 2 2 2 2
left_child=1 2 -1 4 -3 6 -4 8 9 -2
right_child=7 3 5 -5 -6 -7 -8 -9 -10 -11
leaf_value=-0.063431835091330338 -0.066666762376765457 -0.065103829674159397 -0.057652812961210324 -0.066401121163480278 -0.058826626876965299 -0.058717353906110471 -0.050733620437151544 -0.066667686834168197 -0.06666677477411781 -0.066666762392746409
leaf_weight=0.0016360004635771475 0.092251310878964432 0.0011957640790569712 0.0013458012383580353 0.0014466914278727927 0.0016455743182177685 0.0010712154676184582 0.0013306251983067341 0.0010684617704890256 0.001047087101824217 0.0078975181943405914
leaf_count=731 42351 536 583 658 719 466 563 500 448 3625
internal_value=-0.0661103 -0.0602258 -0.0579106 -0.0631326 -0.0614684 -0.0555004 -0.0542128 -0.0666668 -0.0666668 -0.0666668
internal_weight=0.111936 0.00967167 0.00538364 0.00428803 0.00284134 0.00374764 0.00267643 0.102264 0.101196 0.100149
internal_count=51180 4256 2343 1913 1255 1612 1146 46924 46424 45976
is_linear=0
shrinkage=0.1


Tree=176
num_leaves=14
num_cat=0
split_feature=9 4 10 7 9 9 7 8 2 6 8 6 5
split_gain=0.0240326 0.00322121 0.00377512 0.000947203 0.00281002 0.000143487 2.0434e-05 4.34802e-06 7.73885e-06 1.71558e-07 5.63697e-11 1.84709e-12 1.20637e-12
threshold=0.033413078149920207 167.50000000000003 0.63484848484848488 538.50000000000011 0.040215445041298405 0.038369525211630409 1764.5000000000002 5239.5000000000009 4.5000000000000009 2244.5000000000005 5329.5000000000009 266.50000000000006 5.5000000000000009
decision_type=2 2 2 2 2 2 2 2 2 2 2 2 2
left_child=12 2 5 4 -3 -2 7 9 -9 -5 11 -6 -1
right_child=1 3 -4 6 10 -7 -8 8 -10 -11 -12 -13 -14
leaf_value=-0.066666935911779843 -0.066763628882746506 -0.05122377430207297 0.066819132016343596 0.065828967342483266 0.066690362089244823 -0.030548626960688153 0.052531696396453165 0.055345796033928599 0.066682809979339369 0.066821613039855912 0.066709370273402652 0.066685596086813834 -0.066670016499838683
leaf_weight=0.30398110964695979 0.0060700158192048548 0.0032953197600136264 0.0034180181174292557 0.0023686166647536311 0.0016018816855023488 0.0013345926263710339 0.0013518907666423283 0.0010562088101226949 0.0014004989062215145 0.0065719337044640724 0.0019718134881938632 0.0016515422350722453 0.0012765506776304383
leaf_count=50595 47 14 7 40 12 121 86 71 36 39 21 44 47
internal_value=-0.0580127 0.0243049 -0.0201095 0.0469042 0.0210906 -0.0602363 0.064156 0.0655348 0.0618087 0.0665586 0.066696 0.0666879 -0.0666669
internal_weight=0.33735 0.0320923 0.0108226 0.0212697 0.00852056 0.00740461 0.0127491 0.0113973 0.00245671 0.00894055 0.00522524 0.00325342 0.305258
internal_count=51180 538 175 363 91 168 272 186 107 79 77 56 50642
is_linear=0
shrinkage=0.1


Tree=177
num_leaves=29
num_cat=0
split_feature=9 4 10 7 9 9 7 3 9 8 6 8 0 8 5 6 10 4 4 4 7 10 4 6 6 10 10 10
split_gain=0.0204179 0.0028913 0.00333859 0.000901374 0.00258088 0.000129784 3.07425e-05 1.32398e-05 0.000421645 7.43672e-06 2.85355e-07 5.89791e-09 2.5925e-09 3.59482e-11 8.27532e-13 7.7315e-13 5.59136e-13 2.77556e-17 5.20417e-18 3.46945e-18 3.46945e-18 3.46945e-18 8.67362e-19 8.67362e-19 8.67362e-19 8.67362e-19 2.1684e-19 2.1684e-19
threshold=0.033413078149920207 167.50000000000003 0.63484848484848488 538.50000000000011 0.040215445041298405 0.038369525211630409 1764.5000000000002 4.5000000000000009 0.0073261056247316001 5239.5000000000009 2244.5000000000005 8642.0000000000018 8.5000000000000018 5329.5000000000009 5.5000000000000009 266.50000000000006 0.4491379310344828 138.50000000000003 147.50000000000003 127.50000000000001 -1697.4999999999998 0.54919354838709689 111.50000000000001 833.50000000000011 -272.49999999999994 0.4491379310344828 0.32916666666666672 0.48610038610038614
decision_type=2 2 2 2 2 2 2 2 2 2 2 2 2 2 2 2 2 2 2 2 2 2 2 2 2 2 2 2
left_child=7 2 5 4 -3 12 9 8 18 10 -5 -11 16 15 17 -6 -2 19 -1 22 26 25 -9 24 -24 -22 -20 -27
right_child=1 3 -4 6 13 -7 -8 14 -10 11 -12 -13 -14 -15 -16 -17 -18 -19 20 -21 21 -23 23 -25 -26 27 -28 -29
leaf_value=0.066666986606998394 0.066669682340547376 0.052411969643671869 -0.066798680352197715 -0.065426796993176467 -0.066687462442693426 0.032105176297311647 -0.0482582604295815 0.066666985457475875 0.00073356395271647983 -0.059516635245755012 -0.066803439901120851 -0.059853753037831595 0.066808388885767775 -0.066704299307250678 0.066669592194364538 -0.066684124351335666 0.066672749746067586 0.066666985469458304 0.066666985003287035 0.066666985579809143 0.066666990100016824 0.066666985069270712 0.066666985457497788 0.066666985427278461 0.066666985501674103 0.066666989511646998 0.066666986600890793 0.066666987792668261
leaf_weight=0.0090056291724067705 0.0013735880329477229 0.003068392339116599 0.0029600524696462571 0.0020576390075106605 0.0014032861040860216 0.0013403582513547146 0.0012363737952072349 0.0025345143199047007 0.0010031369770331358 0.0010196205481688724 0.0056134682201474106 0.0010568918173186333 0.003175277030095458 0.0016934680576002966 0.0012223269000060091 0.0013724656001498081 0.0010473928905412322 0.29156966564733011 0.0011460941332188659 0.025158465006825281 0.012513916994066676 0.0021990223090142527 0.011071447726862971 0.0010051898034362248 0.0013713660700886985 0.001255029031653975 0.0010885855431297387 0.0020816233427467523
leaf_count=1249 33 14 7 40 12 121 86 353 209 57 39 50 1 21 47 44 13 40609 159 3504 1721 306 1542 140 191 173 151 288
internal_value=0.0601157 -0.0215223 0.0221134 -0.0448383 -0.0182079 0.0600548 -0.063113 0.0664854 0.0644836 -0.0649971 -0.0664342 -0.0596882 0.066749 -0.0666928 0.066667 -0.0666858 0.066671 0.066667 0.066667 0.066667 0.066667 0.066667 0.066667 0.066667 0.066667 0.066667 0.066667 0.066667
internal_weight=0.392644 0.0284183 0.00989667 0.0185216 0.00753761 0.00693662 0.010984 0.364226 0.030293 0.00974762 0.00767111 0.00207651 0.00559626 0.00446922 0.333933 0.00277575 0.00242098 0.332711 0.0292899 0.041141 0.0202843 0.0180496 0.0159825 0.013448 0.0124428 0.0158506 0.00223468 0.00333665
internal_count=51180 538 175 363 91 168 272 50642 4256 186 79 107 47 77 46386 56 46 46339 4047 5730 2798 2488 2226 1873 1733 2182 310 461
is_linear=0
shrinkage=0.1


Tree=178
num_leaves=12
num_cat=0
split_feature=3 10 4 7 7 8 9 0 2 6 6
split_gain=4.64749e-05 8.06874e-06 9.24503e-06 7.40174e-06 5.50859e-06 3.00725e-06 6.15133e-14 6.93889e-18 6.93889e-18 8.67362e-19 4.33681e-19
threshold=4.5000000000000009 0.51787994891443179 144.50000000000003 -1310.4999999999998 372.50000000000006 420.50000000000006 0.034217304765249909 11.500000000000002 6.5000000000000009 2580.5000000000005 -227.49999999999997
decision_type=2 2 2 2 2 2 2 2 2 2 2
left_child=1 2 -1 -4 5 -5 7 8 -2 10 -10
right_child=6 -3 3 4 -6 -7 -8 -9 9 -11 -12
leaf_value=-0.063950703241274401 -0.066666750259839688 -0.066341324544561861 -0.062997657265731824 -0.053699600708304721 -0.058948840051876387 -0.047021526889341032 -0.066667536124482354 -0.066666750216705414 -0.066666750177110143 -0.066666750275232195 -0.066666750178928189
leaf_weight=0.0017913341243911418 0.078455650347791561 0.0012682881321097739 0.0011089356028151087 0.0019816398296370608 0.0014406456250526389 0.0010221419627214345 0.0010074672550754995 0.0012429112192648964 0.0024839161283125577 0.0018047061681727428 0.0045217567657118707
leaf_count=907 41134 658 563 946 703 479 517 652 1303 946 2372
internal_value=-0.0659917 -0.0589758 -0.0577039 -0.0556889 -0.0538653 -0.0514272 -0.0666668 -0.0666668 -0.0666668 -0.0666668 -0.0666668
internal_weight=0.0981294 0.00861299 0.0073447 0.00555336 0.00444443 0.00300378 0.0895164 0.0885089 0.087266 0.00881038 0.00700567
internal_count=51180 4256 3598 2691 2128 1425 46924 46407 45755 4621 3675
is_linear=0
shrinkage=0.1


Tree=179
num_leaves=19
num_cat=0
split_feature=9 4 10 7 9 9 7 8 10 6 0 8 6 5 10 1 0 4
split_gain=0.0211712 0.00276601 0.00326005 0.000854902 0.00247851 0.000220083 2.73733e-05 5.45321e-06 6.23335e-06 1.97203e-07 2.56135e-09 3.7532e-11 1.20605e-12 8.0877e-13 6.17715e-13 2.77556e-17 6.93889e-18 1.73472e-18
threshold=0.033413078149920207 167.50000000000003 0.63484848484848488 538.50000000000011 0.040215445041298405 0.038956639566395605 1764.5000000000002 5239.5000000000009 0.3708994708994709 2244.5000000000005 8.5000000000000018 5329.5000000000009 266.50000000000006 5.5000000000000009 0.47913043478260875 3.5000000000000004 5.5000000000000009 142.50000000000003
decision_type=2 2 2 2 2 2 2 2 2 2 2 2 2 2 2 2 2 2
left_child=13 2 5 4 -3 10 7 9 -9 -5 14 12 -6 15 -2 16 -1 -18
right_child=1 3 -4 6 11 -7 -8 8 -10 -11 -12 -13 -14 -15 -16 -17 17 -19
leaf_value=-0.066666902454217969 -0.066669494868482254 -0.049681615994593482 0.066800064904728021 0.06566902605899555 0.066687447448528711 -0.015925192642265551 0.049532260931654998 0.066684078824091136 0.056042657605695691 0.066802139389393417 -0.066807114573834009 0.066704035234889963 0.066683338096957756 -0.066669598598169136 -0.06667271488634284 -0.066666902308189099 -0.066666902239572431 -0.066666902371529238
leaf_weight=0.083656264556260851 0.0014371434644999681 0.0030466445697356894 0.0029921636006520202 0.0020944039349330978 0.0014048132480155573 0.0010049411057906354 0.0012426141348029782 0.0010103637512322025 0.0012092857595606965 0.0057598968698329145 0.0031468938104808331 0.0017257090888787019 0.0014527849373311419 0.0011172099329996845 0.0010176030855291174 0.14744488647125298 0.001597911402313911 0.033357547432504298
leaf_count=15924 37 14 7 40 12 118 86 30 77 39 1 21 44 47 12 28043 303 6325
internal_value=-0.057921 0.0239372 -0.0197966 0.0460938 0.0202242 -0.0590167 0.0635358 0.0652631 0.0608865 0.0665 -0.0667474 0.0666924 0.0666854 -0.0666669 -0.0666708 -0.0666669 -0.0666669 -0.0666669
internal_weight=0.295719 0.0285453 0.00959875 0.0189465 0.00762995 0.00660658 0.0113166 0.010074 0.00221965 0.0078543 0.00560164 0.00458331 0.0028576 0.267174 0.00245475 0.266057 0.118612 0.0349555
internal_count=51180 538 175 363 91 168 272 186 107 79 50 77 56 50642 49 50595 22552 6628
is_linear=0
shrinkage=0.1


Tree=180
num_leaves=31
num_cat=0
split_feature=9 5 6 0 9 3 9 8 4 9 2 5 7 1 10 2 0 2 10 7 7 10 0 0 1 6 6 7 2 4
split_gain=0.0179744 0.00259309 0.00270736 0.000443964 0.000730597 1.67589e-05 0.000454293 1.19239e-10 6.47189e-11 1.34941e-11 9.00191e-12 5.54751e-13 4.05224e-13 3.7956e-13 1.41978e-13 2.65176e-14 2.77556e-17 1.38778e-17 3.46945e-18 1.73472e-18 2.60209e-18 1.30104e-18 8.67362e-19 8.67362e-19 8.67362e-19 8.67362e-19 4.33681e-19 4.33681e-19 2.1684e-19 1.0842e-19
threshold=0.033413078149920207 6.5000000000000009 3663.5000000000005 3.5000000000000004 0.039786861148801408 4.5000000000000009 0.0071685508735868011 -2568.4999999999995 167.50000000000003 0.044568590937306009 5.5000000000000009 5.5000000000000009 688.50000000000011 3.5000000000000004 0.47722567287784684 3.5000000000000004 9.5000000000000018 4.5000000000000009 0.46547619047619054 -1269.4999999999998 332.50000000000006 0.51787994891443179 12.500000000000002 11.500000000000002 5.5000000000000009 -751.49999999999989 1967.5000000000002 -1489.4999999999998 3.5000000000000004 165.50000000000003
decision_type=2 2 2 2 2 2 2 2 2 2 2 2 2 2 2 2 2 2 2 2 2 2 2 2 2 2 2 2 2 2
left_child=5 2 8 4 -3 6 18 -5 12 -9 13 16 -2 15 -15 -11 17 -7 19 27 -21 28 23 24 26 -23 -18 -1 -20 -25
right_child=1 3 -4 7 -6 11 -8 9 -10 10 -12 -13 -14 14 -16 -17 22 -19 21 20 -22 25 -24 29 -26 -27 -28 -29 -30 -31
leaf_value=0.066666948275346111 0.066669740711387676 0.046609149545165408 -0.025234430992066788 -0.066717344955231114 -0.066689798777297207 0.066666946478674091 -0.00098061556914756805 -0.066674253317608623 0.066694130775143343 -0.066682466485881317 -0.066693267265265574 0.066669227880658224 0.066672054946770531 -0.066683889374197225 -0.066685297159835205 -0.066683130158361567 0.066666946495498508 0.066666946485698556 0.06666694943590265 0.066666951092566415 0.066666948504364984 0.066666948228932918 0.066666946487671186 0.066666946482297818 0.066666946495494983 0.066666945614068399 0.066666946480892317 0.066666947672974972 0.066666949107427556 0.066666946495471904
leaf_weight=0.0041729639924596995 0.0016508045100635848 0.0010038754999186503 0.0089325029402971268 0.0012166357768919065 0.0013142881919971927 0.195956710378141 0.0010326979340788958 0.0012694738671285479 0.0019499351601552917 0.0011409575139626647 0.0012199311392469174 0.0010697535972212782 0.0013968547400509124 0.0016161917691988187 0.0012867531649229549 0.0012746108128483201 0.0016965948952929466 0.081656483887854847 0.0011052032236875666 0.0093355945145959275 0.0041639258001850985 0.0014964310303184902 0.0019353749171386889 0.0011499143174660284 0.0015583538297505592 0.0025971130526158959 0.0062145642618816055 0.001378344183649456 0.0014023107587490813 0.0010116732523783867
leaf_count=661 41 4 3 7 61 31185 214 193 12 66 30 47 14 28 19 60 270 12995 174 1462 655 238 308 183 248 413 989 218 221 161
internal_value=0.0600152 -0.0211634 0.00774097 -0.0566611 -0.0176259 0.0664479 0.064049 -0.0666882 0.0666799 -0.0666837 -0.0666855 0.066667 0.0666708 -0.0666837 -0.0666845 -0.0666828 0.0666669 0.0666669 0.0666669 0.0666669 0.066667 0.0666669 0.0666669 0.0666669 0.0666669 0.0666669 0.0666669 0.0666669 0.0666669 0.0666669
internal_weight=0.344207 0.0252728 0.0139301 0.0113427 0.00231816 0.318934 0.0266846 0.00902455 0.00499759 0.00780792 0.00653844 0.292249 0.00304766 0.00531851 0.00290294 0.00241557 0.29118 0.277613 0.0256519 0.0190508 0.0134995 0.00660106 0.0135665 0.0116311 0.00946951 0.00409354 0.00791116 0.00555131 0.00250751 0.00216159
internal_count=51180 538 70 468 65 50642 4256 403 67 396 203 46386 55 173 47 126 46339 44180 4042 2996 2117 1046 2159 1851 1507 651 1259 879 395 344
is_linear=0
shrinkage=0.1


Tree=181
num_leaves=11
num_cat=0
split_feature=3 10 4 7 7 8 9 1 2 4
split_gain=5.79532e-05 9.84143e-06 1.10585e-05 9.14135e-06 6.48578e-06 2.63219e-06 3.96558e-14 6.93889e-18 2.1684e-19 2.1684e-19
threshold=4.5000000000000009 0.51787994891443179 143.50000000000003 -1310.4999999999998 372.50000000000006 -154.49999999999997 0.03256451042771296 7.5000000000000009 4.5000000000000009 144.50000000000003
decision_type=2 2 2 2 2 2 2 2 2 2
left_child=1 2 -1 -4 5 -5 7 -2 9 -9
right_child=6 -3 3 4 -6 -7 -8 8 -10 -11
leaf_value=-0.063732803665944485 -0.066666741626002196 -0.066269940989577406 -0.062393329372752153 -0.051585055782198332 -0.057612564065449547 -0.045317015721925535 -0.06666736894486322 -0.066666741604987978 -0.066666741614087074 -0.066666741624288206
leaf_weight=0.0014728258189506951 0.073342814823035951 0.0011122055361738603 0.0010146700033146772 0.0016677013339858604 0.001303419242617565 0.001119841027957591 0.0010209269522517541 0.0017651125185693664 0.0011144566758503061 0.0011161250248505894
leaf_count=845 43956 658 583 883 712 575 573 1058 668 669
internal_value=-0.0658537 -0.05757 -0.0560991 -0.053897 -0.0517897 -0.049067 -0.0666667 -0.0666667 -0.0666667 -0.0666667
internal_weight=0.0860501 0.00769066 0.00657846 0.00510563 0.00409096 0.00278754 0.0783594 0.0773385 0.00399569 0.00288124
internal_count=51180 4256 3598 2753 2170 1458 46924 46351 2395 1727
is_linear=0
shrinkage=0.1


Tree=182
num_leaves=22
num_cat=0
split_feature=9 5 6 0 9 8 4 9 8 8 8 5 7 5 5 9 6 6 9 6 9
split_gain=0.0186532 0.00248249 0.00259821 0.000428851 0.000741652 1.18722e-10 5.79093e-11 1.50813e-11 8.11e-12 8.23369e-13 3.98602e-13 3.54758e-13 3.26252e-13 1.38778e-17 2.42861e-17 4.94396e-17 2.86229e-17 3.46945e-18 1.73472e-18 4.33681e-19 2.1684e-19
threshold=0.033413078149920207 6.5000000000000009 3663.5000000000005 3.5000000000000004 0.039786861148801408 -2568.4999999999995 167.50000000000003 0.044568590937306009 9046.0000000000018 4370.5000000000009 3312.5000000000005 4.5000000000000009 688.50000000000011 1.0000000180025095e-35 2.5000000000000004 0.011142147734326502 172.50000000000003 -1257.4999999999998 0.0074907417798226504 -2676.4999999999995 0.0063092110500756011
decision_type=2 2 2 2 2 2 2 2 2 2 2 2 2 2 2 2 2 2 2 2 2
left_child=11 2 6 4 -3 -5 12 -7 9 10 -9 13 -2 -1 15 18 -17 19 20 -16 -15
right_child=1 3 -4 5 -6 7 -8 8 -10 -11 -12 -13 -14 14 17 16 -18 -19 -20 -21 -22
leaf_value=-0.06666687333431523 -0.066669513680220518 -0.045999914232960216 0.025751811219174144 0.066716419109500699 0.066688923655026863 0.066674336756085625 -0.066693409802807135 0.066683128062693428 0.066691455481883002 0.066681218651225393 0.066685221512645013 -0.066668421476611686 -0.06667169624698728 -0.06666687344767866 -0.066666873368382104 -0.066666903216830956 -0.066666880824782185 -0.066666873567333765 -0.066666877236741001 -0.066666873551559813 -0.066666873763449194
leaf_weight=0.19689069468404341 0.0014621114360124929 0.0010076583125737679 0.0089639234356582165 0.0012417264018296246 0.0013892221880098532 0.0015450876991507378 0.0018520987796364352 0.0019577967056387813 0.0016209758886363002 0.0013600740412702539 0.0016986685150612857 0.0014900743045145317 0.001288401606871048 0.0022615198909079473 0.0017446868057104936 0.001206090230425616 0.0010830140149664658 0.023847893410999355 0.0011460279670245654 0.0031202333047244393 0.0010535543315199902
leaf_count=42660 41 4 3 7 61 193 12 61 36 90 16 161 14 490 397 241 230 5256 245 734 228
internal_value=-0.0578283 0.0235829 -0.00560672 0.0570821 0.0193141 0.0666876 -0.0666797 0.0666832 0.0666853 0.0666833 0.0666841 -0.0666669 -0.0666705 -0.0666669 -0.0666669 -0.0666669 -0.0666669 -0.0666669 -0.0666669 -0.0666669 -0.0666669
internal_weight=0.259232 0.0253877 0.0135665 0.0118212 0.00239688 0.00942433 0.00460261 0.0081826 0.00663752 0.00501654 0.00365647 0.233844 0.00275051 0.232354 0.035463 0.00675021 0.0022891 0.0287128 0.0044611 0.00486492 0.00331507
internal_count=51180 538 70 468 65 403 67 396 203 167 77 50642 55 50481 7821 1434 471 6387 963 1131 718
is_linear=0
shrinkage=0.1


Tree=183
num_leaves=26
num_cat=0
split_feature=9 4 10 7 5 9 7 3 9 8 6 8 6 5 0 10 0 4 7 7 7 4 7 2 7
split_gain=0.016011 0.00237328 0.00277316 0.000711357 0.00193254 0.000129777 3.41496e-05 2.10312e-05 0.000502228 8.86005e-06 3.43879e-07 1.6215e-11 3.53155e-13 2.24348e-13 1.38778e-17 6.93889e-18 1.73472e-18 1.73472e-18 2.60209e-18 2.60209e-18 8.67362e-19 4.33681e-19 4.33681e-19 2.1684e-19 2.1684e-19
threshold=0.033413078149920207 167.50000000000003 0.63484848484848488 538.50000000000011 7.5000000000000009 0.038369525211630409 1764.5000000000002 4.5000000000000009 0.0071685508735868011 5239.5000000000009 2244.5000000000005 5329.5000000000009 266.50000000000006 4.5000000000000009 8.5000000000000018 0.5270467836257311 12.500000000000002 145.50000000000003 -1310.4999999999998 643.50000000000011 386.50000000000006 174.50000000000003 -1869.4999999999998 3.5000000000000004 -1669.4999999999998
decision_type=2 2 2 2 2 2 2 2 2 2 2 2 2 2 2 2 2 2 2 2 2 2 2 2 2
left_child=7 2 5 4 -3 -2 9 8 15 10 -5 12 -6 14 -9 17 -16 22 24 20 21 -20 -1 -17 -19
right_child=1 3 -4 6 11 -7 -8 13 -10 -11 -12 -13 -14 -15 16 23 -18 18 19 -21 -22 -23 -24 -25 -26
leaf_value=0.066666912541883935 0.066747720974270772 0.04836496863167343 -0.066776430925138117 -0.065072453239094052 -0.066682594160425698 0.029089220502357117 -0.045055140219842992 0.066666911970261547 -0.0047730599308934245 -0.058056410880681933 -0.066782291562731369 -0.066695506143007066 -0.06668001745679096 0.066668119998628136 0.066666911975601414 0.066666910024477957 0.066666911985076058 0.066666912922102153 0.066666917127599937 0.066666913409829193 0.06666691426599497 0.066666916407939383 0.066666913100528788 0.066666910229519122 0.066666911918361951
leaf_weight=0.0010984205241584277 0.0047764626251591887 0.0025450536492428446 0.0024627348227781454 0.0015840312866899362 0.0010748919949818973 0.0011319768934451926 0.0010094235903943928 0.23420489350428397 0.0010290528853147398 0.0016330884572076237 0.0045689873760323962 0.0012964765203903514 0.0010529677839854756 0.0015466482614101542 0.018329222084958019 0.0012003185461253443 0.0016882901832104827 0.0018262740240970743 0.0055791342538213974 0.002692559533898021 0.0010262144787702709 0.0016863109985933988 0.0041516440674058677 0.0021129867886884313 0.0011296751963527614
leaf_count=199 47 16 7 40 12 121 86 42588 214 107 39 19 44 158 3333 218 307 330 990 483 184 300 750 384 204
internal_value=0.0597815 -0.0201619 0.0223736 -0.044278 -0.0176343 0.0595329 -0.0623607 0.0664037 0.0635429 -0.0646042 -0.0663421 -0.0666867 -0.0666813 0.0666669 0.0666669 0.0666669 0.0666669 0.0666669 0.0666669 0.0666669 0.0666669 0.0666669 0.0666669 0.0666669 0.0666669
internal_weight=0.302438 0.0231361 0.00837117 0.0147649 0.00596939 0.00590844 0.00879553 0.279302 0.0235326 0.00778611 0.00615302 0.00342434 0.00212786 0.255769 0.254222 0.0225035 0.0200175 0.0191902 0.0139402 0.0109842 0.00829166 0.00726545 0.00525006 0.00331331 0.00295595
internal_count=51180 538 175 363 91 168 272 50642 4256 186 79 75 56 46386 46228 4042 3640 3440 2491 1957 1474 1290 949 602 534
is_linear=0
shrinkage=0.1


Tree=184
num_leaves=11
num_cat=0
split_feature=3 4 10 7 7 8 9 3 4 6
split_gain=7.14841e-05 1.15953e-05 1.18357e-05 9.96775e-06 6.78203e-06 1.8792e-06 2.46747e-14 3.46945e-18 8.67362e-19 4.33681e-19
threshold=4.5000000000000009 142.50000000000003 0.47913043478260875 -1227.4999999999998 372.50000000000006 -366.49999999999994 0.031331806282722509 5.5000000000000009 157.50000000000003 -607.49999999999989
decision_type=2 2 2 2 2 2 2 2 2 2
left_child=1 -1 3 -3 5 -5 7 8 9 -2
right_child=6 2 -4 4 -6 -7 -8 -9 -10 -11
leaf_value=-0.064062715675177725 -0.066666729084440365 -0.060301007248039135 -0.063119505101120119 -0.048399711501115543 -0.055488262056902417 -0.042623389224514162 -0.066667227141357047 -0.066666728993560118 -0.066666729044056891 -0.06666672897373406
leaf_weight=0.0014114821717612349 0.0049278185383627715 0.0010036225590965842 0.001109848310079542 0.0012830148031071076 0.001077034645504682 0.0010038929398206164 0.0010090741875559131 0.051242613257727498 0.0089459976563830423 0.0024573388427597811
leaf_count=924 3375 644 730 743 653 562 647 35092 6127 1683
internal_value=-0.0656913 -0.0559808 -0.0538981 -0.0515548 -0.0489454 -0.0458641 -0.0666667 -0.0666667 -0.0666667 -0.0666667
internal_weight=0.0754717 0.0068889 0.00547741 0.00436756 0.00336394 0.00228691 0.0685828 0.0675738 0.0163312 0.00738516
internal_count=51180 4256 3332 2602 1958 1305 46924 46277 11185 5058
is_linear=0
shrinkage=0.1


Tree=185
num_leaves=16
num_cat=0
split_feature=9 4 10 7 5 9 7 8 6 8 6 5 4 4 10
split_gain=0.0165889 0.00228759 0.00271281 0.000675541 0.00185354 0.000159092 3.08482e-05 6.6674e-06 2.45524e-07 1.6945e-11 5.50525e-13 2.37768e-13 1.38778e-17 1.73472e-18 8.67362e-19
threshold=0.033413078149920207 167.50000000000003 0.63484848484848488 538.50000000000011 7.5000000000000009 0.038369525211630409 1764.5000000000002 5239.5000000000009 2244.5000000000005 5329.5000000000009 266.50000000000006 4.5000000000000009 195.50000000000003 209.50000000000003 0.61651583710407254
decision_type=2 2 2 2 2 2 2 2 2 2 2 2 2 2 2
left_child=11 2 5 4 -3 -2 7 8 -5 10 -6 12 -1 14 -14
right_child=1 3 -4 6 9 -7 -8 -9 -10 -11 -12 -13 13 -15 -16
leaf_value=-0.066666846910259189 -0.066750040361583191 -0.045536520816237651 0.066777530679863514 0.065350312536376728 0.06668258407089929 -0.02431735592515024 0.046384820924587448 0.059424908084176234 0.066781263911263586 0.0666953105089899 0.066679413134451707 -0.066668201532044183 -0.066666846832664869 -0.066666846825847989 -0.066666846798899046
leaf_weight=0.19216590599050098 0.0045575688345707022 0.0025336370543129769 0.0024883583828341216 0.0016118474567861085 0.0010760616887637298 0.0010960778988877706 0.0010134046027516783 0.0017424002975352515 0.0046822111360569352 0.0013208910294238985 0.0011147118908156894 0.0013040789070366534 0.0082925439537708812 0.0016883981934370249 0.0012238867307132759
leaf_count=47706 47 16 7 40 12 121 86 107 39 19 44 161 2054 418 303
internal_value=-0.0575764 0.0224928 -0.0202291 0.0455361 0.0196528 -0.0585236 0.0628261 0.0648993 0.0664148 0.0666864 0.066681 -0.0666669 -0.0666668 -0.0666668 -0.0666668
internal_weight=0.227912 0.0232372 0.00814201 0.0150952 0.0060453 0.00565365 0.00904986 0.00803646 0.00629406 0.00351166 0.00219077 0.204675 0.203371 0.0112048 0.00951643
internal_count=51180 538 175 363 91 168 272 186 79 75 56 50642 50481 2775 2357
is_linear=0
shrinkage=0.1


Tree=186
num_leaves=27
num_cat=0
split_feature=5 5 7 7 10 0 3 9 6 9 8 8 9 7 10 0 1 10 4 7 7 0 8 4 6 7
split_gain=0.014126 0.00209307 0.00203214 0.000729716 0.00197532 0.000367218 2.60708e-05 0.000547601 4.20981e-11 6.03111e-12 3.57527e-12 3.22066e-12 3.88634e-13 2.41887e-13 1.21797e-14 1.38778e-17 1.38778e-17 5.20417e-18 2.60209e-18 2.60209e-18 1.73472e-18 8.67362e-19 8.67362e-19 4.33681e-19 2.1684e-19 2.1684e-19
threshold=5.5000000000000009 6.5000000000000009 1051.5000000000002 980.50000000000011 0.64852941176470602 3.5000000000000004 4.5000000000000009 0.0071685508735868011 -536.49999999999989 0.044568590937306009 9046.0000000000018 631.50000000000011 0.032025641025641004 1477.5000000000002 0.53229166666666672 9.5000000000000018 9.5000000000000018 0.53708791208791218 144.50000000000003 -1227.4999999999998 359.50000000000006 12.500000000000002 9301.5000000000018 168.50000000000003 -2014.4999999999998 -120.49999999999999
decision_type=2 2 2 2 2 2 2 2 2 2 2 2 2 2 2 2 2 2 2 2 2 2 2 2 2 2
left_child=6 2 3 4 11 -3 7 17 -7 -10 13 -2 15 14 -11 16 -8 18 -1 24 23 22 -17 25 -20 -21
right_child=1 5 -4 -5 -6 8 12 -9 9 10 -12 -13 -14 -15 -16 21 -18 -19 19 20 -22 -23 -24 -25 -26 -27
leaf_value=0.066666882277071113 0.066686114644781178 -0.017248626397092254 0.066742163541328142 -0.058587434267688046 -0.064792877900686482 -0.066699886582710394 0.066666879280458766 -0.0082091997330891835 -0.066672791581696783 -0.066678607680795102 -0.066685742578342214 0.066678699306906938 0.066668830141156793 -0.066680575280291032 -0.066679078085041671 0.06666687929100458 0.066666879259971182 0.066666880176656729 0.066666882593573271 0.066666886696852029 0.066666884148225317 0.066666879270199625 0.066666879281051569 0.066666886743692921 0.066666883002715935 0.066666887436528766
leaf_weight=0.0044173322135065965 0.0010236768430331757 0.0019093276126760381 0.0039226246017278754 0.0031587811376994068 0.0021875240636290982 0.0012412970183932632 0.21097161570378375 0.0010275545332660832 0.0010632205599246432 0.0010380345718735144 0.001238744710134544 0.0013690081977983937 0.0010258577704007612 0.0013022353274484005 0.0011717385767294262 0.0078257064305944368 0.0014727344550919943 0.0026420611179673861 0.0018500719947951438 0.0030127009426905698 0.0034689532863012573 0.0014823601532043549 0.0010780800912471031 0.0022175635440362385 0.001133070122705246 0.0010083185188705154
leaf_count=912 15 65 34 5 2 9 43835 214 192 87 36 27 74 32 47 1626 306 548 381 608 709 308 224 448 233 203
internal_value=0.0596516 -0.0198218 0.00810799 -0.0216116 0.00388907 -0.0561543 0.0663524 0.0629639 -0.0666832 -0.0666796 -0.0666811 0.0666819 0.0666669 -0.0666795 -0.0666789 0.0666669 0.0666669 0.0666669 0.0666669 0.0666669 0.0666669 0.0666669 0.0666669 0.0666669 0.0666669 0.0666669
internal_weight=0.26526 0.0206262 0.0116616 0.00773899 0.00458021 0.0089646 0.244634 0.0207776 0.00705527 0.00581397 0.00475075 0.00239269 0.223856 0.00351201 0.00220977 0.22283 0.212444 0.0197501 0.017108 0.0126907 0.00970754 0.0103861 0.00890379 0.00623858 0.00298314 0.00402102
internal_count=51180 551 83 49 44 468 50629 4256 403 394 202 42 46373 166 134 46299 44141 4042 3494 2582 1968 2158 1850 1259 614 811
is_linear=0
shrinkage=0.1


Tree=187
num_leaves=9
num_cat=0
split_feature=3 4 10 7 7 9 7 9
split_gain=8.68989e-05 1.35508e-05 1.30079e-05 8.78277e-06 4.92832e-06 1.58693e-14 6.93889e-18 8.67362e-19
threshold=4.5000000000000009 142.50000000000003 0.4743421052631579 -1110.4999999999998 332.50000000000006 0.030395417590539504 1263.5000000000002 0.021798526966025154
decision_type=2 2 2 2 2 2 2 2
left_child=1 -1 3 -3 -5 6 -2 -8
right_child=5 2 -4 4 -6 -7 7 -9
leaf_value=-0.06353924389927755 -0.066666725943396274 -0.057324786703091518 -0.062055864619223758 -0.043517682192578337 -0.052120655929836737 -0.066667126427513698 -0.066666725978830249 -0.06666672608026912
leaf_weight=0.0012469202334841603 0.04880821957237913 0.0010114553439279916 0.0010007274544250322 0.0019094120655154256 0.0010224612790352694 0.0010066244701554252 0.0089946873454209708 0.0012270508727851856
leaf_count=924 38196 719 743 1190 680 731 7039 958
internal_value=-0.0655035 -0.0542233 -0.0518738 -0.0492898 -0.0465179 -0.0666667 -0.0666667 -0.0666667
internal_weight=0.0662276 0.00619098 0.00494406 0.00394333 0.00293187 0.0600366 0.05903 0.0102217
internal_count=51180 4256 3332 2589 1870 46924 46193 7997
is_linear=0
shrinkage=0.1


Tree=188
num_leaves=19
num_cat=0
split_feature=9 5 6 0 8 4 9 8 8 8 5 7 0 3 3 4 7 4
split_gain=0.0146399 0.00202305 0.00199637 0.000355479 4.83048e-11 2.79823e-11 5.88852e-12 3.566e-12 4.67806e-13 2.58804e-13 1.59914e-13 1.53518e-13 1.38778e-17 1.38778e-17 1.73472e-18 1.73472e-18 8.67362e-19 1.0842e-19
threshold=0.033413078149920207 6.5000000000000009 3663.5000000000005 3.5000000000000004 -880.49999999999989 167.50000000000003 0.044568590937306009 9046.0000000000018 4370.5000000000009 3312.5000000000005 4.5000000000000009 688.50000000000011 8.5000000000000018 4.5000000000000009 3.5000000000000004 183.50000000000003 2448.5000000000005 192.50000000000003
decision_type=2 2 2 2 2 2 2 2 2 2 2 2 2 2 2 2 2 2
left_child=10 2 5 -3 -5 11 -6 8 9 -8 12 -2 13 14 -1 16 -14 -17
right_child=1 3 -4 4 6 -7 7 -9 -10 -11 -12 -13 15 -15 -16 17 -18 -19
leaf_value=-0.066666823742478551 -0.06666894319513314 0.018872294763046436 0.022783219314932594 0.066703148603831128 0.066673250972397499 -0.066687415981373885 0.066679268451622684 0.066685622049612495 0.066677710309153621 0.066681183739646321 -0.06666801094678175 -0.06667063203389903 -0.066666823141213347 -0.066666823136555919 -0.0666668271954408 -0.066666823126312932 -0.066666823164596337 -0.06666682303421731
leaf_weight=0.0014863346584661494 0.0011460661548881035 0.0019710965275834269 0.0077019452583044767 0.0010007579662243415 0.0012144139701164569 0.0015284311184586841 0.0015003829125144197 0.001257310892242014 0.0010647357261638346 0.0013317018332372754 0.0011412997675162009 0.0010148928972739668 0.0097920265793618455 0.15054975748125798 0.012935645640128168 0.0011488839854791886 0.0010463681830970026 0.0010463681851433648
leaf_count=420 41 65 3 17 190 12 54 36 90 16 161 14 2770 42588 3786 325 296 296
internal_value=-0.0574602 0.0220957 -0.0061909 0.0565933 0.0666827 -0.0666771 0.0666795 0.066681 0.0666795 0.0666802 -0.0666668 -0.0666697 -0.0666668 -0.0666668 -0.0666668 -0.0666668 -0.0666668 -0.0666668
internal_weight=0.199878 0.0207317 0.0113913 0.0093404 0.0073693 0.00368939 0.00636855 0.00515413 0.00389682 0.00283208 0.179147 0.00216096 0.178005 0.164972 0.014422 0.0130336 0.0108384 0.00219525
internal_count=51180 538 70 468 403 67 386 196 160 70 50642 55 50481 46794 4206 3687 3066 621
is_linear=0
shrinkage=0.1


Tree=189
num_leaves=24
num_cat=0
split_feature=5 9 8 6 4 3 9 7 8 4 9 7 0 7 4 10 7 10 7 4 4 7 10
split_gain=0.0125484 0.00182617 0.00170125 0.00182076 0.00145173 3.1968e-05 0.000590018 4.21685e-12 8.94029e-12 5.20656e-13 2.30371e-13 1.0943e-13 1.38778e-17 1.38778e-17 5.20417e-18 2.60209e-18 2.60209e-18 1.30104e-18 8.67362e-19 4.33681e-19 2.1684e-19 2.1684e-19 2.1684e-19
threshold=5.5000000000000009 0.040653405737221059 6601.5000000000009 3199.5000000000005 177.50000000000003 4.5000000000000009 0.0071685508735868011 417.50000000000006 5329.5000000000009 177.50000000000003 0.031537505180273456 1087.5000000000002 12.500000000000002 -3101.4999999999995 147.50000000000003 0.52506265664160412 -1148.4999999999998 0.38799283154121872 475.50000000000006 139.50000000000003 162.50000000000003 -799.49999999999989 0.40824915824915831
decision_type=2 2 2 2 2 2 2 2 2 2 2 2 2 2 2 2 2 2 2 2 2 2 2
left_child=5 2 3 4 -2 6 14 8 -3 -9 12 -11 13 -7 17 16 20 21 -18 -19 -16 -1 -20
right_child=1 7 -4 -5 -6 10 -8 9 -10 11 -12 -13 -14 -15 15 -17 18 19 22 -21 -22 -23 -24
leaf_value=0.066666855878764517 0.066684379312583392 -0.066677037724256108 0.061378419570131459 -0.06060819336006025 -0.054638565578006441 0.066666855600986619 -0.011315469361117856 -0.066675731947029679 -0.066689783555987481 -0.066677639201670302 0.066668368567967318 -0.066679031544063516 0.06666685560098079 0.06666685557782509 0.06666685639635149 0.066666855039945114 0.066666860418064286 0.066666852461559276 0.066666859556251776 0.066666855247891704 0.066666856579451372 0.06666685784790595 0.066666857282872916
leaf_weight=0.001688129227659374 0.0029851197277821484 0.001165720956323293 0.0034763750464245563 0.0051711546650621276 0.0014729297408635489 0.0015584719767502966 0.0010277222370405062 0.0011643175805450519 0.0010424405483406931 0.0011289836649914092 0.0010115330424014237 0.0011289076857394775 0.0012973225993846418 0.1920458667764251 0.001352483585378649 0.001812729076391407 0.0052009027012900342 0.0014749504803148739 0.0015336662327172235 0.0011100939464085968 0.0011353547897670069 0.0010140842691725984 0.0010197542605965282
leaf_count=397 25 67 60 20 47 370 214 174 25 43 101 90 308 45594 317 429 1192 349 356 261 266 237 238
internal_value=0.059431 -0.0190484 0.00141483 -0.0202335 0.0265995 0.0662929 0.0623041 -0.0666796 -0.0666831 -0.0666774 0.0666669 -0.0666783 0.0666669 0.0666669 0.0666669 0.0666669 0.0666669 0.0666669 0.0666669 0.0666669 0.0666669 0.0666669 0.0666669
internal_weight=0.233019 0.0187359 0.0131056 0.0096292 0.00445805 0.214283 0.0183699 0.00563037 0.00220816 0.00342221 0.195913 0.00225789 0.194902 0.193604 0.0173421 0.0120549 0.0102422 0.00528726 0.00775432 0.00258504 0.00248784 0.00270221 0.00255342
internal_count=51180 551 152 92 72 50629 4256 399 92 307 46373 133 46272 45964 4042 2798 2369 1244 1786 610 583 634 594
is_linear=0
shrinkage=0.1


Tree=190
num_leaves=7
num_cat=0
split_feature=3 4 10 7 9 2
split_gain=0.000104231 1.55493e-05 1.32828e-05 8.58189e-06 9.45771e-15 3.46945e-18
threshold=4.5000000000000009 142.50000000000003 0.38585607940446653 -769.49999999999989 0.029484207476093854 1.0000000180025095e-35
decision_type=2 2 2 2 2 2
left_child=1 -1 3 -3 5 -2
right_child=4 2 -4 -5 -6 -7
leaf_value=-0.062931097109162559 -0.066666717488926705 -0.052327021753843087 -0.05613148860204218 -0.040557302043273048 -0.066667022506544452 -0.066666717494485092
leaf_weight=0.001103236595326961 0.0031380289667595198 0.0010067241661317894 0.0018631065499903343 0.0016106949010463723 0.0010370860090658232 0.048374113304021193
leaf_count=924 2806 764 1470 1098 864 43254
internal_value=-0.0652864 -0.0522965 -0.0496779 -0.0450842 -0.0666667 -0.0666667
internal_weight=0.058133 0.00558376 0.00448053 0.00261742 0.0525492 0.0515121
internal_count=51180 4256 3332 1862 46924 46060
is_linear=0
shrinkage=0.1


Tree=191
num_leaves=16
num_cat=0
split_feature=9 4 10 7 5 9 8 0 1 8 9 9 9 9 9
split_gain=0.0129993 0.00177268 0.00215435 0.000573725 0.00146737 0.000113984 3.0158e-05 4.69114e-05 2.38425e-07 9.40054e-12 5.97161e-14 4.35763e-15 1.38778e-17 3.81639e-17 1.17094e-17
threshold=0.033413078149920207 167.50000000000003 0.63484848484848488 538.50000000000011 7.5000000000000009 0.037235096058625454 4208.5000000000009 5.5000000000000009 3.5000000000000004 5329.5000000000009 0.030097834948817802 0.028388942617666005 0.0066007319623561508 0.015915231340763201 0.011142147734326502
decision_type=2 2 2 2 2 2 2 2 2 2 2 2 2 2 2
left_child=10 2 5 4 -3 -2 8 -8 -5 -6 11 12 -1 14 -14
right_child=1 3 -4 6 9 -7 7 -9 -10 -11 -12 -13 13 -15 -16
leaf_value=-0.066666808219992144 -0.066743871083099038 -0.042810377557015132 0.066755538096985867 0.066767096406722348 0.066677619570061394 -0.03129373209426177 0.066677223804617922 0.037754778328667998 0.065264308792158873 0.066689645057012262 -0.066667548864818391 -0.066667009351642603 -0.066666812931586369 -0.066666808149472373 -0.066666825457086576
leaf_weight=0.13373718072875818 0.003434289182223437 0.0022124493689261726 0.0019959398745825752 0.0034504059430275902 0.0016786246898337076 0.0012325132832833319 0.0011312801655023463 0.0011120855734725321 0.0015211805800845468 0.0010608791983675037 0.0011009337804672717 0.0010864914526922389 0.0012475642649860666 0.017861208554558861 0.0017722752518238849
leaf_count=43228 43 16 7 60 56 125 68 127 17 19 233 318 395 5933 535
internal_value=-0.0572394 0.0212687 -0.020194 0.0439742 0.0177628 -0.0573814 0.0619643 0.0523397 0.0663073 0.0666823 -0.0666668 -0.0666668 -0.0666668 -0.0666668 -0.0666668
internal_weight=0.175635 0.0188296 0.00666274 0.0121669 0.00495195 0.0046668 0.00721495 0.00224337 0.00497159 0.0027395 0.156806 0.155705 0.154618 0.020881 0.00301984
internal_count=51180 538 175 363 91 168 272 195 77 75 50642 50409 50091 6863 930
is_linear=0
shrinkage=0.1


Tree=192
num_leaves=22
num_cat=0
split_feature=9 5 6 0 3 9 8 4 7 1 5 10 4 10 4 7 10 7 10 4 6
split_gain=0.011074 0.00160891 0.00162476 0.000345807 3.87883e-05 0.000646639 1.70178e-11 1.45952e-11 1.75576e-12 2.58796e-13 8.30863e-14 6.16253e-14 1.38778e-17 6.93889e-18 2.60209e-18 2.1684e-18 1.30104e-18 8.67362e-19 4.33681e-19 2.1684e-19 2.1684e-19
threshold=0.033413078149920207 6.5000000000000009 3663.5000000000005 3.5000000000000004 4.5000000000000009 0.0073261056247316001 680.50000000000011 167.50000000000003 302.50000000000006 3.5000000000000004 4.5000000000000009 0.48074074074074075 204.50000000000003 0.4743421052631579 144.50000000000003 -1248.4999999999998 0.38165266106442575 657.50000000000011 0.39009661835748799 154.50000000000003 1700.5000000000002
decision_type=2 2 2 2 2 2 2 2 2 2 2 2 2 2 2 2 2 2 2 2 2
left_child=4 2 7 -3 5 13 -5 -2 -8 11 12 -10 -6 14 16 -16 -1 18 -17 -15 -14
right_child=1 3 -4 6 10 -7 8 -9 9 -11 -12 -13 20 19 15 17 -18 -19 -20 -21 -22
leaf_value=0.066666834396468658 0.066669285114356922 -0.01505685811799138 -0.021124754429050263 -0.066691116155672178 0.066666831127440915 -0.016247282084359754 -0.066680023052436366 0.066683106671731399 -0.066674276245531905 -0.066676634248073255 0.066667711352628653 -0.066675380514985519 0.066666831189623368 0.06666683055865362 0.066666833628519703 0.066666838143447621 0.066666830007922603 0.066666835481608816 0.066666836089467316 0.066666831741521715 0.066666831192000675
leaf_weight=0.001959195821882532 0.0018802677554958652 0.0016987854062837648 0.0063005514675751328 0.0010027031072574744 0.16723301605725283 0.0010023726838426219 0.0011784911874617998 0.001286906941459165 0.001021619084541299 0.0012924623721950199 0.0010792141592901308 0.0010000889466499682 0.0010985195774537706 0.0015551136448266343 0.0021152394913315229 0.0037171896537984131 0.001041552518017852 0.0015832584806503291 0.001349698138938038 0.0019416707916661835 0.0020790773210137559
leaf_count=524 55 65 3 38 45366 209 52 12 142 57 158 114 298 419 565 966 280 418 354 521 564
internal_value=0.0592906 -0.0188413 0.00824627 -0.0544895 0.0662242 0.0615571 -0.0666793 0.0666749 -0.0666767 -0.0666755 0.0666668 -0.0666748 0.0666668 0.0666668 0.0666668 0.0666668 0.0666668 0.0666668 0.0666668 0.0666668 0.0666668
internal_weight=0.204417 0.0166619 0.00946773 0.00719415 0.187755 0.0162653 0.00549536 0.00316717 0.00449266 0.00331417 0.17149 0.00202171 0.170411 0.0152629 0.0117661 0.00876539 0.00300075 0.00665015 0.00506689 0.00349678 0.0031776
internal_count=51180 538 70 468 50642 4256 403 67 365 313 46386 256 46228 4047 3107 2303 804 1738 1320 940 862
is_linear=0
shrinkage=0.1


Tree=193
num_leaves=7
num_cat=0
split_feature=3 4 10 7 9 4
split_gain=0.000123387 1.73951e-05 1.46902e-05 3.15147e-06 6.44623e-15 3.46945e-18
threshold=4.5000000000000009 143.50000000000003 0.38585607940446653 -632.49999999999989 0.029027637344118604 120.50000000000001
decision_type=2 2 2 2 2 2
left_child=1 -1 3 -3 5 -2
right_child=4 2 -4 -5 -6 -7
leaf_value=-0.061583551196918378 -0.066666711193592396 -0.046308109441671366 -0.054455889690688687 -0.038926494964451427 -0.066666967430595261 -0.066666711196600115
leaf_weight=0.0010618564110700382 0.0010619233916031581 0.0010206271673496303 0.0016380380841383158 0.0013347733122373029 0.0010034490622682904 0.043938082388990551
leaf_count=996 1085 833 1438 989 948 44891
internal_value=-0.0650371 -0.0502078 -0.0471829 -0.042125 -0.0666667 -0.0666667
internal_weight=0.0510587 0.00505529 0.00399344 0.0023554 0.0460035 0.045
internal_count=51180 4256 3260 1822 46924 45976
is_linear=0
shrinkage=0.1


Tree=194
num_leaves=21
num_cat=0
split_feature=9 5 6 0 8 4 7 8 6 9 9 3 0 2 2 7 7 10 8 10
split_gain=0.0114962 0.00155737 0.00155987 0.000336075 1.65788e-11 1.30924e-11 1.67816e-12 3.52534e-13 2.66785e-13 4.77951e-14 3.12944e-15 2.77556e-17 6.93889e-18 1.73472e-18 3.90313e-18 8.67362e-18 2.1684e-18 1.73472e-18 1.0842e-18 8.67362e-19
threshold=0.033413078149920207 6.5000000000000009 3663.5000000000005 3.5000000000000004 680.50000000000011 167.50000000000003 302.50000000000006 3858.5000000000005 1324.5000000000002 0.029895433014567853 0.028268904205374052 4.5000000000000009 5.5000000000000009 4.5000000000000009 2.5000000000000004 191.50000000000003 -721.49999999999989 0.38799283154121872 -3506.4999999999995 0.47913043478260875
decision_type=2 2 2 2 2 2 2 2 2 2 2 2 2 2 2 2 2 2 2 2
left_child=9 2 5 -3 -5 -2 -6 -8 -9 10 11 13 -13 14 16 17 18 -16 -1 -15
right_child=1 3 -4 4 6 -7 7 8 -10 -11 -12 12 -14 19 15 -17 -18 -19 -20 -21
leaf_value=-0.066666793364471649 -0.066669124845429958 0.01661481108245819 0.021609176593960361 0.066690498205778603 0.066679691747775605 -0.066682677855817871 0.066676682952681893 0.066675746724980028 0.066673535305729892 -0.066667456237524125 -0.066666963102995094 -0.066666785670735654 -0.066666785670817894 -0.066666787642489636 -0.066666788397056559 -0.066666801065664388 -0.066666787872510097 -0.066666793417556408 -0.066666789643499688 -0.06666679085432578
leaf_weight=0.00152210118499685 0.0017028321904035693 0.0017492024962493238 0.0063204658217728138 0.0010312294418781676 0.0012206574441540052 0.0012259023078513565 0.0013075711230232656 0.0010583791800584663 0.0011258272331611252 0.0010769834075450282 0.0010066927021563634 0.088773996512372833 0.035220195095234885 0.00147534241972025 0.001329719090092496 0.0012536375021783286 0.0022034655836500319 0.0013346933053783872 0.001066668807596205 0.0010257542585878632
leaf_count=565 55 65 3 38 52 12 66 37 210 263 337 32787 13008 560 523 463 858 496 404 378
internal_value=-0.0571266 0.0211056 -0.00634571 0.0549916 0.066679 -0.0666748 0.0666765 0.0666754 0.0666746 -0.0666668 -0.0666668 -0.0666668 -0.0666668 -0.0666668 -0.0666668 -0.0666668 -0.0666668 -0.0666668 -0.0666668 -0.0666668
internal_weight=0.154031 0.0167421 0.0092492 0.00749287 0.00574366 0.00292873 0.00471243 0.00349178 0.00218421 0.137289 0.136212 0.135206 0.123994 0.0112114 0.00871029 0.00391805 0.00479224 0.00266441 0.00258877 0.0025011
internal_count=51180 538 70 468 403 67 365 313 247 50642 50379 50042 45795 4247 3309 1482 1827 1019 969 938
is_linear=0
shrinkage=0.1


Tree=195
num_leaves=26
num_cat=0
split_feature=9 4 10 7 5 9 3 9 8 1 8 9 9 0 4 10 10 7 7 10 7 0 7 8 4
split_gain=0.00993796 0.00150124 0.00185952 0.000520361 0.00121983 8.89959e-05 4.63732e-05 0.000678921 3.28994e-05 3.14005e-07 3.621e-12 3.16969e-14 1.94289e-15 1.38778e-17 3.46945e-18 2.60209e-18 1.0842e-18 8.67362e-19 1.30104e-18 8.67362e-19 4.33681e-19 2.1684e-19 2.1684e-19 2.1684e-19 1.0842e-19
threshold=0.033413078149920207 167.50000000000003 0.63484848484848488 538.50000000000011 7.5000000000000009 0.037235096058625454 4.5000000000000009 0.0073261056247316001 4208.5000000000009 3.5000000000000004 5239.5000000000009 0.030097834948817802 0.028388942617666005 10.500000000000002 143.50000000000003 0.53950103950103967 0.38799283154121872 999.50000000000011 -1169.4999999999998 0.44590643274853808 372.50000000000006 11.500000000000002 -146.49999999999997 -3703.4999999999995 166.50000000000003
decision_type=2 2 2 2 2 2 2 2 2 2 2 2 2 2 2 2 2 2 2 2 2 2 2 2 2
left_child=6 2 5 4 -3 -2 7 14 9 -5 -6 12 13 -8 16 17 -1 18 23 20 22 -15 -20 -16 -23
right_child=1 3 -4 8 10 -7 11 -9 -10 -11 -12 -13 -14 21 15 -17 -18 -19 19 -21 -22 24 -24 -25 -26
leaf_value=0.066666813536257918 0.066739349705137993 0.044214465805544778 -0.066740897151540537 -0.066752170302662506 -0.066675191274869067 0.032955252148100835 0.066666807678329151 -0.018563667837260555 -0.04960626992751991 -0.064787865951995677 -0.066683515470471869 0.066667352865397392 0.066666940657557905 0.066666807635471129 0.066666813152277668 0.066666811416448521 0.066666809910963867 0.066666814714774522 0.066666817178017174 0.066666814043843864 0.066666814963907542 0.066666807630000088 0.066666817642055329 0.066666814359072568 0.066666807622877411
leaf_weight=0.0016598562624494393 0.0031141687900344559 0.0018877606825782336 0.0016670979468926816 0.0028369074968104258 0.001048563772722326 0.001040172834376879 0.14401958147141158 0.0010045795295354773 0.0017110633498506949 0.0011411594724748397 0.0010417380853360021 0.0010779890410503859 0.0011047350803892178 0.001809875139315408 0.0012016542275432585 0.0013090036732137387 0.0015114399059257266 0.0010636499448537515 0.0024549465053951315 0.0010743034008555696 0.0010352870842780248 0.0010646324444678612 0.001084844177512416 0.0010230027705802093 0.0010065615842904663
leaf_count=507 43 16 7 60 55 125 44641 209 195 17 20 231 311 561 365 402 465 320 725 324 310 330 319 310 312
internal_value=0.0589363 -0.0176415 0.0224778 -0.0418008 -0.0140555 0.0582804 0.0661463 0.0607302 -0.0612014 -0.0661887 -0.0666793 0.0666668 0.0666668 0.0666668 0.0666668 0.0666668 0.0666668 0.0666668 0.0666668 0.0666668 0.0666668 0.0666668 0.0666668 0.0666668 0.0666668
internal_weight=0.179995 0.0154886 0.00582144 0.00966719 0.00397806 0.00415434 0.164506 0.0144226 0.00568913 0.00397807 0.0020903 0.150083 0.149005 0.147901 0.013418 0.0102467 0.0031713 0.00893769 0.00787404 0.00564938 0.00457508 0.00388107 0.00353979 0.00222466 0.00207119
internal_count=51180 538 175 363 91 168 50642 4256 272 77 75 46386 46155 45844 4047 3075 972 2673 2353 1678 1354 1203 1044 675 642
is_linear=0
shrinkage=0.1


Tree=196
num_leaves=7
num_cat=0
split_feature=3 4 10 10 9 0
split_gain=0.000143572 1.9055e-05 1.55982e-05 1.82199e-06 3.88925e-15 3.46945e-18
threshold=4.5000000000000009 144.50000000000003 0.38585607940446653 0.27429467084639497 0.028268904205374052 8.5000000000000018
decision_type=2 2 2 2 2 2
left_child=1 -1 3 -3 5 -2
right_child=4 2 -4 -5 -6 -7
leaf_value=-0.060068935734256583 -0.066666704268284721 -0.04224665018973181 -0.052609939966088454 -0.036392342434452267 -0.06666690027938936 -0.066666704270823079
leaf_weight=0.0010189399056912398 0.036137503339602972 0.0010020713522180813 0.001439803649248006 0.0011323277904011775 0.0010398730970020966 0.0030887539314221604
leaf_count=1070 42189 861 1401 924 1129 3606
internal_value=-0.064756 -0.0480057 -0.0445666 -0.0391409 -0.0666667 -0.0666667
internal_weight=0.0448593 0.00459314 0.0035742 0.0021344 0.0402661 0.0392263
internal_count=51180 4256 3186 1785 46924 45795
is_linear=0
shrinkage=0.1


Tree=197
num_leaves=20
num_cat=0
split_feature=9 4 10 7 5 9 8 1 8 9 9 3 4 1 2 2 7 7 4
split_gain=0.0103001 0.00146054 0.00182265 0.000497756 0.0011741 0.000107553 2.78108e-05 2.34469e-07 3.85746e-12 3.15442e-14 1.20737e-15 3.46945e-17 6.93889e-18 3.46945e-18 3.03577e-18 3.46945e-18 8.0231e-18 3.03577e-18 8.67362e-19
threshold=0.033413078149920207 167.50000000000003 0.63484848484848488 538.50000000000011 7.5000000000000009 0.037235096058625454 4208.5000000000009 3.5000000000000004 5239.5000000000009 0.029666299963329656 0.027855369335816203 4.5000000000000009 121.50000000000001 5.5000000000000009 4.5000000000000009 2.5000000000000004 176.50000000000003 -769.49999999999989 139.50000000000003
decision_type=2 2 2 2 2 2 2 2 2 2 2 2 2 2 2 2 2 2 2
left_child=9 2 5 4 -3 -2 7 -5 -6 10 11 13 -13 14 15 17 -17 -1 -15
right_child=1 3 -4 6 8 -7 -8 -9 -10 -11 -12 12 -14 18 -16 16 -18 -19 -20
leaf_value=-0.066666779581640148 -0.066740975978243841 -0.041493044521183055 0.066741604287433615 0.066752036838130899 0.066674951984771857 -0.028923773827128213 0.051277569141597604 0.065078629393267848 0.066683439446296941 -0.066667329213879953 -0.066666877447789805 -0.066666770622517066 -0.066666770646797061 -0.066666775472759246 -0.066666773289594097 -0.066666776301181535 -0.066666787741912398 -0.066666773271323837 -0.066666772053674231
leaf_weight=0.0013149271617058922 0.0030012499623808262 0.0018874019155532551 0.0016835240467258927 0.0028826883110326662 0.0010855375689136082 0.0010035028292749715 0.0017804706825684802 0.001180060516688286 0.001056780828476489 0.0010249731887266291 0.0010811100865755199 0.0028577400642006969 0.10537620220202371 0.0010104112036515289 0.0015790469211629521 0.0014969580946049277 0.0010118407683017416 0.0017659075402445268 0.0016516825385481937
leaf_count=557 43 16 7 60 55 125 195 17 20 290 430 1206 44470 420 680 661 424 790 714
internal_value=-0.0567539 0.0197982 -0.0205634 0.0430524 0.0160145 -0.0572648 0.0616989 0.066266 0.0666791 -0.0666668 -0.0666668 -0.0666668 -0.0666668 -0.0666668 -0.0666668 -0.0666668 -0.0666668 -0.0666668 -0.0666668
internal_weight=0.135732 0.0155612 0.00568828 0.00987294 0.00402972 0.00400475 0.00584322 0.00406275 0.00214232 0.120171 0.119146 0.118065 0.108234 0.00983077 0.00716868 0.00558963 0.0025088 0.00308083 0.00266209
internal_count=51180 538 175 363 91 168 272 77 75 50642 50352 49922 45676 4246 3112 2432 1085 1347 1134
is_linear=0
shrinkage=0.1


Tree=198
num_leaves=21
num_cat=0
split_feature=9 9 6 10 4 3 9 9 6 7 7 9 9 9 10 4 7 10 7 7
split_gain=0.0087818 0.00134473 0.00122231 0.00130677 0.0018095 5.484e-05 0.000706088 4.92659e-07 5.93117e-10 1.54012e-12 1.6465e-13 1.90403e-14 1.11716e-15 1.38778e-17 2.60209e-18 1.73472e-18 1.73472e-18 8.67362e-19 4.33681e-19 2.1684e-19
threshold=0.033413078149920207 0.042136968928344905 3756.5000000000005 0.63060428849902539 177.50000000000003 4.5000000000000009 0.0073261056247316001 0.037235096058625454 3663.5000000000005 417.50000000000006 1242.5000000000002 0.029895433014567853 0.028268904205374052 0.0071685508735868011 0.48610038610038614 144.50000000000003 -1148.4999999999998 0.39009661835748799 122.50000000000001 386.50000000000006
decision_type=2 2 2 2 2 2 2 2 2 2 2 2 2 2 2 2 2 2 2 2
left_child=5 2 3 4 7 6 14 8 -2 -3 -11 12 13 -7 15 -1 -17 19 -16 -18
right_child=1 9 -4 -5 -6 11 -8 -9 -10 10 -12 -13 -14 -15 18 16 17 -19 -20 -21
leaf_value=0.066666794662995299 0.06667493164537984 -0.066678087030597591 -0.066756004111023046 -0.064391342981302113 -0.066680111574684453 0.066666795208500162 -0.0206011003732798 0.064504696074585421 0.066754269638122352 -0.066673162459113575 -0.066674819558101797 0.066667227777814281 0.066666899655673059 0.066666792995330904 0.066666794703687207 0.066666795177920762 0.066666800082317942 0.066666796848783474 0.066666793814895542 0.06666679843934846
leaf_weight=0.00233769290434796 0.0018096836110998906 0.0015329244595605664 0.0020349837079075015 0.0014856483581375812 0.0012811969366808285 0.11093895789599628 0.0010061818140911791 0.0013738124800029006 0.0019658815581351519 0.0011443563492336507 0.0012595823985057878 0.0010281317966018824 0.0010204807510945093 0.018361432338906525 0.0015016821071185413 0.0017814385946621786 0.0024751959563218389 0.0015010698391506594 0.0011095233610376454 0.0010972445243169204
leaf_count=815 53 85 30 8 78 39292 209 26 1 132 125 261 330 6503 524 613 825 512 387 371
internal_value=0.0587413 -0.0172036 0.00236838 0.0201378 0.0396665 0.0660577 0.0598122 0.0661262 0.0667162 -0.0666756 -0.066674 0.0666668 0.0666668 0.0666668 0.0666668 0.0666668 0.0666668 0.0666668 0.0666668 0.0666668
internal_weight=0.158047 0.0138881 0.00995121 0.00791622 0.00643057 0.144159 0.01281 0.00514938 0.00377557 0.00393686 0.00240394 0.131349 0.130321 0.1293 0.0118038 0.00919264 0.00685495 0.00507351 0.00261121 0.00357244
internal_count=51180 538 196 166 158 50642 4256 80 54 342 257 46386 46125 45795 4047 3136 2321 1708 911 1196
is_linear=0
shrinkage=0.1


Tree=199
num_leaves=7
num_cat=0
split_feature=3 10 7 9 4 4
split_gain=0.000164834 1.92868e-05 1.35714e-05 2.5778e-15 1.73472e-18 8.67362e-19
threshold=4.5000000000000009 0.38585607940446653 -799.49999999999989 0.027855369335816203 146.50000000000003 141.50000000000003
decision_type=2 2 2 2 2 2
left_child=1 2 -1 4 5 -2
right_child=3 -3 -4 -5 -6 -7
leaf_value=-0.048966542641880925 -0.066666704577512073 -0.053821016263787207 -0.033882488592108115 -0.066666866559428203 -0.066666704518932279 -0.066666704507720845
leaf_weight=0.0010063753301778888 0.004982095598165869 0.0017184583097105133 0.0014644113416579776 0.0010104471524497996 0.027176634287457091 0.0020817453342942827
leaf_count=1055 6646 1913 1288 1248 36253 2777
internal_value=-0.0644381 -0.045685 -0.0400264 -0.0666667 -0.0666667 -0.0666667
internal_weight=0.0394402 0.00418924 0.00247079 0.0352509 0.0342405 0.00706384
internal_count=51180 4256 2343 46924 45676 9423
is_linear=0
shrinkage=0.1


Tree=200
num_leaves=18
num_cat=0
split_feature=9 5 6 10 4 9 6 7 7 9 9 3 9 9 9 9 9
split_gain=0.00911748 0.00129685 0.00116126 0.00126058 0.00175802 8.65357e-06 5.60069e-10 1.65846e-12 2.5836e-13 1.86934e-14 7.63278e-17 4.85723e-17 1.38778e-17 2.60209e-18 2.1684e-18 1.30104e-18 4.33681e-19
threshold=0.033413078149920207 7.5000000000000009 3756.5000000000005 0.64852941176470602 177.50000000000003 0.037235096058625454 3663.5000000000005 402.50000000000006 1242.5000000000002 0.028639781271360156 0.027100470035252604 4.5000000000000009 0.010554163185742052 0.023739081431389104 0.016172624237140353 0.023054946515181651 0.025062814070351755
decision_type=2 2 2 2 2 2 2 2 2 2 2 2 2 2 2 2 2
left_child=9 2 3 4 5 6 -2 -3 -9 10 11 -1 -13 14 -14 -16 -15
right_child=1 7 -4 -5 -6 -7 -8 8 -10 -11 -12 12 13 16 15 -17 -18
leaf_value=-0.066666762515785349 -0.066674887220424001 0.066677903405093608 0.066756764008505248 0.064653337939573674 0.066680543496520597 -0.057450429553539212 -0.066753668982884803 0.066672747885641481 0.066674772924313438 -0.06666712999861453 -0.066666783194712462 -0.066666754428431937 -0.066666760112402787 -0.066666758924901176 -0.066666755002335626 -0.066666758148640967 -0.066666759038941439
leaf_weight=0.008622051209881354 0.0016778659582996625 0.0015733048412859283 0.0020474138772605963 0.0014971350263692784 0.0012910562222998578 0.0013949050164114851 0.001952424761839211 0.0012537106554264543 0.0012664562177757688 0.0013514950147810447 0.0010143491461813694 0.081845103534078589 0.0012961329825884604 0.0021982415355523708 0.0054956043734364357 0.0011530399483490328 0.0022127580962205684
leaf_count=4234 53 93 8 5 19 34 1 155 170 496 488 39466 625 1060 2650 556 1067
internal_value=-0.0565911 0.01936 -0.000281833 -0.0178486 -0.0374039 -0.064145 -0.0667173 0.0666754 0.0666738 -0.0666668 -0.0666668 -0.0666668 -0.0666668 -0.0666668 -0.0666668 -0.0666668 -0.0666668
internal_weight=0.119143 0.0139543 0.0098608 0.00781339 0.00631625 0.0050252 0.00363029 0.00409347 0.00252017 0.105189 0.103837 0.102823 0.0942009 0.0123558 0.00794478 0.00664864 0.004411
internal_count=51180 538 120 112 107 88 54 418 325 50642 50146 49658 45424 5958 3831 3206 2127
is_linear=0
shrinkage=0.1


Tree=201
num_leaves=23
num_cat=0
split_feature=9 9 6 10 4 3 9 9 6 7 7 9 9 0 6 10 4 7 0 1 4 10
split_gain=0.00768031 0.00118189 0.00107028 0.00113789 0.00158088 6.42269e-05 0.000728257 6.97308e-07 3.97478e-10 1.03913e-12 1.11994e-13 1.1588e-14 5.06539e-16 6.93889e-18 6.93889e-18 2.60209e-18 1.73472e-18 6.50521e-19 4.33681e-19 4.33681e-19 2.1684e-19 2.1684e-19
threshold=0.033413078149920207 0.042136968928344905 3756.5000000000005 0.63060428849902539 177.50000000000003 4.5000000000000009 0.0073261056247316001 0.037235096058625454 3663.5000000000005 417.50000000000006 1242.5000000000002 0.029484207476093854 0.027855369335816203 9.5000000000000018 -1052.4999999999998 0.39009661835748799 146.50000000000003 -1110.4999999999998 10.500000000000002 5.5000000000000009 166.50000000000003 0.48610038610038614
decision_type=2 2 2 2 2 2 2 2 2 2 2 2 2 2 2 2 2 2 2 2 2 2
left_child=5 2 3 4 7 6 15 8 -2 -3 -11 12 13 14 -7 16 -1 -18 -15 20 21 -17
right_child=1 9 -4 -5 -6 11 -8 -9 -10 10 -12 -13 -14 18 -16 19 17 -19 -20 -21 -22 -23
leaf_value=0.06666677957793736 0.066673899985569829 -0.066676653564691907 -0.066744838066560369 -0.063748831449699894 -0.06667843312511601 0.066666777070140876 -0.02238603959529609 0.063913588200113933 0.066743322863427365 -0.066672332310755575 -0.066673790688432016 0.066667107067228656 0.066666848509514973 0.066666776976142691 0.066666777034564126 0.066666780032430539 0.066666781785845508 0.066666783960152562 0.066666777027591537 0.066666778624194054 0.066666780229300268 0.066666778058560638
leaf_weight=0.0015664523550640297 0.0015838106360206404 0.0013427582721899901 0.0017812422688098213 0.0013124538996471813 0.0011212960680166972 0.036494316748758138 0.0010073285247926842 0.0012211924187664055 0.0017207522178068757 0.0010065718538628328 0.0011042148041868647 0.0010773989631616123 0.0010100194260758135 0.0022659142605334628 0.071147732152212484 0.0010804508178807737 0.0012503133743848602 0.0029796387898386447 0.0029577965324278921 0.001237692842096294 0.0012650481592118012 0.0010118926911673043
leaf_count=617 53 85 30 8 78 14769 209 26 1 132 125 326 384 917 28793 423 488 1129 1197 491 497 402
internal_value=0.0586424 -0.0171463 0.00242267 0.0201257 0.0396193 0.0659568 0.0587971 0.0659555 0.06671 -0.0666745 -0.0666731 0.0666668 0.0666668 0.0666668 0.0666668 0.0666668 0.0666668 0.0666668 0.0666668 0.0666668 0.0666668 0.0666668
internal_weight=0.138546 0.0121943 0.00874075 0.00695951 0.00564705 0.126352 0.0113988 0.00452576 0.00330456 0.00345354 0.00211079 0.114953 0.113876 0.112866 0.107642 0.0103915 0.0057964 0.00422995 0.00522371 0.00459508 0.00335739 0.00209234
internal_count=51180 538 196 166 158 50642 4256 80 54 342 257 46386 46060 45676 43562 4047 2234 1617 2114 1813 1322 825
is_linear=0
shrinkage=0.1


Tree=202
num_leaves=7
num_cat=0
split_feature=3 10 7 9 0 6
split_gain=0.000186932 1.97152e-05 6.94858e-06 1.64799e-15 1.73472e-18 1.73472e-18
threshold=4.5000000000000009 0.38585607940446653 -676.49999999999989 0.027266644362663052 1.5000000000000002 -3218.4999999999995
decision_type=2 2 2 2 2 2
left_child=1 2 -1 4 -2 -6
right_child=3 -3 -4 -5 5 -7
leaf_value=-0.04332434378212225 -0.066666692702813071 -0.051959229049260994 -0.032259607738776161 -0.066666822493033032 -0.066666692686953383 -0.066666692679182155
leaf_weight=0.0010515629908809387 0.0050648101525894154 0.0015515490906068408 0.001233115736056333 0.0010119224301191046 0.0012452085069298803 0.023529717085466476
leaf_count=1172 7720 1913 1171 1441 1898 35865
internal_value=-0.0640781 -0.04326 -0.0373523 -0.0666667 -0.0666667 -0.0666667
internal_weight=0.0346879 0.00383623 0.00228468 0.0308517 0.0298397 0.0247749
internal_count=51180 4256 2343 46924 45483 37763
is_linear=0
shrinkage=0.1


Tree=203
num_leaves=17
num_cat=0
split_feature=9 9 6 10 4 9 6 7 7 9 9 3 9 9 9 9
split_gain=0.00799165 0.00113656 0.00101811 0.00109709 0.00164771 8.56827e-07 3.75289e-10 1.06424e-12 1.56577e-13 1.22194e-14 4.16334e-17 6.93889e-18 6.93889e-18 8.67362e-19 4.33681e-19 2.1684e-19
threshold=0.033413078149920207 0.042136968928344905 3756.5000000000005 0.63060428849902539 177.50000000000003 0.037235096058625454 3663.5000000000005 417.50000000000006 1242.5000000000002 0.028639781271360156 0.026863679007000051 4.5000000000000009 0.014670014347202252 0.025723738626964403 0.021544055078517803 0.020356365896612404
decision_type=2 2 2 2 2 2 2 2 2 2 2 2 2 2 2 2
left_child=9 2 3 4 5 6 -2 -3 -9 10 11 -1 -13 14 15 -14
right_child=1 7 -4 -5 -6 -7 -8 8 -10 -11 -12 12 13 -15 -16 -17
leaf_value=-0.066666751675904898 -0.066673860788092731 0.066676435477175861 0.066745309715676535 0.064046853640678067 0.066678191104809006 -0.063552336994290345 -0.066742793211078996 0.06667204050186519 0.066673729205544763 -0.066667072046326756 -0.066666766865262489 -0.066666748087391661 -0.066666748002957285 -0.066666747937006984 -0.066666747943219293 -0.06666674791914394
leaf_weight=0.0075638128580128852 0.0014684454686175741 0.001386589819749374 0.0017966167641831898 0.00132248629485332 0.001195590864384144 0.0011769391228568793 0.0017089702887460589 0.0010823815789471336 0.0011143264924733387 0.0011827968929560831 0.0010002751763971132 0.072585136054499344 0.0014809959501462799 0.001061743346554068 0.0058640904082949419 0.0013376152189721324
leaf_count=4231 53 85 30 8 78 26 1 132 125 496 553 39993 816 585 3231 737
internal_value=-0.0565707 0.0193012 -0.000280186 -0.0178022 -0.0373059 -0.0658572 -0.0667109 0.0666743 0.0666729 -0.0666668 -0.0666667 -0.0666667 -0.0666667 -0.0666667 -0.0666667 -0.0666667
internal_weight=0.104329 0.0122523 0.00866905 0.00687243 0.00554995 0.00435435 0.00317742 0.0035833 0.00219671 0.0920765 0.0908937 0.0898934 0.0823296 0.00974444 0.0086827 0.00281861
internal_count=51180 538 196 166 158 80 54 342 257 50642 50146 49593 45362 5369 4784 1553
is_linear=0
shrinkage=0.1


Tree=204
num_leaves=19
num_cat=0
split_feature=9 9 6 10 5 3 9 6 7 9 9 5 9 10 4 7 4 10
split_gain=0.00671215 0.00103521 0.000935593 0.000988239 0.000847397 7.45383e-05 0.000745588 3.26553e-10 6.97046e-13 7.57727e-15 4.16334e-17 1.38778e-17 6.93889e-18 2.60209e-18 1.73472e-18 8.67362e-19 6.50521e-19 2.1684e-19
threshold=0.033413078149920207 0.042136968928344905 3756.5000000000005 0.63060428849902539 6.5000000000000009 4.5000000000000009 0.0073261056247316001 3663.5000000000005 417.50000000000006 0.028639781271360156 0.027100470035252604 3.5000000000000004 0.011799512704490051 0.38585607940446653 174.50000000000003 -914.49999999999989 145.50000000000003 0.52506265664160412
decision_type=2 2 2 2 2 2 2 2 2 2 2 2 2 2 2 2 2 2
left_child=5 2 3 4 7 6 13 -2 -3 10 11 12 -7 15 -13 -1 -15 -18
right_child=1 8 -4 -5 -6 9 -8 -9 -10 -11 -12 14 -14 16 -16 -17 17 -19
leaf_value=0.066666767239876495 0.066671771984824837 -0.066675406339651619 -0.066735068229112557 -0.062943686626036929 -0.023387395105963223 0.066666757821078337 -0.023956709425187465 0.066733738806311726 -0.066672291098401559 0.066666999306025487 0.06666677853305282 0.066666758992628625 0.066666763484554178 0.066666763510326466 0.066666761513052231 0.066666769552209765 0.066666767052613041 0.066666764595954664
leaf_weight=0.002089221738742709 0.0019533425165718672 0.0011751670610290175 0.0015591092308006992 0.0011623578204726925 0.0014955727285756821 0.085857989017540617 0.0010077865840685271 0.0015061594313010573 0.0018473252944421409 0.0013221108229117809 0.0010497082466827115 0.006210874623093332 0.0014683787017020214 0.0011784598020767589 0.004694919218763971 0.0029336203103866856 0.0019364946363111812 0.0010178829509186471
leaf_count=928 66 85 30 8 91 39702 209 1 257 488 474 2872 679 535 2171 1264 859 461
internal_value=0.0585364 -0.0171009 0.00241731 0.0200417 0.0395084 0.0658422 0.0576807 0.0666988 -0.0666735 0.0666668 0.0666668 0.0666668 0.0666668 0.0666668 0.0666668 0.0666668 0.0666668 0.0666668
internal_weight=0.121466 0.010699 0.00767654 0.00611743 0.00495507 0.110767 0.0101635 0.0034595 0.00302249 0.100604 0.0992819 0.0982322 0.0873264 0.00915568 0.0109058 0.00502284 0.00413284 0.00295438
internal_count=51180 538 196 166 158 50642 4256 67 342 46386 45898 45424 40381 4047 5043 2192 1855 1320
is_linear=0
shrinkage=0.1


Tree=205
num_leaves=6
num_cat=0
split_feature=3 10 7 9 9
split_gain=0.000209532 1.97839e-05 4.75183e-06 8.91648e-16 3.46945e-18
threshold=4.5000000000000009 0.38585607940446653 -632.49999999999989 0.026702317290552554 0.012618422100151202
decision_type=2 2 2 2 2
left_child=1 2 -1 4 -2
right_child=3 -3 -4 -5 -6
leaf_value=-0.039642653445131709 -0.066666694698931495 -0.049950361961518412 -0.030163977067961281 -0.066666790612655291 -0.066666692507344777
leaf_weight=0.001004990026217456 0.022874904586217326 0.0014060069857464441 0.0011164228261009148 0.0010011939428770092 0.0031252035353190868
leaf_count=1205 39840 1913 1138 1641 5443
internal_value=-0.0636723 -0.0407513 -0.0346544 -0.0666667 -0.0666667
internal_weight=0.0305287 0.00352742 0.00212141 0.0270013 0.0260001
internal_count=51180 4256 2343 46924 45283
is_linear=0
shrinkage=0.1


Tree=206
num_leaves=15
num_cat=0
split_feature=9 9 6 10 4 9 6 7 9 4 9 5 9 6
split_gain=0.00700223 0.000995563 0.000889986 0.00095288 0.00143783 1.21107e-06 2.51551e-10 7.12483e-13 8.09769e-15 1.38778e-17 1.38778e-17 5.37764e-17 1.73472e-18 4.33681e-19
threshold=0.033413078149920207 0.042136968928344905 3756.5000000000005 0.63060428849902539 177.50000000000003 0.037235096058625454 3663.5000000000005 417.50000000000006 0.028639781271360156 206.50000000000003 0.0066007319623561508 2.5000000000000004 0.026542905453008254 2925.5000000000005
decision_type=2 2 2 2 2 2 2 2 2 2 2 2 2 2
left_child=8 2 3 4 5 6 -2 -3 9 10 -1 -12 13 -13
right_child=1 7 -4 -5 -6 -7 -8 -9 -10 -11 11 12 -14 -15
leaf_value=-0.066666740388390544 -0.066672961362067587 0.066675215130792539 0.066735477387992112 0.063281088568244673 0.066676755474547905 -0.062709456276702477 -0.066733285563803799 0.066672120432299947 -0.0666670225386643 -0.066666753445684679 -0.066666760465509359 -0.066666740417152676 -0.066666737427564265 -0.066666740432547819
leaf_weight=0.067824362920759995 0.0012851610920279199 0.001213527212999943 0.0015725686201756295 0.0011708382983357524 0.0010463707398997713 0.0010428735046161819 0.0014958445681259036 0.0019225212646432066 0.0010351563996855431 0.0010786695695514928 0.0015061866698715684 0.0064255638170442886 0.0011040247602571726 0.0016265139170172915
leaf_count=42700 53 85 30 8 78 26 1 257 496 664 857 4182 719 1024
internal_value=-0.0565558 0.0192555 -0.000275755 -0.0177196 -0.0371927 -0.0656156 -0.0667054 0.0666733 -0.0666667 -0.0666667 -0.0666667 -0.0666667 -0.0666667 -0.0666667
internal_weight=0.0913502 0.0107497 0.00761366 0.00604109 0.00487025 0.00382388 0.00278101 0.00313605 0.0806005 0.0795653 0.0784867 0.0106623 0.0091561 0.00805208
internal_count=51180 538 196 166 158 80 54 342 50642 50146 49482 6782 5925 5206
is_linear=0
shrinkage=0.1


Tree=207
num_leaves=19
num_cat=0
split_feature=9 9 6 10 5 3 9 6 7 9 4 4 10 7 7 10 4 6
split_gain=0.00588691 0.00090938 0.000815217 0.000848793 0.000751002 8.56539e-05 0.000757528 2.19007e-10 4.67332e-13 4.80171e-15 1.38778e-17 6.93889e-18 2.60209e-18 1.30104e-18 4.33681e-19 4.33681e-19 2.1684e-19 2.1684e-19
threshold=0.033413078149920207 0.042136968928344905 3756.5000000000005 0.63060428849902539 6.5000000000000009 4.5000000000000009 0.0073261056247316001 3663.5000000000005 417.50000000000006 0.028639781271360156 207.50000000000003 197.50000000000003 0.39208074534161491 -632.49999999999989 -1310.4999999999998 0.51787994891443179 200.50000000000003 -751.49999999999989
decision_type=2 2 2 2 2 2 2 2 2 2 2 2 2 2 2 2 2 2
left_child=5 2 3 4 7 6 12 -2 -3 10 11 -7 13 14 -1 17 -13 -14
right_child=1 8 -4 -5 -6 9 -8 -9 -10 -11 -12 16 15 -15 -16 -17 -18 -19
leaf_value=0.066666754445655091 0.06667113467910353 -0.066674316428199695 -0.066726520573987314 -0.061941139861864558 -0.022007392130551084 0.06666675264960191 -0.025313800418164112 0.066725365638484052 -0.066671589812324697 0.066666957739303173 0.066666763736823897 0.066666752626388867 0.066666754248430757 0.066666758691467862 0.066666756877632752 0.066666752807544902 0.066666752545081143 0.066666754546277268
leaf_weight=0.0013074949663405286 0.0017113587105086468 0.0010284907981899826 0.001364654427639213 0.0010326471869177567 0.0013935205747631 0.082730023003932729 0.0010070602515952496 0.0013183059636503458 0.0016167459905137582 0.001157076819822577 0.001064408712409203 0.0012850860987327897 0.0011908009594208124 0.0022185600421380505 0.0010142347910004901 0.0012617949985269661 0.0018093407348942492 0.0010809000536937674
leaf_count=662 66 85 30 8 91 43712 209 1 257 488 551 679 606 1079 502 651 956 547
internal_value=0.0583766 -0.0169022 0.00240055 0.0196911 0.0387492 0.0657131 0.0564662 0.0666947 -0.0666726 0.0666668 0.0666668 0.0666668 0.0666668 0.0666668 0.0666668 0.0666668 0.0666668 0.0666668
internal_weight=0.106593 0.00946572 0.00682049 0.00545583 0.00442319 0.0971268 0.00908085 0.00302966 0.00264524 0.0880459 0.0868889 0.0858244 0.00807379 0.00454029 0.00232173 0.0035335 0.00309443 0.0022717
internal_count=51180 538 196 166 158 50642 4256 67 342 46386 45898 45347 4047 2243 1164 1804 1635 1153
is_linear=0
shrinkage=0.1


Tree=208
num_leaves=4
num_cat=0
split_feature=3 10 9
split_gain=0.000232016 1.94674e-05 4.97866e-16
threshold=4.5000000000000009 0.38585607940446653 0.026058908411849553
decision_type=2 2 2
left_child=1 -1 -2
right_child=2 -3 -4
leaf_value=-0.031974387110523091 -0.066666691091930005 -0.047807004504969691 -0.066666761916891082
leaf_weight=0.0019771472067873211 0.022594809028191776 0.0012789862223598902 0.0010366999329845241
leaf_count=2343 44965 1913 1959
internal_value=-0.0632185 -0.0381933 -0.0666667
internal_weight=0.0268876 0.00325613 0.0236315
internal_count=51180 4256 46924
is_linear=0
shrinkage=0.1


Tree=209
num_leaves=13
num_cat=0
split_feature=9 5 6 10 5 6 7 9 9 9 3 7
split_gain=0.00615591 0.000875749 0.00077376 0.00081768 0.000795686 2.0831e-10 5.01036e-13 5.32213e-15 1.04083e-17 5.63785e-17 8.67362e-19 8.67362e-19
threshold=0.033413078149920207 7.5000000000000009 3756.5000000000005 0.64852941176470602 6.5000000000000009 3663.5000000000005 402.50000000000006 0.028388942617666005 0.010899263483012551 0.016783249612694204 5.5000000000000009 1366.5000000000002
decision_type=2 2 2 2 2 2 2 2 2 2 2 2
left_child=7 2 3 4 5 -2 -3 8 -1 -10 -11 -12
right_child=1 6 -4 -5 -6 -7 -8 -9 9 10 11 -13
leaf_value=-0.066666731791011416 -0.066671076107948021 0.066674200582887408 0.066727031705919676 0.062320638770716211 0.023944360515038017 -0.066724955419789442 0.066671423194783183 -0.066666964327250472 -0.066666756317977763 -0.06666672909097153 -0.066666731600699455 -0.066666731796413761
leaf_weight=0.060608974951378514 0.0015877875664500607 0.0010546804413211763 0.0013729982688737152 0.001039554336529136 0.0014548896353048235 0.0013092759763821959 0.001690813381572176 0.0010016994137265192 0.0010143525360035719 0.0013656837276256883 0.004792040154256938 0.0017737916728037817
leaf_count=43581 66 93 8 5 40 1 325 551 645 1142 3447 1276
internal_value=-0.0564869 0.0190396 -0.000293103 -0.0173604 -0.0363939 -0.0666954 0.0666725 -0.0666667 -0.0666667 -0.0666667 -0.0666667 -0.0666667
internal_weight=0.0800665 0.00951 0.00676451 0.00539151 0.00435195 0.00289706 0.00274549 0.0705565 0.0695548 0.00894587 0.00793152 0.00656583
internal_count=51180 538 120 112 107 67 418 50642 50091 6510 5865 4723
is_linear=0
shrinkage=0.1


Tree=210
num_leaves=15
num_cat=0
split_feature=9 9 6 9 10 3 9 7 9 4 10 4 7 4
split_gain=0.00518196 0.000803195 0.000709022 0.00049384 0.000800457 9.75294e-05 0.000764426 2.7025e-13 3.17801e-15 1.38778e-17 2.1684e-18 4.33681e-19 4.33681e-19 2.1684e-19
threshold=0.033413078149920207 0.042136968928344905 3756.5000000000005 0.035875160875160857 0.53452380952380962 4.5000000000000009 0.0073261056247316001 445.50000000000006 0.028639781271360156 204.50000000000003 0.42365967365967366 155.50000000000003 -456.49999999999994 158.50000000000003
decision_type=2 2 2 2 2 2 2 2 2 2 2 2 2 2
left_child=5 2 3 -2 -5 6 10 -3 9 -7 11 -1 -13 -12
right_child=1 7 -4 4 -6 8 -8 -9 -10 -11 13 12 -14 -15
leaf_value=0.066666744862694957 0.055174707331402964 -0.066673133804238977 -0.066719043271128861 0.047005735485293736 -0.060084094000248639 0.066666741996436116 -0.026486179105108889 -0.066670954613147565 0.066666920480750583 0.066666746074316094 0.066666742244208932 0.066666745496185162 0.066666747224286213 0.066666743288195884
leaf_weight=0.0020428799525689101 0.0021490279443696658 0.0010048931366831285 0.0011944343895801714 0.0013447841496473378 0.0014511751267897014 0.074584558014180402 0.0010051874455712095 0.0013121909854757721 0.0010126433180630548 0.0014582670254412724 0.0013700618202392434 0.0011743232421395078 0.0014094132720856578 0.0011298217560806734
leaf_count=1160 46 88 30 94 26 45029 209 254 488 869 799 658 776 654
internal_value=0.0581559 -0.0165061 0.00242702 0.0191289 -0.00857665 0.0655676 0.0551518 -0.0666719 0.0666667 0.0666667 0.0666667 0.0666667 0.0666667 0.0666667
internal_weight=0.0936437 0.00845651 0.00613942 0.00494499 0.00279596 0.0851872 0.00813169 0.00231708 0.0770555 0.0760428 0.0071265 0.00462662 0.00258374 0.00249988
internal_count=51180 538 196 166 120 50642 4256 342 46386 45898 4047 2594 1434 1453
is_linear=0
shrinkage=0.1


Tree=211
num_leaves=6
num_cat=0
split_feature=3 10 9 7 8
split_gain=0.000254008 1.88169e-05 3.29597e-16 1.73472e-18 8.67362e-19
threshold=4.5000000000000009 0.38585607940446653 0.025493955544001006 42.500000000000007 3175.5000000000005
decision_type=2 2 2 2 2
left_child=1 -1 3 4 -2
right_child=2 -3 -4 -5 -6
leaf_value=-0.02933333750751202 -0.06666668604977459 -0.045545835299560633 -0.066666744041256137 -0.066666686050589383 -0.066666686051790824
leaf_weight=0.0018494902500378876 0.0088680151710320843 0.0011679970604632217 0.0010329301387370362 0.0096257434088897753 0.0011570418009227987
leaf_count=2343 20165 1913 2240 21888 2631
internal_value=-0.0627126 -0.0356088 -0.0666667 -0.0666667 -0.0666667
internal_weight=0.0237012 0.00301749 0.0206837 0.0196508 0.0100251
internal_count=51180 4256 46924 44684 22796
is_linear=0
shrinkage=0.1


Tree=212
num_leaves=14
num_cat=0
split_feature=9 5 6 9 10 7 9 3 1 9 10 7 9
split_gain=0.00543228 0.000774332 0.00067339 0.000522939 0.000729747 2.9571e-13 3.10516e-15 1.04083e-17 3.90313e-18 3.46945e-18 2.1684e-18 1.51788e-18 4.33681e-19
threshold=0.033413078149920207 7.5000000000000009 3756.5000000000005 0.035875160875160857 0.53708791208791218 445.50000000000006 0.028004705574798953 4.5000000000000009 5.5000000000000009 0.023414656432748503 0.45584415584415583 14.500000000000002 0.025856593682099253
decision_type=2 2 2 2 2 2 2 2 2 2 2 2 2
left_child=6 2 3 -2 -5 -3 7 8 10 -9 11 -1 -11
right_child=1 5 -4 4 -6 -7 -8 9 -10 12 -12 -13 -14
leaf_value=-0.06666672785666411 -0.054705113184670431 0.066673043352483141 0.066719487065387911 -0.041534674727420673 0.060597677461932578 0.066670801765867357 -0.066666899148420472 -0.066666722552363 -0.066666722211645324 -0.066666719320903914 -0.066666724282426884 -0.066666732715470106 -0.066666720820852565
leaf_weight=0.0017096385367350022 0.0020885312715108739 0.0010285103940445017 0.0012017392072252164 0.0013497592416911175 0.0014523705584466029 0.0013756615377771286 0.0010144023164315721 0.052395107615097913 0.0013747689079646186 0.002193521119011165 0.0010244119955382658 0.0010065588106753509 0.0010474882939206509
leaf_count=1434 46 96 8 50 16 322 664 43067 1134 1803 844 835 861
internal_value=-0.0563539 0.0186151 -0.000348868 -0.016829 0.0114015 0.0666718 -0.0666667 -0.0666667 -0.0666667 -0.0666667 -0.0666667 -0.0666667 -0.0666667
internal_weight=0.0702625 0.00849657 0.0060924 0.00489066 0.00280213 0.00240417 0.0617659 0.0607515 0.00511538 0.0556361 0.00374061 0.0027162 0.00324101
internal_count=51180 538 120 112 66 418 50642 49978 4247 45731 3113 2269 2664
is_linear=0
shrinkage=0.1


Tree=213
num_leaves=16
num_cat=0
split_feature=5 9 8 6 7 3 9 7 9 0 9 10 4 4 4
split_gain=0.00459866 0.000719198 0.000641925 0.000742171 0.000134948 0.000109965 0.000765944 1.34025e-13 6.45664e-15 6.93889e-18 1.73472e-18 1.30104e-18 8.67362e-19 4.33681e-19 2.1684e-19
threshold=5.5000000000000009 0.040653405737221059 6601.5000000000009 3199.5000000000005 521.50000000000011 4.5000000000000009 0.0073261056247316001 629.50000000000011 0.028268904205374052 1.5000000000000002 0.0049875621890547008 0.48074074074074075 187.50000000000003 157.50000000000003 146.50000000000003
decision_type=2 2 2 2 2 2 2 2 2 2 2 2 2 2 2
left_child=5 2 3 4 -2 6 11 -3 9 10 12 13 -7 14 -1
right_child=1 7 -4 -5 -6 8 -8 -9 -10 -11 -12 -13 -14 -15 -16
leaf_value=0.06666673437974123 0.050269731875543879 -0.066672004115346836 0.059575649002666854 -0.060585315471866574 -0.001113372118768697 0.066666732021564146 -0.027473296550357976 -0.066670391276418592 0.06666697974991985 0.066666732003703544 0.066666731811818078 0.066666733468398964 0.066666732021506026 0.066666736958211778 0.06666673650572752
leaf_weight=0.0013928555832762859 0.001028361085257507 0.0010055055003139245 0.0014537678915693972 0.0020339597101433071 0.0010162015516357314 0.0091354333317212877 0.0010017749807502696 0.0010567048225076237 0.0010697396438672504 0.055144559880318411 0.0010843071752333353 0.001380827124080497 0.0010190748384957269 0.0025198482442192471 0.0010029114537246642
leaf_count=908 37 130 60 20 35 6302 209 269 579 38041 748 916 703 1588 635
internal_value=0.0578727 -0.0162677 0.00252067 -0.0178163 0.024731 0.0654051 0.0537448 -0.0666712 0.0666667 0.0666667 0.0666667 0.0666667 0.0666667 0.0666667 0.0666667
internal_weight=0.0823458 0.0075945 0.00553229 0.00407852 0.00204456 0.0747513 0.00729822 0.00206221 0.0674531 0.0663834 0.0112388 0.00629644 0.0101545 0.00491562 0.00239577
internal_count=51180 551 152 92 72 50629 4256 399 46373 45794 7753 4047 7005 3131 1543
is_linear=0
shrinkage=0.1


Tree=214
num_leaves=9
num_cat=0
split_feature=3 10 9 7 7 4 1 4
split_gain=0.000274849 1.78545e-05 2.09902e-16 5.20417e-18 2.1684e-18 8.67362e-19 4.33681e-19 4.33681e-19
threshold=4.5000000000000009 0.38585607940446653 0.025062814070351755 135.50000000000003 1682.5000000000002 180.50000000000003 1.5000000000000002 136.50000000000003
decision_type=2 2 2 2 2 2 2 2
left_child=1 -1 3 5 6 7 -5 -2
right_child=2 -3 -4 4 -6 -7 -8 -9
leaf_value=-0.02676764102146726 -0.066666681438457401 -0.043187522255537736 -0.066666729573305647 -0.06666668571684993 -0.066666682071147162 -0.066666682060195881 -0.066666685744838125 -0.066666681509291684
leaf_weight=0.0017354348099445352 0.001454066532573961 0.0010708615367605034 0.0010340767892137439 0.0010299316530790747 0.0017611986175722905 0.0010818901481286511 0.0050722979333102103 0.0066726181709668708
leaf_count=2343 3778 1913 2567 2676 4576 2811 13179 17337
internal_value=-0.0621533 -0.0330333 -0.0666667 -0.0666667 -0.0666667 -0.0666667 -0.0666667 -0.0666667
internal_weight=0.0209124 0.0028063 0.0181061 0.017072 0.00786343 0.00920857 0.00610223 0.00812668
internal_count=51180 4256 46924 44357 20431 23926 15855 21115
is_linear=0
shrinkage=0.1


Tree=215
num_leaves=11
num_cat=0
split_feature=5 9 0 6 5 7 9 9 9 6
split_gain=0.00482728 0.000697525 0.000660124 0.000808122 0.000345682 1.85789e-13 4.98213e-15 1.04083e-17 5.37764e-17 4.33681e-19
threshold=5.5000000000000009 0.040653405737221059 8.5000000000000018 3199.5000000000005 6.5000000000000009 491.50000000000006 0.027605258144408402 0.0076629477392835509 0.016620626151012854 -778.49999999999989
decision_type=2 2 2 2 2 2 2 2 2 2
left_child=6 2 3 4 -2 -3 7 -1 -9 -10
right_child=1 5 -4 -5 -6 -7 -8 8 9 -11
leaf_value=-0.066666716240192922 -0.066670614814988136 0.066672044479144515 -0.066199480585999379 0.06135264666235838 0.013323413397728134 0.066670178040966185 -0.066666939742237419 -0.066666741368069202 -0.066666715959341816 -0.066666716244148147
leaf_weight=0.046214336284833735 0.001046422383069511 0.0010042304328352625 0.0011994390677543265 0.0021347065513829255 0.0011166951155061611 0.0011373497758284667 0.0010213093216093752 0.0010016014199436532 0.0011416908829962047 0.0046999667193416972
leaf_count=43395 60 103 19 38 35 296 773 818 1159 4484
internal_value=-0.0561557 0.0182569 -0.000603897 0.0177026 -0.0253742 0.0666711 -0.0666667 -0.0666667 -0.0666667 -0.0666667
internal_weight=0.0617177 0.00763884 0.00549726 0.00429782 0.00216312 0.00214158 0.0540789 0.0530576 0.00684326 0.00584166
internal_count=51180 551 152 133 95 399 50629 49856 6461 5643
is_linear=0
shrinkage=0.1


Tree=216
num_leaves=12
num_cat=0
split_feature=9 4 6 7 3 9 9 7 10 4 4
split_gain=0.00408091 0.000647269 0.000410878 0.000850255 0.00012281 0.000753685 1.91167e-15 6.93889e-18 1.73472e-18 4.33681e-19 1.0842e-19
threshold=0.033413078149920207 177.50000000000003 2620.5000000000005 1203.5000000000002 4.5000000000000009 0.0071685508735868011 0.028004705574798953 402.50000000000006 0.40824915824915831 151.50000000000003 168.50000000000003
decision_type=2 2 2 2 2 2 2 2 2 2 2
left_child=4 2 -2 -4 5 8 7 -6 9 -1 -11
right_child=1 -3 3 -5 6 -7 -8 -9 -10 10 -12
leaf_value=0.066666727832693187 0.038827788453142664 -0.064427124024245969 -0.064881842434492673 0.04500454231590683 0.066666723369368699 -0.027373798100625686 0.066666861172308287 0.066666723304507541 0.066666725582985781 0.066666729721578374 0.066666729844742839
leaf_weight=0.0012177618675650584 0.0019731927354164065 0.0019603346248430048 0.001733501098359774 0.0011858214580538094 0.035796480276417242 0.0010065470505651319 0.0010261129418722694 0.022220560960136027 0.002187944715615231 0.0011410458188265693 0.0010122588877266026
leaf_count=885 214 225 49 50 28216 214 655 17515 1637 806 714
internal_value=0.0575543 -0.0158751 0.0035788 -0.0202463 0.065224 0.0522496 0.0666667 0.0666667 0.0666667 0.0666667 0.0666667
internal_weight=0.0724616 0.00685285 0.00489252 0.00291932 0.0656087 0.00656556 0.0590432 0.058017 0.00555901 0.00337107 0.0021533
internal_count=51180 538 313 99 50642 4256 46386 45731 4042 2405 1520
is_linear=0
shrinkage=0.1


Tree=217
num_leaves=8
num_cat=0
split_feature=3 4 9 0 1 4 10
split_gain=0.0002941 1.57879e-05 1.17961e-16 1.73472e-18 8.67362e-19 8.67362e-19 4.33681e-19
threshold=4.5000000000000009 154.50000000000003 0.024615617662652352 5.5000000000000009 6.5000000000000009 190.50000000000003 0.46247654784240155
decision_type=2 2 2 2 2 2 2
left_child=1 -1 3 4 5 6 -2
right_child=2 -3 -4 -5 -6 -7 -8
leaf_value=-0.040316111112094218 -0.066666682137930505 -0.024355045033007713 -0.066666717456255936 -0.066666682135884864 -0.066666682135704688 -0.066666682135139765 -0.066666682136100955
leaf_weight=0.0010068261843230166 0.0060111462660188408 0.0016118743523634294 0.0010230667134424601 0.0041514836765941263 0.0012732339394290202 0.0010249870025802474 0.0023659246535316925
leaf_count=1847 17846 2409 2906 12325 3780 3043 7024
internal_value=-0.0615373 -0.0304917 -0.0666667 -0.0666667 -0.0666667 -0.0666667 -0.0666667
internal_weight=0.0184685 0.0026187 0.0158498 0.0148268 0.0106753 0.00940206 0.00837707
internal_count=51180 4256 46924 44018 31693 27913 24870
is_linear=0
shrinkage=0.1


Tree=218
num_leaves=10
num_cat=0
split_feature=9 4 8 6 2 9 3 1 8
split_gain=0.00430139 0.000628747 0.000390158 0.000964563 8.37015e-07 1.62717e-15 1.04083e-17 3.46945e-18 1.73472e-18
threshold=0.033413078149920207 177.50000000000003 6374.5000000000009 2580.5000000000005 3.5000000000000004 0.027266644362663052 4.5000000000000009 5.5000000000000009 -1434.4999999999998
decision_type=2 2 2 2 2 2 2 2 2
left_child=5 2 3 -2 -3 6 7 8 -1
right_child=1 4 -4 -5 -6 -7 -8 -9 -10
leaf_value=-0.066666719601952015 -0.042563334907197693 0.06667392204144082 -0.047817689062606514 0.062710074285267703 0.062614279055474453 -0.066666838625296515 -0.066666711147265786 -0.066666710266050366 -0.066666714997103901
leaf_weight=0.0013490871158983175 0.0015701677095840685 0.0010162056839994049 0.0013277580640334019 0.0019527824348605227 0.0010152990109432158 0.0010313168700752931 0.042382194276740393 0.0010564838101203566 0.0015423543669248465
leaf_count=1420 156 105 109 48 120 921 45483 1131 1687
internal_value=-0.0559322 0.0179396 -0.00162095 0.01579 0.064645 -0.0666667 -0.0666667 -0.0666667 -0.0666667
internal_weight=0.0542436 0.00688221 0.00485071 0.00352295 0.0020315 0.0473614 0.0463301 0.00394793 0.00289144
internal_count=51180 538 313 204 225 50642 49721 4238 3107
is_linear=0
shrinkage=0.1


Tree=219
num_leaves=13
num_cat=0
split_feature=5 9 8 6 3 9 9 4 10 4 7 4
split_gain=0.00363386 0.000614084 0.000478771 0.000593015 0.000136139 0.000746729 2.72352e-15 6.93889e-18 1.30104e-18 7.58942e-19 4.33681e-19 2.1684e-19
threshold=5.5000000000000009 0.040653405737221059 6601.5000000000009 3199.5000000000005 4.5000000000000009 0.0071685508735868011 0.027605258144408402 198.50000000000003 0.39208074534161491 203.50000000000003 -632.49999999999989 157.50000000000003
decision_type=2 2 2 2 2 2 2 2 2 2 2 2
left_child=4 2 3 -2 5 8 7 -6 10 -9 -1 -10
right_child=1 -3 -4 -5 6 -7 -8 9 11 -11 -12 -13
leaf_value=0.066666720929559289 0.024474425670630986 -0.066670403780491841 0.058774995690928915 -0.059475104282358762 0.066666717657083999 -0.028112520302171685 0.066666881799553518 0.066666717750171162 0.066666718266077576 0.06666671394433514 0.066666723323108967 0.066666720198685622
leaf_weight=0.0014230686816745219 0.0017759672755417481 0.0016945350865036719 0.0011767244432298882 0.0015991089700616648 0.048502195512696744 0.0010001781388382369 0.0010316825806739862 0.0010392375694436842 0.0011235870716745922 0.0011014141825853585 0.0013653231632133533 0.0010099675829451371
leaf_count=1162 72 399 60 20 43684 214 761 936 956 992 1077 847
internal_value=0.0571641 -0.0152817 0.00384915 -0.0153008 0.0650209 0.0506596 0.0666667 0.0666667 0.0666667 0.0666667 0.0666667 0.0666667
internal_weight=0.063843 0.00624634 0.0045518 0.00337508 0.0575967 0.00592212 0.0516745 0.0506428 0.00492195 0.00214065 0.00278839 0.00213355
internal_count=51180 551 152 92 50629 4256 46373 45612 4042 1928 2239 1803
is_linear=0
shrinkage=0.1


Tree=220
num_leaves=6
num_cat=0
split_feature=3 10 9 7 7
split_gain=0.000311882 1.47536e-05 9.1073e-17 7.80626e-18 2.60209e-18
threshold=4.5000000000000009 0.34891304347826085 0.024169404892296405 108.50000000000001 1764.5000000000002
decision_type=2 2 2 2 2
left_child=1 -1 3 -2 -5
right_child=2 -3 -4 4 -6
leaf_value=-0.020339913216790038 -0.066666676423097135 -0.035854262612737754 -0.066666709784312897 -0.066666682289022436 -0.066666677046348682
leaf_weight=0.001244341189902797 0.0068594334159115533 0.0012080293194571823 0.0010011236978354774 0.0048460275887123316 0.0011714894540375553
leaf_count=1883 23269 2373 3242 16439 3974
internal_value=-0.0608574 -0.0279822 -0.0666667 -0.0666667 -0.0666667
internal_weight=0.0163304 0.00245237 0.0138781 0.012877 0.00601752
internal_count=51180 4256 46924 43682 20413
is_linear=0
shrinkage=0.1


Tree=221
num_leaves=9
num_cat=0
split_feature=9 9 8 6 9 3 1 1
split_gain=0.00384386 0.000581443 0.000400507 0.000676574 1.02349e-15 3.1225e-17 3.46945e-18 2.81893e-18
threshold=0.033413078149920207 0.042136968928344905 6601.5000000000009 2973.5000000000005 0.026863679007000051 4.5000000000000009 1.0000000180025095e-35 4.5000000000000009
decision_type=2 2 2 2 2 2 2 2
left_child=4 2 3 -2 5 7 -7 -1
right_child=1 -3 -4 -5 -6 6 -8 -9
leaf_value=-0.066666713679680661 -0.025473931008748757 0.06667035740565383 -0.053710009477859144 0.063563013653998801 -0.06666680491201811 -0.066666702150171453 -0.066666701609896059 -0.066666707613700568
leaf_weight=0.0019645882519381255 0.0018589984011470042 0.0017291021873832024 0.001109100241021288 0.0015777870961338758 0.0010012859266146359 0.0010642384832522103 0.035928854633993978 0.001506170864149059
leaf_count=2389 91 342 73 32 1049 1305 44057 1842
internal_value=-0.0556283 0.0173137 -0.00145997 0.0154019 -0.0666667 -0.0666667 -0.0666667 -0.0666667
internal_weight=0.0477401 0.00627499 0.00454589 0.00343679 0.0414651 0.0404639 0.0369931 0.00347076
internal_count=51180 538 196 123 50642 49593 45362 4231
is_linear=0
shrinkage=0.1


Tree=222
num_leaves=13
num_cat=0
split_feature=9 4 6 7 3 9 9 9 9 9 10 4
split_gain=0.00325286 0.000549525 0.00031498 0.000565447 0.000149547 0.000727122 9.92262e-16 1.38778e-17 2.1684e-18 8.67362e-19 6.50521e-19 2.1684e-19
threshold=0.033413078149920207 177.50000000000003 2136.5000000000005 1203.5000000000002 4.5000000000000009 0.0067797389225960009 0.027266644362663052 0.0064725596983661012 0.024169404892296405 0.019560019129603052 0.39339826839826841 160.50000000000003
decision_type=2 2 2 2 2 2 2 2 2 2 2 2
left_child=4 2 -2 -4 5 10 7 -6 9 -9 11 -1
right_child=1 -3 3 -5 6 -7 -8 8 -10 -11 -12 -13
leaf_value=0.066666715470404356 0.045120900971633432 -0.063791443377894691 -0.04913852073716448 0.044343830119471864 0.066666703818288403 -0.02783681099981257 0.066666803309340494 0.066666708872168134 0.06666671080438645 0.066666706324592595 0.066666713570831398 0.066666715945566141
leaf_weight=0.0013203033400941413 0.001315334169900483 0.0016339235283593934 0.0017369331519689428 0.0010311744461557169 0.038052825605973339 0.0010014356678311742 0.0010390023288664443 0.0012894485482775045 0.0017500351361832145 0.0031036163720727927 0.0018734834117140053 0.0011599240481245943
leaf_count=1208 185 225 68 60 39161 222 903 1327 1801 3194 1792 1034
internal_value=0.0567159 -0.0147805 0.00483047 -0.0143145 0.064796 0.0489941 0.0666667 0.0666667 0.0666667 0.0666667 0.0666667 0.0666667
internal_weight=0.0563074 0.00571737 0.00408344 0.00276811 0.0505901 0.00535515 0.0452349 0.0441959 0.0061431 0.00439306 0.00435371 0.00248023
internal_count=51180 538 313 128 50642 4256 46386 45483 6322 4521 4034 2242
is_linear=0
shrinkage=0.1


Tree=223
num_leaves=6
num_cat=0
split_feature=3 10 9 0 4
split_gain=0.000327356 1.3284e-05 4.77049e-17 8.67362e-19 8.67362e-19
threshold=4.5000000000000009 0.34891304347826085 0.023599025408980102 7.5000000000000009 189.50000000000003
decision_type=2 2 2 2 2
left_child=1 -1 3 4 -2
right_child=2 -3 -4 -5 -6
leaf_value=-0.018130254234175282 -0.066666679516963798 -0.033322646233394655 -0.066666702147457471 -0.066666679518909505 -0.066666679518359029
leaf_weight=0.0011784619296122409 0.0087164845608072028 0.0011249540035009886 0.0010108760258682745 0.0013552268210332849 0.0010683408082741161
leaf_count=1883 33786 2373 3744 5253 4141
internal_value=-0.0601144 -0.02555 -0.0666667 -0.0666667 -0.0666667
internal_weight=0.0144543 0.00230342 0.0121509 0.0111401 0.00978483
internal_count=51180 4256 46924 43180 37927
is_linear=0
shrinkage=0.1


Tree=224
num_leaves=9
num_cat=0
split_feature=9 4 6 7 9 3 1 6
split_gain=0.00345355 0.000534923 0.00029115 0.000568302 7.97973e-16 2.08167e-17 2.60209e-18 1.73472e-18
threshold=0.033413078149920207 177.50000000000003 2136.5000000000005 1203.5000000000002 0.026542905453008254 4.5000000000000009 4.5000000000000009 -1569.4999999999998
decision_type=2 2 2 2 2 2 2 2
left_child=4 2 -2 -4 5 6 -1 -7
right_child=1 -3 3 -5 -6 7 -8 -9
leaf_value=-0.06666670885770494 -0.042325460719237297 0.064040579704036413 0.049987496698135868 -0.043873981035471771 -0.06666678994531032 -0.066666698513856204 -0.066666703203536792 -0.066666698498388216
leaf_weight=0.001730340129097562 0.0012819605459322139 0.0016907162558196243 0.0017462876926453985 0.0010229295874593092 0.0010031927303080215 0.0081163242713841975 0.001322334398734526 0.024143423872601492
leaf_count=2384 185 225 68 60 1218 11372 1840 33828
internal_value=-0.0552723 0.0167937 -0.00292434 0.0153157 -0.0666667 -0.0666667 -0.0666667 -0.0666667
internal_weight=0.0420575 0.00574189 0.00405118 0.00276922 0.0363156 0.0353124 0.00305267 0.0322597
internal_count=51180 538 313 128 50642 49424 4224 45200
is_linear=0
shrinkage=0.1


Tree=225
num_leaves=12
num_cat=0
split_feature=5 9 7 6 3 9 9 1 10 4 1
split_gain=0.00291554 0.000524144 0.000347792 0.000594241 0.000163093 0.000704527 1.51615e-15 3.46945e-18 8.67362e-19 4.33681e-19 2.1684e-19
threshold=5.5000000000000009 0.040653405737221059 1051.5000000000002 3023.5000000000005 4.5000000000000009 0.0063092110500756011 0.026863679007000051 1.5000000000000002 0.40967365967365971 196.50000000000003 4.5000000000000009
decision_type=2 2 2 2 2 2 2 2 2 2 2
left_child=4 2 3 -2 5 8 7 9 10 -6 -1
right_child=1 -3 -4 -5 6 -7 -8 -9 -10 -11 -12
leaf_value=0.066666710576097937 0.02860237705796841 -0.066669651559711718 0.050782943024772022 -0.065119465928165782 0.066666706576189588 -0.027467435228001626 0.066666829945942238 0.066666706510956505 0.066666707457656849 0.06666670451369533 0.066666709813462621
leaf_weight=0.0013140637479978198 0.0014640757336650259 0.0013950826099073292 0.0011551521798526558 0.0012576603708569223 0.0034611596602189812 0.0010016905611109905 0.0010199108703545781 0.034053729231345642 0.0014828058914986286 0.0010613088873583365 0.0010575094776186234
leaf_count=1327 60 399 80 12 4070 231 1011 40044 1605 1248 1093
internal_value=0.0562064 -0.0141066 0.00480795 -0.0147046 0.0645455 0.0472491 0.0666667 0.0666667 0.0666667 0.0666667 0.0666667
internal_weight=0.0497241 0.00527197 0.00387689 0.00272174 0.0444522 0.00485607 0.0395961 0.0385762 0.00385438 0.00452247 0.00237157
internal_count=51180 551 152 72 50629 4256 46373 45362 4025 5318 2420
is_linear=0
shrinkage=0.1


Tree=226
num_leaves=6
num_cat=0
split_feature=3 10 9 4 6
split_gain=0.000340749 1.18217e-05 4.68375e-17 8.67362e-19 4.33681e-19
threshold=4.5000000000000009 0.34891304347826085 0.022878953107960707 185.50000000000003 2244.5000000000005
decision_type=2 2 2 2 2
left_child=1 -1 3 4 -2
right_child=2 -3 -4 -5 -6
leaf_value=-0.016033270726335216 -0.066666672991706463 -0.030801136097990001 -0.066666695661051198 -0.066666673293451315 -0.066666673023296028
leaf_weight=0.0011187126302445458 0.0071073193184929551 0.0010515884410438048 0.0010142366146266438 0.0014840971370091447 0.0010338781098084837
leaf_count=1883 31478 2373 4294 6573 4579
internal_value=-0.0593005 -0.0231888 -0.0666667 -0.0666667 -0.0666667
internal_weight=0.0128098 0.0021703 0.0106395 0.00962529 0.0081412
internal_count=51180 4256 46924 42630 36057
is_linear=0
shrinkage=0.1


Tree=227
num_leaves=10
num_cat=0
split_feature=5 9 7 6 9 3 9 1 4
split_gain=0.00310444 0.000511084 0.000356784 0.000578173 1.25767e-15 4.33681e-17 6.93889e-18 2.81893e-18 4.33681e-19
threshold=5.5000000000000009 0.040653405737221059 1051.5000000000002 3023.5000000000005 0.026058908411849553 4.5000000000000009 0.0063092110500756011 4.5000000000000009 172.50000000000003
decision_type=2 2 2 2 2 2 2 2 2
left_child=4 2 3 -2 5 7 -7 -1 -8
right_child=1 -3 -4 -5 -6 6 8 -9 -10
leaf_value=-0.066666706096559294 -0.027131214507809504 0.06666957176969053 -0.050130761973380726 0.065257235066324124 -0.066666803732637933 -0.066666689517376018 -0.066666694634969062 -0.066666699593378939 -0.066666692938631075
leaf_weight=0.0015251246268506149 0.0014298271221022665 0.001447332963142367 0.0011345469003565256 0.0012871269557613862 0.0010273544890502242 0.024438301401346507 0.0018807340421744803 0.0011615253392636138 0.0017670529994120443
leaf_count=2377 60 399 80 12 1448 39125 3011 1839 2829
internal_value=-0.0548584 0.0160071 -0.0030311 0.0166368 -0.0666667 -0.0666667 -0.0666667 -0.0666667 -0.0666667
internal_weight=0.0370989 0.00529883 0.0038515 0.00271695 0.0318001 0.0307727 0.0280861 0.00268665 0.00364779
internal_count=51180 551 152 72 50629 49181 44965 4216 5840
is_linear=0
shrinkage=0.1


Tree=228
num_leaves=11
num_cat=0
split_feature=9 4 6 3 9 9 9 0 10 4
split_gain=0.00260523 0.000470312 0.000251172 0.000176616 0.000678052 3.36536e-16 8.67362e-18 1.73472e-18 4.33681e-19 2.1684e-19
threshold=0.033413078149920207 177.50000000000003 2620.5000000000005 4.5000000000000009 0.006042351223074051 0.026542905453008254 0.023599025408980102 7.5000000000000009 0.44058823529411767 162.50000000000003
decision_type=2 2 2 2 2 2 2 2 2 2
left_child=3 2 -2 4 8 6 7 -5 9 -1
right_child=1 -3 -4 5 -6 -7 -8 -9 -10 -11
leaf_value=0.066666704940581786 0.036342104560517841 -0.063027598031225512 -0.017959475144802697 0.066666704578211958 -0.026872982214990911 0.06666676283241553 0.066666698065368665 0.066666704564031176 0.066666703182962014 0.066666706005168053
leaf_weight=0.0013709127583183536 0.0015299794810435655 0.0013762190266300499 0.001921751829879915 0.028227330433310271 0.0010025220952911695 0.0010156048494422967 0.0015033934585062516 0.0039095675006706179 0.0010381340443927911 0.0010047423223795704
leaf_count=1600 214 225 99 37927 243 1186 2020 5253 1272 1141
internal_value=0.0557034 -0.0135981 0.00610969 0.0642666 0.0454328 0.0666667 0.0666667 0.0666667 0.0666667 0.0666667
internal_weight=0.0439002 0.00482795 0.00345173 0.0390722 0.00441631 0.0346559 0.0336403 0.0321369 0.00341379 0.00237566
internal_count=51180 538 313 50642 4256 46386 45200 43180 4013 2741
is_linear=0
shrinkage=0.1


Tree=229
num_leaves=6
num_cat=0
split_feature=3 10 9 0 7
split_gain=0.00035187 9.85537e-06 2.60209e-17 4.33681e-19 4.33681e-19
threshold=4.5000000000000009 0.3373983739837399 0.022160834868017152 6.5000000000000009 272.50000000000006
decision_type=2 2 2 2 2
left_child=1 -1 3 4 -2
right_child=2 -3 -4 -5 -6
leaf_value=-0.014121443368707159 -0.066666673864930179 -0.02798831046240895 -0.066666690699558009 -0.066666673889158312 -0.066666673964413975
leaf_weight=0.0010464822472044952 0.0044181978649788789 0.0010044832238520485 0.0010112754366155283 0.0015328038295621127 0.0023518668504607376
leaf_count=1852 22359 2404 4906 7757 11902
internal_value=-0.0584099 -0.0209129 -0.0666667 -0.0666667 -0.0666667
internal_weight=0.0113651 0.00205097 0.00931414 0.00830287 0.00677006
internal_count=51180 4256 46924 42018 34261
is_linear=0
shrinkage=0.1


Tree=230
num_leaves=9
num_cat=0
split_feature=9 5 9 4 9 9 9 6
split_gain=0.00278883 0.000459916 0.000105092 8.96023e-05 3.08781e-16 1.38778e-17 2.62377e-17 2.1684e-19
threshold=0.033413078149920207 6.5000000000000009 0.039786861148801408 167.50000000000003 0.025723738626964403 0.0071685508735868011 0.020460491889063303 1089.5000000000002
decision_type=2 2 2 2 2 2 2 2
left_child=4 3 -3 -2 5 -1 -7 -8
right_child=1 2 -4 -5 -6 6 7 -9
leaf_value=-0.066666694041845706 -0.029123767025219523 0.023705077082417592 0.066669162347501046 0.0093083995045284158 -0.066666751284814946 -0.066666713570785907 -0.066666693968071192 -0.066666694285525921
leaf_weight=0.023689999314342458 0.0015301066133588384 0.0010155834587415313 0.0012956313549928877 0.0010051455335542414 0.0010084067728062243 0.0010158786267535627 0.0010241693922530271 0.0011135523855367868
leaf_count=43334 57 48 420 13 1654 1633 1976 2045
internal_value=-0.0544843 0.0155261 0.0477901 -0.0138867 -0.0666667 -0.0666667 -0.0666667 -0.0666667
internal_weight=0.0326985 0.00484647 0.00231121 0.00253525 0.027852 0.0268436 0.0031536 0.00213772
internal_count=51180 538 468 70 50642 48988 5654 4021
is_linear=0
shrinkage=0.1


Tree=231
num_leaves=11
num_cat=0
split_feature=5 9 7 6 3 9 9 0 4 4
split_gain=0.00237471 0.000429457 0.000281252 0.000511278 0.00019002 0.00065152 7.68482e-16 1.73472e-18 4.33681e-19 2.1684e-19
threshold=5.5000000000000009 0.040653405737221059 1051.5000000000002 3023.5000000000005 4.5000000000000009 0.0057307060755336509 0.026058908411849553 6.5000000000000009 178.50000000000003 154.50000000000003
decision_type=2 2 2 2 2 2 2 2 2 2
left_child=4 2 3 -2 5 9 7 -6 -9 -1
right_child=1 -3 -4 -5 6 -7 -8 8 -10 -11
leaf_value=0.066666699647763131 0.027059631998520118 -0.06666907397318779 0.04857215933450109 -0.064889942019294475 0.066666694357081807 -0.026411931777044623 0.066666781366391578 0.06666669440172629 0.066666694344171745 0.066666700910707519
leaf_weight=0.0013099269216354506 0.0013630641106576751 0.0011132513987396576 0.0010286898858987491 0.0010869505737223818 0.023679884169951038 0.0010004732189941024 0.0010509609302289382 0.0041666956157655468 0.0014414408648235622 0.0017182683322403136
leaf_count=1763 60 399 80 12 36355 254 1408 6397 2213 2239
internal_value=0.0549326 -0.0126094 0.0046907 -0.0137339 0.0639571 0.0435517 0.0666667 0.0666667 0.0666667 0.0666667
internal_weight=0.0389596 0.00459196 0.0034787 0.00245001 0.0343677 0.00402867 0.030339 0.029288 0.00560814 0.0030282
internal_count=51180 551 152 72 50629 4256 46373 44965 8610 4002
is_linear=0
shrinkage=0.1


Tree=232
num_leaves=6
num_cat=0
split_feature=9 3 0 0 4
split_gain=0.000369914 3.07913e-17 4.33681e-19 2.1684e-19 2.1684e-19
threshold=0.017366172405126851 4.5000000000000009 3.5000000000000004 6.5000000000000009 162.50000000000003
decision_type=2 2 2 2 2
left_child=1 -1 -3 4 -4
right_child=-2 2 3 -5 -6
leaf_value=-0.066666690513972199 -0.017742248997222942 -0.066666673515033331 -0.066666673514423722 -0.066666673515184391 -0.066666673515952138
leaf_weight=0.0012449729788102104 0.0019046435401183235 0.0033202094111288716 0.0011297946811339443 0.0012551737020629616 0.0012441057608896244
leaf_count=4087 6909 19199 6533 7258 7194
internal_value=-0.0574396 -0.0666667 -0.0666667 -0.0666667 -0.0666667
internal_weight=0.0100989 0.00819426 0.00694928 0.00362907 0.0023739
internal_count=51180 44271 40184 20985 13727
is_linear=0
shrinkage=0.1


Tree=233
num_leaves=8
num_cat=0
split_feature=5 9 7 6 9 9 9
split_gain=0.0025468 0.000420647 0.000287881 0.000499291 5.89806e-16 3.1225e-17 2.01662e-17
threshold=5.5000000000000009 0.040653405737221059 1051.5000000000002 3023.5000000000005 0.025183658369007954 0.0073261056247316001 0.020887870855148306
decision_type=2 2 2 2 2 2 2
left_child=4 2 3 -2 5 -1 -7
right_child=1 -3 -4 -5 -6 6 -8
leaf_value=-0.06666668665013506 -0.025718068983945176 0.066669013767943652 -0.04791743965420215 0.065031323617207093 -0.066666765157361182 -0.066666709419073308 -0.066666691284121657
leaf_weight=0.020748557688079927 0.0013350991224783107 0.0011532713189630339 0.001012390578132738 0.0011105919641353212 0.0010329739472862967 0.0010091840479391481 0.0016043773883060997
leaf_count=43358 60 399 80 12 1962 1863 3446
internal_value=-0.0537838 0.0143696 -0.00307224 0.0154914 -0.0666667 -0.0666667 -0.0666667
internal_weight=0.0290064 0.00461135 0.00345808 0.00244569 0.0243951 0.0233621 0.00261356
internal_count=51180 551 152 72 50629 48667 5309
is_linear=0
shrinkage=0.1


Tree=234
num_leaves=10
num_cat=0
split_feature=9 4 6 3 8 10 9 9 9
split_gain=0.00212362 0.000421588 0.000219667 0.00020642 2.05991e-05 6.52e-06 1.97758e-16 3.46945e-18 4.33681e-19
threshold=0.033413078149920207 177.50000000000003 2620.5000000000005 4.5000000000000009 -3639.4999999999995 0.31698564593301443 0.025723738626964403 0.020960714677992102 0.02332381340949265
decision_type=2 2 2 2 2 2 2 2 2
left_child=3 2 -2 4 -1 -6 7 -5 -9
right_child=1 -3 -4 6 5 -7 -8 8 -10
leaf_value=0.052466020117705042 0.037657655161424039 -0.062399085647189559 -0.01643756079389792 0.06666669009625005 0.030256726366087974 0.040580997534766364 0.06666673488027039 0.066666694253955244 0.066666691437059958
leaf_weight=0.001129190758661025 0.0013579124701054365 0.0011932921107124226 0.0016786194459308579 0.023479722645845417 0.0010632398738721271 0.0014402920666611863 0.0010399483604146545 0.0010351206560130768 0.0010449403770849131
leaf_count=1437 214 225 99 41176 1104 1715 1609 1792 1809
internal_value=0.0543279 -0.0120376 0.00775338 0.0636131 0.0412536 0.0361963 0.0666667 0.0666667 0.0666667
internal_weight=0.0344623 0.00422982 0.00303653 0.0302325 0.00363272 0.00250353 0.0265997 0.0255598 0.00208006
internal_count=51180 538 313 50642 4256 2819 46386 44777 3601
is_linear=0
shrinkage=0.1


Tree=235
num_leaves=6
num_cat=0
split_feature=3 9 7 7 6
split_gain=0.000380808 8.67362e-18 1.73472e-18 6.50521e-19 2.1684e-19
threshold=4.5000000000000009 0.020460491889063303 302.50000000000006 1263.5000000000002 -182.49999999999997
decision_type=2 2 2 2 2
left_child=-1 2 4 -4 -2
right_child=1 -3 3 -5 -6
leaf_value=-0.015163371033153794 -0.06666667583960012 -0.066666684600070636 -0.066666671512415981 -0.066666674560675349 -0.066666675284298441
leaf_weight=0.001793609789558559 0.0025957814998491813 0.0010020729305663667 0.0014306274461972635 0.0010166588171642843 0.0011473146861362693
leaf_count=4256 17147 6057 9443 6702 7575
internal_value=-0.0563867 -0.0666667 -0.0666667 -0.0666667 -0.0666667
internal_weight=0.00898607 0.00719246 0.00619038 0.00244729 0.0037431
internal_count=51180 46924 40867 16145 24722
is_linear=0
shrinkage=0.1


Tree=236
num_leaves=9
num_cat=0
split_feature=9 4 6 9 3 5 0 0
split_gain=0.00229815 0.000412583 0.000204475 1.92554e-16 3.81639e-17 5.20417e-18 8.67362e-19 8.67362e-19
threshold=0.033413078149920207 177.50000000000003 2620.5000000000005 0.024860171193720804 4.5000000000000009 1.5000000000000002 2.5000000000000004 7.5000000000000009
decision_type=2 2 2 2 2 2 2 2
left_child=3 2 -2 4 -1 6 -6 -8
right_child=1 -3 -4 -5 5 -7 7 -9
leaf_value=-0.066666695959061981 -0.035331981192820341 0.062707564052108478 0.017129530088188096 -0.066666727255478161 -0.066666680332207087 -0.06666668495726974 -0.066666680333015538 -0.066666680331232395
leaf_weight=0.0018398021853027738 0.0013296895711056847 0.0012300208693777348 0.0016836892065011932 0.0010021191626725648 0.0054237895019468843 0.0020411433866343023 0.0091518597293145376 0.001909672990564105
leaf_count=4186 214 225 99 2208 12954 4875 21858 4561
internal_value=-0.0533179 0.013902 -0.00601974 -0.0666667 -0.0666667 -0.0666667 -0.0666667 -0.0666667
internal_weight=0.0256118 0.0042434 0.00301338 0.0213684 0.0203663 0.0185265 0.0164853 0.0110615
internal_count=51180 538 313 50642 48434 44248 39373 26419
is_linear=0
shrinkage=0.1


Tree=237
num_leaves=10
num_cat=0
split_feature=5 5 3 9 10 9 4 4 10
split_gain=0.00192539 0.000382686 0.000241802 0.000669739 2.5358e-05 4.14599e-16 1.73472e-18 8.67362e-19 4.33681e-19
threshold=5.5000000000000009 6.5000000000000009 4.5000000000000009 0.0054794931844111506 0.5270467836257311 0.025348583178050454 166.50000000000003 197.50000000000003 0.39009661835748799
decision_type=2 2 2 2 2 2 2 2 2
left_child=2 4 3 8 -2 6 -4 -8 -1
right_child=1 -3 5 -5 -6 -7 7 -9 -10
leaf_value=0.066666694699187262 0.0048632077789574624 -0.045512016489887508 0.066666689454945693 -0.030573360142259975 0.026299022440878825 0.066666754726294533 0.066666689636142779 0.066666688696405366 0.066666692207658904
leaf_weight=0.0013830698536594415 0.0010139932574588775 0.0017973531449127327 0.012130710079702563 0.0010015780465550961 0.0012109102844988229 0.001015086101290307 0.0090513487091357092 0.0010916375059650827 0.0010358175442775064
leaf_count=2203 68 468 24298 262 15 1785 18107 2183 1791
internal_value=0.0533068 -0.0111938 0.0630203 0.0381929 0.0165297 0.0666667 0.0666667 0.0666667 0.0666667
internal_weight=0.0307315 0.00402226 0.0267092 0.00342047 0.0022249 0.0232888 0.0222737 0.010143 0.00241889
internal_count=51180 551 50629 4256 83 46373 44588 20290 3994
is_linear=0
shrinkage=0.1


Tree=238
num_leaves=3
num_cat=0
split_feature=9 3
split_gain=0.000438631 2.25514e-17
threshold=0.017366172405126851 4.5000000000000009
decision_type=2 2
left_child=1 -1
right_child=-2 -3
leaf_value=-0.066666688031964641 -0.0095792198997136681 -0.066666672030980409
leaf_weight=0.0010400054230927935 0.0017070054094035919 0.0053226533742645188
leaf_count=4087 6909 40184
internal_value=-0.0545908 -0.0666667
internal_weight=0.00806966 0.00636266
internal_count=51180 44271
is_linear=0
shrinkage=0.1


Tree=239
num_leaves=7
num_cat=0
split_feature=5 5 10 9 3 9
split_gain=0.00210399 0.000377987 2.44802e-05 3.1225e-16 1.56125e-17 8.67362e-19
threshold=5.5000000000000009 6.5000000000000009 0.53229166666666672 0.024450023912003804 4.5000000000000009 0.0059347703578472508
decision_type=2 2 2 2 2 2
left_child=3 2 -2 4 -1 -6
right_child=1 -3 -4 -5 5 -7
leaf_value=-0.066666692553196905 -0.0037542766907196845 0.046152461742131862 -0.024991601410735254 -0.066666740228070967 -0.066666682172328198 -0.066666682418784803
leaf_weight=0.0016502321353204499 0.0010027995931523028 0.001851981942953107 0.0011831550859255913 0.0010131302557299096 0.014291567748301759 0.0017922172196449529
leaf_count=4178 70 468 13 2558 39002 4891
internal_value=-0.0525638 0.0129125 -0.015249 -0.0666667 -0.0666667 -0.0666667
internal_weight=0.0227851 0.00403794 0.00218595 0.0187471 0.017734 0.0160838
internal_count=51180 551 83 50629 48071 43893
is_linear=0
shrinkage=0.1


Tree=240
num_leaves=12
num_cat=0
split_feature=9 5 3 8 8 10 9 7 7 6 9
split_gain=0.00176441 0.000305874 0.00025533 2.23772e-05 1.90045e-05 4.22867e-06 8.67362e-17 1.04083e-17 3.03577e-18 1.73472e-18 1.73472e-18
threshold=0.033413078149920207 6.5000000000000009 4.5000000000000009 4132.5000000000009 -3380.4999999999995 0.34698996655518394 0.025062814070351755 191.50000000000003 1792.5000000000002 933.50000000000011 0.011730306157550701
decision_type=2 2 2 2 2 2 2 2 2 2 2
left_child=2 3 4 -2 -1 -6 7 9 10 -4 -9
right_child=1 -3 6 -5 5 -7 -8 8 -10 -11 -12
leaf_value=0.047168031175941212 0.0034713872810491521 -0.042042397967167147 0.066666690113397251 0.023730726529176963 0.025871551351582152 0.034863522343211703 0.066666718293444546 0.06666668428549645 0.066666689578191482 0.066666689466213069 0.06666668846794975
leaf_weight=0.0010015207362812362 0.0010002303321243731 0.001692268099220393 0.0093984497999883843 0.0011984380654439519 0.0010345570079266465 0.001057659538560074 0.0010085378134476733 0.0059252891911683037 0.0016979499231410955 0.0013849596781199134 0.0010143402096218779
leaf_count=1518 47 468 21495 23 1263 1475 2029 13571 3868 3161 2262
internal_value=0.0522945 -0.0100837 0.0626124 0.0145142 0.0358399 0.0304172 0.0666667 0.0666667 0.0666667 0.0666667 0.0666667
internal_weight=0.0274142 0.00389094 0.0235233 0.00219867 0.00309374 0.00209222 0.0204295 0.019421 0.00863758 0.0107834 0.00693963
internal_count=51180 538 50642 70 4256 2738 46386 44357 19701 24656 15833
is_linear=0
shrinkage=0.1


Tree=241
num_leaves=5
num_cat=0
split_feature=9 3 10 0
split_gain=0.000434231 5.63785e-18 1.40946e-18 2.1684e-19
threshold=0.017366172405126851 5.5000000000000009 0.38799283154121872 5.5000000000000009
decision_type=2 2 2 2
left_child=1 2 -1 -3
right_child=-2 3 -4 -5
leaf_value=-0.066666681786463386 -0.007913458526053364 -0.0666666727958901 -0.066666676556443649 -0.066666672795131804
leaf_weight=0.0010942555137845034 0.0016241182215568917 0.0024479431607389301 0.0010012895749369477 0.0010357708074408833
leaf_count=6886 6909 21117 7333 8935
internal_value=-0.0534198 -0.0666667 -0.0666667 -0.0666667
internal_weight=0.00720338 0.00557926 0.00209555 0.00348371
internal_count=51180 44271 14219 30052
is_linear=0
shrinkage=0.1


Tree=242
num_leaves=9
num_cat=0
split_feature=9 4 6 9 3 1 6 10
split_gain=0.00194416 0.000330954 0.000185612 7.45931e-17 1.38778e-17 1.73472e-18 8.67362e-19 8.67362e-19
threshold=0.033413078149920207 177.50000000000003 2620.5000000000005 0.024024240675275903 4.5000000000000009 6.5000000000000009 2580.5000000000005 0.58722109533468569
decision_type=2 2 2 2 2 2 2 2
left_child=3 2 -2 4 -1 6 7 -6
right_child=1 -3 -4 -5 5 -7 -8 -9
leaf_value=-0.06666669128239372 -0.034210628748343248 0.061428123123328029 0.016844354942562378 -0.06666671054974764 -0.066666681343472117 -0.066666681412629089 -0.066666681228027255 -0.066666681384598289
leaf_weight=0.0014576243704280687 0.0012554565172586676 0.0010012533629031317 0.0016452554019734666 0.0010050090933695346 0.0091217416294853138 0.0015688215530929037 0.0018096606438859917 0.0014633141298929795
leaf_count=4163 214 225 99 2937 28444 4892 5643 4563
internal_value=-0.051594 0.0118577 -0.00525274 -0.0666667 -0.0666667 -0.0666667 -0.0666667 -0.0666667
internal_weight=0.0203281 0.00390197 0.00290071 0.0164262 0.0154212 0.0139635 0.0123947 0.0105851
internal_count=51180 538 313 50642 47705 43542 38650 33007
is_linear=0
shrinkage=0.1


Tree=243
num_leaves=10
num_cat=0
split_feature=5 3 5 4 10 9 0 4 6
split_gain=0.00160548 0.000294319 0.000267459 2.03337e-05 1.63644e-05 2.1684e-16 1.73472e-18 8.67362e-19 8.67362e-19
threshold=5.5000000000000009 4.5000000000000009 6.5000000000000009 153.50000000000003 0.53708791208791218 0.024615617662652352 8.5000000000000018 143.50000000000003 1641.5000000000002
decision_type=2 2 2 2 2 2 2 2 2
left_child=1 3 4 -1 -2 6 7 -3 -9
right_child=2 5 -4 -5 -6 -7 -8 8 -10
leaf_value=0.043244381287852095 0.0043930576433455042 0.066666684039812629 -0.040283592708344335 0.025865393633229462 0.021855108445410446 0.066666731184833392 0.066666683945830821 0.066666683990179429 0.066666683939746577
leaf_weight=0.001067300234410591 0.0010015670965231038 0.0027228820171387716 0.0015919281812499268 0.0018234145391886614 0.0011562027804075115 0.0010398525237462755 0.0013026660060972981 0.0098135055328043563 0.0030504658494123768
leaf_count=1757 71 7125 468 2499 12 2355 3386 25589 7918
internal_value=0.0510444 0.0618926 -0.00919 0.032282 0.0137498 0.0666667 0.0666667 0.0666667 0.0666667
internal_weight=0.0245698 0.0208201 0.0037497 0.00289071 0.00215777 0.0179294 0.0168895 0.0155869 0.012864
internal_count=51180 50629 551 4256 83 46373 44018 40632 33507
is_linear=0
shrinkage=0.1


Tree=244
num_leaves=4
num_cat=0
split_feature=3 5 1
split_gain=0.000475085 5.20417e-18 4.33681e-19
threshold=4.5000000000000009 1.0000000180025095e-35 4.5000000000000009
decision_type=2 2 2
left_child=-1 2 -2
right_child=1 -3 -4
leaf_value=-0.0035971867984054373 -0.066666671335767147 -0.066666679188118388 -0.066666671335749716
leaf_weight=0.001576758713568438 0.0024356740018447454 0.0010008703767539345 0.0014881067252190405
leaf_count=4256 24008 8248 14668
internal_value=-0.0513707 -0.0666667 -0.0666667
internal_weight=0.00650141 0.00492465 0.00392378
internal_count=51180 46924 38676
is_linear=0
shrinkage=0.1


Tree=245
num_leaves=8
num_cat=0
split_feature=5 5 8 9 9 3 6
split_gain=0.00179636 0.000265327 1.18333e-05 1.91687e-16 2.60209e-17 2.60209e-18 8.67362e-19
threshold=5.5000000000000009 6.5000000000000009 4451.5000000000009 0.023414656432748503 0.0069204980842911502 4.5000000000000009 2704.5000000000005
decision_type=2 2 2 2 2 2 2
left_child=3 2 -2 4 5 -1 -7
right_child=1 -3 -4 -5 -6 6 -8
leaf_value=-0.066666679780370011 -0.0046205917383537048 0.041103943086585687 -0.019575025218519816 -0.066666722056924199 -0.066666690597851949 -0.066666675142480411 -0.066666675303288972
leaf_weight=0.0012001172182181117 0.001011799314170502 0.0016417396639131221 0.0011092055318613347 0.0010172795904266349 0.0011833679872623746 0.0098635301475837878 0.0011546370060102626
leaf_count=4036 49 468 34 3417 3918 35144 4114
internal_value=-0.0506096 0.0109213 -0.0124412 -0.0666667 -0.0666667 -0.0666667 -0.0666667
internal_weight=0.0181817 0.00376274 0.002121 0.0144189 0.0134017 0.0122183 0.0110182
internal_count=51180 551 83 50629 47212 43294 39258
is_linear=0
shrinkage=0.1


Tree=246
num_leaves=10
num_cat=0
split_feature=9 5 7 6 9 9 3 0 4
split_gain=0.00155647 0.000367726 0.000289332 0.000440199 7.21879e-05 2.36989e-05 1.21431e-17 8.67362e-19 4.33681e-19
threshold=0.022160834868017152 6.5000000000000009 1051.5000000000002 2704.5000000000005 0.026702317290552554 0.011869540715694552 4.5000000000000009 2.5000000000000004 175.50000000000003
decision_type=2 2 2 2 2 2 2 2 2
left_child=5 2 3 4 -2 6 -1 8 -8
right_child=1 -3 -4 -5 -6 -7 7 -9 -10
leaf_value=0.066666693651436182 0.01345994350778835 -0.036671041263534924 0.063064020237541429 -0.050085523705149841 0.049609504082445272 0.050931542970009451 0.066666685038091492 0.066666684979961949 0.066666684826882414
leaf_weight=0.001889071677084078 0.0012294226274889289 0.0015187961121569081 0.0011676370250484069 0.0010017183335548907 0.0010031362675704258 0.0010216228409092301 0.0032679042699044194 0.0089208569640106816 0.0010925341011045475
leaf_count=4068 2217 468 1141 255 967 2349 9772 26676 3267
internal_value=0.0496309 0.00575632 0.0203951 0.00499075 0.0297027 0.0656739 0.0666667 0.0666667 0.0666667
internal_weight=0.0221127 0.00592071 0.00440191 0.00323428 0.00223256 0.016192 0.0151704 0.0132813 0.00436044
internal_count=51180 5048 4580 3439 3184 46132 43783 39715 13039
is_linear=0
shrinkage=0.1


Tree=247
num_leaves=4
num_cat=0
split_feature=9 3 4
split_gain=0.000517591 5.63785e-18 2.1684e-19
threshold=0.017366172405126851 5.5000000000000009 168.50000000000003
decision_type=2 2 2
left_child=1 -1 -3
right_child=-2 2 -4
leaf_value=-0.066666676692706248 0.001125233803547628 -0.066666669335073744 -0.066666669343858551
leaf_weight=0.0017008905363695703 0.0015173750221581794 0.0015704041493478371 0.0010978711656406404
leaf_count=14219 6909 17687 12365
internal_value=-0.0491919 -0.0666667 -0.0666667
internal_weight=0.00588654 0.00436917 0.00266828
internal_count=51180 44271 30052
is_linear=0
shrinkage=0.1


Tree=248
num_leaves=7
num_cat=0
split_feature=9 5 10 9 1 2
split_gain=0.00166724 0.000208097 8.58323e-06 5.63785e-17 8.67362e-19 4.33681e-19
threshold=0.033413078149920207 6.5000000000000009 0.55217785843920153 0.0074907417798226504 5.5000000000000009 1.5000000000000002
decision_type=2 2 2 2 2 2
left_child=3 2 -2 4 5 -1
right_child=1 -3 -4 -5 -6 -7
leaf_value=-0.066666676649583298 -0.0039911990743115916 0.037548997799088414 -0.016783990350749897 -0.066666695146288396 -0.066666676549595641 -0.066666676540137151
leaf_weight=0.0016615227374643382 0.001010263472380756 0.0015635000539743205 0.0010906926011102769 0.0019084980743940836 0.0024925305639555981 0.0066015200421816189
leaf_count=6692 64 468 6 7264 10048 26638
internal_value=-0.0494779 0.00992494 -0.0106325 -0.0666667 -0.0666667 -0.0666667
internal_weight=0.0163285 0.00366446 0.00210096 0.0126641 0.0107556 0.00826304
internal_count=51180 538 70 50642 43378 33330
is_linear=0
shrinkage=0.1


Tree=249
num_leaves=10
num_cat=0
split_feature=9 5 7 6 0 9 3 0 6
split_gain=0.00146663 0.000289229 0.00027722 0.000355282 7.29575e-05 2.65312e-05 1.73472e-17 8.67362e-19 8.67362e-19
threshold=0.022160834868017152 6.5000000000000009 1051.5000000000002 2458.5000000000005 3.5000000000000004 0.011331535695942403 4.5000000000000009 7.5000000000000009 1900.5000000000002
decision_type=2 2 2 2 2 2 2 2 2
left_child=5 2 3 4 -2 6 -1 8 -8
right_child=1 -3 -4 -5 -6 -7 7 -9 -10
leaf_value=0.066666687543701628 0.0079997283679909149 -0.033080997363491987 0.062485611554540549 -0.045563492817724149 0.045188786086218458 0.04977582947910103 0.066666676416043111 0.066666676424625079 0.06666667645577104
leaf_weight=0.0016243348575528732 0.0010449862434711576 0.0014609001307946236 0.0010709987815005206 0.0010010712768178109 0.0010652914594686536 0.0010003228016444146 0.0089056915891774224 0.0013442387676718673 0.0013418973971965906
leaf_count=4061 1519 468 1141 310 1610 2464 30429 4593 4585
internal_value=0.0483566 0.00522403 0.018604 0.00349897 0.0267732 0.0654782 0.0666667 0.0666667 0.0666667
internal_weight=0.0198597 0.00564325 0.00418235 0.00311135 0.00211028 0.0142165 0.0132162 0.0115918 0.0102476
internal_count=51180 5048 4580 3439 3129 46132 43668 39607 35014
is_linear=0
shrinkage=0.1


Tree=250
num_leaves=3
num_cat=0
split_feature=3 7
split_gain=0.000537603 1.51788e-18
threshold=4.5000000000000009 386.50000000000006
decision_type=2 2
left_child=-1 -2
right_child=1 -3
leaf_value=0.0040238238006824545 -0.066666670208242934 -0.066666673779226734
leaf_weight=0.0014940504279508104 0.0023124351850395963 0.0015307344083451968
leaf_count=4256 28621 18303
internal_value=-0.0468782 -0.0666667
internal_weight=0.00533722 0.00384317
internal_count=51180 46924
is_linear=0
shrinkage=0.1


Tree=251
num_leaves=4
num_cat=0
split_feature=9 5 9
split_gain=0.00152605 0.000164645 2.68882e-17
threshold=0.033413078149920207 6.5000000000000009 0.0074907417798226504
decision_type=2 2 2
left_child=2 -2 -1
right_child=1 -3 -4
leaf_value=-0.066666677644591998 -0.0097820203810876742 0.034065111323821028 -0.066666691148105764
leaf_weight=0.0094129908592464062 0.0019888346167817881 0.0015039874932870623 0.0017159456339447274
leaf_count=43378 70 468 7264
internal_value=-0.0485681 0.00909828 -0.0666667
internal_weight=0.0146218 0.00349282 0.0111289
internal_count=51180 538 50642
is_linear=0
shrinkage=0.1


Tree=252
num_leaves=9
num_cat=0
split_feature=9 5 7 6 0 9 2 10
split_gain=0.00140006 0.000230927 0.000278421 0.000267955 6.95575e-05 1.22615e-05 8.67362e-19 8.67362e-19
threshold=0.021544055078517803 6.5000000000000009 1051.5000000000002 2387.5000000000005 3.5000000000000004 0.0054794931844111506 6.5000000000000009 0.60990338164251223
decision_type=2 2 2 2 2 2 2 2
left_child=5 2 3 4 -2 6 7 -1
right_child=1 -3 -4 -5 -6 -7 -8 -9
leaf_value=0.06666668158940775 0.0050558506986865953 -0.029597912566238796 0.062081779163372611 -0.039857887132925443 0.041615637030331214 0.055119162961833661 0.066666681475557307 0.066666681445727571
leaf_weight=0.0091618371967001656 0.0010755993946531817 0.0014154455016702214 0.0010359018096437467 0.0010176338094822768 0.0010081780050370526 0.0010006614167252783 0.0010776127538747468 0.0011020317164422986
leaf_count=34430 1629 468 1342 387 1703 2828 4137 4256
internal_value=0.0469689 0.0052676 0.0171957 0.00220329 0.0227443 0.0657304 0.0666667 0.0666667
internal_weight=0.0178949 0.00555276 0.00413731 0.00310141 0.00208378 0.0123421 0.0113415 0.0102639
internal_count=51180 5529 5061 3719 3332 45651 42823 38686
is_linear=0
shrinkage=0.1


Tree=253
num_leaves=4
num_cat=0
split_feature=9 3 7
split_gain=0.000557694 5.85469e-18 1.0842e-18
threshold=0.017366172405126851 5.5000000000000009 42.500000000000007
decision_type=2 2 2
left_child=1 -1 -3
right_child=-2 2 -4
leaf_value=-0.066666677707236624 0.0072565947849333361 -0.066666666836362673 -0.066666671409774642
leaf_weight=0.0013494298805056815 0.0014593406640602963 0.0010366247033175569 0.0010081007436397726
leaf_count=14219 6909 15237 14815
internal_value=-0.0444396 -0.0666667 -0.0666667
internal_weight=0.0048535 0.00339416 0.00204473
internal_count=51180 44271 30052
is_linear=0
shrinkage=0.1


Tree=254
num_leaves=7
num_cat=0
split_feature=5 9 4 5 4 6
split_gain=0.00139903 0.000128775 5.29091e-17 1.73472e-18 4.33681e-19 4.33681e-19
threshold=5.5000000000000009 0.037235096058625454 135.50000000000003 1.5000000000000002 185.50000000000003 1472.5000000000002
decision_type=2 2 2 2 2 2
left_child=2 -2 -1 4 5 -4
right_child=1 -3 3 -5 -6 -7
leaf_value=-0.06666670089728767 -0.012548309344618695 0.026754469555084082 -0.066666676627911259 -0.066666680153012234 -0.066666676678450429 -0.06666667671157224
leaf_weight=0.0010358120433922044 0.0015760761552101607 0.0017697412962501824 0.0049796383342055606 0.001401484681861076 0.0010524879842961354 0.001316401985903326
leaf_count=5057 86 465 26167 6869 5563 6973
internal_value=-0.047581 0.00824056 -0.0666667 -0.0666667 -0.0666667 -0.0666667
internal_weight=0.0131316 0.00334582 0.00978583 0.00875001 0.00734853 0.00629604
internal_count=51180 551 50629 45572 38703 33140
is_linear=0
shrinkage=0.1


Tree=255
num_leaves=8
num_cat=0
split_feature=9 5 6 0 3 0 0
split_gain=0.00132207 0.00018612 0.000136937 0.000109644 8.64435e-06 8.67362e-19 4.33681e-19
threshold=0.021544055078517803 6.5000000000000009 3663.5000000000005 3.5000000000000004 4.5000000000000009 3.5000000000000004 6.5000000000000009
decision_type=2 2 2 2 2 2 2
left_child=4 2 3 -2 -1 -6 -7
right_child=1 -3 -4 -5 5 6 -8
leaf_value=0.058416510733117294 0.0065814927484872804 -0.026722297632646198 -0.0099979906823186096 0.047853349995361914 0.066666677275582398 0.066666677314020206 0.066666677337794009
leaf_weight=0.0014692627689214524 0.001172105179648498 0.0013896548340099606 0.0013511622354656083 0.0014278165948837795 0.004422418958398568 0.0032200973693932156 0.0017222952310618211
leaf_count=4105 1810 468 399 2852 19650 14273 7623
internal_value=0.0454748 0.00475521 0.0158263 0.029247 0.0655478 0.0666667 0.0666667
internal_weight=0.0161748 0.00534074 0.00395108 0.00259992 0.0108341 0.00936481 0.00494239
internal_count=51180 5529 5061 4662 45651 41546 21896
is_linear=0
shrinkage=0.1


Tree=256
num_leaves=3
num_cat=0
split_feature=3 7
split_gain=0.000585356 1.73472e-18
threshold=4.5000000000000009 402.50000000000006
decision_type=2 2
left_child=-1 -2
right_child=1 -3
leaf_value=0.011536250488355248 -0.066666670355096505 -0.066666675066003031
leaf_weight=0.0013995415798788713 0.0018281428719182993 0.0011997400448803264
leaf_count=4256 28813 18111
internal_value=-0.0419462 -0.0666667
internal_weight=0.00442742 0.00302788
internal_count=51180 46924
is_linear=0
shrinkage=0.1


Tree=257
num_leaves=7
num_cat=0
split_feature=5 2 7 9 7 7
split_gain=0.00128889 0.000129903 3.92116e-05 3.72966e-17 1.30104e-18 4.33681e-19
threshold=5.5000000000000009 3.5000000000000004 475.50000000000006 0.011142147734326502 231.50000000000003 1184.5000000000002
decision_type=2 2 2 2 2 2
left_child=3 -2 -3 4 -1 -6
right_child=1 2 -4 -5 5 -7
leaf_value=-0.066666674285008373 0.033570694480860995 0.0059156364845787722 -0.021853290742755015 -0.066666693317333423 -0.066666677533220753 -0.066666676332122851
leaf_weight=0.004397299290459955 0.0011958159556649814 0.0010175183507301622 0.0010165074510967154 0.0013449720339125948 0.001669851981077386 0.0011946140369474278
leaf_count=26356 245 67 239 7006 10050 7217
internal_value=-0.046452 0.0074151 -0.00796193 -0.0666667 -0.0666667 -0.0666667
internal_weight=0.0118366 0.00322984 0.00203403 0.00860674 0.00726177 0.00286447
internal_count=51180 551 306 50629 43623 17267
is_linear=0
shrinkage=0.1


Tree=258
num_leaves=7
num_cat=0
split_feature=9 3 9 2 3 4
split_gain=0.00126676 0.000222551 0.000477758 0.000133857 3.03577e-17 1.30104e-18
threshold=0.017366172405126851 5.5000000000000009 0.033413078149920207 3.5000000000000004 4.5000000000000009 146.50000000000003
decision_type=2 2 2 2 2 2
left_child=4 -2 -3 -4 -1 -6
right_child=1 2 3 -5 5 -7
leaf_value=0.066666691397460079 -0.034243574616281934 0.066666688168519991 -0.03253184583294632 0.010418444819323967 0.066666676148719559 0.066666674073022333
leaf_weight=0.0012578254212769488 0.0010964025086082083 0.0013145528869387135 0.0011374662819271641 0.0020040471465470142 0.0017961978175122795 0.0060937744029416763
leaf_count=4087 1233 5141 233 302 9151 31033
internal_value=0.0437965 0.00611752 0.0160482 -0.00513282 0.0666667 0.0666667
internal_weight=0.0147003 0.00555247 0.00445607 0.00314151 0.0091478 0.00788997
internal_count=51180 6909 5676 535 44271 40184
is_linear=0
shrinkage=0.1


Tree=259
num_leaves=3
num_cat=0
split_feature=3 6
split_gain=0.00058381 4.33681e-19
threshold=4.5000000000000009 833.50000000000011
decision_type=2 2
left_child=-1 -2
right_child=1 -3
leaf_value=0.013401985862595993 -0.066666671504321873 -0.06666667408713936
leaf_weight=0.0013822221676491608 0.0016360777168871188 0.001033024544587445
leaf_count=4256 29405 17519
internal_value=-0.039349 -0.0666667
internal_weight=0.00405132 0.0026691
internal_count=51180 46924
is_linear=0
shrinkage=0.1


Tree=260
num_leaves=4
num_cat=0
split_feature=9 2 9
split_gain=0.00119474 0.000129013 2.29851e-17
threshold=0.033413078149920207 3.5000000000000004 0.0070176302570668014
decision_type=2 2 2
left_child=2 -2 -1
right_child=1 -3 -4
leaf_value=-0.066666673278404961 0.033547810661283761 -0.0085861714905738646 -0.066666687766744323
leaf_weight=0.0063034226124329962 0.0011346999534925795 0.0020212208559571287 0.0012733328114487019
leaf_count=43313 235 303 7329
internal_value=-0.0451337 0.00656295 -0.0666667
internal_weight=0.0107327 0.00315592 0.00757676
internal_count=51180 538 50642
is_linear=0
shrinkage=0.1


Tree=261
num_leaves=7
num_cat=0
split_feature=9 3 5 10 3 8
split_gain=0.00120904 0.000198882 0.000425207 0.000112909 1.69136e-17 4.33681e-19
threshold=0.017366172405126851 5.5000000000000009 5.5000000000000009 0.45080645161290328 4.5000000000000009 2065.0000000000005
decision_type=2 2 2 2 2 2
left_child=4 -2 -3 -4 -1 -6
right_child=1 2 3 -5 5 -7
leaf_value=0.066666689371266907 -0.033826361607431459 0.066666691516785587 0.02107922217063915 -0.018747833670753895 0.066666676277775269 0.06666667625970453
leaf_weight=0.0011410998555589956 0.0010497290786446456 0.0011514618135066712 0.0011081807430478935 0.0019901726529872512 0.0046718086673678263 0.0022332843204537767
leaf_count=4087 1233 5128 264 284 27190 12994
internal_value=0.0422395 0.0051521 0.01478 -0.00450298 0.0666667 0.0666667
internal_weight=0.0133457 0.00529954 0.00424982 0.00309835 0.00804619 0.00690509
internal_count=51180 6909 5676 548 44271 40184
is_linear=0
shrinkage=0.1


Tree=262
num_leaves=3
num_cat=0
split_feature=9 6
split_gain=0.000548145 8.67362e-19
threshold=0.017366172405126851 21.500000000000004
decision_type=2 2
left_child=1 -1
right_child=-2 -3
leaf_value=-0.06666667329500163 0.014081592180771688 -0.066666669786477437
leaf_weight=0.0013467334082939431 0.0013068050296793088 0.0010101340875934284
leaf_count=24000 6909 20271
internal_value=-0.0378644 -0.0666667
internal_weight=0.00366367 0.00235687
internal_count=51180 44271
is_linear=0
shrinkage=0.1


Tree=263
num_leaves=5
num_cat=0
split_feature=5 10 9 4
split_gain=0.00111604 0.000111019 3.20924e-17 4.33681e-19
threshold=5.5000000000000009 0.45080645161290328 0.008032258064516103 152.50000000000003
decision_type=2 2 2 2
left_child=2 -2 3 -1
right_child=1 -3 -4 -5
leaf_value=-0.066666670929828212 -0.019535008540482096 0.019935601875844006 -0.066666690365803513 -0.06666667236211786
leaf_weight=0.0018274139160467939 0.001105665800795963 0.0020045370499780502 0.001115108953460342 0.0037078251396707174
leaf_count=14291 267 284 7217 29121
internal_value=-0.043542 0.00590394 -0.0666667 -0.0666667
internal_weight=0.00976055 0.0031102 0.00665035 0.00553524
internal_count=51180 551 50629 43412
is_linear=0
shrinkage=0.1


Tree=264
num_leaves=9
num_cat=0
split_feature=9 3 9 5 3 1 0 6
split_gain=0.00113714 0.000177025 0.000388724 0.000109431 3.46945e-18 8.67362e-19 4.33681e-19 2.1684e-19
threshold=0.017366172405126851 5.5000000000000009 0.033413078149920207 6.5000000000000009 5.5000000000000009 4.5000000000000009 5.5000000000000009 -607.49999999999989
decision_type=2 2 2 2 2 2 2 2
left_child=4 -2 -3 -4 5 -1 7 -6
right_child=1 2 3 -5 6 -7 -8 -9
leaf_value=0.066666680709621826 -0.032771236684538949 0.066666686980804898 0.012455382642479529 -0.025740804541367374 0.066666674542091561 0.066666677365006782 0.066666674528690656 0.066666674535883166
leaf_weight=0.0014689845114759245 0.0010112420949468506 0.0010427765496672245 0.0017369134134810338 0.0013201719234628055 0.0016032503521046237 0.0010529556685554553 0.0013441019463158455 0.00157252106620831
leaf_count=8180 1233 5141 67 468 10662 6039 8935 10455
internal_value=0.0406063 0.00470161 0.0139444 -0.00403926 0.0666667 0.0666667 0.0666667 0.0666667
internal_weight=0.0121529 0.0051111 0.00409986 0.00305709 0.00704181 0.00252194 0.00451987 0.00317577
internal_count=51180 6909 5676 535 44271 14219 30052 21117
is_linear=0
shrinkage=0.1


Tree=265
num_leaves=3
num_cat=0
split_feature=3 7
split_gain=0.000529491 6.50521e-19
threshold=4.5000000000000009 135.50000000000003
decision_type=2 2
left_child=-1 -2
right_child=1 -3
leaf_value=0.01628517123651629 -0.066666668299290258 -0.066666672090433893
leaf_weight=0.0012125723614460071 0.0010992319329755085 0.0010066614777354335
leaf_count=4256 25198 21726
internal_value=-0.0363559 -0.0666667
internal_weight=0.00331847 0.00210589
internal_count=51180 46924
is_linear=0
shrinkage=0.1


Tree=266
num_leaves=4
num_cat=0
split_feature=9 5 9
split_gain=0.00104601 0.000110757 1.34441e-17
threshold=0.033413078149920207 6.5000000000000009 0.0076629477392835509
decision_type=2 2 2
left_child=2 -2 -1
right_child=1 -3 -4
leaf_value=-0.066666673020848083 -0.01144937128154544 0.026798316119911639 -0.066666685664511047
leaf_weight=0.0048409129202937606 0.0017167407465876749 0.0013544567070158386 0.0010012914905602743
leaf_count=43395 70 468 7247
internal_value=-0.041829 0.00541859 -0.0666667
internal_weight=0.0089134 0.0030712 0.0058422
internal_count=51180 538 50642
is_linear=0
shrinkage=0.1


Tree=267
num_leaves=7
num_cat=0
split_feature=9 5 7 3 10 4
split_gain=0.00107982 0.000124184 0.000112603 6.07153e-18 8.67362e-19 2.1684e-19
threshold=0.017366172405126851 6.5000000000000009 460.50000000000006 5.5000000000000009 0.39339826839826841 159.50000000000003
decision_type=2 2 2 2 2 2
left_child=3 2 -2 4 -1 -5
right_child=1 -3 -4 5 -6 -7
leaf_value=0.066666678607062407 -0.0043473831423153416 -0.022703202320181255 0.030987473171428082 0.066666670372434608 0.066666674901527515 0.066666670347186721
leaf_weight=0.0011698517602098946 0.0017961343011307918 0.0012951663711842504 0.0018113997185622566 0.0016679893409587976 0.0010719646149226492 0.002287683435028498
leaf_count=7089 3319 468 3122 12674 7130 17378
internal_value=0.0389258 0.00385865 0.0133948 0.0666667 0.0666667 0.0666667
internal_weight=0.0111002 0.0049027 0.00360753 0.00619749 0.00224182 0.00395567
internal_count=51180 6909 6441 44271 14219 30052
is_linear=0
shrinkage=0.1


Tree=268
num_leaves=2
num_cat=0
split_feature=3
split_gain=0.00048991
threshold=4.5000000000000009
decision_type=2
left_child=-1
right_child=-2
leaf_value=0.016326396721422148 -0.066666670326921376
leaf_weight=0.0011539389496846297 0.0018541042389986703
leaf_count=4256 46924
internal_value=-0.0348291
internal_weight=0.00300804
internal_count=51180
is_linear=0
shrinkage=0.1


Tree=269
num_leaves=5
num_cat=0
split_feature=5 2 4 4
split_gain=0.000974202 0.000102331 1.51788e-17 2.1684e-19
threshold=5.5000000000000009 3.5000000000000004 144.50000000000003 179.50000000000003
decision_type=2 2 2 2
left_child=2 -2 -1 -4
right_child=1 -3 3 -5
leaf_value=-0.066666682247710551 0.029761280155691044 -0.0087007886113685297 -0.066666668824684014 -0.066666668398954548
leaf_weight=0.0010408382166731123 0.0010662301988385581 0.0019694695744058022 0.0030299078568223337 0.0010579472239160559
leaf_count=9880 245 306 30051 10698
internal_value=-0.0400907 0.00480826 -0.0666667 -0.0666667
internal_weight=0.00816439 0.0030357 0.00512869 0.00408786
internal_count=51180 551 50629 40749
is_linear=0
shrinkage=0.1


end of trees

feature_importances:
jungle_ratio=1312
xp_diff=642
cs=641
gold_diff=533
kill_participation=499
team_gold_diff=456
jungle_cs=373
assists=286
kills=285
items_count=198
deaths=187

parameters:
[boosting: gbdt]
[objective: multiclass]
[metric: multi_logloss]
[tree_learner: serial]
[device_type: cpu]
[data_sample_strategy: bagging]
[data: ]
[valid: ]
[num_iterations: 90]
[learning_rate: 0.1]
[num_leaves: 31]
[num_threads: 8]
[seed: 42]
[deterministic: 0]
[force_col_wise: 0]
[force_row_wise: 1]
[histogram_pool_size: -1]
[max_depth: -1]
[min_data_in_leaf: 20]
[min_sum_hessian_in_leaf: 0.001]
[bagging_fraction: 1]
[pos_bagging_fraction: 1]
[neg_bagging_fraction: 1]
[bagging_freq: 0]
[bagging_seed: 400]
[bagging_by_query: 0]
[feature_fraction: 1]
[feature_fraction_bynode: 1]
[feature_fraction_seed: 30056]
[extra_trees: 0]
[extra_seed: 12879]
[early_stopping_round: 0]
[early_stopping_min_delta: 0]
[first_metric_only: 0]
[max_delta_step: 0]
[lambda_l1: 0]
[lambda_l2: 0]
[linear_lambda: 0]
[min_gain_to_split: 0]
[drop_rate: 0.1]
[max_drop: 50]
[skip_drop: 0.5]
[xgboost_dart_mode: 0]
[uniform_drop: 0]
[drop_seed: 17869]
[top_rate: 0.2]
[other_rate: 0.1]
[min_data_per_group: 100]
[max_cat_threshold: 32]
[cat_l2: 10]
[cat_smooth: 10]
[max_cat_to_onehot: 4]
[top_k: 20]
[monotone_constraints: ]
[monotone_constraints_method: basic]
[monotone_penalty: 0]
[feature_contri: ]
[forcedsplits_filename: ]
[refit_decay_rate: 0.9]
[cegb_tradeoff: 1]
[cegb_penalty_split: 0]
[cegb_penalty_feature_lazy: ]
[cegb_penalty_feature_coupled: ]
[path_smooth: 0]
[interaction_constraints: ]
[verbosity: -1]
[saved_feature_importance_type: 0]
[use_quantized_grad: 0]
[num_grad_quant_bins: 4]
[quant_train_renew_leaf: 0]
[stochastic_rounding: 1]
[linear_tree: 0]
[max_bin: 255]
[max_bin_by_feature: ]
[min_data_in_bin: 3]
[bin_construct_sample_cnt: 200000]
[data_random_seed: 175]
[is_enable_sparse: 1]
[enable_bundle: 1]
[use_missing: 1]
[zero_as_missing: 0]
[feature_pre_filter: 1]
[pre_partition: 0]
[two_round: 0]
[header: 0]
[label_column: ]
[weight_column: ]
[group_column: ]
[ignore_column: ]
[categorical_feature: ]
[forcedbins_filename: ]
[precise_float_parser: 0]
[parser_config_file: ]
[objective_seed: 16083]
[num_class: 3]
[is_unbalance: 0]
[scale_pos_weight: 1]
[sigmoid: 1]
[boost_from_average: 1]
[reg_sqrt: 0]
[alpha: 0.9]
[fair_c: 1]
[poisson_max_delta_step: 0.7]
[tweedie_variance_power: 1.5]
[lambdarank_truncation_level: 30]
[lambdarank_norm: 1]
[label_gain: ]
[lambdarank_position_bias_regularization: 0]
[eval_at: ]
[multi_error_top_k: 1]
[auc_mu_weights: ]
[num_machines: 1]
[local_listen_port: 12400]
[time_out: 120]
[machine_list_filename: ]
[machines: ]
[gpu_platform_id: -1]
[gpu_device_id: -1]
[gpu_use_dp: 0]
[num_gpu: 1]

end of parameters

pandas_categorical:[]
