tree
version=v4
num_class=3
num_tree_per_iteration=3
label_index=0
max_feature_idx=10
objective=multiclass num_class:3
feature_names=kills deaths assists items_count cs jungle_cs gold_diff xp_diff team_gold_diff jungle_ratio kill_participation
feature_infos=[0:20] [0:13] [0:20] [0:6] [0:68] [0:217] [-9246:7862] [-10115:7994] [-20583:20583] [0:163] [0:1]
tree_sizes=996 665 570 885 1238 3606 912 705 1245 1019 595 816 694 926 1705 1123 922 596 3533 1475 3637 1678 1147 3400 3539 820 2263 3550 923 3644 3564 703 2155 3529 596 3567 3552 592 3641 3553 815 3641 3562 813 3650 3098 596 708 3111 596 3667 3562 1825 3663 3566 930 3670 3560 593 3665 3558 704 3669 1921 922 3666 3558 710 3676 3577 929 3699 3591 596 3652 3553 596 3702 1576 2158 2305 1465 707 3680 3594 931 3678 2362 483 3685 1469 484 2536 3601 484 3706 1818 708 1508 2488 826 3584 3610 3666 2337 3616 708 2209 3622 1158 1979 3631 1719 3509 3646 3575 2568 1700 2986 939 1251 1048 2798 1592 3679 1172 370 489 3371 1831 489 606 484 375 3761 927 602 1648 372 1287 1639 706 371 1637 483 1163 1537 592 373 838 593 716 374 368 489 949 483 489 377 705 489 612 593 602 494 481 719 723 481 491 377 371 1064 377 596 489 725 597 490 608 821 492 378 601 609 380 713 950 732 710 953 228 1288 719 613 716 494 843 944 607 381 601 493 377 489 605 496 720 606 497 600 1307 495 833 488 379 600 721 381 375 727 381 605 613 381 830 495 380 717 729 380 835 498 228 718 611 380 491 498 380 718 498 228 606 499 228 492 616 228 604 381 228 493 380 228 377 498 228 494 378 228 494 378 228 493 381 228 378 228 228

Tree=0
num_leaves=8
num_cat=0
split_feature=5 4 8 0 0 0 5
split_gain=29764.5 8537.54 7.57944 3.63798e-12 2.84217e-14 3.55271e-15 3.55271e-15
threshold=55.000000000000007 1.0000000180025095e-35 -5920.4999999999991 3.5000000000000004 7.5000000000000009 16.500000000000004 165.50000000000003
decision_type=2 2 2 2 2 2 2
left_child=2 -2 -1 -4 -3 6 -6
right_child=1 4 3 -5 5 -7 -8
leaf_value=-16.172436189753768 -17.026933085210757 0.063004823926265885 -17.026933085210761 -17.026933085210654 0.063004823926265885 0.063004823926265885 0.063004823926265885
leaf_weight=0.11702792719006538 0.29256981797516246 275.8114188015461 0.75483013037592062 0.16383909806609154 54.821732492186129 0.40374634880572458 5.3072164980694643
leaf_count=20 50 47136 129 28 9369 69 907
internal_value=-0.00392395 0.048152 -16.9304 -17.0269 0.0630048 0.0630048 0.0630048
internal_weight=337.672 336.637 1.0357 0.918669 336.344 60.5327 60.1289
internal_count=57708 57531 177 157 57481 10345 10276
is_linear=0
shrinkage=1


Tree=1
num_leaves=5
num_cat=0
split_feature=5 8 0 5
split_gain=38254 9.72423 1.42109e-14 2.22045e-16
threshold=55.000000000000007 -5920.4999999999991 13.500000000000002 173.50000000000003
decision_type=2 2 2 2
left_child=1 -1 -2 -4
right_child=2 -3 3 -5
leaf_value=14.970124903329847 -5.8595377071645958 16.066422935461372 -5.8595377071645958 -5.8595377071645949
leaf_weight=0.091216070577502251 260.15279409056529 0.71604615403339167 2.1298952479846771 0.10489848116412748
leaf_count=20 57041 157 467 23
internal_value=-5.79267 15.9425 -5.85954 -5.85954
internal_weight=263.195 0.807262 262.388 2.23479
internal_count=57708 177 57531 490
is_linear=0
shrinkage=1


Tree=2
num_leaves=4
num_cat=0
split_feature=4 0 0
split_gain=38472 7.10543e-15 6.93889e-18
threshold=1.0000000180025095e-35 16.500000000000004 17.500000000000004
decision_type=2 2 2
left_child=-1 -2 -3
right_child=1 2 -4
leaf_value=69.892870976241028 -7.1178525615885615 -7.1178525615885615 -7.1178525615885606
leaf_weight=0.064926024060695364 74.780495992628857 0.042851175880058601 0.046746737323701382
leaf_count=50 57589 33 36
internal_value=-7.05113 -7.11785 -7.11785
internal_weight=74.935 74.8701 0.0895979
internal_count=57708 57658 69
is_linear=0
shrinkage=1


Tree=3
num_leaves=7
num_cat=0
split_feature=5 6 8 0 1 4
split_gain=11.4771 86.1036 97.584 2.84217e-14 6.93889e-18 3.46945e-18
threshold=65.500000000000014 430.50000000000006 -6124.4999999999991 17.500000000000004 7.5000000000000009 25.500000000000004
decision_type=2 2 2 2 2 2
left_child=1 4 -3 -2 5 -1
right_child=3 2 -4 -5 -6 -7
leaf_value=0.066895957944207995 0.066895957949889909 19.583702923860319 0.066895957941247655 0.066895957949889909 0.06689595794882694 0.066895957948304205
leaf_weight=0.025618944783929568 294.24895219691098 0.0051237889565975206 0.00512378895688375 0.18445640243589778 0.040990311652747677 0.010247577913226651
leaf_count=95 57478 2 53 36 29 15
internal_value=0.0672355 1.21494 9.8253 0.066896 0.066896 0.066896
internal_weight=294.521 0.0871044 0.0102476 294.433 0.0768568 0.0358665
internal_count=57708 194 55 57514 139 110
is_linear=0
shrinkage=0.1


Tree=4
num_leaves=10
num_cat=0
split_feature=5 6 8 6 7 0 0 5 9
split_gain=14.7269 110.484 125.216 5.11292e-14 1.2782e-13 1.42109e-14 3.55271e-15 8.88178e-16 8.88178e-16
threshold=65.500000000000014 430.50000000000006 -6124.4999999999991 -3498.9999999999995 -2764.4999999999995 6.5000000000000009 9.5000000000000018 134.50000000000003 18.732142857142861
decision_type=2 2 2 2 2 2 2 2 2
left_child=1 3 -3 -1 -5 -2 -7 -8 -9
right_child=5 2 -4 4 -6 6 7 8 -10
leaf_value=-0.066845089222354978 -0.066845089222356366 -25.109948612574073 -0.066844866624645061 -0.066845089222348011 -0.0668443962939093 -0.066845089222356366 -0.066845089222356338 -0.06684508922235638 -0.066845089222356255
leaf_weight=0.047917379066348076 168.01829658122733 0.0039931153054217905 0.0039931215797341935 0.007986229844391346 0.0039931356465411358 44.531217612326145 6.8002747124992338 9.1282607121393049 0.98230627086013633
leaf_count=12 42125 2 53 2 125 11154 1703 2286 246
internal_value=-0.0672808 -1.53997 -12.5884 -0.066845 -0.0668449 -0.0668451 -0.0668451 -0.0668451 -0.0668451
internal_weight=229.528 0.067883 0.00798624 0.0598967 0.0119794 229.46 61.4421 16.9108 10.1106
internal_count=57708 194 55 139 127 57514 15389 4235 2532
is_linear=0
shrinkage=0.1


Tree=5
num_leaves=31
num_cat=0
split_feature=2 8 7 2 2 2 6 6 2 2 4 4 6 6 7 8 4 6 6 10 6 6 8 8 8 8 10 4 6 6
split_gain=7.10543e-15 7.10543e-15 7.10543e-15 3.55271e-15 3.55271e-15 3.55271e-15 3.55271e-15 3.55271e-15 8.88178e-16 8.88178e-16 8.88178e-16 4.44089e-16 4.44089e-16 4.44089e-16 4.44089e-16 4.44089e-16 2.22045e-16 2.22045e-16 2.22045e-16 4.44089e-16 2.22045e-16 2.22045e-16 2.22045e-16 3.33067e-16 2.22045e-16 2.22045e-16 2.22045e-16 1.11022e-16 1.11022e-16 2.22045e-16
threshold=16.500000000000004 10086.500000000002 1834.5000000000002 9.5000000000000018 8.5000000000000018 5.5000000000000009 1164.5000000000002 327.50000000000006 14.500000000000002 6.5000000000000009 38.500000000000007 27.500000000000004 775.50000000000011 84.500000000000014 214.50000000000003 1113.5000000000002 23.500000000000004 1863.5000000000002 -323.49999999999994 0.72111111111111115 -637.49999999999989 -1079.4999999999998 934.50000000000011 609.50000000000011 -1449.4999999999998 6207.5000000000009 0.61651583710407254 20.500000000000004 1331.5000000000002 954.50000000000011
decision_type=2 2 2 2 2 2 2 2 2 2 2 2 2 2 2 2 2 2 2 2 2 2 2 2 2 2 2 2 2 2
left_child=1 2 3 4 5 6 7 -1 10 14 -4 16 13 18 22 24 26 28 19 20 21 -11 23 -7 -9 -17 27 -3 29 -5
right_child=-2 11 8 17 -6 9 -8 15 -10 12 -12 -13 -14 -15 -16 25 -18 -19 -20 -21 -22 -23 -24 -25 -26 -27 -28 -29 -30 -31
leaf_value=-0.066717261073272374 -0.066717261072601272 -0.06671726107327007 -0.06671726107328145 -0.066717261073054812 -0.066717261073195241 -0.066717261073246242 -0.066717261073281658 -0.066717261073270986 -0.066717261073278619 -0.066717261073235445 -0.066717261073282436 -0.066717261073260842 -0.066717261073259385 -0.06671726107317659 -0.066717261073269335 -0.066717261073279216 -0.066717261073246922 -0.066717261073121828 -0.066717261073226938 -0.066717261073260495 -0.06671726107314252 -0.066717261073229422 -0.066717261073244938 -0.066717261073220013 -0.066717261073277925 -0.066717261073282616 -0.066717261073260717 -0.06671726107324305 -0.066717261072821693 -0.066717261073059683
leaf_weight=26.927267415486064 0.029555427294595371 1.5641641322638786 10.045434908266111 1.3652333799715686 1.3334044548426209 2.1336744750371341 5.9690594888641177 2.1939220750228516 0.028418679721654239 1.649420172579271 0.32169945444911796 0.29896451079981767 1.3891050654345374 0.85483388781965963 1.9256497384504427 1.8347099629579706 0.18301629753547155 0.16141810133108414 0.57178383663889265 0.29441752204435312 0.36944283740479189 0.48652779734679952 0.85824412823405039 0.104580741503708 1.3834213289781137 0.34443439822643984 0.29669101642208517 0.16482834251361311 0.11253797272193256 0.14550364081498135
leaf_count=23746 29 1379 8842 1245 1187 1887 5252 1934 25 1460 283 264 1227 768 1696 1618 162 146 506 260 331 434 761 94 1221 303 262 146 107 133
internal_value=-0.0667173 -0.0667173 -0.0667173 -0.0667173 -0.0667173 -0.0667173 -0.0667173 -0.0667173 -0.0667173 -0.0667173 -0.0667173 -0.0667173 -0.0667173 -0.0667173 -0.0667173 -0.0667173 -0.0667173 -0.0667173 -0.0667173 -0.0667173 -0.0667173 -0.0667173 -0.0667173 -0.0667173 -0.0667173 -0.0667173 -0.0667173 -0.0667173 -0.0667173 -0.0667173
internal_weight=65.3414 65.3118 62.8041 52.4086 50.6239 49.2905 38.6528 32.6838 10.3956 10.6377 10.3671 2.50766 5.61553 4.22643 5.02215 5.75649 2.2087 1.78469 3.37159 2.79981 2.50539 2.13595 3.0965 2.23826 3.57734 2.17914 2.02568 1.72899 1.62327 1.51074
internal_count=57708 57679 55466 46316 44685 43498 34074 28822 9150 9424 9125 2213 4986 3759 4438 5076 1949 1631 2991 2485 2225 1894 2742 1981 3155 1921 1787 1525 1485 1378
is_linear=0
shrinkage=0.1


Tree=6
num_leaves=7
num_cat=0
split_feature=5 7 0 0 8 0
split_gain=8.52651e-14 5.95919e-13 6.80646e-13 1.42109e-14 4.44089e-16 2.77556e-17
threshold=65.500000000000014 -2533.4999999999995 9.5000000000000018 12.500000000000002 1.0000000180025095e-35 14.500000000000002
decision_type=2 2 2 2 2 2
left_child=1 -1 -3 -2 5 -5
right_child=3 2 -4 4 -6 -7
leaf_value=0.066867261217249882 0.066867261101276526 0.066865526421991325 0.066867264540277624 0.066867261101276443 0.066867261101276512 0.066867261101275818
leaf_weight=0.06280891364447623 253.90951034612954 0.0045258326916665509 0.0044863512739539146 0.34993536304682438 3.4500037715770304 0.094213366974145174
leaf_count=18 56646 175 1 78 769 21
internal_value=0.0668673 0.0668672 0.0668664 0.0668673 0.0668673 0.0668673
internal_weight=257.875 0.0718211 0.00901218 257.804 3.89415 0.444149
internal_count=57708 194 176 57514 868 99
is_linear=0
shrinkage=0.1


Tree=7
num_leaves=5
num_cat=0
split_feature=5 7 5 6
split_gain=2.84217e-14 1.27419e-13 2.85951e-13 1.42109e-14
threshold=68.500000000000014 -2533.4999999999995 63.500000000000007 -71.499999999999986
decision_type=2 2 2 2
left_child=1 -1 -3 -2
right_child=3 2 -4 -5
leaf_value=-0.066822771248512922 -0.066822772465358796 -0.066821665002752023 -0.066822772465349164 -0.066822772465358657
leaf_weight=0.090893650496390199 97.56384250614768 0.0034978910151358678 0.0069918190129101276 103.27965454920219
leaf_count=30 27939 175 2 29562
internal_value=-0.0668228 -0.0668227 -0.0668224 -0.0668228
internal_weight=200.945 0.101383 0.0104897 200.843
internal_count=57708 207 177 57501
is_linear=0
shrinkage=0.1


Tree=8
num_leaves=10
num_cat=0
split_feature=5 7 5 5 5 5 10 10 9
split_gain=1.77636e-14 1.10277e-13 3.55271e-15 4.44089e-16 4.44089e-16 4.44089e-16 4.44089e-16 1.38778e-17 3.46945e-18
threshold=65.500000000000014 -2533.4999999999995 154.50000000000003 201.50000000000003 194.50000000000003 187.50000000000003 0.90238095238095251 0.54919354838709689 17.845238095238098
decision_type=2 2 2 2 2 2 2 2 2
left_child=1 -1 -2 4 5 6 -4 -7 -6
right_child=2 -3 3 -5 8 7 -8 -9 -10
leaf_value=-0.066710951030846691 -0.066710951033290847 -0.066710161725541492 -0.066710951033290902 -0.066710951033286434 -0.066710951033287003 -0.066710951033289598 -0.066710951033288002 -0.066710951033289861 -0.066710951033288265
leaf_weight=0.01393130801053169 48.440150377922691 0.0020277413864645258 8.4543133098632008 0.026867521111854198 0.030847894609906557 0.094533870578744295 0.041793921729550543 0.067666349466890097 0.025872427737340331
leaf_count=18 48725 176 8500 27 31 95 42 68 26
internal_value=-0.066711 -0.0667109 -0.066711 -0.066711 -0.066711 -0.066711 -0.066711 -0.066711 -0.066711
internal_weight=57.198 0.015959 57.182 8.7419 8.71503 8.65831 8.49611 0.1622 0.0567203
internal_count=57708 194 57514 8789 8762 8705 8542 163 57
is_linear=0
shrinkage=0.1


Tree=9
num_leaves=8
num_cat=0
split_feature=5 7 8 2 2 6 6
split_gain=4.26326e-14 2.61548e-13 6.06348e-13 1.42109e-14 2.22045e-16 2.22045e-16 7.37257e-18
threshold=67.500000000000014 -2575.4999999999995 -6124.4999999999991 11.500000000000002 14.500000000000002 -1640.4999999999998 1140.5000000000002
decision_type=2 2 2 2 2 2 2
left_child=1 -1 -3 -2 5 -5 -4
right_child=3 2 6 4 -6 -7 -8
leaf_value=0.06684216013563625 0.066842159920865618 0.066840643366794003 0.066842157570793689 0.066842159920865271 0.066842159920865493 0.066842159920865618 0.066842163656825326
leaf_weight=0.070703634992316994 222.66930860280991 0.0039625247701910492 0.0039279870700512694 0.32995028793811876 0.44386169686913479 2.254660300910472 0.0039279842751483631
leaf_count=21 56738 18 132 84 113 574 28
internal_value=0.0668422 0.0668421 0.0668417 0.0668422 0.0668422 0.0668422 0.0668422
internal_weight=225.78 0.0825221 0.0118185 225.698 3.02847 2.58461 0.00785597
internal_count=57708 199 178 57509 771 658 160
is_linear=0
shrinkage=0.1


Tree=10
num_leaves=4
num_cat=0
split_feature=5 7 5
split_gain=2.84217e-14 1.37848e-13 3.25032e-13
threshold=67.500000000000014 -2668.4999999999995 63.500000000000007
decision_type=2 2 2
left_child=1 -1 -3
right_child=-2 2 -4
leaf_value=-0.066803241942224853 -0.066803241835045643 -0.066801982332518162 -0.06680324425143086
leaf_weight=0.055088610749231437 175.85201984876767 0.0030622189241619191 0.0061209618579596281
leaf_count=19 57509 178 2
internal_value=-0.0668032 -0.0668032 -0.0668028
internal_weight=175.916 0.0642718 0.00918318
internal_count=57708 199 180
is_linear=0
shrinkage=0.1


Tree=11
num_leaves=6
num_cat=0
split_feature=5 6 3 5 6
split_gain=1.42109e-14 7.39565e-14 3.55271e-15 1.11022e-16 1.11022e-16
threshold=65.500000000000014 -2207.4999999999995 1.5000000000000002 174.50000000000003 -1787.4999999999998
decision_type=2 2 2 2 2
left_child=1 -1 3 4 -2
right_child=2 -3 -4 -5 -6
leaf_value=-0.066705424636898172 -0.066705424328571558 -0.066704733772400243 -0.066705424328571947 -0.066705424328570059 -0.066705424328571947
leaf_weight=0.012194913310485542 0.15243637753883366 0.0017749929925455358 48.693405375990551 0.031358340522274264 1.1776798996143032
leaf_count=19 175 175 55951 36 1352
internal_value=-0.0667054 -0.0667053 -0.0667054 -0.0667054 -0.0667054
internal_weight=50.0688 0.0139699 50.0549 1.36147 1.33012
internal_count=57708 194 57514 1563 1527
is_linear=0
shrinkage=0.1


Tree=12
num_leaves=5
num_cat=0
split_feature=5 6 9 3
split_gain=4.26326e-14 1.35898e-13 4.57642e-13 1.42109e-14
threshold=69.500000000000014 -1669.4999999999998 3.202040816326531 5.5000000000000009
decision_type=2 2 2 2
left_child=1 -1 -3 -2
right_child=3 2 -4 -5
leaf_value=0.066820211488757539 0.066820211507589586 0.066818882941830485 0.066820210634028321 0.066820211507589586
leaf_weight=0.099728773348443822 122.04049266129732 0.0034691519881427388 0.01031677657738328 75.515305972425267
leaf_count=42 35513 166 3 21984
internal_value=0.0668202 0.0668202 0.0668199 0.0668202
internal_weight=197.669 0.113515 0.0137859 197.556
internal_count=57708 211 169 57497
is_linear=0
shrinkage=0.1


Tree=13
num_leaves=7
num_cat=0
split_feature=5 7 5 0 4 6
split_gain=2.84217e-14 1.54106e-13 3.62705e-13 1.42109e-14 7.10543e-15 2.22045e-16
threshold=67.500000000000014 -2668.4999999999995 63.500000000000007 4.5000000000000009 35.500000000000007 -15.499999999999998
decision_type=2 2 2 2 2 2
left_child=1 -1 -3 -2 -5 -6
right_child=3 2 -4 4 5 -7
leaf_value=-0.066786166391256965 -0.066786166588786416 -0.066784743824416987 -0.066786168574435131 -0.066786166588786416 -0.06678616658878625 -0.066786166588786416
leaf_weight=0.04822520202726166 75.475117599358782 0.0026807074189518776 0.0053583639673888683 75.526021977420896 0.55458980309776995 2.387147413333877
leaf_count=19 28204 178 2 28207 207 891
internal_value=-0.0667862 -0.0667861 -0.0667857 -0.0667862 -0.0667862 -0.0667862
internal_weight=153.999 0.0562643 0.00803907 153.943 78.4678 2.94174
internal_count=57708 199 180 57509 29305 1098
is_linear=0
shrinkage=0.1


Tree=14
num_leaves=14
num_cat=0
split_feature=1 5 5 4 2 4 4 1 4 7 7 7 4
split_gain=3.55271e-15 7.54952e-15 2.09815e-14 2.80687e-14 3.55271e-15 3.55271e-15 3.55271e-15 4.44089e-16 4.44089e-16 2.22045e-16 1.11022e-16 1.11022e-16 1.38778e-17
threshold=5.5000000000000009 65.500000000000014 61.000000000000007 6.5000000000000009 13.500000000000002 54.500000000000007 39.500000000000007 9.5000000000000018 11.500000000000002 -1758.4999999999998 -1813.4999999999998 -1968.4999999999998 23.500000000000004
decision_type=2 2 2 2 2 2 2 2 2 2 2 2 2
left_child=4 2 3 -2 5 6 -1 8 9 10 11 -3 -6
right_child=1 7 -4 -5 12 -7 -8 -9 -10 -11 -12 -13 -14
leaf_value=-0.066700587248468404 -0.066700587245403495 -0.066700587248482199 -0.066700587694429034 -0.06669998332150727 -0.066700587248176721 -0.066700587248482254 -0.066700587248467322 -0.066700587248481755 -0.06670058724848224 -0.066700587248482199 -0.066700587248480186 -0.066700587248481644 -0.066700587247935497
leaf_weight=37.294189297936448 0.0015249506221271998 1.1505751477670854 0.0083872318500652909 0.001553692304787422 0.14334534772215651 0.054898217786102488 0.60540534639733223 0.1166587127954698 3.1543600969598629 1.1429503952967932 0.042698613833636379 0.094546930631622561 0.016011980443745799
leaf_count=49059 3 1509 11 68 198 72 796 153 4137 1499 56 124 23
internal_value=-0.0667006 -0.0667006 -0.0667005 -0.0667003 -0.0667006 -0.0667006 -0.0667006 -0.0667006 -0.0667006 -0.0667006 -0.0667006 -0.0667006 -0.0667006
internal_weight=43.8271 5.71326 0.0114659 0.00307864 38.1139 37.9545 37.8996 5.70179 5.58513 2.43077 1.28782 1.24512 0.159357
internal_count=57708 7560 82 71 50148 49927 49855 7478 7325 3188 1689 1633 221
is_linear=0
shrinkage=0.1


Tree=15
num_leaves=9
num_cat=0
split_feature=1 5 6 6 6 8 4 4
split_gain=1.42109e-14 2.84217e-14 1.83974e-13 2.04991e-13 5.55112e-17 2.77556e-17 3.46945e-18 3.46945e-18
threshold=9.5000000000000018 67.500000000000014 -762.49999999999989 1185.5000000000002 -963.49999999999989 -4615.4999999999991 22.500000000000004 9.5000000000000018
decision_type=2 2 2 2 2 2 2 2
left_child=1 2 6 -4 5 -2 7 -1
right_child=4 -3 3 -5 -6 -7 -8 -9
leaf_value=0.066801010818308512 0.066801012893569822 0.066801013014491997 0.066799848125474237 0.066801012534944471 0.066801013014910204 0.06680101301501426 0.066801009905331568 0.066801012099996601
leaf_weight=0.018063718918710947 0.32514682831242681 172.52651712857187 0.0030370676063150594 0.0030106292109036126 0.060212374667133362 0.081286705797549041 0.015053095063619862 0.018063718919692537
leaf_count=6 108 57356 102 27 25 28 20 36
internal_value=0.066801 0.066801 0.0668009 0.0668004 0.066801 0.066801 0.066801 0.066801
internal_weight=173.05 172.584 0.0572282 0.0060477 0.466646 0.406434 0.0511805 0.0361274
internal_count=57708 57547 191 129 161 136 62 42
is_linear=0
shrinkage=0.1


Tree=16
num_leaves=7
num_cat=0
split_feature=5 7 0 0 1 5
split_gain=3.55271e-14 2.50536e-13 2.90529e-13 7.10543e-15 1.11022e-16 1.11022e-16
threshold=65.500000000000014 -2533.4999999999995 9.5000000000000018 12.500000000000002 5.5000000000000009 127.50000000000001
decision_type=2 2 2 2 2 2
left_child=1 -1 -3 -2 5 -5
right_child=3 2 -4 4 -6 -7
leaf_value=-0.066771226993227614 -0.066771230020847824 -0.066769659120100536 -0.066771232914761905 -0.066771230020847741 -0.066771230020847269 -0.066771230020847769
leaf_weight=0.032834251946111448 132.73477274924517 0.0023466422264994949 0.0023453123867511749 0.42449985630810205 0.10788394138216961 1.5033392701297996
leaf_count=18 56646 175 1 181 46 641
internal_value=-0.0667712 -0.0667711 -0.0667704 -0.0667712 -0.0667712 -0.0667712
internal_weight=134.808 0.0375262 0.00469195 134.77 2.03572 1.92784
internal_count=57708 194 176 57514 868 822
is_linear=0
shrinkage=0.1


Tree=17
num_leaves=4
num_cat=0
split_feature=5 7 5
split_gain=7.10543e-15 3.32347e-14 3.55271e-15
threshold=65.500000000000014 -2533.4999999999995 90.500000000000014
decision_type=2 2 2
left_child=1 -1 -2
right_child=2 -3 -4
leaf_value=-0.066696357009061707 -0.066696357436988526 -0.066695827918018966 -0.066696357436988526
leaf_weight=0.0093437020077146993 0.63136702461633731 0.0013599834236505412 37.720508982311003
leaf_count=18 946 176 56568
internal_value=-0.0666964 -0.0666963 -0.0666964
internal_weight=38.3626 0.0107037 38.3519
internal_count=57708 194 57514
is_linear=0
shrinkage=0.1


Tree=18
num_leaves=31
num_cat=0
split_feature=4 4 4 5 10 5 8 2 6 6 6 6 7 7 6 7 7 7 7 7 8 8 8 6 6 8 6 6 6 7
split_gain=2.84217e-14 7.10543e-15 1.42109e-14 2.13163e-14 7.32921e-14 7.10543e-15 3.55271e-15 1.77636e-15 1.77636e-15 1.77636e-15 8.88178e-16 8.88178e-16 8.88178e-16 8.88178e-16 4.44089e-16 4.44089e-16 8.88178e-16 4.44089e-16 4.44089e-16 4.44089e-16 4.44089e-16 4.44089e-16 4.44089e-16 2.22045e-16 2.22045e-16 2.22045e-16 1.11022e-16 5.55112e-17 5.55112e-17 5.55112e-17
threshold=28.500000000000004 25.500000000000004 19.500000000000004 67.500000000000014 0.6478537360890303 110.50000000000001 7916.5000000000009 8.5000000000000018 1234.5000000000002 751.50000000000011 -15.499999999999998 1068.5000000000002 1665.5000000000002 709.50000000000011 4263.0000000000009 444.50000000000006 -309.49999999999994 -413.49999999999994 -432.49999999999994 -1057.4999999999998 6626.5000000000009 3157.5000000000005 -4865.4999999999991 686.50000000000011 390.50000000000006 54.500000000000007 186.50000000000003 18.500000000000004 2763.5000000000005 755.50000000000011
decision_type=2 2 2 2 2 2 2 2 2 2 2 2 2 2 2 2 2 2 2 2 2 2 2 2 2 2 2 2 2 2
left_child=1 2 3 4 -1 11 8 -2 9 10 12 -5 13 15 22 16 17 18 19 -4 21 -3 -10 24 26 -18 27 -12 -13 -15
right_child=7 20 6 5 -6 -7 -8 -9 14 -11 23 28 -14 29 -16 -17 25 -19 -20 -21 -22 -23 -24 -25 -26 -27 -28 -29 -30 -31
leaf_value=0.066784214156490218 0.066784213383201618 0.066784213384247809 0.0667842133825539 0.066784213382560007 0.066783874148131139 0.066784213382559993 0.066784213382553456 0.066784213382549168 0.066784213382559757 0.066784213382558924 0.066784213382554053 0.06678421338255984 0.066784213382559354 0.066784213382557286 0.066784213382559784 0.066784213382549376 0.066784213382538316 0.066784213382552624 0.06678421338255891 0.066784213382556454 0.066784213382557536 0.066784213382558064 0.066784213382559618 0.066784213382559757 0.06678421338255118 0.066784213382537289 0.066784213382559895 0.066784213382551749 0.066784213382559326 0.066784213382539107
leaf_weight=0.031626654092178984 12.010214021897244 4.5753196275328234 5.1841323196424574 12.563680105609816 0.0079298110600222529 97.768465952947736 1.8079892075621469 0.62989711458799824 0.25564861972816277 1.7315581769216937 0.13968429737725763 0.79330138699151653 0.1871242474298932 0.050075502833351937 0.30045301700010885 0.3268085448071617 0.82492802036008228 0.22929309192114811 0.055346608394756802 1.4258340543602033 0.70632814522833864 0.90399460378104191 5.0259991528000816 0.25301306694746006 1.1359232484829425 0.51393279223711541 0.7801236230880022 0.61144824512306606 0.10015100566670299 0.56137274228976464
leaf_count=99 4568 1742 1974 4767 27 37146 693 243 97 658 53 301 71 19 114 126 318 88 21 544 269 344 1908 96 437 202 296 235 38 214
internal_value=0.0667842 0.0667842 0.0667842 0.0667842 0.0667841 0.0667842 0.0667842 0.0667842 0.0667842 0.0667842 0.0667842 0.0667842 0.0667842 0.0667842 0.0667842 0.0667842 0.0667842 0.0667842 0.0667842 0.0667842 0.0667842 0.0667842 0.0667842 0.0667842 0.0667842 0.0667842 0.0667842 0.0667842 0.0667842 0.0667842
internal_weight=151.492 138.851 132.666 111.265 0.0395565 111.226 21.4007 12.6401 19.5927 14.0106 12.279 13.4571 9.35885 9.17172 5.5821 8.56028 8.23347 6.89461 6.66531 6.60997 6.18564 5.47931 5.28165 2.92019 2.66718 1.33886 1.53126 0.751133 0.893452 0.611448
internal_count=57708 52897 50542 42378 126 42252 8164 4811 7471 5352 4694 5106 3577 3506 2119 3273 3147 2627 2539 2518 2355 2086 2005 1117 1021 520 584 288 339 233
is_linear=0
shrinkage=0.1


Tree=19
num_leaves=12
num_cat=0
split_feature=5 7 5 0 5 0 2 6 6 6 6
split_gain=4.26326e-14 2.85272e-13 3.26281e-13 7.10543e-15 7.10543e-15 8.88178e-16 8.88178e-16 1.11022e-16 5.55112e-17 2.77556e-17 2.77556e-17
threshold=65.500000000000014 -2533.4999999999995 63.500000000000007 8.5000000000000018 90.500000000000014 16.500000000000004 7.5000000000000009 1744.5000000000002 4451.5000000000009 1487.5000000000002 1305.5000000000002
decision_type=2 2 2 2 2 2 2 2 2 2 2
left_child=1 -1 -3 4 -2 6 -5 9 -9 10 -8
right_child=3 2 -4 5 -6 -7 7 8 -10 -11 -12
leaf_value=-0.066758160413016326 -0.066758165070218603 -0.066756378388890328 -0.066758160999599345 -0.066758165080929827 -0.066758165080929799 -0.066758165080928952 -0.066758165080929396 -0.066758165080929743 -0.066758165080929452 -0.066758165080928633 -0.066758165080928453
leaf_weight=0.028741646860140579 1.8333059530705202 0.0020541541558563017 0.0020529809407889843 12.180295861558983 102.33871033252217 0.14165521902032274 0.28741638641804534 0.8868848495185373 0.19708552211523056 0.057483277283608913 0.04927138052880764
leaf_count=18 893 175 1 5933 49899 69 140 432 96 28 24
internal_value=-0.0667582 -0.066758 -0.0667573 -0.0667582 -0.0667582 -0.0667582 -0.0667582 -0.0667582 -0.0667582 -0.0667582 -0.0667582
internal_weight=118.005 0.0328488 0.00410714 117.972 104.172 13.8001 13.6584 1.47814 1.08397 0.394171 0.336688
internal_count=57708 194 176 57514 50792 6722 6653 720 528 192 164
is_linear=0
shrinkage=0.1


Tree=20
num_leaves=31
num_cat=0
split_feature=1 2 4 4 1 5 5 10 1 6 5 6 6 6 8 6 6 6 7 7 7 8 8 8 8 8 8 8 8 8
split_gain=5.32907e-15 3.55271e-15 3.55271e-15 3.55271e-15 1.77636e-15 3.9968e-15 9.16194e-15 1.2588e-14 1.77636e-15 1.77636e-15 8.88178e-16 8.88178e-16 8.88178e-16 8.88178e-16 8.88178e-16 4.44089e-16 4.44089e-16 4.44089e-16 4.44089e-16 4.44089e-16 4.44089e-16 4.44089e-16 8.88178e-16 8.88178e-16 4.44089e-16 4.44089e-16 4.44089e-16 4.44089e-16 4.44089e-16 4.44089e-16
threshold=10.500000000000002 11.500000000000002 40.500000000000007 39.500000000000007 4.5000000000000009 65.500000000000014 61.000000000000007 0.52277432712215333 1.5000000000000002 1597.5000000000002 172.50000000000003 105.50000000000001 18.500000000000004 -91.499999999999986 6511.5000000000009 -151.49999999999997 3646.5000000000005 3465.5000000000005 3593.5000000000005 3086.5000000000005 -1.0000000180025095e-35 3975.5000000000005 1568.5000000000002 441.50000000000006 281.50000000000006 -1501.4999999999998 -3511.4999999999995 12319.000000000002 6415.5000000000009 6207.5000000000009
decision_type=2 2 2 2 2 2 2 2 2 2 2 2 2 2 2 2 2 2 2 2 2 2 2 2 2 2 2 2 2 2
left_child=1 2 3 4 8 6 7 -6 15 11 16 12 13 21 28 -1 17 18 19 20 -7 22 23 24 25 26 -10 -11 29 -13
right_child=-2 -3 -4 -5 5 10 -8 -9 9 27 -12 14 -14 -15 -16 -17 -18 -19 -20 -21 -22 -23 -24 -25 -26 -27 -28 -29 -30 -31
leaf_value=-0.066692649426442915 -0.06669264942627702 -0.066692649432484763 -0.066692649426435255 -0.06669264942639791 -0.066692649250609123 -0.066692649426593489 -0.066692649583436722 -0.066692187205210265 -0.066692649426430647 -0.066692649426441097 -0.066692649426435699 -0.066692649426432007 -0.066692649426442582 -0.066692649426417325 -0.06669264942643198 -0.066692649426438919 -0.066692649426440986 -0.066692649426434839 -0.066692649426435699 -0.066692649426436809 -0.066692649426443013 -0.066692649426426928 -0.066692649426430411 -0.06669264942642425 -0.066692649426413134 -0.066692649426435199 -0.066692649427045433 -0.066692649426419559 -0.066692649426303083 -0.066692649426375428
leaf_weight=1.2443041463848201 0.022198853443874067 0.45098723764566884 0.4790278874687236 0.081785249186245745 0.0011683685982930201 6.3371884419466271 0.0058418055414222181 0.0011903651647093096 3.0435796273266806 3.6628107973607849 0.016357049811632218 4.5642010797168826 0.31428902852349061 0.4539081325289932 0.61455772889318261 4.6652642791859611 0.060170576092787864 0.014604508760385992 0.016357049811632218 0.019277951563709261 1.6649139986839134 0.83771462300804156 1.0702184024733741 0.71795765117288279 0.11508352915992226 1.3617243972025823 1.5212056345424816 0.14546090738152306 0.024535574845533925 0.050823690614227313
leaf_count=2133 39 812 821 141 41 10851 10 38 5223 6272 28 7838 541 779 1054 7996 103 25 28 33 2852 1440 1839 1239 198 2337 2615 250 43 89
internal_value=-0.0666926 -0.0666926 -0.0666926 -0.0666926 -0.0666926 -0.0666926 -0.0666926 -0.0666924 -0.0666926 -0.0666926 -0.0666926 -0.0666926 -0.0666926 -0.0666926 -0.0666926 -0.0666926 -0.0666926 -0.0666926 -0.0666926 -0.0666926 -0.0666926 -0.0666926 -0.0666926 -0.0666926 -0.0666926 -0.0666926 -0.0666926 -0.0666926 -0.0666926 -0.0666926
internal_weight=33.5787 33.5565 33.1055 32.6265 32.5447 8.13707 0.00820054 0.00235873 24.4076 18.4981 8.12887 14.6898 9.43568 9.12139 5.25412 5.90957 8.11251 8.05234 8.03774 8.02138 8.0021 8.66748 7.82977 6.75955 6.04159 5.92651 4.56479 3.80827 4.63956 4.61502
internal_count=57708 57669 56857 56036 55895 14009 89 79 41886 31757 13920 25235 16211 15670 9024 10129 13892 13789 13764 13736 13703 14891 13451 11612 10373 10175 7838 6522 7970 7927
is_linear=0
shrinkage=0.1


Tree=21
num_leaves=14
num_cat=0
split_feature=1 8 2 5 8 8 2 7 7 7 7 7 8
split_gain=1.42109e-14 2.13163e-14 7.10543e-15 1.42109e-14 4.80744e-14 1.21724e-13 1.77636e-15 5.55112e-17 2.77556e-17 1.38778e-17 1.38778e-17 6.93889e-18 1.73472e-18
threshold=10.500000000000002 3551.5000000000005 11.500000000000002 65.500000000000014 -8145.9999999999991 -6124.4999999999991 15.500000000000002 778.50000000000011 -74.499999999999986 -894.49999999999989 -1592.4999999999998 512.50000000000011 -2140.4999999999995
decision_type=2 2 2 2 2 2 2 2 2 2 2 2 2
left_child=1 2 3 4 -1 -6 -3 8 9 10 -4 -10 -7
right_child=-2 6 7 -5 5 12 -8 -9 11 -11 -12 -13 -14
leaf_value=0.066769520243813996 0.06676951871092715 0.066769518710962414 0.06676951874310276 0.06676951871112248 0.066768636318357846 0.066769521518556724 0.066769518710942027 0.066769518710936018 0.066769518710830075 0.06676951871077573 0.066769518710846368 0.066769518710889084 0.066769525158275334
leaf_weight=0.027685584269912314 0.087671011686352496 34.913826838136387 0.09689954668283475 96.897232102928683 0.002327387691355284 0.0023071432960083665 0.087671011686338285 0.19841334223751511 0.087671011686409103 0.11074233055130406 0.048449769616169577 0.050756901502637633 0.002307137242341102
leaf_count=19 39 15187 42 42042 11 41 39 89 44 53 24 24 54
internal_value=0.0667695 0.0667695 0.0667695 0.0667695 0.0667695 0.0667692 0.0667695 0.0667695 0.0667695 0.0667695 0.0667695 0.0667695 0.0667695
internal_weight=132.614 132.526 97.5248 96.9319 0.0346273 0.00694167 35.0015 0.592933 0.39452 0.256092 0.145349 0.138428 0.00461428
internal_count=57708 57669 42443 42167 125 106 15226 276 187 119 66 68 95
is_linear=0
shrinkage=0.1


Tree=22
num_leaves=9
num_cat=0
split_feature=5 5 4 4 4 5 5 5
split_gain=4.26326e-14 1.45729e-13 1.87016e-13 2.76646e-13 7.10543e-15 1.77636e-15 2.22045e-16 1.38778e-17
threshold=65.500000000000014 61.000000000000007 4.5000000000000009 28.500000000000004 9.5000000000000018 105.50000000000001 82.500000000000014 79.500000000000014
decision_type=2 2 2 2 2 2 2 2
left_child=1 2 -1 -4 5 6 7 -2
right_child=4 -3 3 -5 -6 -7 -8 -9
leaf_value=-0.066746716738712117 -0.066746726248700192 -0.066746726516972013 -0.06674481970316623 -0.066746574136073919 -0.066746726248700414 -0.066746726248702745 -0.066746726248702717 -0.066746726248701774
leaf_weight=0.0035940718605461655 0.10422807652503552 0.021564454305917025 0.0017980627260920645 0.0017970378510661078 71.865258766105399 28.926885307300836 2.3002058267593384 0.068287360481917858
leaf_count=4 58 12 162 16 39991 16147 1280 38
internal_value=-0.0667467 -0.0667466 -0.0667462 -0.0667457 -0.0667467 -0.0667467 -0.0667467 -0.0667467
internal_weight=103.294 0.0287536 0.00718917 0.0035951 103.265 31.3996 2.47272 0.172515
internal_count=57708 194 182 178 57514 17523 1376 96
is_linear=0
shrinkage=0.1


Tree=23
num_leaves=29
num_cat=0
split_feature=2 2 1 1 5 10 6 1 1 2 6 6 6 10 10 10 1 4 5 10 5 7 10 1 5 6 10 7
split_gain=3.55271e-15 3.55271e-15 1.77636e-15 1.77636e-15 1.77636e-15 2.03483e-15 2.22045e-16 1.11022e-16 1.11022e-16 1.11022e-16 1.66533e-16 5.55112e-17 5.55112e-17 5.55112e-17 5.55112e-17 5.55112e-17 2.77556e-17 1.38778e-17 1.38778e-17 1.38778e-17 6.93889e-18 6.93889e-18 6.93889e-18 3.46945e-18 3.46945e-18 3.46945e-18 3.46945e-18 1.73472e-18
threshold=9.5000000000000018 8.5000000000000018 7.5000000000000009 6.5000000000000009 75.500000000000014 0.59729729729729741 2493.5000000000005 7.5000000000000009 4.5000000000000009 14.500000000000002 1305.5000000000002 751.50000000000011 559.50000000000011 0.7231800766283526 0.64051282051282066 0.57979626485568769 4.5000000000000009 21.500000000000004 155.50000000000003 0.64400921658986188 144.50000000000003 1612.5000000000002 0.63484848484848488 3.5000000000000004 152.50000000000003 666.50000000000011 0.81365740740740755 1505.5000000000002
decision_type=2 2 2 2 2 2 2 2 2 2 2 2 2 2 2 2 2 2 2 2 2 2 2 2 2 2 2 2
left_child=1 2 3 4 5 -1 9 8 -3 10 11 12 -2 -4 15 -5 -12 -10 20 -16 21 -8 -17 -11 -22 -14 -15 -18
right_child=6 7 13 14 -6 -7 18 -9 17 23 16 -13 25 26 19 22 27 -19 -20 -21 24 -23 -24 -25 -26 -27 -28 -29
leaf_value=-0.066689404019454376 -0.066689403786555065 -0.066689403780237286 -0.066689403791038104 -0.066689403780235593 -0.066689403780287995 -0.066689335970696637 -0.066689403779948683 -0.066689403780105475 -0.066689403780184467 -0.0666894037801362 -0.066689403780176543 -0.066689403780012216 -0.06668940378018004 -0.06668940378005267 -0.06668940378028225 -0.066689403780287357 -0.06668940377952419 -0.066689403780171436 -0.066689403780286885 -0.066689403796749466 -0.0666894037802859 -0.066689403780287135 -0.066689403780282069 -0.066689403779406672 -0.066689403780281473 -0.066689403780283915 -0.066689403780282069 -0.066689403780282069
leaf_weight=0.015339700616903484 0.59415738356745995 0.69335404867262707 0.62023485731243766 0.66829921953480664 25.590184363594744 0.0061551291609602812 0.017384983738959803 0.016362337523643466 0.14112516067619335 0.038860551570617546 0.20964244890522579 0.13754590039656212 0.027611444483083947 0.037326582566991395 0.012783076090272516 0.10533254698384553 0.015339691820705575 0.025566152308639623 0.059824796102475375 0.17589512765411341 0.03170202870387584 0.077209779585245997 0.011249106959439814 0.01329439964626164 0.010226460872218013 0.01636233739554882 0.011249106959439814 0.011249106959439814
leaf_count=79 1200 1366 1231 1315 50097 26 36 33 279 78 418 282 55 74 25 206 34 51 117 345 62 151 22 30 20 32 22 22
internal_value=-0.0666894 -0.0666894 -0.0666894 -0.0666894 -0.0666894 -0.0666894 -0.0666894 -0.0666894 -0.0666894 -0.0666894 -0.0666894 -0.0666894 -0.0666894 -0.0666894 -0.0666894 -0.0666894 -0.0666894 -0.0666894 -0.0666894 -0.0666894 -0.0666894 -0.0666894 -0.0666894 -0.0666894 -0.0666894 -0.0666894 -0.0666894 -0.0666894
internal_weight=29.3909 28.1305 27.254 26.5852 25.6117 0.0214948 1.26041 0.876408 0.860045 1.06406 1.01191 0.775677 0.638131 0.668811 0.973559 0.784881 0.236231 0.166691 0.196348 0.188678 0.136523 0.0945948 0.116582 0.052155 0.0419285 0.0439738 0.0485757 0.0265888
internal_count=57708 55171 53442 52115 50202 105 2537 1729 1696 2151 2043 1569 1287 1327 1913 1543 474 330 386 370 269 187 228 108 82 87 96 56
is_linear=0
shrinkage=0.1


Tree=24
num_leaves=31
num_cat=0
split_feature=4 10 4 6 2 2 4 5 5 5 5 7 0 4 4 4 5 5 5 7 8 0 4 5 5 6 8 8 8 10
split_gain=1.42109e-14 1.42109e-14 1.42109e-14 7.10543e-15 1.77636e-15 8.88178e-16 8.88178e-16 4.44089e-16 4.44089e-16 4.44089e-16 4.44089e-16 4.44089e-16 2.22045e-16 2.22045e-16 2.22045e-16 2.22045e-16 2.22045e-16 1.11022e-16 1.11022e-16 1.11022e-16 1.11022e-16 5.55112e-17 5.55112e-17 5.55112e-17 5.55112e-17 5.55112e-17 5.55112e-17 5.55112e-17 5.55112e-17 5.55112e-17
threshold=34.500000000000007 0.70900537634408611 32.500000000000007 1379.5000000000002 12.500000000000002 10.500000000000002 18.500000000000004 186.50000000000003 175.50000000000003 172.50000000000003 166.50000000000003 512.50000000000011 3.5000000000000004 31.500000000000004 26.500000000000004 25.500000000000004 131.50000000000003 95.500000000000014 135.50000000000003 -3730.4999999999995 -1.0000000180025095e-35 1.5000000000000002 29.500000000000004 166.50000000000003 160.50000000000003 -2041.4999999999998 -752.49999999999989 -1215.4999999999998 -2331.4999999999995 0.85092592592592597
decision_type=2 2 2 2 2 2 2 2 2 2 2 2 2 2 2 2 2 2 2 2 2 2 2 2 2 2 2 2 2 2
left_child=1 2 3 -1 5 6 7 8 9 10 11 -3 21 14 15 16 19 -4 -18 -8 26 25 -16 24 -20 -2 27 28 -21 -7
right_child=12 4 17 -5 -6 29 13 -9 -10 -11 -12 -13 -14 -15 22 -17 18 -19 23 20 -22 -23 -24 -25 -26 -27 -28 -29 -30 -31
leaf_value=0.066756665441474836 0.066756665461917039 0.066756665461917206 0.066756665461427708 0.066756665461916595 0.066756665461855713 0.066756665461830567 0.066756665461916484 0.066756665461914874 0.066756665461916262 0.066756665461915707 0.066756665461916748 0.066756665461916817 0.066756665461917525 0.066756665461917358 0.066756665461913597 0.066756665461917261 0.066756665461917206 0.066756665461917483 0.066756665461917483 0.066756665461892128 0.066756665461916692 0.066756665461914597 0.066756665461906686 0.066756665461917025 0.066756665461916886 0.066756665461900386 0.066756665461916206 0.06675666546191604 0.066756665461916664 0.066756665461875045
leaf_weight=76.372234462100167 0.13329189503565431 4.9398784129880395 0.04645020584592785 21.445858081570051 0.28274038340909413 0.42613014928093007 0.056548076681792625 0.044430631678552213 0.092900411691517415 0.064626373350621047 0.14944848837331015 3.0960071983281692 3.0778310308232903 0.32111229258589435 0.57153948931956433 0.21407486172392953 0.17974210088141251 1.1834704619832335 0.83408413105644263 0.6866552168504706 0.28677953174337978 0.76137946103701126 0.21811401005985775 0.12925274670124054 0.10299828252755105 0.14944848837332048 0.050489354180172086 0.044430631678551435 0.07068509585224092 0.052508928347395178
leaf_count=38008 66 2447 27 10628 148 216 28 22 46 32 74 1534 1524 159 284 106 89 586 413 342 142 378 110 64 51 75 25 22 35 27
internal_value=0.0667567 0.0667567 0.0667567 0.0667567 0.0667567 0.0667567 0.0667567 0.0667567 0.0667567 0.0667567 0.0667567 0.0667567 0.0667567 0.0667567 0.0667567 0.0667567 0.0667567 0.0667567 0.0667567 0.0667567 0.0667567 0.0667567 0.0667567 0.0667567 0.0667567 0.0667567 0.0667567 0.0667567 0.0667567 0.0667567
internal_weight=116.085 111.963 99.048 97.8181 12.9152 12.6324 12.1538 8.38729 8.34286 8.24996 8.18533 8.03589 4.12195 3.76651 3.44539 2.65574 2.44167 1.22992 1.24608 1.19559 1.13904 1.04412 0.789653 1.06634 0.937082 0.28274 0.85226 0.801771 0.75734 0.478639
internal_count=57708 55665 49249 48636 6416 6268 6025 4155 4133 4087 4055 3981 2043 1870 1711 1317 1211 613 617 594 566 519 394 528 464 141 424 399 377 243
is_linear=0
shrinkage=0.1


Tree=25
num_leaves=6
num_cat=0
split_feature=5 7 5 1 6
split_gain=5.68434e-14 3.62144e-13 4.12296e-13 7.10543e-15 4.44089e-16
threshold=65.500000000000014 -2533.4999999999995 63.500000000000007 1.0000000180025095e-35 -1346.4999999999998
decision_type=2 2 2 2 2
left_child=1 -1 -3 4 -2
right_child=3 2 -4 -5 -6
leaf_value=-0.066736721198979984 -0.066736726945791428 -0.06673443004663196 -0.066736719311448325 -0.066736726945699584 -0.066736726945791719
leaf_weight=0.022021574037627167 0.20448592724278558 0.001573881003333443 0.0015729739097878337 85.662300861207768 4.5222849294077596
leaf_count=18 130 175 1 54508 2876
internal_value=-0.0667367 -0.0667366 -0.0667356 -0.0667367 -0.0667367
internal_weight=90.4142 0.0251684 0.00314685 90.3891 4.72677
internal_count=57708 194 176 57514 3006
is_linear=0
shrinkage=0.1


Tree=26
num_leaves=19
num_cat=0
split_feature=8 0 7 7 7 4 7 7 7 7 7 7 7 7 7 2 7 7
split_gain=5.32907e-15 1.77636e-15 1.77636e-15 8.88178e-16 1.77636e-15 6.66134e-16 2.22045e-16 2.22045e-16 2.22045e-16 2.22045e-16 2.22045e-16 2.22045e-16 2.22045e-16 1.11022e-16 1.11022e-16 5.55112e-17 2.77556e-17 1.38778e-17
threshold=8938.5000000000018 7.5000000000000009 1862.5000000000002 1505.5000000000002 405.50000000000006 22.500000000000004 1233.5000000000002 1208.5000000000002 1185.5000000000002 1063.5000000000002 966.50000000000011 829.50000000000011 755.50000000000011 2540.5000000000005 444.50000000000006 2.5000000000000004 919.50000000000011 803.50000000000011
decision_type=2 2 2 2 2 2 2 2 2 2 2 2 2 2 2 2 2 2
left_child=1 2 3 4 -1 -3 7 8 9 10 11 12 14 -4 -6 -7 -13 -14
right_child=-2 5 13 -5 6 15 -8 -9 -10 -11 -12 16 17 -15 -16 -17 -18 -19
leaf_value=-0.066686567964704999 -0.066686567987223416 -0.066686567987559606 -0.066686567987241749 -0.066686567987226594 -0.066686567987211592 -0.066686567987243955 -0.066686567987234519 -0.06668656798724347 -0.066686567987206943 -0.066686567987210482 -0.066686567987235643 -0.066686567987235879 -0.066686567987243789 -0.066686567987244205 -0.066686567987217601 -0.066686567987240791 -0.066686567987226761 -0.066686567987177911
leaf_weight=13.436221504806827 1.4845077214942595 3.0186929677729504 1.1237862180395048 0.87629367447252349 0.16290648505100636 0.26673699158709485 0.79260270525132748 0.075635153654729836 0.070712155615955896 0.37907085948906516 0.30656852233810195 0.31507188280816023 0.16514421123429213 1.1184156744566278 1.1501913914345925 0.75500890081170791 0.14948012628597029 0.07787288035042228
leaf_count=30191 3329 6746 2515 1966 366 596 1775 170 159 850 686 705 370 2499 2585 1688 336 176
internal_value=-0.0666866 -0.0666866 -0.0666866 -0.0666866 -0.0666866 -0.0666866 -0.0666866 -0.0666866 -0.0666866 -0.0666866 -0.0666866 -0.0666866 -0.0666866 -0.0666866 -0.0666866 -0.0666866 -0.0666866 -0.0666866
internal_weight=25.7249 24.2404 20.2 17.9578 17.0815 4.04044 3.64526 2.85265 2.77702 2.70631 2.32724 2.02067 1.55611 2.2422 1.3131 1.02175 0.464552 0.243017
internal_count=57708 54379 45349 40335 38369 9030 8178 6403 6233 6074 5224 4538 3497 5014 2951 2284 1041 546
is_linear=0
shrinkage=0.1


Tree=27
num_leaves=31
num_cat=0
split_feature=1 4 4 4 8 10 10 4 8 8 8 8 8 10 4 8 8 4 8 8 8 8 8 8 8 10 10 6 6 6
split_gain=7.10543e-15 7.10543e-15 7.10543e-15 7.10543e-15 3.55271e-15 3.55271e-15 3.55271e-15 1.77636e-15 1.77636e-15 1.77636e-15 1.77636e-15 1.77636e-15 1.77636e-15 1.77636e-15 8.88178e-16 8.88178e-16 8.88178e-16 4.44089e-16 4.44089e-16 4.44089e-16 8.88178e-16 4.44089e-16 4.44089e-16 4.44089e-16 4.44089e-16 4.44089e-16 4.44089e-16 2.22045e-16 2.22045e-16 2.22045e-16
threshold=7.5000000000000009 39.500000000000007 20.500000000000004 13.500000000000002 3909.5000000000005 0.77097902097902116 0.82683658170914553 28.500000000000004 7635.5000000000009 7230.5000000000009 5923.5000000000009 -163.49999999999997 -1029.4999999999998 0.63060428849902539 27.500000000000004 13716.000000000002 5289.0000000000009 38.500000000000007 3089.5000000000005 4884.5000000000009 3762.5000000000005 3350.0000000000005 3024.5000000000005 2199.5000000000005 1568.5000000000002 0.76253132832080206 0.72111111111111115 1094.5000000000002 775.50000000000011 625.50000000000011
decision_type=2 2 2 2 2 2 2 2 2 2 2 2 2 2 2 2 2 2 2 2 2 2 2 2 2 2 2 2 2 2
left_child=1 2 3 4 5 13 9 8 14 10 11 12 -5 -1 -4 -6 19 18 -9 20 21 22 23 24 -13 26 -15 28 29 -2
right_child=27 -3 7 6 15 -7 -8 17 -10 -11 -12 16 -14 25 -16 -17 -18 -19 -20 -21 -22 -23 -24 -25 -26 -27 -28 -29 -30 -31
leaf_value=0.066745424492952912 0.066745424474390344 0.066745424489175351 0.066745424492242883 0.066745424375586601 0.066745424493798236 0.066745424493799263 0.066745424493797292 0.06674542449043834 0.066745424493790145 0.066745424493794961 0.066745424493788452 0.066745424493796446 0.066745424493797362 0.066745424491470196 0.066745424486492219 0.066745424493800234 0.066745424493789549 0.066745424493800373 0.066745424493796154 0.066745424493800332 0.066745424493793629 0.066745424493791894 0.066745424493786051 0.066745424493796945 0.066745424493798236 0.066745424493714761 0.066745424488564603 0.066745424493778058 0.066745424493735078 0.06674542449372918
leaf_weight=27.570758821326741 2.2415826059887372 1.6811869479716239 12.689337449847589 10.516714948793046 12.597411346389197 2.1390496392268892 0.79197870939971693 4.6316612025259616 1.4301579819294801 2.6764637634624924 1.2410023526755356 3.1219517874998051 1.5927964668954189 5.1973602863727351 1.0642213908723182 0.34118725650478232 0.68237451300961893 0.28461734869051714 1.6988650440471804 0.47554078756366003 1.4407648396446182 0.57984155509624624 0.51796821842441332 1.3859627414495124 1.0872029158054104 0.26163582364114013 1.4849600802408902 0.11313981562854714 0.038891811622325245 0.037124002004440437
leaf_count=15659 1289 953 7209 5976 7144 1211 449 2627 815 1520 708 1771 903 2942 605 193 389 161 964 269 819 330 296 786 616 151 842 65 23 23
internal_value=0.0667454 0.0667454 0.0667454 0.0667454 0.0667454 0.0667454 0.0667454 0.0667454 0.0667454 0.0667454 0.0667454 0.0667454 0.0667454 0.0667454 0.0667454 0.0667454 0.0667454 0.0667454 0.0667454 0.0667454 0.0667454 0.0667454 0.0667454 0.0667454 0.0667454 0.0667454 0.0667454 0.0667454 0.0667454 0.0667454
internal_weight=101.614 99.183 97.5018 75.7029 49.5924 36.6538 26.1106 21.7989 15.1837 25.3186 22.6421 21.4011 12.1095 34.5147 13.7536 12.9386 9.29161 6.61514 6.33053 8.60923 8.13369 6.69293 6.11309 5.59512 4.20915 6.94396 6.68232 2.43074 2.3176 2.27871
internal_count=57708 56308 55355 42974 28142 20805 14832 12381 8629 14383 12863 12155 6879 19594 7814 7337 5276 3752 3591 4887 4618 3799 3469 3173 2387 3935 3784 1400 1335 1312
is_linear=0
shrinkage=0.1


Tree=28
num_leaves=7
num_cat=0
split_feature=5 7 0 0 7 0
split_gain=6.39488e-14 4.08553e-13 4.70662e-13 7.10543e-15 4.44089e-16 2.77556e-17
threshold=65.500000000000014 -2533.4999999999995 9.5000000000000018 10.500000000000002 -474.49999999999994 12.500000000000002
decision_type=2 2 2 2 2 2
left_child=1 -1 -3 -2 5 -5
right_child=3 2 -4 4 -6 -7
leaf_value=-0.066727963843834656 -0.066727974127702733 -0.066725355023028218 -0.066727969402387885 -0.06672797412775501 -0.066727974127755371 -0.066727974127754372
leaf_weight=0.019275385257395583 75.614534059306607 0.0013776107115197602 0.0013768235221505165 0.24369578529149327 3.1928278310224405 0.066086992621421814
leaf_count=18 54970 175 1 177 2319 48
internal_value=-0.066728 -0.0667278 -0.0667267 -0.066728 -0.066728 -0.066728
internal_weight=79.1392 0.0220298 0.00275443 79.1171 3.50261 0.309783
internal_count=57708 194 176 57514 2544 225
is_linear=0
shrinkage=0.1


Tree=29
num_leaves=31
num_cat=0
split_feature=10 6 6 6 7 6 6 6 6 6 8 6 6 6 6 6 7 7 7 7 7 7 2 8 8 10 6 8 6 7
split_gain=3.55271e-15 1.77636e-15 1.77636e-15 8.88178e-16 1.77636e-15 8.88178e-16 8.88178e-16 8.88178e-16 8.88178e-16 4.44089e-16 8.88178e-16 4.44089e-16 8.88178e-16 4.44089e-16 4.44089e-16 4.44089e-16 4.44089e-16 4.44089e-16 8.88178e-16 4.44089e-16 4.44089e-16 4.44089e-16 3.33067e-16 3.33067e-16 2.77556e-16 4.59702e-16 2.22045e-16 4.44089e-16 2.22045e-16 2.22045e-16
threshold=0.73993558776167478 844.50000000000011 578.50000000000011 518.50000000000011 1530.5000000000002 410.50000000000006 -130.49999999999997 -188.49999999999997 -808.49999999999989 -852.49999999999989 5923.5000000000009 -874.49999999999989 -986.49999999999989 2409.5000000000005 1891.5000000000002 -225.49999999999997 -452.49999999999994 -474.49999999999994 -495.49999999999994 -1153.4999999999998 -1249.4999999999998 -1592.4999999999998 8.5000000000000018 3419.5000000000005 -6124.4999999999991 0.63060428849902539 1832.5000000000002 5556.5000000000009 1435.5000000000002 -1673.4999999999998
decision_type=2 2 2 2 2 2 2 2 2 2 2 2 2 2 2 2 2 2 2 2 2 2 2 2 2 2 2 2 2 2
left_child=1 2 3 4 5 6 7 8 9 10 11 12 16 14 26 -10 17 18 19 20 21 29 -2 -8 25 -7 27 28 -3 -1
right_child=22 13 -4 -5 -6 24 23 -9 15 -11 -12 -13 -14 -15 -16 -17 -18 -19 -20 -21 -22 -23 -24 -25 -26 -27 -28 -29 -30 -31
leaf_value=-0.066684087084595542 -0.066684087088376781 -0.066684087085931307 -0.066684087085930863 -0.066684087085912142 -0.066684087085933916 -0.066684087085943103 -0.066684087084637425 -0.066684087085886426 -0.066684087086363253 -0.066684087085907312 -0.066684087085919094 -0.066684087085890062 -0.066684087085926214 -0.06668408708594592 -0.066684087085943075 -0.066684087085857699 -0.066684087085906729 -0.066684087085946447 -0.066684087085946267 -0.066684087085925228 -0.066684087085935734 -0.066684087085926047 -0.066684087085833385 -0.066684087085904439 -0.066684087085900845 -0.066684055594724165 -0.06668408708593429 -0.066684087085911337 -0.066684087085943186 -0.066684087085863444
leaf_weight=3.6688234366159245 1.5946807802007175 1.5586427975332693 0.99692031159819805 0.24717356277999414 0.60441966228556765 0.011359799216734245 1.5233882499695321 0.21505275145785674 2.1626707447924622 0.16177920991830497 0.15237799664620233 0.076776574272764964 0.393675800954428 2.2265206468642358 1.1528237622756643 0.14767739058530427 0.99457000958821407 0.023503032862208673 0.021936164004728087 0.94247161905476229 0.17196385723660146 0.58679238789423793 0.27067659692150403 0.4026852973973728 0.32708387489582769 0.0078490848945875769 0.15707860309053634 0.77324978283207046 0.78421786342524891 0.15707860372929872
leaf_count=9379 4072 3988 2559 635 1550 29 3919 556 5560 414 391 198 1011 5687 2946 382 2553 60 56 2419 440 1505 701 1036 843 21 402 1988 2004 404
internal_value=-0.0666841 -0.0666841 -0.0666841 -0.0666841 -0.0666841 -0.0666841 -0.0666841 -0.0666841 -0.0666841 -0.0666841 -0.0666841 -0.0666841 -0.0666841 -0.0666841 -0.0666841 -0.0666841 -0.0666841 -0.0666841 -0.0666841 -0.0666841 -0.0666841 -0.0666841 -0.0666841 -0.0666841 -0.0666841 -0.0666841 -0.0666841 -0.0666841 -0.0666841 -0.0666841
internal_weight=22.5159 20.6506 13.998 13.0011 12.7539 12.1495 11.8032 9.87715 9.6621 7.35175 7.18997 7.03759 6.96081 6.65253 4.42601 2.31035 6.56714 5.57257 5.54907 5.52713 4.58466 4.41269 1.86536 1.92607 0.346293 0.0192089 3.27319 3.11611 2.34286 3.8259
internal_count=57708 52935 35920 33361 32726 31176 30283 25328 24772 18830 18416 18025 17827 17015 11328 5942 16816 14263 14203 14147 11728 11288 4773 4955 893 50 8382 7980 5992 9783
is_linear=0
shrinkage=0.1


Tree=30
num_leaves=31
num_cat=0
split_feature=1 1 2 1 1 2 2 2 6 6 10 2 2 6 6 6 6 2 6 6 6 6 6 6 6 6 6 6 6 6
split_gain=7.10543e-15 7.10543e-15 7.10543e-15 3.55271e-15 3.55271e-15 3.55271e-15 1.77636e-15 1.77636e-15 1.77636e-15 1.77636e-15 1.77636e-15 8.88178e-16 8.88178e-16 8.88178e-16 8.88178e-16 8.88178e-16 8.88178e-16 6.66134e-16 4.44089e-16 4.44089e-16 8.88178e-16 4.44089e-16 4.44089e-16 4.44089e-16 4.44089e-16 4.44089e-16 4.44089e-16 4.44089e-16 4.44089e-16 4.44089e-16
threshold=5.5000000000000009 4.5000000000000009 10.500000000000002 3.5000000000000004 2.5000000000000004 7.5000000000000009 5.5000000000000009 8.5000000000000018 -785.49999999999989 -428.49999999999994 0.92582417582417598 5.5000000000000009 8.5000000000000018 3549.0000000000005 -1.0000000180025095e-35 -53.499999999999993 1435.5000000000002 9.5000000000000018 -1554.4999999999998 -130.49999999999997 -151.49999999999997 -207.49999999999997 -265.49999999999994 -323.49999999999994 -492.49999999999994 -1149.4999999999998 -1245.4999999999998 -1322.4999999999998 -553.49999999999989 -657.49999999999989
decision_type=2 2 2 2 2 2 2 2 2 2 2 2 2 2 2 2 2 2 2 2 2 2 2 2 2 2 2 2 2 2
left_child=1 2 3 4 5 6 8 11 18 28 12 13 16 14 15 19 -5 -11 -1 20 21 22 23 24 25 26 27 -2 29 -3
right_child=7 9 -4 10 -6 -7 -8 -9 -10 17 -12 -13 -14 -15 -16 -17 -18 -19 -20 -21 -22 -23 -24 -25 -26 -27 -28 -29 -30 -31
leaf_value=0.066735582718559547 0.066735582719264275 0.066735582718543365 0.066735582718514194 0.066735582718852327 0.066735582718558603 0.06673558271853948 0.066735582718557659 0.066735582723644479 0.066735582718559047 0.066735582718548819 0.066735582718557979 0.066735582718382147 0.066735582718531292 0.066735582718556619 0.066735582125403578 0.066735582716830472 0.066735582718559519 0.0667355827183303 0.066735582718561545 0.066735582718558908 0.066735582718557826 0.066735582718558673 0.066735582718558825 0.06673558271855827 0.066735582718546391 0.066735582718513764 0.066735582718559255 0.066735582718559061 0.066735582718536218 0.066735582718559353
leaf_weight=2.2545536943944171 5.0321267120313706 5.6170418055269238 1.7547452913137522 12.143951543490973 17.686718412442261 3.5373436824889586 6.0394804867683858 0.63597912166796966 18.344361048075502 4.2383133623519589 0.074274932965637031 2.3149020816208621 0.70406446873690853 0.040232255356387081 1.5706189342948631 0.069632751401513704 2.2034896779805431 0.1980664879087034 2.0363710788077674 0.089748877333477028 0.034042677609249838 0.066537960781715699 0.078917116275988408 0.091296271770262005 0.21354043227622543 1.0553230058871097 0.18413993797730643 0.11760197719559062 0.24603571544871261 0.2707940264372154
leaf_count=1458 3258 3642 1162 7875 11452 2306 3910 435 11866 2750 48 1521 462 26 1021 45 1424 138 1319 58 22 43 51 59 139 687 119 76 161 175
internal_value=0.0667356 0.0667356 0.0667356 0.0667356 0.0667356 0.0667356 0.0667356 0.0667356 0.0667356 0.0667356 0.0667356 0.0667356 0.0667356 0.0667356 0.0667356 0.0667356 0.0667356 0.0667356 0.0667356 0.0667356 0.0667356 0.0667356 0.0667356 0.0667356 0.0667356 0.0667356 0.0667356 0.0667356 0.0667356 0.0667356
internal_weight=88.9442 77.3496 66.7794 65.0246 49.8988 32.2121 28.6748 11.5946 22.6353 10.5703 15.1258 10.9587 15.0515 8.64376 8.60353 7.03291 14.3474 4.43638 4.29092 6.96327 6.87353 6.83948 6.77295 6.69403 6.60273 6.38919 5.33387 5.14973 6.13387 5.88784
internal_count=57708 50148 43282 42120 32311 20859 18553 7560 14643 6866 9809 7125 9761 5604 5578 4557 9299 2888 2777 4512 4454 4432 4389 4338 4279 4140 3453 3334 3978 3817
is_linear=0
shrinkage=0.1


Tree=31
num_leaves=5
num_cat=0
split_feature=5 7 0 6
split_gain=7.10543e-14 4.62614e-13 5.3511e-13 7.10543e-15
threshold=65.500000000000014 -2533.4999999999995 9.5000000000000018 -1172.4999999999998
decision_type=2 2 2 2
left_child=1 -1 -3 -2
right_child=3 2 -4 -5
leaf_value=-0.066720305069523075 -0.066720314854534904 -0.066717334798228264 -0.066720314419148663 -0.066720314854532878
leaf_weight=0.016871363576169474 19.58522999798879 0.0012058016890407188 0.0012051063822582364 49.664441219531
leaf_count=18 16263 175 1 41251
internal_value=-0.0667203 -0.0667201 -0.0667188 -0.0667203
internal_weight=69.269 0.0192823 0.00241091 69.2497
internal_count=57708 194 176 57514
is_linear=0
shrinkage=0.1


Tree=32
num_leaves=18
num_cat=0
split_feature=2 2 10 2 5 5 2 8 8 4 8 2 2 2 2 2 4
split_gain=1.77636e-15 1.77636e-15 3.55271e-15 1.77636e-15 1.77636e-15 2.07126e-15 2.22045e-16 2.22045e-16 1.11022e-16 1.11022e-16 1.66533e-16 2.77556e-17 1.38778e-17 6.93889e-18 6.93889e-18 1.73472e-18 1.73472e-18
threshold=16.500000000000004 14.500000000000002 0.76568627450980398 10.500000000000002 67.500000000000014 61.000000000000007 13.500000000000002 4807.5000000000009 4109.5000000000009 41.500000000000007 661.50000000000011 13.500000000000002 9.5000000000000018 11.500000000000002 9.5000000000000018 10.500000000000002 14.500000000000002
decision_type=2 2 2 2 2 2 2 2 2 2 2 2 2 2 2 2 2
left_child=1 2 3 4 5 -1 7 8 9 10 -4 -5 -12 14 -9 -16 -3
right_child=-2 16 6 11 -6 -7 -8 13 -10 -11 12 -13 -14 -15 15 -17 -18
leaf_value=-0.066681773566149224 -0.06668191116066792 -0.066681911161146051 -0.066681911159534757 -0.06668191116109605 -0.066681911162759219 -0.066681910445514067 -0.066681911161328197 -0.066681911161337579 -0.066681911161260543 -0.066681911161334331 -0.06668191116132785 -0.066681911160749105 -0.066681911161261015 -0.06668191116115435 -0.066681911161332 -0.066681911161330709 -0.066681911161111912
leaf_weight=0.0013843170563515575 0.0089140797268417726 0.020913801790559766 0.8108383714330637 0.340449266445217 18.092838271841174 0.0054855903144925833 0.0071998333150987684 0.086397999781183996 0.026056539744660712 0.017828158685006312 0.19062415837548735 0.033256374212777273 0.026056539744660656 0.010971174703501521 0.010285476164426655 0.0085712301370222121 0.0089140794706162041
leaf_count=129 29 63 2366 1025 52822 16 21 252 77 52 557 107 77 33 30 25 27
internal_value=-0.0666819 -0.0666819 -0.0666819 -0.0666819 -0.0666819 -0.0666819 -0.0666819 -0.0666819 -0.0666819 -0.0666819 -0.0666819 -0.0666819 -0.0666819 -0.0666819 -0.0666819 -0.0666819 -0.0666819
internal_weight=19.707 19.6981 19.6682 18.4734 18.0997 0.00686991 1.19483 1.18763 1.0714 1.04535 1.02752 0.373706 0.216681 0.116226 0.105255 0.0188567 0.0298279
internal_count=57708 57679 57589 54099 52967 145 3490 3469 3129 3052 3000 1132 634 340 307 55 90
is_linear=0
shrinkage=0.1


Tree=33
num_leaves=31
num_cat=0
split_feature=2 2 4 4 4 8 8 8 8 6 8 8 8 8 8 8 8 4 6 6 8 8 8 2 6 6 6 6 6 6
split_gain=1.42109e-14 7.10543e-15 3.55271e-15 3.55271e-15 3.55271e-15 3.55271e-15 3.55271e-15 3.55271e-15 3.55271e-15 2.66454e-15 1.77636e-15 1.77636e-15 3.55271e-15 1.77636e-15 3.55271e-15 1.77636e-15 1.77636e-15 8.88178e-16 8.88178e-16 8.88178e-16 8.88178e-16 8.88178e-16 8.88178e-16 4.44089e-16 4.44089e-16 4.44089e-16 4.44089e-16 4.44089e-16 4.44089e-16 4.44089e-16
threshold=12.500000000000002 6.5000000000000009 23.500000000000004 22.500000000000004 19.500000000000004 3975.5000000000005 3843.5000000000005 3627.0000000000005 3288.5000000000005 1234.5000000000002 2258.5000000000005 1857.5000000000002 989.50000000000011 1.0000000180025095e-35 -648.49999999999989 -1097.4999999999998 -1215.4999999999998 59.500000000000007 148.50000000000003 3387.5000000000005 8061.5000000000009 13716.000000000002 12319.000000000002 11.500000000000002 -34.499999999999993 -471.49999999999994 -492.49999999999994 -533.49999999999989 -657.49999999999989 -718.49999999999989
decision_type=2 2 2 2 2 2 2 2 2 2 2 2 2 2 2 2 2 2 2 2 2 2 2 2 2 2 2 2 2 2
left_child=1 2 3 4 5 6 7 8 10 18 11 12 13 14 15 16 -1 19 24 20 -4 22 -7 -11 25 26 27 28 29 -3
right_child=-2 9 17 -5 -6 21 -8 -9 -10 23 -12 -13 -14 -15 -16 -17 -18 -19 -20 -21 -22 -23 -24 -25 -26 -27 -28 -29 -30 -31
leaf_value=0.066726972941744775 0.066726972975819837 0.066726972977612278 0.066726972976772325 0.066726972975922658 0.066726972975959073 0.066726972975959975 0.066726972975949969 0.066726972975953147 0.0667269729759562 0.066726972975953577 0.066726972975959059 0.06672697297595763 0.066726972975959128 0.066726972975959364 0.066726972975960988 0.066726972975958296 0.066726972975960364 0.06672697297595713 0.06672697297592517 0.066726972975960239 0.066726972975960044 0.066726972975959767 0.066726972975959878 0.066726972975848994 0.066726972975887006 0.066726972975900495 0.066726972975378537 0.066726972975854393 0.066726972975929097 0.06672697297580131
leaf_weight=20.384232256901512 0.57834299642188014 4.0876795533124684 9.2778677442124433 1.4641423398865772 5.0466182779055577 8.7862084725639082 0.35350707743785292 0.50926690082999826 0.88309047697114706 4.7405163641090118 2.7969046548242025 1.2528507533716275 2.7847147556022049 3.4267161146272214 2.2673212552909545 1.5697881331434711 0.39007677510380645 0.036569697665982726 3.0298671732897473 0.89392594294622618 0.36976027640048492 0.19910168729256916 0.24244355119299221 0.17472188884872597 0.45238070446090173 1.2433697206439438 0.04469629714750567 0.092101460788471701 0.31016521353747428 0.16388642287366995
leaf_count=15087 452 3043 6865 1086 3728 6493 263 377 654 3511 2067 928 2061 2539 1677 1161 288 27 2272 660 273 147 179 135 338 935 35 71 232 124
internal_value=0.066727 0.066727 0.066727 0.066727 0.066727 0.066727 0.066727 0.066727 0.066727 0.066727 0.066727 0.066727 0.066727 0.066727 0.066727 0.066727 0.066727 0.066727 0.066727 0.066727 0.066727 0.066727 0.066727 0.066727 0.066727 0.066727 0.066727 0.066727 0.066727 0.066727
internal_weight=77.8528 77.2745 62.9351 52.357 50.8928 45.8462 36.6185 36.265 35.7557 14.3394 34.8726 32.0757 30.8228 28.0381 24.6114 22.3441 20.7743 10.5781 9.42415 10.5416 9.64763 9.22775 9.02865 4.91524 6.39428 5.9419 4.69853 4.65383 4.56173 4.25157
internal_count=57708 57256 46560 38735 37649 33921 27102 26839 26462 10696 25808 23741 22813 20752 18213 16536 15375 7825 7050 7798 7138 6819 6672 3646 4778 4440 3505 3470 3399 3167
is_linear=0
shrinkage=0.1


Tree=34
num_leaves=4
num_cat=0
split_feature=5 7 0
split_gain=8.17124e-14 5.25718e-13 6.08576e-13
threshold=65.500000000000014 -2533.4999999999995 9.5000000000000018
decision_type=2 2 2
left_child=1 -1 -3
right_child=-2 2 -4
leaf_value=-0.066713604176072847 -0.066713612194227556 -0.066710219037378574 -0.066713615494937401
leaf_weight=0.014766946038890727 60.611943420371972 0.0010554045821444804 0.0010547896381467581
leaf_count=18 57514 175 1
internal_value=-0.0667136 -0.0667134 -0.0667119
internal_weight=60.6288 0.0168771 0.00211019
internal_count=57708 194 176
is_linear=0
shrinkage=0.1


Tree=35
num_leaves=31
num_cat=0
split_feature=1 4 10 2 8 8 5 10 8 8 2 2 2 4 2 5 5 5 5 5 5 6 0 7 7 8 5 7 8 7
split_gain=1.77636e-15 1.77636e-15 1.77636e-15 8.88178e-16 1.77636e-15 8.88178e-16 5.55112e-16 1.33704e-15 4.44089e-16 4.44089e-16 2.22045e-16 2.22045e-16 4.44089e-16 2.22045e-16 1.11022e-16 1.11022e-16 1.11022e-16 1.11022e-16 1.11022e-16 1.11022e-16 1.11022e-16 1.11022e-16 5.55112e-17 5.55112e-17 5.55112e-17 2.77556e-17 1.38778e-17 1.38778e-17 1.38778e-17 6.93889e-18
threshold=5.5000000000000009 29.500000000000004 0.73205128205128212 13.500000000000002 4330.5000000000009 3762.5000000000005 65.500000000000014 0.63484848484848488 3484.5000000000005 3419.5000000000005 12.500000000000002 11.500000000000002 9.5000000000000018 8.5000000000000018 11.500000000000002 186.50000000000003 186.50000000000003 179.50000000000003 175.50000000000003 173.50000000000003 150.50000000000003 -111.49999999999999 9.5000000000000018 4734.5000000000009 3147.5000000000005 4186.5000000000009 170.50000000000003 4734.5000000000009 3694.5000000000005 4308.5000000000009
decision_type=2 2 2 2 2 2 2 2 2 2 2 2 2 2 2 2 2 2 2 2 2 2 2 2 2 2 2 2 2 2
left_child=1 2 3 4 5 8 7 -2 9 -1 11 12 -6 22 16 23 17 18 19 20 -4 -15 -8 24 -3 -7 -22 -14 -10 -26
right_child=6 15 14 -5 10 25 13 -9 28 -11 -12 -13 27 21 -16 -17 -18 -19 -20 -21 26 -23 -24 -25 29 -27 -28 -29 -30 -31
leaf_value=-0.066680012306450764 -0.066680010207844115 -0.066680012304670175 -0.066680012309305661 -0.066680012309430145 -0.066680012309800502 -0.066680012309778172 -0.066680012303600281 -0.066679887383226583 -0.066680012309803277 -0.066680012309801848 -0.06668001230957539 -0.066680012309682374 -0.06668001230970387 -0.066680012308190567 -0.066680012309548606 -0.066680012309791634 -0.066680012309792758 -0.066680012309793688 -0.066680012309794118 -0.066680012309792758 -0.066680012309803652 -0.066680012298850733 -0.066680012309799711 -0.066680012309801626 -0.066680012309803291 -0.066680012309803402 -0.066680012309798808 -0.066680012309795089 -0.066680012309802791 -0.066680012309800668
leaf_weight=8.5749286635817263 0.0033008304279728926 0.94883554191306829 0.98124358569633219 0.046211472887688454 3.0001447613005459 0.336983653978982 0.62565531369182315 0.0012115894916439234 0.16894193840562444 0.055513780826004999 0.030307524098559191 0.04291065259039939 0.18874685621771004 1.2035987833223774 0.047111695975300516 0.0060014898190275936 0.006601638800930342 0.0072017877828330903 0.0075018622737844645 0.006601638800930342 0.20345050486503169 0.39909907340188455 0.015603873529471457 0.031507821549894399 0.097224135068245232 0.11492853003437631 0.012903203110909089 0.0075018622737843535 0.056414004298858345 0.02010499089374207
leaf_count=28675 65 3171 3272 164 10010 1129 2085 17 563 185 105 146 640 4011 162 20 22 24 25 22 678 1330 52 105 324 383 43 25 188 67
internal_value=-0.06668 -0.06668 -0.06668 -0.06668 -0.06668 -0.06668 -0.06668 -0.06668 -0.06668 -0.06668 -0.06668 -0.06668 -0.06668 -0.06668 -0.06668 -0.06668 -0.06668 -0.06668 -0.06668 -0.06668 -0.06668 -0.06668 -0.06668 -0.06668 -0.06668 -0.06668 -0.06668 -0.06668 -0.06668 -0.06668
internal_weight=17.2483 14.9998 13.8961 12.6235 12.5773 9.30771 2.24847 0.00451242 8.8558 8.63044 3.26961 3.2393 3.19639 2.24396 1.27262 1.10367 1.2255 1.2189 1.2117 1.2042 1.1976 1.6027 0.641259 1.09767 1.06616 0.451912 0.216354 0.196249 0.225356 0.117329
internal_count=57708 50148 46461 42213 42049 31123 7560 82 29611 28860 10926 10821 10675 7478 4248 3687 4086 4064 4040 4015 3993 5341 2137 3667 3562 1512 721 665 751 391
is_linear=0
shrinkage=0.1


Tree=36
num_leaves=31
num_cat=0
split_feature=2 8 4 6 6 6 6 6 6 8 6 6 6 6 6 6 6 6 4 6 6 6 8 6 8 8 1 6 6 7
split_gain=7.10543e-15 7.10543e-15 7.10543e-15 3.55271e-15 3.55271e-15 3.55271e-15 3.55271e-15 3.55271e-15 3.55271e-15 2.66454e-15 1.77636e-15 1.77636e-15 1.77636e-15 3.55271e-15 3.55271e-15 1.77636e-15 1.77636e-15 1.77636e-15 8.88178e-16 8.88178e-16 8.88178e-16 8.88178e-16 6.66134e-16 4.44089e-16 4.44089e-16 6.66134e-16 2.22045e-16 2.22045e-16 2.22045e-16 2.22045e-16
threshold=14.500000000000002 10387.500000000002 21.500000000000004 2537.5000000000005 1744.5000000000002 1435.5000000000002 908.50000000000011 775.50000000000011 707.50000000000011 6415.5000000000009 148.50000000000003 63.500000000000007 -34.499999999999993 -53.499999999999993 -151.49999999999997 -303.49999999999994 -740.49999999999989 -939.49999999999989 56.500000000000007 1863.5000000000002 1715.5000000000002 625.50000000000011 8731.0000000000018 1355.5000000000002 7230.5000000000009 6114.5000000000009 4.5000000000000009 5489.0000000000009 1331.5000000000002 -371.49999999999994
decision_type=2 2 2 2 2 2 2 2 2 2 2 2 2 2 2 2 2 2 2 2 2 2 2 2 2 2 2 2 2 2
left_child=1 2 3 4 5 6 7 8 10 18 11 12 13 14 15 16 17 -1 19 20 -4 -12 27 28 25 -6 29 -5 -8 -3
right_child=-2 26 9 22 24 -7 23 -9 -10 -11 21 -13 -14 -15 -16 -17 -18 -19 -20 -21 -22 -23 -24 -25 -26 -27 -28 -29 -30 -31
leaf_value=0.066719440042624145 0.066719440041992609 0.066719440042043734 0.06671944004252045 0.066719440042162292 0.066719440042161141 0.066719440042157102 0.066719440040467204 0.066719440042153313 0.066719440042137798 0.066719440042149886 0.066719439931224062 0.066719440042123657 0.066719440042076042 0.066719440042162403 0.066719440042144001 0.06671944004212696 0.066719440042138742 0.06671944004214185 0.066719440042160363 0.06671944004215935 0.066719440042161904 0.066719440042157949 0.066719440042154854 0.066719440042156505 0.066719440042157116 0.066719440042152592 0.066719440042016284 0.06671944004216121 0.066719440042107073 0.066719440042157227
leaf_weight=18.209483046436127 0.13396299362665232 0.032008856884232162 9.6963126120419609 3.3988663958152761 3.1333114349982063 2.1445934112417424 3.7035433008570875 1.2519019581378348 0.61172482045378629 1.1926262972411876 4.9009220354150642 0.8654246490916887 1.071703950408941 0.20153724704868992 1.0041296955897916 1.6680170976328437 4.5298460057246137 1.9881056664747472 0.0580901476787411 2.4706095461734199 0.2406591832404964 0.84408541116866231 0.50265760440382168 0.63662059803030402 0.71130793076011301 0.38647730904634103 0.050977068371194867 0.04979155515320588 0.20153724704877385 2.2524751140736909
leaf_count=15401 119 28 8224 2867 2644 1812 3137 1060 521 1010 4156 736 911 170 853 1419 3848 1684 49 2086 203 716 425 538 601 327 45 42 173 1903
internal_value=0.0667194 0.0667194 0.0667194 0.0667194 0.0667194 0.0667194 0.0667194 0.0667194 0.0667194 0.0667194 0.0667194 0.0667194 0.0667194 0.0667194 0.0667194 0.0667194 0.0667194 0.0667194 0.0667194 0.0667194 0.0667194 0.0667194 0.0667194 0.0667194 0.0667194 0.0667194 0.0667194 0.0667194 0.0667194 0.0667194
internal_weight=68.1433 68.0093 65.6739 52.0156 48.0643 43.8332 41.6886 37.1469 35.895 13.6583 35.2833 29.5382 28.6728 27.6011 27.3996 26.3955 24.7274 20.1976 12.4657 12.4076 9.93697 5.74501 3.95132 4.5417 4.2311 3.51979 2.33546 3.44866 3.90508 2.28448
internal_count=57708 57589 55613 44041 40707 37135 35323 31475 30415 11572 29894 25022 24286 23375 23205 22352 20933 17085 10562 10513 8427 4872 3334 3848 3572 2971 1976 2909 3310 1931
is_linear=0
shrinkage=0.1


Tree=37
num_leaves=4
num_cat=0
split_feature=5 7 0
split_gain=8.88178e-14 6.01003e-13 3.55271e-15
threshold=65.500000000000014 -2533.4999999999995 17.500000000000004
decision_type=2 2 2
left_child=1 -1 -2
right_child=2 -3 -4
leaf_value=-0.066707741606455831 -0.066707743551052315 -0.066705813135772882 -0.066707743550613971
leaf_weight=0.0129248459239234 53.017685939208604 0.0018469648874861475 0.03323529800400038
leaf_count=18 57478 176 36
internal_value=-0.0667077 -0.0667075 -0.0667077
internal_weight=53.0657 0.0147718 53.0509
internal_count=57708 194 57514
is_linear=0
shrinkage=0.1


Tree=38
num_leaves=31
num_cat=0
split_feature=4 10 1 1 6 6 6 7 7 7 7 7 7 7 7 10 6 0 1 6 2 6 6 6 6 6 6 7 6 6
split_gain=2.66454e-15 1.77636e-15 8.88178e-16 8.88178e-16 8.88178e-16 4.44089e-16 4.44089e-16 4.44089e-16 4.44089e-16 4.44089e-16 4.44089e-16 4.44089e-16 4.44089e-16 4.44089e-16 4.44089e-16 4.44089e-16 2.22045e-16 1.11022e-16 1.11022e-16 1.11022e-16 5.55112e-17 5.55112e-17 5.55112e-17 1.11022e-16 5.55112e-17 5.55112e-17 1.11022e-16 5.55112e-17 2.77556e-17 2.77556e-17
threshold=30.500000000000004 0.70479302832244028 8.5000000000000018 1.0000000180025095e-35 1164.5000000000002 1140.5000000000002 1000.5000000000001 3769.0000000000005 3593.5000000000005 3147.5000000000005 2420.5000000000005 2124.5000000000005 1805.5000000000002 1530.5000000000002 1505.5000000000002 0.65669642857142863 5489.0000000000009 10.500000000000002 6.5000000000000009 1652.5000000000002 6.5000000000000009 5008.5000000000009 1624.5000000000002 1487.5000000000002 1407.5000000000002 1256.5000000000002 18.500000000000004 -3831.4999999999995 1514.5000000000002 5008.5000000000009
decision_type=2 2 2 2 2 2 2 2 2 2 2 2 2 2 2 2 2 2 2 2 2 2 2 2 2 2 2 2 2 2
left_child=1 2 3 21 5 6 7 8 9 10 11 12 13 14 -5 16 -6 19 20 22 27 -1 23 24 25 26 -3 -2 -17 -21
right_child=18 17 -4 4 15 -7 -8 -9 -10 -11 -12 -13 -14 -15 -16 28 -18 -19 -20 29 -22 -23 -24 -25 -26 -27 -28 -29 -30 -31
leaf_value=-0.066678342888184736 -0.066678342888180864 -0.066678342890715378 -0.066678342870884408 -0.066678342875809787 -0.066678342888172856 -0.066678342888181072 -0.066678342888177741 -0.066678342888173966 -0.066678342888164155 -0.066678342888179587 -0.066678342888182793 -0.066678342888182515 -0.066678342888162753 -0.066678342888159478 -0.066678342888087716 -0.066678342888135692 -0.066678342888179587 -0.066678342895691259 -0.066678342888150069 -0.066678342888173314 -0.066678342898874324 -0.066678342888179143 -0.066678342888175701 -0.066678342888109879 -0.0666783428881806 -0.066678342888092809 -0.06667834288814975 -0.066678342890096151 -0.066678342888178602 -0.066678342888173189
leaf_weight=0.60642207221826083 0.019172287255059928 0.56886540120354445 0.11424582439290709 8.0095611915757079 2.3553023597699627 0.044122524093837323 0.26788675355498703 0.012081167311408403 0.0060405836557045891 0.028364479774609985 0.12081167311407703 0.094285631843377682 0.14812561685698078 0.18962180035906762 0.016808580735298118 0.064082713821101034 0.014182239887304493 0.19382394512649614 0.046486230869842382 0.43676046209894903 0.13499391402546612 0.014444873959291726 0.0091921925195493914 0.041496183630208461 0.023374432406853995 0.05016310813390501 0.39789062021357413 0.75848720028317473 0.30281708512927369 0.0063032177276909343
leaf_count=2310 73 2172 448 30650 8983 168 1022 46 23 108 460 360 566 727 65 246 54 738 178 1666 520 55 35 160 89 194 1523 2891 1154 24
internal_value=-0.0666783 -0.0666783 -0.0666783 -0.0666783 -0.0666783 -0.0666783 -0.0666783 -0.0666783 -0.0666783 -0.0666783 -0.0666783 -0.0666783 -0.0666783 -0.0666783 -0.0666783 -0.0666783 -0.0666783 -0.0666783 -0.0666783 -0.0666783 -0.0666783 -0.0666783 -0.0666783 -0.0666783 -0.0666783 -0.0666783 -0.0666783 -0.0666783 -0.0666783 -0.0666783
internal_weight=15.0962 14.1371 12.4092 12.295 11.6741 8.93771 8.89359 8.6257 8.61362 8.60758 8.57921 8.4584 8.36412 8.21599 8.02637 2.73638 2.36948 1.72787 0.95914 1.53405 0.912653 0.620867 1.09098 1.08179 1.04029 1.01692 0.966756 0.777659 0.3669 0.443064
internal_count=57708 54046 47445 46997 44632 34195 34027 33005 32959 32936 32828 32368 32008 31442 30715 10437 9037 6601 3662 5863 3484 2365 4173 4138 3978 3889 3695 2964 1400 1690
is_linear=0
shrinkage=0.1


Tree=39
num_leaves=31
num_cat=0
split_feature=2 10 6 6 6 6 6 6 6 6 6 6 6 7 7 10 10 6 4 6 7 7 7 7 7 7 7 7 8 1
split_gain=7.10543e-15 7.10543e-15 3.55271e-15 3.55271e-15 3.55271e-15 3.55271e-15 1.77636e-15 1.77636e-15 1.77636e-15 1.77636e-15 8.88178e-16 8.88178e-16 8.88178e-16 8.88178e-16 8.88178e-16 8.88178e-16 8.88178e-16 6.66134e-16 4.44089e-16 4.44089e-16 4.44089e-16 8.88178e-16 4.44089e-16 4.44089e-16 4.44089e-16 4.44089e-16 4.44089e-16 4.44089e-16 4.44089e-16 2.22045e-16
threshold=8.5000000000000018 0.70900537634408611 1280.5000000000002 559.50000000000011 410.50000000000006 186.50000000000003 84.500000000000014 -1.0000000180025095e-35 -265.49999999999994 -1448.4999999999998 -1938.4999999999998 -347.49999999999994 -408.49999999999994 896.50000000000011 533.50000000000011 0.68496240601503777 0.6198686371100165 2668.5000000000005 20.500000000000004 928.50000000000011 467.50000000000006 -191.49999999999997 -452.49999999999994 -474.49999999999994 -495.49999999999994 -540.49999999999989 -1081.4999999999998 -38.499999999999993 9375.5000000000018 6.5000000000000009
decision_type=2 2 2 2 2 2 2 2 2 2 2 2 2 2 2 2 2 2 2 2 2 2 2 2 2 2 2 2 2 2
left_child=1 2 3 4 5 6 7 8 9 10 13 12 14 -1 20 16 -4 28 -3 -5 21 22 23 24 25 26 -11 -12 29 -2
right_child=17 18 15 19 -6 -7 -8 -9 -10 11 27 -13 -14 -15 -16 -17 -18 -19 -20 -21 -22 -23 -24 -25 -26 -27 -28 -29 -30 -31
leaf_value=0.066712844885725917 0.066712844880795041 0.066712844880906966 0.066712844880915112 0.066712844880909616 0.06671284457836317 0.0667128448809063 0.06671284488090333 0.066712844880906133 0.066712844882348979 0.066712844882410943 0.066712844880892797 0.066712844880904995 0.06671284488089349 0.066712844880914821 0.06671284488089084 0.066712844880915917 0.066712844880914043 0.066712844880908603 0.06671284488091106 0.066712844882157271 0.066712844880877128 0.066712844880871355 0.066712844880887634 0.066712844880915265 0.066712844880915265 0.06671284488091557 0.066712844880908506 0.066712844880850955 0.066712844880823227 0.066712844920570932
leaf_weight=9.2018269046683621 3.2135834356333417 4.245001561241514 8.8438397229184087 3.305933750700365 1.3759250247769568 2.18009002204069 1.0034017378930951 0.82181403972223321 2.6293898706794492 3.7106149090698879 3.0942543768329354 0.76993184024474359 0.56240304233515814 0.093387959059328618 1.3478995424232199 0.70663555688224811 2.1510359903332175 0.57796770217831639 1.7038114308387911 2.8068270002259257 0.11102790688167719 1.5014708528765845 0.74502838449568543 0.072635079268365987 0.0715974352788179 0.11621612682938565 1.6789079750888993 0.45656335540138204 0.3642130403316316 0.18055006628887671
leaf_count=8882 3165 4094 8526 3196 1335 2110 972 797 2545 3595 2991 745 546 90 1304 681 2074 558 1645 2709 108 1455 726 70 69 112 1624 441 359 184
internal_value=0.0667128 0.0667128 0.0667128 0.0667128 0.0667128 0.0667128 0.0667128 0.0667128 0.0667128 0.0667128 0.0667128 0.0667128 0.0667128 0.0667128 0.0667128 0.0667128 0.0667128 0.0667128 0.0667128 0.0667128 0.0667128 0.0667128 0.0667128 0.0667128 0.0667128 0.0667128 0.0667128 0.0667128 0.0667128 0.0667128
internal_weight=59.6438 55.3075 49.3587 37.6571 31.5444 30.1685 27.9884 26.985 26.1632 23.5338 12.846 10.6877 9.9178 9.29521 9.3554 11.7015 10.9949 4.33631 5.94881 6.11276 8.0075 7.89647 6.395 5.64997 5.57734 5.50574 5.38952 3.55082 3.75835 3.39413
internal_count=57708 53442 47703 36422 30517 29182 27072 26100 25303 22758 12404 10354 9609 8972 9063 11281 10600 4266 5739 5905 7759 7651 6196 5470 5400 5331 5219 3432 3708 3349
is_linear=0
shrinkage=0.1


Tree=40
num_leaves=6
num_cat=0
split_feature=5 7 0 5 5
split_gain=1.03029e-13 6.84672e-13 3.55271e-15 6.93889e-18 6.93889e-18
threshold=65.500000000000014 -2533.4999999999995 15.500000000000002 132.50000000000003 159.50000000000003
decision_type=2 2 2 2 2
left_child=1 -1 -2 -4 -5
right_child=2 -3 3 4 -6
leaf_value=-0.066702610562479683 -0.066702617754019325 -0.066700410421044395 -0.066702617753978163 -0.066702617753977123 -0.066702617753974222
leaf_weight=0.011312406579814249 46.315385836176574 0.0016165530661248493 0.035553254187106087 0.064642280340194702 0.016968598589301109
leaf_count=18 57369 176 44 80 21
internal_value=-0.0667026 -0.0667023 -0.0667026 -0.0667026 -0.0667026
internal_weight=46.4455 0.012929 46.4325 0.117164 0.0816109
internal_count=57708 194 57514 145 101
is_linear=0
shrinkage=0.1


Tree=41
num_leaves=31
num_cat=0
split_feature=1 10 2 2 8 8 8 2 8 8 8 8 8 8 8 2 6 8 10 6 6 8 8 8 8 1 6 6 6 6
split_gain=1.77636e-15 1.77636e-15 8.88178e-16 8.88178e-16 1.77636e-15 8.88178e-16 8.88178e-16 4.44089e-16 4.44089e-16 4.44089e-16 8.88178e-16 4.44089e-16 4.44089e-16 4.44089e-16 8.88178e-16 2.22045e-16 1.11022e-16 1.11022e-16 1.11022e-16 5.55112e-17 2.77556e-17 2.77556e-17 2.77556e-17 2.77556e-17 2.77556e-17 1.38778e-17 1.38778e-17 1.38778e-17 1.38778e-17 1.38778e-17
threshold=10.500000000000002 0.85092592592592597 11.500000000000002 9.5000000000000018 3551.5000000000005 3350.0000000000005 2896.5000000000005 8.5000000000000018 2712.5000000000005 2258.5000000000005 2140.5000000000005 1684.5000000000002 765.50000000000011 167.50000000000003 -324.49999999999994 4.5000000000000009 1891.5000000000002 1396.5000000000002 0.38956639566395673 886.50000000000011 1744.5000000000002 3288.5000000000005 3221.5000000000005 2084.5000000000005 609.50000000000011 6.5000000000000009 1542.5000000000002 601.50000000000011 63.500000000000007 3753.5000000000005
decision_type=2 2 2 2 2 2 2 2 2 2 2 2 2 2 2 2 2 2 2 2 2 2 2 2 2 2 2 2 2 2
left_child=1 2 3 4 5 6 8 15 9 10 11 12 13 14 -1 16 -6 -14 -17 27 26 22 -8 -13 -15 -3 -4 28 -5 -9
right_child=-2 25 20 19 7 -7 21 29 -10 -11 -12 23 17 24 -16 18 -18 -19 -20 -21 -22 -23 -24 -25 -26 -27 -28 -29 -30 -31
leaf_value=-0.066676888594439376 -0.066676888610562438 -0.066676888606620285 -0.066676888610309321 -0.066676888610600657 -0.066676888610732385 -0.066676888610713636 -0.066676888610721283 -0.066676888610701979 -0.066676888610731899 -0.066676888610724586 -0.066676888610731525 -0.066676888610713275 -0.066676888610730164 -0.06667688861072911 -0.066676888610721699 -0.06667688861071551 -0.066676888610732607 -0.066676888610710958 -0.066676888610725835 -0.066676888610652546 -0.066676888610575413 -0.066676888610731302 -0.066676888610731386 -0.066676888610731386 -0.066676888610732274 -0.066676888610726792 -0.066676888610329638 -0.066676888610553514 -0.06667688861054534 -0.066676888610728999
leaf_weight=6.0316202411363431 0.0087348034838904409 0.23629941724073056 0.12228725203455777 0.14964097520000635 0.78935038746567643 0.1450437086111841 0.242045998509412 0.17285716165815745 0.14642288783215995 0.34042746788486589 0.099760648852680656 0.34134692125405752 0.54707452609443397 0.39628423658439516 0.44041798023998779 0.23147228931213648 0.58063455991214141 0.24411476798150034 1.3430909484687843 0.16412235907114314 0.042064974696017832 0.047351828718092293 0.049880324426339939 0.050110187672544271 0.14964097327901982 0.011263299064012244 0.0066660343961757315 0.022296735266197687 0.04229483807034734 0.017929333203937858
leaf_count=26334 39 1029 564 664 3439 634 1055 756 637 1485 434 1492 2387 1729 1921 1010 2526 1068 5852 724 188 206 217 218 652 49 31 100 190 78
internal_value=-0.0666769 -0.0666769 -0.0666769 -0.0666769 -0.0666769 -0.0666769 -0.0666769 -0.0666769 -0.0666769 -0.0666769 -0.0666769 -0.0666769 -0.0666769 -0.0666769 -0.0666769 -0.0666769 -0.0666769 -0.0666769 -0.0666769 -0.0666769 -0.0666769 -0.0666769 -0.0666769 -0.0666769 -0.0666769 -0.0666769 -0.0666769 -0.0666769 -0.0666769 -0.0666769
internal_weight=13.2125 13.2038 12.9563 12.7852 12.4069 9.27154 9.1265 3.13533 8.78722 8.6408 8.30037 8.20061 7.80915 7.01796 6.47204 2.94455 1.36998 0.791189 1.57456 0.378355 0.171018 0.339278 0.291926 0.391457 0.545925 0.247563 0.128953 0.214233 0.191936 0.190786
internal_count=57708 57669 56591 55808 54130 40469 39835 13661 38357 37720 36235 35801 34091 30636 28255 12827 5965 3455 6862 1678 783 1478 1272 1710 2381 1078 595 954 854 834
is_linear=0
shrinkage=0.1


Tree=42
num_leaves=31
num_cat=0
split_feature=0 8 8 8 8 8 8 8 8 8 8 8 8 8 8 8 8 8 8 8 8 8 8 6 8 8 8 8 8 8
split_gain=3.55271e-15 3.55271e-15 7.10543e-15 3.55271e-15 1.77636e-15 3.55271e-15 3.55271e-15 3.55271e-15 1.77636e-15 1.77636e-15 1.77636e-15 1.77636e-15 1.77636e-15 8.88178e-16 8.88178e-16 1.77636e-15 8.88178e-16 4.44089e-16 4.44089e-16 4.44089e-16 4.44089e-16 4.44089e-16 4.44089e-16 2.22045e-16 2.22045e-16 2.22045e-16 2.22045e-16 2.22045e-16 2.22045e-16 1.11022e-16
threshold=10.500000000000002 11047.500000000002 4495.5000000000009 2837.5000000000005 2258.5000000000005 1857.5000000000002 1746.5000000000002 -52.499999999999993 -324.49999999999994 -429.49999999999994 -1332.4999999999998 -1614.4999999999998 -2527.4999999999995 -3445.4999999999995 -4000.4999999999995 -4073.9999999999995 -4137.4999999999991 10701.000000000002 7230.5000000000009 6511.5000000000009 1622.5000000000002 1511.5000000000002 -594.49999999999989 -408.49999999999994 5923.5000000000009 4884.5000000000009 -2023.4999999999998 -3049.4999999999995 7635.5000000000009 2712.5000000000005
decision_type=2 2 2 2 2 2 2 2 2 2 2 2 2 2 2 2 2 2 2 2 2 2 2 2 2 2 2 2 2 2
left_child=1 2 3 4 5 6 7 8 9 10 11 12 13 14 15 16 -1 18 19 24 21 -9 -12 -2 25 -4 -14 -15 -20 -6
right_child=23 -3 17 -5 29 -7 -8 20 -10 -11 22 -13 26 27 -16 -17 -18 -19 28 -21 -22 -23 -24 -25 -26 -27 -28 -29 -30 -31
leaf_value=0.066707082307805976 0.066707082336639509 0.066707082336624396 0.066707082336635901 0.066707082336620052 0.0667070823366301 0.06670708233661575 0.066707082336614973 0.066707082336630044 0.066707082336631432 0.066707082336628185 0.066707082336620538 0.066707082336621704 0.066707082337760015 0.066707082336621343 0.066707082336620246 0.066707082336640425 0.066707082336641008 0.066707082336640341 0.066707082336631973 0.066707082336614293 0.066707082336603718 0.066707082336616222 0.066707082336624618 0.066707082336641008 0.066707082336614654 0.066707082336628074 0.066707082336613641 0.066707082336623286 0.066707082336621135 0.066707082336590895
leaf_weight=11.996500062383905 0.059941591112874781 1.1988318222576371 0.94453416299078474 4.6136861038401511 1.3614006830031222 1.3514104178177877 0.38235469482613638 5.56276129646049 0.97813778225106673 0.39779419556729578 2.5911115067432879 1.0008429303999573 1.6302296392388944 1.2288026178141067 1.6302296370852474 0.20525453926529813 0.20343812741339107 0.17800836148671884 0.54129073186781163 1.0853060815136251 0.38962034223379216 0.39143675408566103 0.58760923409143151 2.2505342845106489 1.10074558225482 2.24145222525134 1.4177094504123666 1.6275050193073513 2.6692172163752157 0.38598751853001778
leaf_count=13251 66 1324 1043 5104 1504 1497 423 6150 1080 440 2868 1106 1802 1361 1806 226 224 196 597 1201 433 434 650 2478 1220 2474 1570 1801 2950 429
internal_value=0.0667071 0.0667071 0.0667071 0.0667071 0.0667071 0.0667071 0.0667071 0.0667071 0.0667071 0.0667071 0.0667071 0.0667071 0.0667071 0.0667071 0.0667071 0.0667071 0.0667071 0.0667071 0.0667071 0.0667071 0.0667071 0.0667071 0.0667071 0.0667071 0.0667071 0.0667071 0.0667071 0.0667071 0.0667071 0.0667071
internal_weight=52.2037 49.8932 48.6944 39.9338 35.3201 33.5727 32.2213 31.839 25.4952 24.517 24.1192 20.9405 19.9397 16.8917 14.0354 12.4052 12.1999 8.76055 8.58255 5.37204 6.34382 5.9542 3.17872 2.31048 4.28673 3.18599 3.04794 2.85631 3.21051 1.74739
internal_count=57708 55164 53840 44159 39055 37122 35625 35202 28185 27105 26665 23147 22041 18669 15507 13701 13475 9681 9485 5938 7017 6584 3518 2544 4737 3517 3372 3162 3547 1933
is_linear=0
shrinkage=0.1


Tree=43
num_leaves=6
num_cat=0
split_feature=5 7 0 0 5
split_gain=1.1724e-13 7.79478e-13 3.55271e-15 1.38778e-17 6.93889e-18
threshold=65.500000000000014 -2533.4999999999995 14.500000000000002 16.500000000000004 156.50000000000003
decision_type=2 2 2 2 2
left_child=1 -1 -2 4 -4
right_child=2 -3 3 -5 -6
leaf_value=-0.066698118515604796 -0.066698125157380966 -0.066695609243745915 -0.06669812515735761 -0.06669812515735625 -0.066698125157354834
leaf_weight=0.0099010256933129703 40.452737338724546 0.0014148718389920276 0.11386172572383557 0.048797882453072816 0.024045333382673562
leaf_count=18 57250 176 161 69 34
internal_value=-0.0666981 -0.0666978 -0.0666981 -0.0666981 -0.0666981
internal_weight=40.6508 0.0113159 40.6394 0.186705 0.137907
internal_count=57708 194 57514 264 195
is_linear=0
shrinkage=0.1


Tree=44
num_leaves=31
num_cat=0
split_feature=0 2 6 6 6 6 6 6 6 6 6 6 6 6 8 8 8 8 6 6 6 6 6 6 6 8 8 8 8 8
split_gain=8.88178e-16 8.88178e-16 8.88178e-16 4.44089e-16 4.44089e-16 4.44089e-16 4.44089e-16 4.44089e-16 4.44089e-16 4.44089e-16 4.44089e-16 2.22045e-16 2.22045e-16 2.22045e-16 2.22045e-16 2.22045e-16 2.22045e-16 2.22045e-16 1.11022e-16 2.22045e-16 1.11022e-16 1.11022e-16 1.11022e-16 1.11022e-16 1.11022e-16 1.11022e-16 1.11022e-16 1.11022e-16 1.11022e-16 1.11022e-16
threshold=17.500000000000004 9.5000000000000018 349.50000000000006 63.500000000000007 -91.499999999999986 -169.49999999999997 -188.49999999999997 -265.49999999999994 -428.49999999999994 -1245.4999999999998 518.50000000000011 -1640.4999999999998 -1700.4999999999998 -1730.4999999999998 3551.5000000000005 -976.49999999999989 -2202.4999999999995 1622.5000000000002 -1787.4999999999998 -1818.4999999999998 -2004.4999999999998 -2140.4999999999995 -2175.4999999999995 -2538.4999999999995 -2724.4999999999995 1396.5000000000002 1286.0000000000002 877.50000000000011 109.50000000000001 -1740.4999999999998
decision_type=2 2 2 2 2 2 2 2 2 2 2 2 2 2 2 2 2 2 2 2 2 2 2 2 2 2 2 2 2 2
left_child=1 2 3 4 5 6 7 8 9 11 -4 12 13 14 15 16 18 25 19 20 21 22 23 24 -1 26 27 28 -11 -13
right_child=-2 -3 10 -5 -6 -7 -8 -9 -10 17 -12 29 -14 -15 -16 -17 -18 -19 -20 -21 -22 -23 -24 -25 -26 -27 -28 -29 -30 -31
leaf_value=-0.066675611810891641 -0.066675611821446948 -0.066675611817361702 -0.066675611584267935 -0.066675611821446601 -0.066675611820006669 -0.066675611821441993 -0.066675611821461839 -0.066675611821422884 -0.066675611822856043 -0.066675611820501773 -0.066675611821681413 -0.066675611821408604 -0.06667561182142398 -0.066675611821461964 -0.066675611821449141 -0.066675611821465613 -0.066675611821456982 -0.066675611821442368 -0.066675611830786852 -0.066675611821460284 -0.066675611830561851 -0.06667561182140043 -0.066675611821420414 -0.066675611825138245 -0.066675611821462769 -0.066675611821371703 -0.066675611821457065 -0.066675611821437678 -0.066675611821451888 -0.066675611821443395
leaf_weight=0.82725244115296093 0.007242482446600528 0.49570769783240187 0.35227386587783627 0.62265231149188149 0.34039667613445779 0.16557119631637363 0.040437193660181836 0.17180777880666287 0.34401791686868044 1.0421127556048031 4.351323692275324 0.3780173500007778 0.089323950558226062 0.044661975087365025 0.08670860941936398 0.38083386865036373 0.19091988462321596 0.38707045165406118 0.051904457548523131 0.024543968291254825 0.15913343456787998 0.11024667800967614 0.028366389710643758 0.26233880929014242 0.12694462288345676 0.025751048955277356 0.01186962400970526 0.047478496166948658 0.10722897635139905 0.28969929850463011
leaf_count=4115 36 2536 1764 3108 1701 827 202 859 1718 5203 21654 1889 445 222 432 1897 950 1935 258 122 793 550 142 1309 631 131 59 238 535 1447
internal_value=-0.0666756 -0.0666756 -0.0666756 -0.0666756 -0.0666756 -0.0666756 -0.0666756 -0.0666756 -0.0666756 -0.0666756 -0.0666756 -0.0666756 -0.0666756 -0.0666756 -0.0666756 -0.0666756 -0.0666756 -0.0666756 -0.0666756 -0.0666756 -0.0666756 -0.0666756 -0.0666756 -0.0666756 -0.0666756 -0.0666756 -0.0666756 -0.0666756 -0.0666756 -0.0666756
internal_weight=11.5638 11.5566 11.0609 6.35729 5.73464 5.39424 5.22867 5.18823 5.01643 4.67241 4.7036 3.0509 2.38318 2.29386 2.24919 2.16248 1.78165 1.62151 1.59073 1.53883 1.51428 1.35515 1.2449 1.21654 0.954197 1.23444 1.20869 1.19682 1.14934 0.667717
internal_count=57708 57672 55136 31718 28610 26909 26082 25880 25021 23303 23418 15202 11866 11421 11199 10767 8870 8101 7920 7662 7540 6747 6197 6055 4746 6166 6035 5976 5738 3336
is_linear=0
shrinkage=0.1


Tree=45
num_leaves=27
num_cat=0
split_feature=4 6 6 6 6 6 6 6 6 10 6 6 10 10 10 2 10 6 6 6 10 10 10 10 10 10
split_gain=7.10543e-15 3.55271e-15 3.55271e-15 3.55271e-15 1.77636e-15 3.55271e-15 1.77636e-15 3.55271e-15 1.77636e-15 1.77636e-15 8.88178e-16 1.77636e-15 1.249e-16 2.04697e-16 1.11022e-16 5.55112e-17 5.55112e-17 2.77556e-17 2.77556e-17 2.77556e-17 2.77556e-17 1.38778e-17 1.38778e-17 1.38778e-17 6.93889e-18 6.93889e-18
threshold=38.500000000000007 2581.5000000000005 498.50000000000006 453.50000000000006 430.50000000000006 306.50000000000006 244.50000000000003 225.50000000000003 207.50000000000003 0.83666666666666678 2493.5000000000005 2364.5000000000005 0.65669642857142863 0.70135135135135152 0.64400921658986188 5.5000000000000009 0.65669642857142863 476.50000000000006 2453.5000000000005 2537.5000000000005 0.57321428571428579 0.69397993311036799 0.44058823529411767 0.70900537634408611 0.79655172413793118 0.64051282051282066
decision_type=2 2 2 2 2 2 2 2 2 2 2 2 2 2 2 2 2 2 2 2 2 2 2 2 2 2
left_child=1 2 3 4 5 6 7 8 -1 10 11 -4 -6 -14 -7 -2 20 21 -11 -12 -8 -5 -9 -10 -18 -22
right_child=15 -3 9 17 12 14 16 22 23 18 19 -13 13 -15 -16 -17 24 -19 -20 -21 25 -23 -24 -25 -26 -27
leaf_value=0.066702032365673403 0.066702032364555824 0.066702032364555061 0.066702032364986383 0.066702032364553909 0.066702032364517869 0.066702032364496622 0.066702032364555339 0.066702032364552188 0.066702032364485853 0.066702032364540503 0.066702032364522421 0.066702032364545014 0.066702017742449923 0.06670203236455334 0.066702032364531538 0.066702032364498717 0.066702032364488892 0.066702032364496774 0.066702032364552508 0.066702032364555922 0.066702032364482508 0.066702032364553784 0.066702032364515579 0.066702032364552508 0.066702032364552841 0.066702032364552133
leaf_weight=24.333623124062921 0.70667029073229226 4.508699537720573 12.211326225663091 0.15023699094308712 0.1478522768011733 0.8362397591121502 0.36088674014900046 0.043719759269152197 0.16136565693895377 0.35929693072107127 0.16772489465078777 0.50237977923829547 0.016699964101462683 0.022257331991568208 0.22495803405767711 0.19236694078435068 0.0826700902544375 0.186007703072474 0.017487903707660735 0.16772489465074614 0.075515947828576291 0.026231855561491102 0.13672361080538883 0.017487903707660735 0.019077713135629892 0.015898094279691577
leaf_count=30758 889 5673 15415 190 187 1062 455 55 205 453 212 633 22 28 285 244 105 236 22 211 96 33 173 22 24 20
internal_value=0.066702 0.066702 0.066702 0.066702 0.066702 0.066702 0.066702 0.066702 0.066702 0.066702 0.066702 0.066702 0.066702 0.066702 0.066702 0.066702 0.066702 0.066702 0.066702 0.066702 0.066702 0.066702 0.066702 0.066702 0.066702 0.066702
internal_weight=45.6911 44.7921 40.2834 26.8575 26.495 26.3082 25.247 24.6929 24.5125 13.4259 13.0492 12.7137 0.18681 0.0389573 1.0612 0.899037 0.554049 0.362477 0.376785 0.33545 0.452301 0.176469 0.180443 0.178854 0.101748 0.091414
internal_count=57708 56575 50902 33956 33497 33260 31913 31213 30985 16946 16471 16048 237 50 1347 1133 700 459 475 423 571 223 228 227 129 116
is_linear=0
shrinkage=0.1


Tree=46
num_leaves=4
num_cat=0
split_feature=5 7 1
split_gain=1.38556e-13 8.87385e-13 3.55271e-15
threshold=65.500000000000014 -2533.4999999999995 9.5000000000000018
decision_type=2 2 2
left_child=1 -1 -2
right_child=2 -3 -4
leaf_value=-0.066694184453911301 -0.066694201220980159 -0.066691322648236614 -0.066694201220980687
leaf_weight=0.0086656573228380829 35.474081135645974 0.0012383421191136676 0.094703188107813641
leaf_count=18 57361 176 153
internal_value=-0.0666942 -0.0666938 -0.0666942
internal_weight=35.5787 0.009904 35.5688
internal_count=57708 194 57514
is_linear=0
shrinkage=0.1


Tree=47
num_leaves=5
num_cat=0
split_feature=10 6 0 2
split_gain=1.77636e-15 8.88178e-16 5.55112e-17 5.55112e-17
threshold=0.76253132832080206 3646.5000000000005 15.500000000000002 10.500000000000002
decision_type=2 2 2 2
left_child=1 -1 3 -2
right_child=2 -3 -4 -5
leaf_value=-0.066674493247860248 -0.066674493252111708 -0.066674493253308403 -0.066674493253298259 -0.066674493252998457
leaf_weight=9.1451669310786539 0.60904348223710414 0.32450625540514089 0.0063387005939148358 0.03574322975667954
leaf_count=52159 3460 1843 36 210
internal_value=-0.0666745 -0.0666745 -0.0666745 -0.0666745
internal_weight=10.1208 9.46967 0.651125 0.644787
internal_count=57708 54002 3706 3670
is_linear=0
shrinkage=0.1


Tree=48
num_leaves=27
num_cat=0
split_feature=4 1 2 8 4 7 7 7 4 6 7 8 8 8 8 4 4 4 8 8 1 7 7 4 4 7
split_gain=7.10543e-15 3.55271e-15 4.44089e-16 6.66134e-16 2.22045e-16 2.22045e-16 1.11022e-16 1.11022e-16 5.55112e-17 5.55112e-17 5.55112e-17 5.55112e-17 5.55112e-17 5.55112e-17 5.55112e-17 2.77556e-17 1.38778e-17 1.38778e-17 1.38778e-17 1.38778e-17 6.93889e-18 6.93889e-18 6.93889e-18 3.46945e-18 3.46945e-18 3.46945e-18
threshold=28.500000000000004 9.5000000000000018 10.500000000000002 3419.5000000000005 40.500000000000007 1162.5000000000002 1041.5000000000002 -114.49999999999999 36.500000000000007 1094.5000000000002 853.50000000000011 -1675.4999999999998 -1856.4999999999998 -2266.4999999999995 -2843.4999999999995 47.500000000000007 16.500000000000004 57.500000000000007 2451.5000000000005 1511.5000000000002 10.500000000000002 1426.5000000000002 992.50000000000011 11.500000000000002 33.500000000000007 992.50000000000011
decision_type=2 2 2 2 2 2 2 2 2 2 2 2 2 2 2 2 2 2 2 2 2 2 2 2 2 2
left_child=1 -1 3 4 5 6 7 11 -7 -5 -9 12 13 14 -2 -6 20 21 19 -13 23 22 -17 -3 -4 -12
right_child=2 16 24 9 15 8 -8 10 -10 -11 25 18 -14 -15 -16 17 -18 -19 -20 -21 -22 -23 -24 -25 -26 -27
leaf_value=0.066697618179181281 0.066697618183412286 0.066697618184497529 0.06669761818425031 0.066697618184683449 0.066697618184662175 0.066697618184668253 0.066697618184682214 0.066697618184554053 0.066697618184683366 0.066697618184673485 0.066697618184682589 0.066697618184610244 0.066697618184679272 0.066697618184681826 0.066697618184682769 0.066697618184683283 0.066697618114231055 0.066697618184681395 0.06669761818468023 0.066697618184133153 0.066697618184332605 0.066697618184681937 0.066697618184679494 0.066697618184680507 0.066697618184680965 0.066697618184679897
leaf_weight=36.553701952661747 0.78339287242917832 0.03478653961797265 0.029220693279152221 0.15375650511123262 0.2915112019982663 0.4028281287756289 0.040352385956794135 0.39100070530586917 0.096010849345475435 0.60111140459780643 0.045222501503303647 0.17184550571264759 0.013914615847170353 0.029916424071416259 0.051484078634530306 0.086270618252456188 0.028524964524014526 0.025046308524906635 0.017393269808962941 0.022959116147925424 0.018089000601368629 0.031307885656133294 0.014610346639528871 0.018784731393679976 0.021567654563114047 0.016001808224245906
leaf_count=52750 1130 51 44 221 420 580 58 564 138 865 65 249 20 43 74 124 42 36 25 35 27 45 21 27 31 23
internal_value=0.0666976 0.0666976 0.0666976 0.0666976 0.0666976 0.0666976 0.0666976 0.0666976 0.0666976 0.0666976 0.0666976 0.0666976 0.0666976 0.0666976 0.0666976 0.0666976 0.0666976 0.0666976 0.0666976 0.0666976 0.0666976 0.0666976 0.0666976 0.0666976 0.0666976 0.0666976
internal_weight=39.9906 36.6539 3.33672 3.28594 2.53107 2.08232 1.58348 1.54313 0.498839 0.754868 0.452225 1.09091 0.878708 0.864793 0.834877 0.448746 0.100185 0.157235 0.212198 0.194805 0.0716603 0.132189 0.100881 0.0535713 0.0507883 0.0612243
internal_count=57708 52897 4811 4736 3650 3004 2286 2228 718 1086 652 1576 1267 1247 1204 646 147 226 309 284 105 190 145 78 75 88
is_linear=0
shrinkage=0.1


Tree=49
num_leaves=4
num_cat=0
split_feature=5 7 10
split_gain=1.52767e-13 1.0177e-12 3.55271e-15
threshold=65.500000000000014 -2533.4999999999995 0.55086206896551737
decision_type=2 2 2
left_child=1 -1 -2
right_child=2 -3 -4
leaf_value=-0.066690750272432583 -0.066690761366735185 -0.066687474346491568 -0.066690761366586207
leaf_weight=0.0075843680650584666 18.004194256151099 0.001083829884789167 13.12636537424987
leaf_count=18 33273 176 24241
internal_value=-0.0666908 -0.0666903 -0.0666908
internal_weight=31.1392 0.0086682 31.1306
internal_count=57708 194 57514
is_linear=0
shrinkage=0.1


Tree=50
num_leaves=31
num_cat=0
split_feature=6 1 8 6 6 6 6 7 6 2 6 7 6 6 6 6 6 6 6 10 7 6 7 7 7 10 10 10 10 7
split_gain=1.77636e-15 4.44089e-16 8.88178e-16 4.44089e-16 4.44089e-16 4.44089e-16 4.44089e-16 4.44089e-16 4.44089e-16 2.22045e-16 2.22045e-16 6.66134e-16 2.22045e-16 4.44089e-16 2.22045e-16 2.22045e-16 2.22045e-16 2.22045e-16 1.11022e-16 2.22045e-16 1.11022e-16 5.55112e-17 1.11022e-16 5.55112e-17 5.55112e-17 5.55112e-17 5.55112e-17 5.55112e-17 5.55112e-17 4.16334e-17
threshold=1045.5000000000002 10.500000000000002 9839.5000000000018 865.50000000000011 731.50000000000011 167.50000000000003 41.500000000000007 44.500000000000007 -225.49999999999997 14.500000000000002 -323.49999999999994 -19.499999999999996 -367.49999999999994 -718.49999999999989 -852.49999999999989 -1172.4999999999998 -1219.4999999999998 -1700.4999999999998 -1758.4999999999998 0.51925925925925942 1477.5000000000002 -130.49999999999997 1327.5000000000002 2304.5000000000005 709.50000000000011 0.70135135135135152 0.68301435406698574 0.58898944193061853 0.57321428571428579 -19.499999999999996
decision_type=2 2 2 2 2 2 2 2 2 2 2 2 2 2 2 2 2 2 2 2 2 2 2 2 2 2 2 2 2 2
left_child=1 2 3 4 5 6 7 8 10 -2 11 12 13 14 15 16 17 18 19 -1 21 22 24 25 -9 26 27 28 -7 -10
right_child=9 -3 -4 -5 -6 23 -8 20 29 -11 -12 -13 -14 -15 -16 -17 -18 -19 -20 -21 -22 -23 -24 -25 -26 -27 -28 -29 -30 -31
leaf_value=-0.066673516021602958 -0.066673516020873874 -0.066673516020798684 -0.066673516020917839 -0.066673516020956905 -0.066673516020947315 -0.066673516020950382 -0.066673516020930954 -0.066673516020943596 -0.06667351602393827 -0.066673516020667775 -0.066673516020972809 -0.066673516020809495 -0.06667351601532559 -0.066673516020927276 -0.066673516020943221 -0.066673516019632742 -0.066673516020956808 -0.066673516020936602 -0.066673516020972184 -0.066673516021894613 -0.066673516020959819 -0.066673516020931842 -0.066673516020944582 -0.066673516020972101 -0.066673516020950355 -0.066673516065320737 -0.066673516127767313 -0.066673515826384047 -0.066673516020943804 -0.066673516020790247
leaf_weight=1.12787224179557 2.680141277875089 0.0057017726184164222 0.065339231211999471 0.27353097821507422 0.20541791237819929 0.53750763547247438 0.20911635991056599 0.38510079769776689 0.24024495661086026 0.0060099766649427391 0.10170729306992132 0.037138573061591962 0.043302650805134291 0.38171055549147714 0.14778377950955546 0.37231033546278203 0.055630807398195592 0.52625819347261171 0.061486681719543523 0.51500874917554629 0.13483921455350978 0.10848777991524683 0.032977819396258878 0.052240564167732373 0.19324385747262557 0.11480595985843456 0.034056533110636722 0.16643591105680688 0.032053207641077663 0.010324831650578459
leaf_count=7335 17420 38 428 1781 1341 3509 1369 2515 1575 41 660 244 284 2496 964 2432 362 3432 400 3343 878 709 215 339 1258 748 222 1091 209 70
internal_value=-0.0666735 -0.0666735 -0.0666735 -0.0666735 -0.0666735 -0.0666735 -0.0666735 -0.0666735 -0.0666735 -0.0666735 -0.0666735 -0.0666735 -0.0666735 -0.0666735 -0.0666735 -0.0666735 -0.0666735 -0.0666735 -0.0666735 -0.0666735 -0.0666735 -0.0666735 -0.0666735 -0.0666735 -0.0666735 -0.0666735 -0.0666735 -0.0666735 -0.0666735 -0.0666735
internal_weight=8.85779 6.17164 6.16593 6.10059 5.82706 5.62165 4.68455 4.47543 3.62078 2.68615 3.37021 3.2685 3.23136 3.18806 2.80635 2.65857 2.28626 2.23063 1.70437 1.64288 0.854649 0.71981 0.611322 0.9371 0.578345 0.884859 0.770053 0.735997 0.569561 0.25057
internal_count=57708 40247 40209 39781 38000 36659 30541 29172 23597 17461 21952 21292 21048 20764 18268 17304 14872 14510 11078 10678 5575 4697 3988 6118 3773 5779 5031 4809 3718 1645
is_linear=0
shrinkage=0.1


Tree=51
num_leaves=31
num_cat=0
split_feature=2 1 6 4 4 6 7 8 10 4 4 6 6 6 7 8 6 10 6 6 6 6 7 8 8 8 8 8 8 8
split_gain=3.55271e-15 1.77636e-15 3.55271e-15 1.77636e-15 3.55271e-15 1.77636e-15 8.88178e-16 8.88178e-16 8.88178e-16 4.44089e-16 4.44089e-16 4.44089e-16 4.44089e-16 4.44089e-16 4.44089e-16 4.44089e-16 3.33067e-16 3.33067e-16 2.22045e-16 2.22045e-16 2.22045e-16 2.22045e-16 2.22045e-16 2.22045e-16 2.22045e-16 2.22045e-16 2.22045e-16 2.22045e-16 2.22045e-16 2.22045e-16
threshold=13.500000000000002 6.5000000000000009 1744.5000000000002 33.500000000000007 17.500000000000004 225.50000000000003 1530.5000000000002 10701.000000000002 0.72111111111111115 22.500000000000004 30.500000000000004 1597.5000000000002 1331.5000000000002 978.50000000000011 -171.49999999999997 1396.5000000000002 -303.49999999999994 0.81980519480519487 954.50000000000011 928.50000000000011 886.50000000000011 865.50000000000011 1.0000000180025095e-35 -3049.4999999999995 9589.5000000000018 6733.5000000000009 6511.5000000000009 5923.5000000000009 5289.0000000000009 2582.5000000000005
decision_type=2 2 2 2 2 2 2 2 2 2 2 2 2 2 2 2 2 2 2 2 2 2 2 2 2 2 2 2 2 2
left_child=1 2 3 4 5 8 10 9 -1 -4 14 12 13 18 15 23 22 -16 19 20 21 24 -3 -6 25 26 27 28 29 -7
right_child=-2 16 7 -5 6 11 -8 -9 -10 -11 -12 -13 -14 -15 17 -17 -18 -19 -20 -21 -22 -23 -24 -25 -26 -27 -28 -29 -30 -31
leaf_value=0.066693749174538783 0.066693749173513048 0.066693749190529894 0.066693749174331546 0.0666937491742359 0.066693749105450381 0.06669374917432018 0.066693749174311298 0.066693749174314615 0.066693749174251568 0.066693749174328701 0.066693749174316516 0.066693749174315822 0.066693749174291647 0.066693749174311548 0.066693749174253525 0.066693749174228115 0.06669374917395765 0.066693749174182096 0.066693749174253622 0.066693749174249736 0.066693749174292202 0.066693749174253622 0.066693749174091072 0.066693749175972469 0.066693749174249736 0.066693749174297906 0.066693749174055572 0.066693749174243463 0.066693749174332642 0.066693749174307454
leaf_weight=11.392976030478785 0.14066154265397202 1.5655447177154105 4.3860826481832724 0.89085643680365478 2.0009310118255152 1.662972610327577 0.98889326956139267 0.77820541779521502 0.7970820750347557 1.6075604874641243 0.43538096535490645 0.41772215696988446 0.86710838414755631 1.3304998731475617 2.1683798847965816 0.41102398827238662 0.43477204162780836 0.048105029738562233 0.091338664060512609 0.087076193071024544 0.17719700827734364 0.091338664060512609 0.059674593852940716 1.1070246098685959 0.087076193071024544 0.20581645634962065 0.026183750364052183 0.080986948800327307 0.10169037932064373 0.56081939733132324
leaf_count=18784 247 2592 7204 1469 3296 2740 1627 1280 1312 2641 716 687 1429 2193 3579 681 729 80 151 144 292 151 100 1830 144 339 44 134 167 926
internal_value=0.0666937 0.0666937 0.0666937 0.0666937 0.0666937 0.0666937 0.0666937 0.0666937 0.0666937 0.0666937 0.0666937 0.0666937 0.0666937 0.0666937 0.0666937 0.0666937 0.0666937 0.0666937 0.0666937 0.0666937 0.0666937 0.0666937 0.0666937 0.0666937 0.0666937 0.0666937 0.0666937 0.0666937 0.0666937 0.0666937
internal_weight=35.001 34.8603 32.8003 26.0285 25.1376 17.9779 7.15974 6.77185 12.1901 5.99364 6.17085 5.78783 5.3701 4.503 5.73546 3.51898 2.05999 2.21648 3.1725 3.08116 2.99408 2.81688 1.62522 3.10796 2.72555 2.63847 2.43265 2.40647 2.32548 2.22379
internal_count=57708 57461 54040 42915 41446 29637 11809 11125 20096 9845 10182 9541 8854 7425 9466 5807 3421 3659 5232 5081 4937 4645 2692 5126 4494 4350 4011 3967 3833 3666
is_linear=0
shrinkage=0.1


Tree=52
num_leaves=15
num_cat=0
split_feature=5 6 0 4 4 5 6 6 6 6 7 7 4 7
split_gain=1.79412e-13 7.65949e-13 1.77636e-15 8.88178e-16 8.88178e-16 2.22045e-16 2.22045e-16 1.11022e-16 1.11022e-16 1.11022e-16 1.11022e-16 1.11022e-16 5.55112e-17 6.93889e-18
threshold=65.500000000000014 -3126.4999999999995 5.5000000000000009 5.5000000000000009 34.500000000000007 182.50000000000003 -963.49999999999989 -1172.4999999999998 2537.5000000000005 -897.49999999999989 -2975.4999999999995 3427.5000000000005 45.500000000000007 512.50000000000011
decision_type=2 2 2 2 2 2 2 2 2 2 2 2 2 2
left_child=1 -1 3 5 -5 6 7 -2 9 -8 -11 -12 -6 -9
right_child=2 -3 -4 4 12 -7 8 13 -10 10 11 -13 -14 -15
leaf_value=-0.066687752901537362 -0.066687753582386822 -0.066685178733395675 -0.066687753580399772 -0.066687753581285938 -0.066687753577576406 -0.066687753582383408 -0.066687753582384643 -0.066687753582385864 -0.066687753582382145 -0.066687753582376469 -0.066687753580644077 -0.066687753582380632 -0.066687753582386086 -0.0666877535823822
leaf_weight=0.0061638261540792882 1.0706065855338236 0.0014227203322140216 10.261797312967248 14.103274086461166 0.40349256171612147 0.017069015535525867 0.039827702916227614 0.10336237185401898 0.015646597574232257 0.0071120898064692675 1.1137532637221754 0.01185348301078204 0.083922659716336057 0.014224179612938315
leaf_count=13 2269 181 21650 29745 851 36 85 222 33 15 2375 25 177 31
internal_value=-0.0666878 -0.0666873 -0.0666878 -0.0666878 -0.0666878 -0.0666878 -0.0666878 -0.0666878 -0.0666878 -0.0666878 -0.0666878 -0.0666878 -0.0666878 -0.0666878
internal_weight=27.2535 0.00758655 27.2459 16.9841 14.5907 2.39346 2.37639 1.18819 1.18819 1.17255 1.13272 1.12561 0.487415 0.117587
internal_count=57708 194 57514 35864 30773 5091 5055 2522 2533 2500 2415 2400 1028 253
is_linear=0
shrinkage=0.1


Tree=53
num_leaves=31
num_cat=0
split_feature=2 8 6 6 6 6 6 6 4 6 7 6 7 6 6 7 8 8 2 5 5 6 6 6 6 7 7 7 7 8
split_gain=8.88178e-16 8.88178e-16 4.44089e-16 4.44089e-16 4.44089e-16 4.44089e-16 4.44089e-16 3.33067e-16 2.22045e-16 2.22045e-16 4.44089e-16 2.22045e-16 2.22045e-16 1.11022e-16 1.11022e-16 1.11022e-16 1.11022e-16 1.11022e-16 8.32667e-17 5.55112e-17 1.11022e-16 5.55112e-17 1.11022e-16 5.55112e-17 5.55112e-17 5.55112e-17 5.55112e-17 5.55112e-17 5.55112e-17 5.55112e-17
threshold=13.500000000000002 4647.5000000000009 1597.5000000000002 -1.0000000180025095e-35 -284.49999999999994 -303.49999999999994 -428.49999999999994 1514.5000000000002 18.500000000000004 -657.49999999999989 -873.49999999999989 -1393.4999999999998 1304.5000000000002 -1640.4999999999998 -2004.4999999999998 -2533.4999999999995 3484.5000000000005 3089.5000000000005 11.500000000000002 197.50000000000003 192.50000000000003 -2175.4999999999995 -2538.4999999999995 -3126.4999999999995 4451.5000000000009 -963.49999999999989 -1014.4999999999999 -1036.4999999999998 -1128.4999999999998 1857.5000000000002
decision_type=2 2 2 2 2 2 2 2 2 2 2 2 2 2 2 2 2 2 2 2 2 2 2 2 2 2 2 2 2 2
left_child=1 2 3 4 5 6 9 12 19 10 11 13 15 14 21 -5 17 -17 -10 20 -3 22 23 -1 -4 26 27 28 -13 -6
right_child=-2 8 24 7 29 -7 -8 -9 18 -11 -12 25 -14 -15 -16 16 -18 -19 -20 -21 -22 -23 -24 -25 -26 -27 -28 -29 -30 -31
leaf_value=-0.066672665640278531 -0.066672665660034006 -0.066672665660420696 -0.066672665660429675 -0.066672665660431327 -0.066672665658733213 -0.066672665660430341 -0.066672665654264662 -0.066672665660418837 -0.066672665660418642 -0.066672665660390928 -0.066672665660392538 -0.066672665659176109 -0.066672665660426192 -0.066672665660388167 -0.066672665645463744 -0.066672665613890708 -0.066672665660400934 -0.066672665660396369 -0.066672665660227851 -0.066672665660409705 -0.066672665660417324 -0.066672665660425262 -0.066672665651606372 -0.066672665660427163 -0.066672665660429606 -0.066672665660403821 -0.06667266566042758 -0.066672665660423902 -0.066672665660430314 -0.066672665660390804
leaf_weight=0.46975348721026189 0.031155056667709569 1.1067462281162583 0.83201529014937214 0.014970610660383854 0.295096364206761 0.026569462163024471 0.15793319960396468 0.061905498264318903 0.44669065424303278 0.29698454866337654 0.74866540837566864 0.39624913834490727 0.37291656323091649 0.17438738491810069 0.25962545609967835 1.0881391906112601 0.099399460482838653 0.044507221138493036 0.011598851887043793 0.003236888791434577 0.0048553331871518104 0.11423520039250923 0.22037817934719617 0.29590558393990651 0.022388480807421729 0.030345832547833185 0.013352166264667176 0.0076876108796568579 0.02940173985552974 0.075257664913389477
leaf_count=3483 247 8226 6172 111 2207 197 1179 460 3320 2220 5585 2952 2771 1300 1929 8112 743 332 89 24 36 848 1638 2197 166 227 100 57 218 562
internal_value=-0.0666727 -0.0666727 -0.0666727 -0.0666727 -0.0666727 -0.0666727 -0.0666727 -0.0666727 -0.0666727 -0.0666727 -0.0666727 -0.0666727 -0.0666727 -0.0666727 -0.0666727 -0.0666727 -0.0666727 -0.0666727 -0.0666727 -0.0666727 -0.0666727 -0.0666727 -0.0666727 -0.0666727 -0.0666727 -0.0666727 -0.0666727 -0.0666727 -0.0666727 -0.0666727
internal_weight=7.75235 7.7212 6.14807 5.29367 3.61183 3.24147 3.2149 1.68184 1.57313 3.05697 2.75999 2.01132 1.61993 1.53429 1.3599 1.24702 1.23205 1.13265 0.45829 1.11484 1.1116 1.10027 0.986037 0.765659 0.854404 0.477036 0.446691 0.433338 0.425651 0.370354
internal_count=57708 57461 45766 39428 26899 24130 23933 12529 11695 22754 20534 14949 12069 11395 10095 9298 9187 8444 3409 8286 8262 8166 7318 5680 6338 3554 3327 3227 3170 2769
is_linear=0
shrinkage=0.1


Tree=54
num_leaves=31
num_cat=0
split_feature=1 4 4 10 6 6 6 6 6 8 6 6 6 6 6 6 6 6 6 8 6 6 6 6 6 6 6 6 7 8
split_gain=1.77636e-15 3.55271e-15 5.32907e-15 3.55271e-15 3.55271e-15 1.77636e-15 3.55271e-15 1.77636e-15 1.77636e-15 1.77636e-15 8.88178e-16 4.44089e-16 4.44089e-16 4.44089e-16 4.44089e-16 4.44089e-16 4.44089e-16 2.22045e-16 4.44089e-16 4.44089e-16 2.22045e-16 2.22045e-16 2.22045e-16 2.22045e-16 2.22045e-16 2.22045e-16 2.22045e-16 2.22045e-16 2.22045e-16 2.22045e-16
threshold=10.500000000000002 40.500000000000007 33.500000000000007 0.78019323671497598 2622.5000000000005 2493.5000000000005 2256.5000000000005 731.50000000000011 625.50000000000011 711.50000000000011 -428.49999999999994 1891.5000000000002 1652.5000000000002 1379.5000000000002 410.50000000000006 63.500000000000007 349.50000000000006 1.0000000180025095e-35 -169.49999999999997 6316.5000000000009 -225.49999999999997 -303.49999999999994 -347.49999999999994 -367.49999999999994 -389.49999999999994 -408.49999999999994 -471.49999999999994 -512.49999999999989 1112.5000000000002 6316.5000000000009
decision_type=2 2 2 2 2 2 2 2 2 2 2 2 2 2 2 2 2 2 2 2 2 2 2 2 2 2 2 2 2 2
left_child=1 2 3 4 5 6 7 8 9 10 -1 12 13 29 15 17 -12 18 19 20 21 22 23 24 25 26 27 -11 -6 -9
right_child=-2 -3 -4 -5 28 -7 -8 11 -10 14 16 -13 -14 -15 -16 -17 -18 -19 -20 -21 -22 -23 -24 -25 -26 -27 -28 -29 -30 -31
leaf_value=0.066690369005718786 0.066690369004631156 0.066690369005032862 0.066690369004942837 0.066690369004990327 0.066690369005007896 0.066690369005024078 0.066690369005038566 0.066690369004911598 0.066690369005037525 0.066690369005015182 0.066690369005726169 0.066690369005030434 0.066690369005023453 0.066690369005021774 0.066690369004944058 0.066690369004982861 0.066690368843338441 0.066690369004950026 0.066690369004956257 0.066690369005011227 0.066690369004976158 0.06669036900494002 0.066690369005051514 0.066690369005050695 0.06669036900505057 0.066690369005049863 0.066690369004728994 0.06669036900476788 0.066690369005052236 0.066690369004926531
leaf_weight=9.3318594432287938 0.020251893671292431 0.43967927049386091 0.8313935296616809 1.4687952357351139 0.19292593444703898 0.30271251592791415 0.62301220267551727 2.5517386125293475 0.5675859673651783 2.2181153015705424 2.3465549435958182 1.13357310101874 0.85857370274625555 1.0802786439892504 0.60808975470767279 0.94810839055620988 0.67844310630956783 0.16148220479966369 0.43168510193967602 0.40237315057323542 0.10818774777005025 0.14709270140168484 0.079408740974031278 0.037839064490981289 0.035174341639503726 0.03730611992068622 0.10179241292668928 0.086869964958353196 2.2794039271539077 0.52335156803068628
leaf_count=17570 39 826 1565 2761 363 569 1170 4809 1070 4182 4445 2130 1614 2031 1150 1788 1280 306 815 757 204 278 149 71 66 70 195 168 4277 990
internal_value=0.0666904 0.0666904 0.0666904 0.0666904 0.0666904 0.0666904 0.0666904 0.0666904 0.0666904 0.0666904 0.0666904 0.0666904 0.0666904 0.0666904 0.0666904 0.0666904 0.0666904 0.0666904 0.0666904 0.0666904 0.0666904 0.0666904 0.0666904 0.0666904 0.0666904 0.0666904 0.0666904 0.0666904 0.0666904 0.0666904
internal_weight=30.6337 30.6134 30.1737 29.3423 27.8735 25.4012 25.0985 24.4755 18.328 17.7604 12.3569 6.14752 5.01394 4.15537 5.40352 4.79544 3.025 3.84733 3.68584 3.25416 2.85179 2.7436 2.59651 2.5171 2.47926 2.44408 2.40678 2.30499 2.47233 3.07509
internal_count=57708 57669 56843 55278 52517 47877 47308 46138 34564 33494 23295 11574 9444 7830 10199 9049 5725 7261 6955 6140 5383 5179 4901 4752 4681 4615 4545 4350 4640 5799
is_linear=0
shrinkage=0.1


Tree=55
num_leaves=7
num_cat=0
split_feature=5 6 3 6 7 5
split_gain=2.02505e-13 8.74815e-13 1.77636e-15 1.77636e-15 1.77636e-15 3.46945e-18
threshold=65.500000000000014 -3126.4999999999995 5.5000000000000009 5489.0000000000009 2023.5000000000002 148.50000000000003
decision_type=2 2 2 2 2 2
left_child=1 -1 4 -4 -2 -5
right_child=2 -3 3 5 -6 -7
leaf_value=-0.066685120094496814 -0.066685119059938444 -0.066682179479082282 -0.066685119060017825 -0.066685119060010872 -0.066685119060017783 -0.066685119060016063
leaf_weight=0.0053946428233757615 12.335443527408641 0.0012451858101439886 9.0621481444104557 0.017013832490193503 2.3935557513032117 0.037762408697744831
leaf_count=13 29749 181 21863 41 5770 91
internal_value=-0.0666851 -0.0666846 -0.0666851 -0.0666851 -0.0666851 -0.0666851
internal_weight=23.8526 0.00663983 23.8459 9.11692 14.729 0.0547762
internal_count=57708 194 57514 21995 35519 132
is_linear=0
shrinkage=0.1


Tree=56
num_leaves=31
num_cat=0
split_feature=1 1 1 4 4 4 4 4 6 7 10 6 6 6 6 6 6 8 10 10 10 6 6 8 10 10 10 10 10 6
split_gain=4.44089e-16 4.44089e-16 4.44089e-16 4.44089e-16 4.44089e-16 2.22045e-16 2.22045e-16 2.22045e-16 3.33067e-16 2.22045e-16 2.22045e-16 1.11022e-16 1.11022e-16 1.11022e-16 2.22045e-16 1.11022e-16 1.11022e-16 1.11022e-16 1.11022e-16 1.11022e-16 1.11022e-16 5.55112e-17 5.55112e-17 8.32667e-17 5.55112e-17 5.55112e-17 1.11022e-16 1.11022e-16 5.55112e-17 5.55112e-17
threshold=7.5000000000000009 3.5000000000000004 6.5000000000000009 32.500000000000007 29.500000000000004 17.500000000000004 14.500000000000002 20.500000000000004 799.50000000000011 1426.5000000000002 0.62115563839701782 327.50000000000006 306.50000000000006 266.50000000000006 -284.49999999999994 -428.49999999999994 -553.49999999999989 -1097.4999999999998 0.55217785843920153 0.55086206896551737 0.91833333333333345 -572.49999999999989 -1393.4999999999998 -3862.4999999999995 0.83666666666666678 0.82480818414322254 0.65669642857142863 0.57321428571428579 0.76568627450980398 1305.5000000000002
decision_type=2 2 2 2 2 2 2 2 2 2 2 2 2 2 2 2 2 2 2 2 2 2 2 2 2 2 2 2 2 2
left_child=1 3 7 4 5 6 10 8 9 11 18 12 13 14 15 16 17 21 19 -1 24 22 23 -3 25 26 27 -7 29 -9
right_child=-2 2 -4 -5 -6 20 -8 28 -10 -11 -12 -13 -14 -15 -16 -17 -18 -19 -20 -21 -22 -23 -24 -25 -26 -27 -28 -29 -30 -31
leaf_value=-0.066671914338272117 -0.066671914332132584 -0.066671914340116017 -0.066671914333115534 -0.06667191433703383 -0.066671914340559982 -0.066671914338260516 -0.066671914338258725 -0.066671914337648727 -0.066671914338250635 -0.066671914338229471 -0.0666719143382664 -0.066671914144424402 -0.066671914338261015 -0.066671914338220117 -0.066671914338213165 -0.066671914342662966 -0.066671914338230914 -0.066671914338260294 -0.066671914338265983 -0.066671914338243016 -0.066671914338264721 -0.06667191433814916 -0.066671914338240879 -0.066671914338260876 -0.066671914338270757 -0.06667191433826157 -0.066671914335875049 -0.066671914338256866 -0.066671914344955313 -0.066671914338266289
leaf_weight=1.211663716024808 0.16230274338314821 0.38881834402691273 0.23796532679810445 0.19617974638539415 0.10576236634086633 0.63079697153401115 0.47711103288455126 0.41797381915138321 0.36851574639673312 0.046743189019854525 0.53070044550015438 0.13055485931372279 0.0055478026915808379 0.013692449324377853 0.1975962088099471 0.055241950212803093 0.048041610926394696 0.29521392697399607 0.32932701135318776 0.0023607671028004198 0.0076724930841011165 0.0054297644645759915 0.20692123786752181 0.15864354969258998 0.020538673794362805 0.0057838794018608688 0.20361616326448329 0.19641582359366638 0.035883660481496715 0.091833840427068436
leaf_count=10295 1400 3302 2030 1663 897 5357 4051 3565 3134 400 4502 1117 48 117 1692 469 410 2512 2801 20 65 47 1758 1349 174 49 1730 1669 306 779
internal_value=-0.0666719 -0.0666719 -0.0666719 -0.0666719 -0.0666719 -0.0666719 -0.0666719 -0.0666719 -0.0666719 -0.0666719 -0.0666719 -0.0666719 -0.0666719 -0.0666719 -0.0666719 -0.0666719 -0.0666719 -0.0666719 -0.0666719 -0.0666719 -0.0666719 -0.0666719 -0.0666719 -0.0666719 -0.0666719 -0.0666719 -0.0666719 -0.0666719 -0.0666719 -0.0666719
internal_weight=6.78485 6.62255 2.70462 3.91793 3.72175 3.61599 2.55116 2.46665 1.92096 1.55244 2.07405 1.5057 1.37515 1.3696 1.35591 1.15831 1.10307 1.05503 1.54335 1.21402 1.06482 0.759813 0.754383 0.547462 1.05715 1.03661 1.03083 0.827213 0.545691 0.509808
internal_count=57708 56308 23035 33273 31610 30713 21669 21005 16355 13221 17618 12821 11704 11656 11539 9847 9378 8968 13116 10315 9044 6456 6409 4651 8979 8805 8756 7026 4650 4344
is_linear=0
shrinkage=0.1


Tree=57
num_leaves=31
num_cat=0
split_feature=1 2 2 2 4 4 8 8 10 4 4 8 8 8 4 4 4 4 6 6 6 7 6 6 10 4 6 6 6 7
split_gain=3.55271e-15 3.55271e-15 1.77636e-15 1.77636e-15 1.77636e-15 1.77636e-15 1.77636e-15 1.77636e-15 8.88178e-16 4.44089e-16 4.44089e-16 4.44089e-16 4.44089e-16 4.44089e-16 2.22045e-16 2.22045e-16 1.11022e-16 1.11022e-16 1.11022e-16 1.11022e-16 1.11022e-16 2.22045e-16 1.11022e-16 1.11022e-16 1.11022e-16 5.55112e-17 5.55112e-17 5.55112e-17 5.55112e-17 5.55112e-17
threshold=7.5000000000000009 16.500000000000004 14.500000000000002 6.5000000000000009 27.500000000000004 26.500000000000004 1746.5000000000002 1511.5000000000002 0.73431372549019625 27.500000000000004 19.500000000000004 11408.000000000002 10701.000000000002 11408.000000000002 15.500000000000002 13.500000000000002 59.500000000000007 32.500000000000007 167.50000000000003 978.50000000000011 559.50000000000011 755.50000000000011 518.50000000000011 -533.49999999999989 0.61414392059553358 28.500000000000004 -762.49999999999989 3985.5000000000005 410.50000000000006 -432.49999999999994
decision_type=2 2 2 2 2 2 2 2 2 2 2 2 2 2 2 2 2 2 2 2 2 2 2 2 2 2 2 2 2 2
left_child=1 2 3 4 5 6 7 -1 9 10 11 12 14 -8 15 19 17 25 26 20 21 22 23 -5 -12 -6 29 -21 -25 -2
right_child=18 -3 -4 8 16 -7 13 -9 -10 -11 24 -13 -14 -15 -16 -17 -18 -19 -20 27 -22 -23 -24 28 -26 -27 -28 -29 -30 -31
leaf_value=0.066687414960695551 0.066687415164553218 0.066687415214009296 0.066687415215627738 0.066687415210925582 0.066687415049305129 0.066687414971146983 0.066687415055148844 0.066687415027808089 0.066687415199583058 0.06668741518492996 0.066687415142765369 0.066687415160819233 0.066687415216161602 0.066687415170627901 0.066687415108485457 0.0666874151073127 0.066687414908127227 0.066687415061482694 0.066687412259066811 0.066687415216255597 0.066687415194969291 0.066687414912314946 0.066687412321746242 0.06668741516800912 0.06668741516386574 0.066687415043980736 0.066687414715108237 0.066687415216349577 0.066687412605140148 0.066687415215858928
leaf_weight=12.04680011374986 0.47343857059774103 0.012127490423366249 0.039181122905786903 0.75983392869273148 0.25561018340522668 0.30085505198817841 6.0562821551869872 0.29852284202934321 0.70619309635515559 0.31391542533066807 0.45104935584970463 0.17491572740261974 0.049442845571391003 0.29712351557100181 0.57838800573001581 0.3395697324024155 0.012593932420713716 1.0653533919541174 0.070899177925497492 0.57745512091829754 0.18284524028443438 0.26820411635001828 0.010728165070759244 0.28219737351216512 0.26027460236275057 0.78828687954242449 0.0778958049793681 0.018191235634731129 0.023788539838349054 0.019124119513505622
leaf_count=25886 1021 29 87 1636 548 647 12999 642 1523 684 988 376 107 637 1264 738 27 2286 159 1245 396 580 23 611 566 1692 178 39 52 42
internal_value=0.0666874 0.0666874 0.0666874 0.0666874 0.0666874 0.0666874 0.0666874 0.0666874 0.0666874 0.0666874 0.0666874 0.0666874 0.0666874 0.0666874 0.0666874 0.0666874 0.0666874 0.0666874 0.0666874 0.0666874 0.0666874 0.0666874 0.0666874 0.0666874 0.0666874 0.0666874 0.0666874 0.0666874 0.0666874 0.0666874
internal_weight=26.8111 26.1697 26.1576 26.1184 21.1214 18.9996 18.6987 12.3453 4.99699 4.2908 3.97688 3.26556 3.09064 6.35341 3.0412 2.46281 2.12184 2.10925 0.641358 2.12324 1.5276 1.34475 1.07655 1.06582 0.711324 1.0439 0.570458 0.595646 0.305986 0.492563
internal_count=57708 56308 56279 56192 45364 40811 40164 26528 10828 9305 8621 7067 6691 13636 6584 5320 4553 4526 1400 4582 3298 2902 2322 2299 1554 2240 1241 1284 663 1063
is_linear=0
shrinkage=0.1


Tree=58
num_leaves=4
num_cat=0
split_feature=5 9 0
split_gain=2.2915e-13 9.9931e-13 1.77636e-15
threshold=65.500000000000014 2.7951631701631707 17.500000000000004
decision_type=2 2 2
left_child=1 -1 -2
right_child=2 -3 -4
leaf_value=-0.066679458161017488 -0.066682816524525665 -0.066682817671637029 -0.066682816524526012
leaf_weight=0.0010897863919038233 20.857008940278323 0.0047214347578119487 0.01307467301376064
leaf_count=181 57478 13 36
internal_value=-0.0666828 -0.0666822 -0.0666828
internal_weight=20.8759 0.00581122 20.8701
internal_count=57708 194 57514
is_linear=0
shrinkage=0.1


Tree=59
num_leaves=31
num_cat=0
split_feature=1 1 2 2 2 6 7 7 7 7 7 7 7 7 7 7 7 7 7 7 2 7 7 7 7 7 7 10 7 7
split_gain=4.44089e-16 4.44089e-16 4.44089e-16 4.44089e-16 4.44089e-16 4.44089e-16 4.44089e-16 4.44089e-16 2.22045e-16 2.22045e-16 2.22045e-16 2.22045e-16 2.22045e-16 1.11022e-16 2.22045e-16 2.22045e-16 2.22045e-16 1.11022e-16 1.11022e-16 1.11022e-16 5.55112e-17 5.55112e-17 1.11022e-16 1.11022e-16 5.55112e-17 5.55112e-17 5.55112e-17 5.55112e-17 2.77556e-17 2.77556e-17
threshold=9.5000000000000018 5.5000000000000009 14.500000000000002 11.500000000000002 10.500000000000002 4112.5000000000009 1583.5000000000002 1401.5000000000002 597.50000000000011 276.50000000000006 150.50000000000003 23.500000000000004 -452.49999999999994 -474.49999999999994 -495.49999999999994 -540.49999999999989 -1175.4999999999998 -1226.4999999999998 -1350.4999999999998 5533.0000000000009 11.500000000000002 -1374.4999999999998 -1758.4999999999998 -1786.4999999999998 -2411.4999999999995 4494.5000000000009 1256.5000000000002 0.58198924731182811 -4674.4999999999991 -668.49999999999989
decision_type=2 2 2 2 2 2 2 2 2 2 2 2 2 2 2 2 2 2 2 2 2 2 2 2 2 2 2 2 2 2
left_child=1 2 3 4 5 6 7 8 9 10 11 12 13 14 15 16 17 18 21 25 27 22 23 24 28 -8 -10 -3 -1 -18
right_child=-2 20 -4 -5 -6 -7 19 -9 26 -11 -12 -13 -14 -15 -16 -17 29 -19 -20 -21 -22 -23 -24 -25 -26 -27 -28 -29 -30 -31
leaf_value=-0.066671258731394983 -0.066671258747654477 -0.066671258748338708 -0.06667125874764894 -0.066671258747692294 -0.066671258747827991 -0.066671258747931963 -0.066671258747930728 -0.066671258747927897 -0.066671258747927425 -0.066671258747922998 -0.066671258747899823 -0.066671258747922596 -0.066671258747898324 -0.0666712587479006 -0.066671258747928716 -0.066671258747844561 -0.066671258747920112 -0.066671258747930867 -0.066671258747913728 -0.066671258747921056 -0.066671258779830836 -0.066671258747868542 -0.066671258746077197 -0.066671258747928855 -0.066671258746400772 -0.066671258747930437 -0.066671258747931908 -0.066671258664675076 -0.066671258746191855 -0.06667125874792211
leaf_weight=0.029339082691877127 0.016012528468149045 0.51240088814844553 0.010743890074484841 0.061674060817711651 0.057335180471351666 0.1290299798347404 1.0862692061188366 0.14989791905544647 0.60413716803256301 0.32118031073372844 0.1285134475849582 0.12644731436173762 0.47386751159315044 0.020351406074849865 0.019938179430028069 0.04080611929053235 0.43440437681783584 0.038016839534975477 0.098141298096985241 0.0065083176377812571 0.0073347725216663653 0.019524953169618331 0.2643616652076558 0.018698499879974406 0.31828772499607505 0.037293693130777794 0.12944320635142503 0.23833227887117681 0.4194249149530016 0.12035222324064054
leaf_count=284 161 5000 109 620 565 1249 10523 1453 5855 3120 1250 1227 4623 199 193 401 4218 368 955 63 83 191 2569 181 3086 361 1253 2316 4063 1169
internal_value=-0.0666713 -0.0666713 -0.0666713 -0.0666713 -0.0666713 -0.0666713 -0.0666713 -0.0666713 -0.0666713 -0.0666713 -0.0666713 -0.0666713 -0.0666713 -0.0666713 -0.0666713 -0.0666713 -0.0666713 -0.0666713 -0.0666713 -0.0666713 -0.0666713 -0.0666713 -0.0666713 -0.0666713 -0.0666713 -0.0666713 -0.0666713 -0.0666713 -0.0666713 -0.0666713
internal_weight=5.93807 5.92206 5.16399 5.15324 5.09157 5.03424 4.90521 3.77513 3.62524 2.89166 2.57048 2.44196 2.31551 1.84165 1.8213 1.80136 1.76055 1.20579 1.16778 1.13007 0.758068 1.06964 1.05011 0.78575 0.767052 1.12356 0.73358 0.750733 0.448764 0.554757
internal_count=57708 57547 50148 50039 49419 48854 47605 36658 35205 28097 24977 23727 22500 17877 17678 17485 17084 11697 11329 10947 7399 10374 10183 7614 7433 10884 7108 7316 4347 5387
is_linear=0
shrinkage=0.1


Tree=60
num_leaves=31
num_cat=0
split_feature=6 7 7 7 7 8 8 8 2 1 8 2 4 2 8 7 7 7 7 8 8 8 8 8 8 8 8 2 7 7
split_gain=3.55271e-15 1.77636e-15 1.77636e-15 1.77636e-15 8.88178e-16 8.88178e-16 1.77636e-15 8.88178e-16 4.44089e-16 4.44089e-16 4.44089e-16 2.22045e-16 4.44089e-16 2.22045e-16 2.22045e-16 1.11022e-16 1.11022e-16 1.11022e-16 1.11022e-16 1.11022e-16 1.11022e-16 1.11022e-16 1.11022e-16 1.11022e-16 1.11022e-16 1.11022e-16 1.11022e-16 5.55112e-17 5.55112e-17 5.55112e-17
threshold=1802.5000000000002 1256.5000000000002 896.50000000000011 256.50000000000006 -232.49999999999997 3627.0000000000005 2959.5000000000005 2199.5000000000005 10.500000000000002 6.5000000000000009 7778.0000000000009 9.5000000000000018 28.500000000000004 4.5000000000000009 3627.0000000000005 -19.499999999999996 65.500000000000014 23.500000000000004 2420.5000000000005 3419.5000000000005 2959.5000000000005 2712.5000000000005 2520.5000000000005 9141.5000000000018 4256.5000000000009 6316.5000000000009 8731.0000000000018 8.5000000000000018 1185.5000000000002 1018.5000000000001
decision_type=2 2 2 2 2 2 2 2 2 2 2 2 2 2 2 2 2 2 2 2 2 2 2 2 2 2 2 2 2 2
left_child=1 2 3 4 5 6 7 -1 9 11 14 12 13 15 19 -2 17 23 -15 20 21 22 -3 24 -6 -16 -18 -14 29 -4
right_child=8 10 28 -5 16 -7 -8 -9 -10 -11 -12 -13 27 18 25 -17 26 -19 -20 -21 -22 -23 -24 -25 -26 -27 -28 -29 -30 -31
leaf_value=0.066684822306366173 0.066684822315135395 0.066684822315109471 0.066684822315050546 0.066684822315040568 0.066684822314484443 0.066684822314880099 0.066684822314935929 0.06668482231498625 0.066684822314772602 0.066684822314897224 0.066684822315111955 0.066684822315041373 0.06668482231513588 0.066684822315135991 0.066684822315075568 0.06668482231513595 0.066684822314966086 0.066684822315012604 0.066684822315135978 0.066684822315134826 0.066684822315135617 0.066684822314985778 0.066684822315134562 0.06668482231513001 0.066684822314906467 0.066684822315098882 0.066684822313419143 0.066684822314573733 0.066684822315032685 0.066684822314945644
leaf_weight=9.4424846780749245 0.10246704495511982 1.216949247056861 0.37802583118924793 2.3591914454026268 0.92261163983942274 0.62909050309219949 0.21513997088218673 0.28739760816129489 0.14778115646953871 0.045314111514097699 0.4478340570350049 0.11430586688228572 0.54825992579571936 0.82667635870166101 0.71032931562545265 1.7460221166256822 0.75972577952876619 0.17431644699552351 0.87525635212659836 0.060418815352022759 0.13594233454205085 0.07184940204032364 0.049804699141532294 0.012247057165950648 0.14043292216980741 0.2902552548331081 0.018778820988032074 0.019187056226736221 0.20819997182132 0.50906934286540373
leaf_count=23220 251 2988 930 5808 2291 1557 531 710 367 112 1098 281 1343 2025 1746 4277 1869 429 2144 148 333 177 122 30 349 712 49 48 513 1250
internal_value=0.0666848 0.0666848 0.0666848 0.0666848 0.0666848 0.0666848 0.0666848 0.0666848 0.0666848 0.0666848 0.0666848 0.0666848 0.0666848 0.0666848 0.0666848 0.0666848 0.0666848 0.0666848 0.0666848 0.0666848 0.0666848 0.0666848 0.0666848 0.0666848 0.0666848 0.0666848 0.0666848 0.0666848 0.0666848 0.0666848
internal_weight=23.4654 19.0401 16.0567 14.9614 12.6022 10.5741 9.94502 9.72988 4.42527 4.27749 2.98338 4.23217 4.11787 3.55042 2.53555 1.84849 2.02811 1.24961 1.70193 1.53496 1.47455 1.3386 1.26675 1.07529 1.06304 1.00058 0.778505 0.567447 1.0953 0.887095
internal_count=57708 46860 39536 36843 31035 26018 24461 23930 10848 10481 7324 10369 10088 8697 6226 4528 5017 3099 4169 3768 3620 3287 3110 2670 2640 2458 1918 1391 2693 2180
is_linear=0
shrinkage=0.1


Tree=61
num_leaves=5
num_cat=0
split_feature=5 7 0 4
split_gain=2.62901e-13 7.92269e-13 1.77636e-15 3.46945e-18
threshold=65.500000000000014 -2764.4999999999995 15.500000000000002 28.500000000000004
decision_type=2 2 2 2
left_child=1 -1 -2 -4
right_child=2 -3 3 -5
leaf_value=-0.066680801606295415 -0.06668079921429311 -0.066677919375001643 -0.066680799212642763 -0.066680799212636602
leaf_weight=0.0038143304700497538 18.219438296917364 0.0012716655521697309 0.035282500582978993 0.0108072524308227
leaf_count=12 57369 182 111 34
internal_value=-0.0666808 -0.0666801 -0.0666808 -0.0666808
internal_weight=18.2706 0.005086 18.2655 0.0460898
internal_count=57708 194 57514 145
is_linear=0
shrinkage=0.1


Tree=62
num_leaves=31
num_cat=0
split_feature=0 0 1 1 4 4 4 10 4 6 6 6 6 6 6 6 6 6 7 7 7 7 6 6 8 6 6 6 6 6
split_gain=4.44089e-16 2.22045e-16 2.22045e-16 2.22045e-16 2.22045e-16 2.22045e-16 2.22045e-16 2.22045e-16 1.11022e-16 1.11022e-16 1.11022e-16 5.55112e-17 1.11022e-16 5.55112e-17 1.11022e-16 5.55112e-17 5.55112e-17 5.55112e-17 5.55112e-17 5.55112e-17 5.55112e-17 5.55112e-17 2.77556e-17 5.55112e-17 5.55112e-17 2.77556e-17 2.77556e-17 2.77556e-17 2.77556e-17 2.77556e-17
threshold=4.5000000000000009 1.0000000180025095e-35 8.5000000000000018 7.5000000000000009 37.500000000000007 33.500000000000007 18.500000000000004 0.52086956521739147 16.500000000000004 1000.5000000000001 -71.499999999999986 -91.499999999999986 -130.49999999999997 -151.49999999999997 -471.49999999999994 -533.49999999999989 799.50000000000011 1234.5000000000002 -19.499999999999996 -56.499999999999993 -74.499999999999986 -114.49999999999999 518.50000000000011 498.50000000000006 6009.5000000000009 -15.499999999999998 -130.49999999999997 -225.49999999999997 625.50000000000011 186.50000000000003
decision_type=2 2 2 2 2 2 2 2 2 2 2 2 2 2 2 2 2 2 2 2 2 2 2 2 2 2 2 2 2 2
left_child=1 -1 3 -2 5 6 7 9 17 10 11 12 13 14 15 18 22 28 19 20 21 -3 23 24 25 26 27 -8 29 -9
right_child=2 4 -4 -5 -6 -7 16 8 -10 -11 -12 -13 -14 -15 -16 -17 -18 -19 -20 -21 -22 -23 -24 -25 -26 -27 -28 -29 -30 -31
leaf_value=-0.066670683689799101 -0.06667068368921332 -0.066670683685616683 -0.066670683700122468 -0.066670683702465247 -0.066670683691395713 -0.066670683685543616 -0.066670683686668231 -0.066670683685307472 -0.066670683486953569 -0.066670683685619403 -0.066670683685615684 -0.06667068368561288 -0.066670683685622553 -0.066670683685618251 -0.066670683685596782 -0.066670683685509907 -0.066670683685574772 -0.066670683685544671 -0.066670683685629686 -0.066670683685615087 -0.066670683685597212 -0.0666706836856161 -0.066670683685579199 -0.066670683876927067 -0.066670683685499055 -0.06667068372082384 -0.066670683685475532 -0.066670683685384091 -0.066670683685588081 -0.066670683723380586
leaf_weight=0.1383322079218593 2.6029057031769924 0.62168118572883735 0.016726442562078225 0.02875139878314259 0.041861313251302046 0.036888587590841015 0.3359754659897039 0.41210338206545039 0.064920079258808161 0.11202195876992815 0.1979145020017794 0.0040685941348783663 0.0099454523297026753 0.0060576846008189014 0.08119105693226536 0.017811401502133117 0.086254196812668382 0.055604120996584738 0.10198609298095107 0.0047014865558594457 0.0020795036689378312 0.0050631393678486339 0.021970408584620238 0.0018986773910817925 0.012386609195045473 0.051535526988956304 0.01383322057114067 0.010759171796482114 0.051625939424010781 0.048099824763392973
leaf_count=1580 28819 6893 186 319 465 412 3733 4580 724 1242 2199 45 111 67 906 199 963 624 1132 52 23 57 245 22 140 578 157 122 575 538
internal_value=-0.0666707 -0.0666707 -0.0666707 -0.0666707 -0.0666707 -0.0666707 -0.0666707 -0.0666707 -0.0666707 -0.0666707 -0.0666707 -0.0666707 -0.0666707 -0.0666707 -0.0666707 -0.0666707 -0.0666707 -0.0666707 -0.0666707 -0.0666707 -0.0666707 -0.0666707 -0.0666707 -0.0666707 -0.0666707 -0.0666707 -0.0666707 -0.0666707 -0.0666707 -0.0666707
internal_weight=5.19695 2.54857 2.64838 2.63166 2.41024 2.36838 2.33149 1.79688 0.632353 1.16452 1.0525 0.854586 0.850517 0.840572 0.834514 0.753323 0.534613 0.567433 0.735511 0.633525 0.628824 0.626744 0.448359 0.426389 0.42449 0.412103 0.360568 0.346735 0.511829 0.460203
internal_count=57708 28384 29324 29138 26804 26339 25927 19967 7041 12926 11684 9485 9440 9329 9262 8356 5960 6317 8157 7025 6973 6950 4997 4752 4730 4590 4012 3855 5693 5118
is_linear=0
shrinkage=0.1


Tree=63
num_leaves=16
num_cat=0
split_feature=2 10 2 10 2 2 6 10 10 10 10 10 10 10 6
split_gain=1.77636e-15 1.77636e-15 4.44089e-16 4.44089e-16 2.22045e-16 1.11022e-16 2.77556e-17 5.55112e-17 2.77556e-17 2.77556e-17 2.77556e-17 2.77556e-17 6.93889e-18 3.46945e-18 8.67362e-19
threshold=7.5000000000000009 0.58722109533468569 15.500000000000002 0.94281045751633996 10.500000000000002 9.5000000000000018 2581.5000000000005 0.83666666666666678 0.81101190476190488 0.77346041055718484 0.70710784313725505 0.53950103950103967 0.5270467836257311 0.76253132832080206 1117.5000000000002
decision_type=2 2 2 2 2 2 2 2 2 2 2 2 2 2 2
left_child=1 -1 4 -3 5 -2 7 8 9 10 -6 12 -7 -12 -9
right_child=2 3 -4 -5 6 11 -8 14 -10 -11 13 -13 -14 -15 -16
leaf_value=0.066682554879777839 0.066682554879921196 0.066682554870757527 0.066682554877308897 0.066682554880112044 0.06668255487834239 0.066682554878576564 0.066682554879933409 0.066682554880104702 0.066682554879127734 0.066682554875099997 0.066682554878467512 0.066682554879768152 0.066682554880103703 0.066682554864612761 0.066682554878389005
leaf_weight=12.499795831373538 1.5906557398323269 5.505487023556916 0.017507217242750062 0.060382034978829213 0.30048102233862123 0.095753759612500766 0.068599708378406843 0.0082176733994856338 0.012505155173222204 0.019650958129943052 0.052164361579986884 0.28440295765249912 0.0071458029560744754 0.0071458029569045891 0.0071458029561663619
leaf_count=35086 4492 15424 53 169 874 280 193 23 36 57 153 804 20 23 21
internal_value=0.0666826 0.0666826 0.0666826 0.0666826 0.0666826 0.0666826 0.0666826 0.0666826 0.0666826 0.0666826 0.0666826 0.0666826 0.0666826 0.0666826 0.0666826
internal_weight=20.537 18.0657 2.47138 5.56587 2.45387 1.97796 0.47591 0.407311 0.391947 0.379442 0.359791 0.387303 0.1029 0.0593102 0.0153635
internal_count=57708 50679 7029 15593 6976 5596 1380 1187 1143 1107 1050 1104 300 176 44
is_linear=0
shrinkage=0.1


Tree=64
num_leaves=7
num_cat=0
split_feature=5 5 0 6 10 1
split_gain=3.02869e-13 9.03349e-13 8.88178e-16 8.88178e-16 8.88178e-16 1.73472e-18
threshold=65.500000000000014 61.000000000000007 16.500000000000004 1624.5000000000002 0.78759398496240618 1.5000000000000002
decision_type=2 2 2 2 2 2
left_child=1 -1 3 4 -2 -4
right_child=2 -3 5 -5 -6 -7
leaf_value=-0.066675745863383082 -0.06667903777218584 -0.066679035654809676 -0.066679037775650513 -0.066679037775665154 -0.066679037775664932 -0.0666790377756592
leaf_weight=0.001112947714285605 12.132176308776245 0.0033383122354280204 0.0080675314238768392 3.3727845166577035 0.46179662633221674 0.011127629550173879
leaf_count=182 43661 12 29 12124 1660 40
internal_value=-0.066679 -0.0666782 -0.066679 -0.066679 -0.066679 -0.066679
internal_weight=15.9904 0.00445126 15.986 15.9668 12.594 0.0191952
internal_count=57708 194 57514 57445 45321 69
is_linear=0
shrinkage=0.1


Tree=65
num_leaves=31
num_cat=0
split_feature=2 4 6 4 6 6 6 8 8 8 8 8 8 8 4 4 4 4 8 8 8 8 8 8 8 8 8 8 8 8
split_gain=8.88178e-16 4.44089e-16 4.44089e-16 4.44089e-16 2.22045e-16 2.22045e-16 2.22045e-16 2.22045e-16 2.22045e-16 2.22045e-16 2.22045e-16 2.22045e-16 2.22045e-16 2.22045e-16 1.11022e-16 1.11022e-16 1.11022e-16 1.11022e-16 1.11022e-16 1.11022e-16 2.22045e-16 1.11022e-16 2.22045e-16 1.11022e-16 1.11022e-16 1.11022e-16 5.55112e-17 5.55112e-17 5.55112e-17 5.55112e-17
threshold=15.500000000000002 40.500000000000007 1305.5000000000002 35.500000000000007 823.50000000000011 559.50000000000011 207.50000000000003 5556.5000000000009 4330.5000000000009 1568.5000000000002 281.50000000000006 -106.49999999999999 -486.49999999999994 -594.49999999999989 39.500000000000007 38.500000000000007 37.500000000000007 36.500000000000007 -701.49999999999989 -752.49999999999989 -1215.4999999999998 -1449.4999999999998 -2331.4999999999995 -2653.4999999999995 -3378.4999999999995 -4462.4999999999991 -4615.4999999999991 -4946.4999999999991 -6010.4999999999991 -7432.4999999999991
decision_type=2 2 2 2 2 2 2 2 2 2 2 2 2 2 2 2 2 2 2 2 2 2 2 2 2 2 2 2 2 2
left_child=1 2 3 4 5 6 7 8 9 10 11 12 13 18 15 16 17 -4 19 20 21 22 23 24 25 26 27 28 29 -1
right_child=-2 -3 14 -5 -6 -7 -8 -9 -10 -11 -12 -13 -14 -15 -16 -17 -18 -19 -20 -21 -22 -23 -24 -25 -26 -27 -28 -29 -30 -31
leaf_value=-0.066670182257737923 -0.066670182254406837 -0.066670182266035369 -0.066670182254890714 -0.066670182252220961 -0.066670182254217628 -0.066670182254880944 -0.066670182244465179 -0.066670182254879626 -0.066670182254885774 -0.066670182254872326 -0.066670182254875851 -0.066670182254888702 -0.06667018225487073 -0.066670182254874352 -0.066670182254880306 -0.0666701822548839 -0.0666701822548839 -0.066670182254886301 -0.06667018225489546 -0.066670182254848082 -0.06667018225488712 -0.066670182254854812 -0.066670182255560942 -0.066670182254882401 -0.066670182253994584 -0.066670182254872923 -0.066670182254844168 -0.066670182254864582 -0.066670182255598107 -0.066670182254151666
leaf_weight=0.37855195902980865 0.0038773094088931917 0.065281221341948803 1.1314620413876815 0.045499033102615605 0.3672365446994833 0.21206505902902995 0.30203742688097523 0.12541907412419639 0.07841659446583582 0.29799888592528434 0.20438957024535875 0.067813341437515828 0.068050728080892076 0.021285634681490362 0.0041146951552947222 0.0051433689441183752 0.0051433689441183752 0.0061720427329420282 0.020889990788418689 0.01044499552234901 0.086962499788370784 0.042966913384191785 0.17305458463632062 0.060612625043888202 0.13728838720757752 0.19782188387562105 0.026270746375915088 0.055310998850079063 0.16933553215818709 0.17740666735841226
leaf_count=4795 53 826 14319 576 4660 2693 3841 1591 995 3789 2601 858 867 270 52 65 65 78 265 133 1102 547 2202 768 1746 2515 335 703 2147 2251
internal_value=-0.0666702 -0.0666702 -0.0666702 -0.0666702 -0.0666702 -0.0666702 -0.0666702 -0.0666702 -0.0666702 -0.0666702 -0.0666702 -0.0666702 -0.0666702 -0.0666702 -0.0666702 -0.0666702 -0.0666702 -0.0666702 -0.0666702 -0.0666702 -0.0666702 -0.0666702 -0.0666702 -0.0666702 -0.0666702 -0.0666702 -0.0666702 -0.0666702 -0.0666702 -0.0666702
internal_weight=4.54832 4.54445 4.47917 3.32713 3.28163 2.91439 2.70233 2.40029 2.27487 2.19646 1.89846 1.69407 1.62625 1.5582 1.15204 1.14792 1.14278 1.13763 1.53692 1.51603 1.50558 1.41862 1.37565 1.2026 1.14199 1.0047 0.806876 0.780605 0.725294 0.555959
internal_count=57708 57655 56829 42250 41674 37014 34321 30480 28889 27894 24105 21504 20646 19779 14579 14527 14462 14397 19509 19244 19111 18009 17462 15260 14492 12746 10231 9896 9193 7046
is_linear=0
shrinkage=0.1


Tree=66
num_leaves=31
num_cat=0
split_feature=2 2 8 7 8 8 2 7 4 7 4 4 7 0 2 2 4 4 7 7 8 8 8 8 4 7 8 8 8 8
split_gain=3.55271e-15 1.77636e-15 1.77636e-15 8.88178e-16 8.88178e-16 4.44089e-16 2.22045e-16 2.22045e-16 1.11022e-16 2.22045e-16 1.11022e-16 5.55112e-17 5.55112e-17 2.77556e-17 2.77556e-17 2.77556e-17 2.77556e-17 2.77556e-17 2.77556e-17 2.77556e-17 2.77556e-17 2.77556e-17 2.77556e-17 2.77556e-17 1.38778e-17 1.38778e-17 1.38778e-17 1.38778e-17 1.38778e-17 1.38778e-17
threshold=10.500000000000002 7.5000000000000009 3843.5000000000005 2766.5000000000005 1171.5000000000002 3157.5000000000005 9.5000000000000018 5533.0000000000009 43.500000000000007 2925.5000000000005 17.500000000000004 27.500000000000004 641.50000000000011 9.5000000000000018 15.500000000000002 12.500000000000002 21.500000000000004 36.500000000000007 4734.5000000000009 1401.5000000000002 5732.5000000000009 2390.5000000000005 -52.499999999999993 3627.0000000000005 33.500000000000007 620.50000000000011 10387.500000000002 6733.5000000000009 5827.5000000000009 1965.5000000000002
decision_type=2 2 2 2 2 2 2 2 2 2 2 2 2 2 2 2 2 2 2 2 2 2 2 2 2 2 2 2 2 2
left_child=1 2 3 4 -1 -6 8 -4 9 10 12 14 20 16 15 -2 26 19 -5 25 21 22 -3 -7 -11 -12 27 28 29 -8
right_child=11 6 7 18 5 23 13 -9 -10 24 17 -13 -14 -15 -16 -17 -18 -19 -20 -21 -22 -23 -24 -25 -26 -27 -28 -29 -30 -31
leaf_value=0.06668056856803864 0.066680568572680315 0.066680568569690998 0.066680568571450854 0.066680568571463081 0.066680568571395579 0.066680568571388793 0.066680568570346807 0.066680568571462262 0.066680568571451576 0.06668056857146297 0.066680568578161667 0.066680568569249643 0.066680568571385684 0.066680568571459917 0.06668056856772768 0.06668056856922415 0.066680568569574092 0.066680568571457946 0.066680568571458335 0.066680568571182028 0.066680568570638046 0.066680568571229046 0.066680568571331519 0.06668056857137121 0.066680568571456059 0.066680568571225382 0.066680568570143359 0.06668056857117502 0.066680568570614565 0.066680568571289719
leaf_weight=9.6393295718295988 0.27892946653118617 0.22983537303240245 3.364664780674818 0.3542904457717676 1.8593212626301825 0.37617952891762874 0.10037708128304404 0.051595695986179524 0.006254023755900672 0.16760783665813517 0.16792053941985038 0.025328796211817273 0.3611698719034675 0.019074772455496714 0.015009657014581346 0.11257242760809999 0.051908397174709631 0.012195346324006096 0.01313344988739118 0.09975167890682396 0.050970293610904549 0.11976455492570576 0.1085073121649788 0.15259817964407874 0.0090683344460558146 0.059100524493365308 0.021263680770271909 0.048781385296129381 0.016573162953241488 0.080989607639017275
leaf_count=30912 918 746 10769 1133 5963 1206 329 165 20 536 553 85 1159 61 52 378 173 39 42 321 166 385 348 489 29 190 70 157 54 260
internal_value=0.0666806 0.0666806 0.0666806 0.0666806 0.0666806 0.0666806 0.0666806 0.0666806 0.0666806 0.0666806 0.0666806 0.0666806 0.0666806 0.0666806 0.0666806 0.0666806 0.0666806 0.0666806 0.0666806 0.0666806 0.0666806 0.0666806 0.0666806 0.0666806 0.0666806 0.0666806 0.0666806 0.0666806 0.0666806 0.0666806
internal_weight=17.9741 17.5422 15.8111 12.3949 12.0274 2.3881 1.73111 3.41626 1.39215 1.38589 1.20922 0.43184 0.870247 0.338968 0.406512 0.391502 0.319893 0.338968 0.367424 0.326773 0.509078 0.458107 0.338343 0.528778 0.176676 0.227021 0.267985 0.246721 0.19794 0.181367
internal_count=57708 56275 50679 39745 38570 7658 5596 10934 4492 4472 3907 1433 2804 1104 1348 1296 1043 1103 1175 1064 1645 1479 1094 1695 565 743 870 800 643 589
is_linear=0
shrinkage=0.1


Tree=67
num_leaves=5
num_cat=0
split_feature=5 7 5 8
split_gain=3.45501e-13 7.56442e-13 8.88178e-16 8.88178e-16
threshold=65.500000000000014 -3227.4999999999995 200.50000000000003 2258.5000000000005
decision_type=2 2 2 2
left_child=1 -1 3 -2
right_child=2 -3 -4 -5
leaf_value=-0.066677491262124397 -0.066677492742849884 -0.066674485044737261 -0.066677492742889075 -0.066677492742902938
leaf_weight=0.0026781901979120448 9.1934695097734167 0.0012175364719525508 0.0085214892169468426 4.7888334688032055
leaf_count=11 37800 183 35 19679
internal_value=-0.0666775 -0.0666766 -0.0666775 -0.0666775
internal_weight=13.9947 0.00389573 13.9908 13.9823
internal_count=57708 194 57514 57479
is_linear=0
shrinkage=0.1


Tree=68
num_leaves=31
num_cat=0
split_feature=8 7 10 7 0 7 8 7 7 7 8 8 1 7 7 7 8 10 7 7 7 7 7 7 7 7 7 7 7 7
split_gain=6.66134e-16 2.22045e-16 4.44089e-16 2.22045e-16 1.11022e-16 1.11022e-16 3.33067e-16 2.22045e-16 2.22045e-16 1.11022e-16 1.11022e-16 8.32667e-17 5.55112e-17 5.55112e-17 5.55112e-17 5.55112e-17 5.55112e-17 5.55112e-17 2.77556e-17 2.77556e-17 2.77556e-17 2.77556e-17 2.77556e-17 1.38778e-17 1.38778e-17 1.38778e-17 2.77556e-17 1.38778e-17 1.38778e-17 1.38778e-17
threshold=4043.5000000000005 1505.5000000000002 0.70479302832244028 1041.5000000000002 13.500000000000002 709.50000000000011 711.50000000000011 641.50000000000011 -624.49999999999989 -1014.4999999999999 -1796.4999999999998 3762.5000000000005 6.5000000000000009 -1128.4999999999998 1063.5000000000002 319.50000000000006 3843.5000000000005 0.70900537634408611 319.50000000000006 85.500000000000014 170.50000000000003 -114.49999999999999 -134.49999999999997 1354.5000000000002 23.500000000000004 -56.499999999999993 -251.49999999999997 -289.49999999999994 -2489.4999999999995 -646.49999999999989
decision_type=2 2 2 2 2 2 2 2 2 2 2 2 2 2 2 2 2 2 2 2 2 2 2 2 2 2 2 2 2 2
left_child=1 2 3 5 12 6 7 8 9 10 13 18 17 -1 -4 20 -3 -2 19 24 21 22 -10 -5 25 26 27 28 -8 -11
right_child=4 16 14 23 -6 -7 11 -9 15 29 -12 -13 -14 -15 -16 -17 -18 -19 -20 -21 -22 -23 -24 -25 -26 -27 -28 -29 -30 -31
leaf_value=-0.066669746791646389 -0.06666974679650077 -0.066669746796512747 -0.066669746785376502 -0.066669746792113099 -0.066669746796513205 -0.066669746792869772 -0.066669746796512469 -0.066669746796468171 -0.066669746791679682 -0.06666974674257202 -0.06666974679649737 -0.066669746796461885 -0.066669746796324314 -0.066669746783107414 -0.066669746781081646 -0.066669746796502796 -0.066669746796490001 -0.066669746796484047 -0.066669746796486337 -0.066669746796495663 -0.066669746796459081 -0.066669746791593557 -0.066669746796507043 -0.06666974679650671 -0.066669746796430104 -0.066669746796484394 -0.066669746796466728 -0.06666974679650621 -0.066669746796482715 -0.066669746746477729
leaf_weight=0.75097457964054581 0.85104450200872284 0.37673383291137291 0.30547296842030175 0.11045780606736809 0.022784086562751327 0.1333803977164959 0.017243883143237271 0.018005661369700943 0.20207892204695943 0.15215044080067019 0.18705111910460559 0.023130349660891336 0.0045014155346355658 0.036219079990490122 0.031509907340182608 0.09404495343067093 0.017728651070584911 0.063712339965111719 0.068629270499930728 0.041828536073610867 0.049584821500742615 0.10006992670335629 0.0073407695308560497 0.049169305476326933 0.0099723664114054755 0.014889296818084208 0.033310473572388588 0.0067174966461607246 0.19120627256621991 0.0096953559914253473
leaf_count=10872 12328 5447 4424 1597 329 1931 249 263 2941 2212 2711 337 67 524 458 1363 257 925 997 609 722 1458 107 711 146 216 486 98 2783 140
internal_value=-0.0666697 -0.0666697 -0.0666697 -0.0666697 -0.0666697 -0.0666697 -0.0666697 -0.0666697 -0.0666697 -0.0666697 -0.0666697 -0.0666697 -0.0666697 -0.0666697 -0.0666697 -0.0666697 -0.0666697 -0.0666697 -0.0666697 -0.0666697 -0.0666697 -0.0666697 -0.0666697 -0.0666697 -0.0666697 -0.0666697 -0.0666697 -0.0666697 -0.0666697 -0.0666697
internal_weight=3.98064 3.0386 2.64413 2.30715 0.942042 2.14752 2.01414 1.60722 1.58921 1.13609 0.974245 0.406928 0.919258 0.787194 0.336983 0.453119 0.394462 0.914757 0.383798 0.315168 0.359074 0.30949 0.20942 0.159627 0.27334 0.263367 0.248478 0.215168 0.20845 0.161846
internal_count=57708 44059 38355 33473 13649 31165 29234 23313 23050 16459 14107 5921 13320 11396 4882 6591 5704 13253 5584 4587 5228 4506 3048 2308 3978 3832 3616 3130 3032 2352
is_linear=0
shrinkage=0.1


Tree=69
num_leaves=31
num_cat=0
split_feature=10 1 1 7 7 7 1 6 8 6 7 6 2 4 6 7 6 6 6 6 7 7 7 7 7 4 4 4 6 6
split_gain=2.66454e-15 8.88178e-16 8.88178e-16 8.88178e-16 8.88178e-16 4.44089e-16 1.11022e-16 2.22045e-16 2.22045e-16 1.11022e-16 1.66533e-16 5.55112e-17 2.77556e-17 2.77556e-17 2.77556e-17 5.55112e-17 2.77556e-17 2.77556e-17 2.77556e-17 2.77556e-17 2.77556e-17 2.77556e-17 1.38778e-17 1.38778e-17 1.38778e-17 6.93889e-18 6.93889e-18 1.38778e-17 6.93889e-18 6.93889e-18
threshold=0.69631093544137035 8.5000000000000018 7.5000000000000009 3880.5000000000005 1087.5000000000002 3282.5000000000005 7.5000000000000009 2217.5000000000005 4109.5000000000009 1280.5000000000002 -74.499999999999986 -533.49999999999989 11.500000000000002 23.500000000000004 -3417.4999999999995 -371.49999999999994 1976.5000000000002 686.50000000000011 1140.5000000000002 306.50000000000006 -251.49999999999997 4149.0000000000009 -1.0000000180025095e-35 342.50000000000006 -171.49999999999997 20.500000000000004 44.500000000000007 33.500000000000007 1211.5000000000002 1117.5000000000002
decision_type=2 2 2 2 2 2 2 2 2 2 2 2 2 2 2 2 2 2 2 2 2 2 2 2 2 2 2 2 2 2
left_child=1 2 3 4 -1 -6 7 8 9 10 11 14 13 -9 -2 -16 23 -12 19 -13 -4 -5 -3 -11 -21 -10 27 -15 29 -19
right_child=6 22 20 21 5 -7 -8 12 25 16 17 18 -14 26 15 -17 -18 28 -20 24 -22 -23 -24 -25 -26 -27 -28 -29 -30 -31
leaf_value=0.066678832444000816 0.066678832446686945 0.066678832451400619 0.066678832460083923 0.066678832446687139 0.066678832446595462 0.066678832446688138 0.066678832443307537 0.066678832446688097 0.06667883244605563 0.066678832446292413 0.066678832446535927 0.06667883244593345 0.066678832445038236 0.066678832446517664 0.066678832446392763 0.066678832445895078 0.066678832446687375 0.066678832446517664 0.066678832446684502 0.066678832446562905 0.066678832444572025 0.066678832446688083 0.066678832444004493 0.066678832446461708 0.066678832446680297 0.066678832446684447 0.066678832446676148 0.066678832446686417 0.066678832446684502 0.066678832446685418
leaf_weight=9.2477775537087776 0.031199028308037891 0.11685952113764403 0.19266768690648262 0.10016530141001645 3.2802767833368409 0.35577839298639435 0.038040920482019458 0.38533536717295663 0.10126000415814607 0.081008003326372896 0.21073027892294999 0.19157298083991187 0.019430973771035309 0.094144436298058187 0.38095655618319912 0.020252000831652683 0.071703029971104115 0.094144436298058187 0.017515243962407112 0.12808022147522197 0.02271508201410577 0.29502239049179479 0.0060208651121980697 0.1414903301340599 0.0084839462942909449 0.017241568275494501 0.0054735137382522217 0.035030487924814224 0.017515243962407112 0.022988757700659335
leaf_count=33954 114 439 710 366 12006 1300 142 1408 374 298 772 703 73 345 1393 75 262 345 64 469 86 1078 23 519 31 63 20 128 64 84
internal_value=0.0666788 0.0666788 0.0666788 0.0666788 0.0666788 0.0666788 0.0666788 0.0666788 0.0666788 0.0666788 0.0666788 0.0666788 0.0666788 0.0666788 0.0666788 0.0666788 0.0666788 0.0666788 0.0666788 0.0666788 0.0666788 0.0666788 0.0666788 0.0666788 0.0666788 0.0666788 0.0666788 0.0666788 0.0666788 0.0666788
internal_weight=15.7309 13.6173 13.4944 13.279 12.8838 3.63606 2.1136 2.07556 1.53614 1.41764 1.12344 0.77806 0.539415 0.519984 0.432408 0.401209 0.294201 0.345379 0.345652 0.328137 0.215383 0.395188 0.12288 0.222498 0.136564 0.118502 0.134648 0.129175 0.134648 0.117133
internal_count=57708 49962 49500 48704 47260 13306 7746 7604 5630 5193 4114 2849 1974 1901 1582 1468 1079 1265 1267 1203 796 1444 462 817 500 437 493 473 493 429
is_linear=0
shrinkage=0.1


Tree=70
num_leaves=7
num_cat=0
split_feature=5 7 2 1 1 1
split_gain=3.8991e-13 8.64035e-13 1.77636e-15 3.46945e-18 3.46945e-18 1.73472e-18
threshold=65.500000000000014 -3227.4999999999995 13.500000000000002 5.5000000000000009 1.5000000000000002 2.5000000000000004
decision_type=2 2 2 2 2 2
left_child=1 -1 -2 4 -4 -6
right_child=2 -3 3 -5 5 -7
leaf_value=-0.066676139968676565 -0.066676136480688056 -0.066672705611072511 -0.066676136478094103 -0.066676136478088718 -0.066676136478097017 -0.066676136478099557
leaf_weight=0.0023439311189576983 12.19543825392611 0.0010655850458708418 0.013424293851131419 0.0046878486464265725 0.011293453557300381 0.019816814732621424
leaf_count=11 57283 183 63 22 53 93
internal_value=-0.0666761 -0.0666751 -0.0666761 -0.0666761 -0.0666761 -0.0666761
internal_weight=12.2481 0.00340952 12.2447 0.0492224 0.0445346 0.0311103
internal_count=57708 194 57514 231 209 146
is_linear=0
shrinkage=0.1


Tree=71
num_leaves=31
num_cat=0
split_feature=1 4 10 10 10 10 10 10 10 10 10 10 10 10 6 8 10 4 6 7 10 10 10 6 7 7 7 7 10 6
split_gain=4.44089e-16 4.44089e-16 4.44089e-16 2.22045e-16 2.22045e-16 1.11022e-16 1.11022e-16 1.11022e-16 8.32667e-17 5.55112e-17 1.11022e-16 5.55112e-17 5.55112e-17 5.55112e-17 4.16334e-17 2.77556e-17 2.77556e-17 1.38778e-17 1.38778e-17 1.38778e-17 6.93889e-18 6.93889e-18 6.93889e-18 3.46945e-18 3.46945e-18 1.73472e-18 3.46945e-18 1.73472e-18 1.73472e-18 8.67362e-19
threshold=6.5000000000000009 36.500000000000007 0.78019323671497598 0.59317129629629639 0.53229166666666672 0.51668520578420474 0.5064102564102565 0.43405797101449278 0.59175084175084181 0.42206477732793524 0.40270270270270275 0.34654631083202514 0.73205128205128212 0.48528138528138531 1570.5000000000002 5556.5000000000009 0.58898944193061853 24.500000000000004 -808.49999999999989 150.50000000000003 0.78416149068322993 0.51787994891443179 0.77097902097902116 453.50000000000006 -134.49999999999997 -309.49999999999994 -624.49999999999989 1018.5000000000001 0.91833333333333345 1280.5000000000002
decision_type=2 2 2 2 2 2 2 2 2 2 2 2 2 2 2 2 2 2 2 2 2 2 2 2 2 2 2 2 2 2
left_child=1 2 3 4 5 6 7 9 16 10 11 -1 -5 -9 15 18 -6 -4 19 -2 -3 -7 -14 24 25 26 -20 29 -19 -25
right_child=14 20 17 12 8 21 -8 13 -10 -11 -12 -13 22 -15 -16 -17 -18 28 23 -21 -22 -23 -24 27 -26 -27 -28 -29 -30 -31
leaf_value=-0.066669361738055488 -0.066669361734575869 -0.066669361727618823 -0.066669361738049868 -0.066669361716892861 -0.066669361737517183 -0.066669361738051311 -0.06666936173805009 -0.066669361738052504 -0.06666936173795017 -0.066669361738055211 -0.066669361738046454 -0.066669361738051033 -0.066669361736954702 -0.066669361738043234 -0.066669361737969737 -0.066669361737755006 -0.066669361738039279 -0.066669361738045843 -0.066669361732773921 -0.066669361737929103 -0.066669361738053268 -0.066669361738037655 -0.066669361731827914 -0.066669361691460649 -0.066669361737825672 -0.066669361737365179 -0.066669361737932004 -0.066669361738031993 -0.066669361675496044 -0.06666936173792945
leaf_weight=0.42274691221767197 0.14164294679609232 0.081337111978232346 0.13940041575949766 0.73827900278679548 0.46335486187909003 0.005333581095328512 0.0048487100866624324 0.38201774774688185 0.0066063677493589648 0.075397442103880552 0.11339920791977087 0.31789355672085112 0.11206581303763752 0.23716253403509363 0.0079397630231913263 0.0013333954019729135 0.015940134538043105 0.021091889005122072 0.023879899041765823 0.0030304439323047541 0.0055154077235783907 0.1144901680736931 0.019455449230008526 0.010424726950084263 0.0075761101511140688 0.0015758311625876228 0.0030910528083880747 0.0020000929107482088 0.0019394840419408857 0.0030304439323050195
leaf_count=6991 2349 1344 2304 12221 7683 88 80 6323 111 1246 1879 5261 1856 3937 133 23 264 349 404 51 91 1897 321 175 130 29 52 33 32 51
internal_value=-0.0666694 -0.0666694 -0.0666694 -0.0666694 -0.0666694 -0.0666694 -0.0666694 -0.0666694 -0.0666694 -0.0666694 -0.0666694 -0.0666694 -0.0666694 -0.0666694 -0.0666694 -0.0666694 -0.0666694 -0.0666694 -0.0666694 -0.0666694 -0.0666694 -0.0666694 -0.0666694 -0.0666694 -0.0666694 -0.0666694 -0.0666694 -0.0666694 -0.0666694 -0.0666694
internal_weight=3.4838 3.27828 3.19142 3.02899 2.15919 1.67329 1.55347 1.54862 0.485901 0.929437 0.85404 0.74064 0.8698 0.61918 0.205525 0.197585 0.479295 0.162432 0.196252 0.144673 0.0868525 0.119824 0.131521 0.0515782 0.0361229 0.0285468 0.026971 0.0154553 0.0230314 0.0134552
internal_count=57708 54278 52843 50158 35760 27702 25717 25637 8058 15377 14131 12252 14398 10260 3430 3297 7947 2685 3274 2400 1435 1985 2177 874 615 485 456 259 381 226
is_linear=0
shrinkage=0.1


Tree=72
num_leaves=31
num_cat=0
split_feature=0 1 8 8 8 8 8 8 8 8 8 8 8 8 8 8 8 8 8 8 8 8 8 8 8 8 8 8 8 8
split_gain=8.88178e-16 8.88178e-16 8.88178e-16 8.88178e-16 8.88178e-16 4.44089e-16 4.44089e-16 8.88178e-16 4.44089e-16 4.44089e-16 4.44089e-16 4.44089e-16 4.44089e-16 2.22045e-16 2.22045e-16 2.22045e-16 2.22045e-16 2.22045e-16 4.44089e-16 2.22045e-16 2.22045e-16 2.22045e-16 1.11022e-16 1.11022e-16 5.55112e-17 5.55112e-17 5.55112e-17 2.77556e-17 2.77556e-17 2.77556e-17
threshold=14.500000000000002 9.5000000000000018 9839.5000000000018 3288.5000000000005 1568.5000000000002 54.500000000000007 -535.49999999999989 -701.49999999999989 -1029.4999999999998 -1449.4999999999998 -1560.4999999999998 -1968.4999999999998 -4000.4999999999995 -4295.4999999999991 -5365.4999999999991 -5449.9999999999991 -6778.4999999999991 9141.5000000000018 8938.5000000000018 8731.0000000000018 8061.5000000000009 2712.5000000000005 -8667.4999999999982 -8851.4999999999982 -9048.4999999999982 2646.5000000000005 -4462.4999999999991 -1740.4999999999998 3221.5000000000005 3089.5000000000005
decision_type=2 2 2 2 2 2 2 2 2 2 2 2 2 2 2 2 2 2 2 2 2 2 2 2 2 2 2 2 2 2
left_child=1 2 3 4 5 6 7 8 9 10 11 12 13 14 15 16 22 18 19 20 -5 25 23 24 -1 -6 -16 -13 29 -23
right_child=-2 -3 -4 17 21 -7 -8 -9 -10 -11 -12 27 -14 -15 26 -17 -18 -19 -20 -21 -22 28 -24 -25 -26 -27 -28 -29 -30 -31
leaf_value=0.066677312895496971 0.066677312889343684 0.066677312912315267 0.066677312889087778 0.066677312889100615 0.066677312889043105 0.066677312889183313 0.066677312889160525 0.066677312889345183 0.066677312889232662 0.066677312888813664 0.066677312889345017 0.066677312888927281 0.066677312889649579 0.066677312889261875 0.066677312889071347 0.06667731288934392 0.066677312858955326 0.066677312889112259 0.066677312888640317 0.066677312888997184 0.066677312889258947 0.066677312889005358 0.06667731288788814 0.066677312889344337 0.066677312889344323 0.066677312889344295 0.06667731288917722 0.066677312889006524 0.066677312889344351 0.066677312889006482
leaf_weight=0.750175869431847 0.063233214430511775 0.037125563933794292 0.56790133111754215 2.7626208153138396 0.9674202768386857 1.4653818404785486 0.58730243099936075 0.16023871384095389 0.32430974370827392 0.37820168782642039 0.10898148699197907 0.21868153323953599 1.6907699301113699 0.21940009249387982 0.60023649758782682 0.054610503371805286 0.71233385232454893 0.15712495707002894 0.05197578610414133 0.052694345358896277 0.21197498019332739 0.32263310544740714 0.70586470806345636 0.054850023123435676 0.054131463868543506 0.053412904613651335 0.10898148699211618 0.16191535210278041 0.0550895428750664 0.10802340798573046
leaf_count=3137 264 161 2379 11579 4060 6143 2461 671 1357 1591 455 918 7094 918 2519 228 2985 658 219 221 886 1353 2955 229 226 223 456 679 230 453
internal_value=0.0666773 0.0666773 0.0666773 0.0666773 0.0666773 0.0666773 0.0666773 0.0666773 0.0666773 0.0666773 0.0666773 0.0666773 0.0666773 0.0666773 0.0666773 0.0666773 0.0666773 0.0666773 0.0666773 0.0666773 0.0666773 0.0666773 0.0666773 0.0666773 0.0666773 0.0666773 0.0666773 0.0666773 0.0666773 0.0666773
internal_weight=13.7676 13.7044 13.6672 13.0993 9.86295 8.35637 6.89099 6.30368 6.14344 5.81913 5.44093 5.33195 4.95135 3.26058 3.04118 2.33197 2.27736 3.23639 3.07927 3.02729 2.9746 1.50658 1.56502 0.859157 0.804307 1.02083 0.709218 0.380597 0.485746 0.430657
internal_count=57708 57444 57283 54904 41341 35022 28879 26418 25747 24390 22799 22344 20747 13653 12735 9760 9532 13563 12905 12686 12465 6319 6547 3592 3363 4283 2975 1597 2036 1806
is_linear=0
shrinkage=0.1


Tree=73
num_leaves=4
num_cat=0
split_feature=5 6 4
split_gain=4.46754e-13 7.48932e-13 1.77636e-15
threshold=65.500000000000014 -4061.4999999999995 34.500000000000007
decision_type=2 2 2
left_child=1 -1 -2
right_child=2 -3 -4
leaf_value=-0.066674958732630268 -0.066674956156350482 -0.066671686377159617 -0.066674956156350343
leaf_weight=0.0018648953409865499 10.335778639855558 0.0011190852003356557 0.38062400453782252
leaf_count=10 55473 184 2041
internal_value=-0.066675 -0.0666737 -0.066675
internal_weight=10.7194 0.00298398 10.7164
internal_count=57708 194 57514
is_linear=0
shrinkage=0.1


Tree=74
num_leaves=31
num_cat=0
split_feature=1 4 4 4 6 8 8 8 10 4 4 6 8 8 8 8 8 10 10 6 8 8 8 8 10 10 10 10 4 6
split_gain=4.44089e-16 2.22045e-16 2.22045e-16 1.11022e-16 1.11022e-16 2.22045e-16 1.11022e-16 1.11022e-16 2.22045e-16 5.55112e-17 5.55112e-17 5.55112e-17 1.11022e-16 5.55112e-17 5.55112e-17 4.16334e-17 2.77556e-17 2.77556e-17 2.77556e-17 1.38778e-17 1.38778e-17 1.38778e-17 1.38778e-17 1.38778e-17 1.38778e-17 1.38778e-17 2.77556e-17 1.38778e-17 6.93889e-18 6.93889e-18
threshold=8.5000000000000018 16.500000000000004 52.500000000000007 15.500000000000002 4263.0000000000009 10701.000000000002 -6124.4999999999991 8938.5000000000018 0.61200716845878145 49.500000000000007 28.500000000000004 1280.5000000000002 9141.5000000000018 -376.49999999999994 4043.5000000000005 1568.5000000000002 8558.5000000000018 0.71651785714285732 0.79655172413793118 518.50000000000011 -6910.4999999999991 6978.5000000000009 13716.000000000002 6978.5000000000009 0.7231800766283526 0.6478537360890303 0.59317129629629639 0.47140522875816998 46.500000000000007 476.50000000000006
decision_type=2 2 2 2 2 2 2 2 2 2 2 2 2 2 2 2 2 2 2 2 2 2 2 2 2 2 2 2 2 2
left_child=1 3 9 4 5 6 20 8 -8 10 11 12 13 -3 17 19 18 -10 24 29 -1 -5 23 -13 25 26 27 -15 -17 -12
right_child=-2 2 -4 21 -6 -7 7 -9 14 -11 15 22 -14 16 -16 28 -18 -19 -20 -21 -22 -23 -24 -25 -26 -27 -28 -29 -30 -31
leaf_value=-0.06666902141337698 -0.066669021391403141 -0.066669021386325994 -0.066669021391612487 -0.066669021401666126 -0.066669021391620772 -0.066669021391616123 -0.066669021391614611 -0.066669021391602426 -0.066669021392827543 -0.066669021391608199 -0.066669021408350265 -0.066669021391619718 -0.066669021391491584 -0.066669021391597402 -0.066669021391606062 -0.066669021391604882 -0.066669021391440958 -0.066669021392670627 -0.066669021391495373 -0.066669021391618261 -0.066669021412963575 -0.066669021391593961 -0.066669021391569508 -0.066669021391609837 -0.066669021391562458 -0.066669021391585231 -0.066669021391576613 -0.066669021391569938 -0.066669021391588743 -0.066669021391334557
leaf_weight=0.16141277594417139 0.02694633472338992 0.37523498057653604 0.0061000555251667912 0.10805055142538492 0.019201913914003055 0.04508736705328642 1.0770045905520764 0.044291707893246435 0.20024095378136825 0.0045087366925146135 0.10136701058697671 0.19949833803791855 0.0096009574695663513 0.10078352722124446 0.068744974083138899 0.079831162078757789 0.0020156706495006163 0.11441582471203571 0.002864374026915111 0.057924005636680681 0.045405631137055619 0.012040979295209281 0.0066835392252803097 0.065827556095135298 0.0059409237700426823 0.017080155726749036 0.020262793520194611 0.067471920042146291 0.0018565386380942064 0.0012730551942631693
leaf_count=3049 523 7109 115 2052 362 851 20388 838 3780 85 1916 3764 185 1909 1300 1510 39 2162 55 1093 858 228 127 1244 113 324 385 1284 35 25
internal_value=-0.066669 -0.066669 -0.066669 -0.066669 -0.066669 -0.066669 -0.066669 -0.066669 -0.066669 -0.066669 -0.066669 -0.066669 -0.066669 -0.066669 -0.066669 -0.066669 -0.066669 -0.066669 -0.066669 -0.066669 -0.066669 -0.066669 -0.066669 -0.066669 -0.066669 -0.066669 -0.066669 -0.066669 -0.066669 -0.066669
internal_weight=3.04897 3.02202 1.12613 1.8959 1.77581 1.7566 1.71152 1.5047 1.46041 1.12003 1.11552 0.873265 0.601255 0.591654 0.383402 0.242252 0.216419 0.314657 0.214404 0.160564 0.206818 0.120092 0.272009 0.265326 0.211539 0.205598 0.188518 0.168255 0.0816877 0.10264
internal_count=57708 57185 21317 35868 33588 33226 32375 28468 27630 21202 21117 16538 11403 11218 7242 4579 4109 5942 4070 3034 3907 2280 5135 5008 4015 3902 3578 3193 1545 1941
is_linear=0
shrinkage=0.1


Tree=75
num_leaves=31
num_cat=0
split_feature=8 0 6 6 6 6 6 6 6 6 10 6 7 7 7 10 10 7 4 4 4 5 6 6 6 6 7 6 6 6
split_gain=1.77636e-15 8.88178e-16 8.88178e-16 4.44089e-16 8.88178e-16 4.44089e-16 4.44089e-16 4.44089e-16 4.44089e-16 4.44089e-16 3.33067e-16 2.22045e-16 2.22045e-16 2.22045e-16 2.22045e-16 2.22045e-16 2.22045e-16 2.22045e-16 1.11022e-16 1.11022e-16 1.11022e-16 1.11022e-16 1.11022e-16 1.11022e-16 1.11022e-16 1.11022e-16 2.22045e-16 1.11022e-16 1.11022e-16 1.11022e-16
threshold=5643.5000000000009 7.5000000000000009 1802.5000000000002 1624.5000000000002 954.50000000000011 498.50000000000006 453.50000000000006 225.50000000000003 -225.49999999999997 -1271.4999999999998 0.64051282051282066 -1583.4999999999998 512.50000000000011 -603.49999999999989 -1299.4999999999998 0.95119047619047625 0.65669642857142863 803.50000000000011 48.500000000000007 38.500000000000007 37.500000000000007 194.50000000000003 3549.0000000000005 -207.49999999999997 186.50000000000003 -347.49999999999994 666.50000000000011 -389.49999999999994 -637.49999999999989 3465.5000000000005
decision_type=2 2 2 2 2 2 2 2 2 2 2 2 2 2 2 2 2 2 2 2 2 2 2 2 2 2 2 2 2 2
left_child=1 2 3 4 5 6 7 8 9 11 18 12 13 14 -1 22 17 25 19 20 21 -2 23 -3 -10 26 27 28 -11 -25
right_child=10 15 -4 -5 -6 -7 -8 -9 24 16 -12 -13 -14 -15 -16 -17 -18 -19 -20 -21 -22 -23 -24 29 -26 -27 -28 -29 -30 -31
leaf_value=0.066675984942278541 0.066675984940299846 0.066675984940632413 0.06667598494059776 0.066675984940485586 0.066675984940359659 0.066675984940163441 0.06667598494034277 0.066675984898390231 0.066675984938793467 0.06667598494048671 0.066675984940281749 0.066675984938892902 0.066675984940238783 0.066675984939396624 0.066675984940010993 0.066675984940620853 0.066675984939893976 0.066675984939629812 0.066675984940620853 0.066675984940629165 0.066675984940617272 0.066675984940625266 0.066675984940632135 0.066675984940559804 0.066675984939767716 0.066675984940107291 0.066675984940630345 0.066675984939776153 0.0666759849393323 0.066675984940628569
leaf_weight=1.9203833985272021 1.5692599059005301 0.21318959715426866 0.60288424917978112 0.1429649019266187 0.76555399096261911 0.71251862412002687 0.072320954787002623 0.40625693806291341 0.78840322040918731 0.91459804907647868 0.29787848334022893 0.53035366844379295 0.053244992799747926 0.23771583399723129 0.33728816305095111 0.0062887786771171897 0.31213304834263955 0.18824410840311978 0.0062887786771171897 0.021381847502198181 0.0048213969857898711 0.010062045883387438 0.15093068825081002 1.115210091869969 0.072530580743220274 0.15910610053168861 0.032492023165105022 0.048842847725922511 0.33791704092038577 0.018237458163639642
leaf_count=9173 7513 1017 2877 683 3664 3421 347 1952 3797 4387 1426 2547 255 1139 1615 30 1494 902 30 102 23 48 720 5322 350 764 156 235 1632 87
internal_value=0.066676 0.066676 0.066676 0.066676 0.066676 0.066676 0.066676 0.066676 0.066676 0.066676 0.066676 0.066676 0.066676 0.066676 0.066676 0.066676 0.066676 0.066676 0.066676 0.066676 0.066676 0.066676 0.066676 0.066676 0.066676 0.066676 0.066676 0.066676 0.066676 0.066676
internal_weight=12.0493 10.1396 8.63575 8.03287 7.8899 7.12435 6.41183 6.33951 5.93325 5.07232 1.90969 3.07899 2.54863 2.49539 2.25767 1.50386 1.99333 1.6812 1.61181 1.60553 1.58414 1.57932 1.49757 1.34664 0.860934 1.49296 1.33385 1.30136 1.25252 1.13345
internal_count=57708 48566 41390 38513 37830 34166 30745 30398 28446 24299 9142 14729 12182 11927 10788 7176 9570 8076 7716 7686 7584 7561 7146 6426 4147 7174 6410 6254 6019 5409
is_linear=0
shrinkage=0.1


Tree=76
num_leaves=4
num_cat=0
split_feature=5 9 4
split_gain=5.12479e-13 6.60255e-13 1.77636e-15
threshold=65.500000000000014 3.3943381180223295 58.500000000000007
decision_type=2 2 2
left_child=1 -1 -2
right_child=2 -3 -4
leaf_value=-0.066670717985672825 -0.066673922734326443 -0.066673923173900376 -0.066673922732724905
leaf_weight=0.0011426231503816045 9.3738047437072929 0.0014689267845824361 0.0050595989596339255
leaf_count=185 57483 9 31
internal_value=-0.0666739 -0.0666725 -0.0666739
internal_weight=9.38148 0.00261155 9.37886
internal_count=57708 194 57514
is_linear=0
shrinkage=0.1


Tree=77
num_leaves=31
num_cat=0
split_feature=6 1 0 0 0 0 0 7 7 7 7 7 7 1 4 4 7 7 7 7 7 7 7 7 7 7 4 4 10 10
split_gain=4.44089e-16 2.22045e-16 1.11022e-16 1.11022e-16 1.11022e-16 1.11022e-16 1.11022e-16 1.11022e-16 1.11022e-16 1.11022e-16 1.11022e-16 1.11022e-16 2.22045e-16 5.55112e-17 5.55112e-17 5.55112e-17 5.55112e-17 5.55112e-17 5.55112e-17 5.55112e-17 5.55112e-17 5.55112e-17 5.55112e-17 5.55112e-17 1.11022e-16 5.55112e-17 2.77556e-17 5.55112e-17 2.77556e-17 2.77556e-17
threshold=349.50000000000006 8.5000000000000018 10.500000000000002 15.500000000000002 14.500000000000002 13.500000000000002 6.5000000000000009 803.50000000000011 150.50000000000003 129.50000000000003 65.500000000000014 -1.0000000180025095e-35 -309.49999999999994 5.5000000000000009 39.500000000000007 28.500000000000004 -624.49999999999989 -688.49999999999989 -710.49999999999989 -732.49999999999989 -754.49999999999989 -873.49999999999989 -894.49999999999989 -917.49999999999989 -1274.4999999999998 -1299.4999999999998 24.500000000000004 21.500000000000004 0.85092592592592597 0.70710784313725505
decision_type=2 2 2 2 2 2 2 2 2 2 2 2 2 2 2 2 2 2 2 2 2 2 2 2 2 2 2 2 2 2
left_child=2 3 7 4 5 6 14 8 9 10 11 12 16 29 15 26 17 18 19 20 21 22 23 24 25 -1 27 28 -2 -8
right_child=1 -3 -4 -5 -6 -7 13 -9 -10 -11 -12 -13 -14 -15 -16 -17 -18 -19 -20 -21 -22 -23 -24 -25 -26 -27 -28 -29 -30 -31
leaf_value=-0.066668730293536163 -0.066668730280046815 -0.066668730292738884 -0.066668730293009806 -0.066668730293010223 -0.066668730315143643 -0.066668730293014178 -0.066668730292405082 -0.066668730293005879 -0.066668730292990794 -0.06666873029300989 -0.066668730293017411 -0.066668730292975931 -0.066668730292932021 -0.06666873027200422 -0.066668730247335897 -0.066668730287049949 -0.066668730292983786 -0.066668730292975542 -0.066668730293013387 -0.066668730293013928 -0.066668730293013012 -0.066668730293000869 -0.06666873029295127 -0.066668730293014039 -0.066668730292987186 -0.066668730293013928 -0.066668730286327749 -0.066668730281312566 -0.0666687302929828 -0.066668730290794148
leaf_weight=0.68107455746248158 0.45476327292146512 0.0021354667787426554 0.0064063995669131337 0.0066385154932505621 0.005477935865201399 0.010305947129381932 0.39450422866301432 0.15853517884084878 0.15816379451198237 0.0064528227521806194 0.018754966848064325 0.018847813603024455 0.10440574814708581 0.028875221466381218 0.010630909689813728 0.040805980366324879 0.11415461462123444 0.024418595962374945 0.0083561733481474221 0.0089596747566247359 0.0079847878660075366 0.04215225260730171 0.0084954431602328739 0.0090989443124271929 0.13337381345100408 0.0089596747566247359 0.036442201079321834 0.041502328020832702 0.0086811357731613747 0.10904806232510339
leaf_count=14709 9848 49 138 143 118 222 8501 3425 3430 139 405 409 2284 623 231 883 2475 529 180 193 172 913 185 197 2889 193 790 897 188 2350
internal_value=-0.0666687 -0.0666687 -0.0666687 -0.0666687 -0.0666687 -0.0666687 -0.0666687 -0.0666687 -0.0666687 -0.0666687 -0.0666687 -0.0666687 -0.0666687 -0.0666687 -0.0666687 -0.0666687 -0.0666687 -0.0666687 -0.0666687 -0.0666687 -0.0666687 -0.0666687 -0.0666687 -0.0666687 -0.0666687 -0.0666687 -0.0666687 -0.0666687 -0.0666687 -0.0666687
internal_weight=2.66841 1.14981 1.5186 1.14768 1.14104 1.13556 1.12525 1.51219 1.35365 1.19549 1.18904 1.17028 1.15143 0.532428 0.592826 0.582195 1.04703 0.932874 0.908455 0.900099 0.891139 0.883155 0.841002 0.832507 0.823408 0.690034 0.541389 0.504947 0.463444 0.503552
internal_count=57708 24843 32865 24794 24651 24533 24311 32727 29302 25872 25733 25328 24919 11474 12837 12606 22635 20160 19631 19451 19258 19086 18173 17988 17791 14902 11723 10933 10036 10851
is_linear=0
shrinkage=0.1


Tree=78
num_leaves=13
num_cat=0
split_feature=2 2 4 4 5 6 8 2 4 4 5 8
split_gain=8.88178e-16 8.88178e-16 5.55112e-17 2.77556e-17 2.77556e-17 6.93889e-18 3.46945e-18 1.73472e-18 1.73472e-18 8.67362e-19 8.67362e-19 8.67362e-19
threshold=13.500000000000002 9.5000000000000018 25.500000000000004 22.500000000000004 166.50000000000003 1164.5000000000002 -106.49999999999999 10.500000000000002 23.500000000000004 35.500000000000007 145.50000000000003 5923.5000000000009
decision_type=2 2 2 2 2 2 2 2 2 2 2 2
left_child=1 -1 3 4 -3 -2 -4 -8 -5 -9 -7 -10
right_child=5 2 6 8 -6 10 7 9 11 -11 -12 -13
leaf_value=0.066674820571168247 0.066674820564773932 0.066674820570062285 0.066674820564026807 0.066674820550186073 0.066674820572425728 0.066674820556449188 0.066674820570668022 0.066674820568422888 0.066674820569822144 0.06667482057241296 0.066674820572413834 0.066674820564987233
leaf_weight=10.093197468990228 0.028069780311645191 0.33848853279254387 0.0056873411089269068 0.0086227429724941625 0.012291995299165137 0.010457369136363533 0.013576233614182302 0.011925070066712208 0.0091731308204514757 0.003669252328108997 0.0038527149445144468 0.006421191574548713
leaf_count=55171 162 1891 33 49 67 64 75 67 51 20 21 37
internal_value=0.0666748 0.0666748 0.0666748 0.0666748 0.0666748 0.0666748 0.0666748 0.0666748 0.0666748 0.0666748 0.0666748 0.0666748
internal_weight=10.5454 10.5031 0.409855 0.374998 0.350781 0.0423799 0.0348579 0.0291706 0.0242171 0.0155943 0.0143101 0.0155943
internal_count=57708 57461 2290 2095 1958 247 195 162 137 87 85 88
is_linear=0
shrinkage=0.1


Tree=79
num_leaves=18
num_cat=0
split_feature=5 9 0 2 4 4 4 4 4 4 4 5 2 5 4 4 5
split_gain=5.87086e-13 7.54522e-13 4.44089e-16 4.44089e-16 4.44089e-16 4.44089e-16 4.44089e-16 4.44089e-16 4.44089e-16 4.44089e-16 4.44089e-16 8.88178e-16 3.46945e-18 3.46945e-18 8.67362e-19 8.67362e-19 8.67362e-19
threshold=65.500000000000014 3.3943381180223295 13.500000000000002 14.500000000000002 58.500000000000007 55.500000000000007 53.500000000000007 50.500000000000007 45.500000000000007 44.500000000000007 41.500000000000007 194.50000000000003 1.5000000000000002 157.50000000000003 11.500000000000002 17.500000000000004 134.50000000000003
decision_type=2 2 2 2 2 2 2 2 2 2 2 2 2 2 2 2 2
left_child=1 -1 3 4 5 6 7 8 9 10 11 -2 -4 -12 -5 -13 -9
right_child=2 -3 12 14 -6 -7 -8 16 -10 -11 13 15 -14 -15 -16 -17 -18
leaf_value=-0.066669354629989172 -0.066673016842602212 -0.066673017172563659 -0.066673016842582464 -0.066673016842587654 -0.066673016842575455 -0.066673016842575455 -0.066673016842575455 -0.066673016842580368 -0.066673016842598229 -0.066673016842586558 -0.066673016842598853 -0.066673016842588834 -0.066673016842601157 -0.066673016842582769 -0.066673016842593871 -0.066673016842579952 -0.06667301684258424
leaf_weight=0.0010000143776690553 8.0115576289099213 0.0012855841050622985 0.0059993478062104746 0.0081419720227139392 0.0044280900474412679 0.0044280900474412679 0.0044280900474412679 0.0054279813484762185 0.029853897416615705 0.0075706055649796813 0.03542472037952471 0.0088561800948817604 0.063993043266236782 0.003428198746405541 0.0079991304082795978 0.00299967390310485 0.0037138819752726704
leaf_count=185 56137 9 42 57 31 31 31 38 209 53 248 62 448 24 56 21 26
internal_value=-0.066673 -0.0666714 -0.066673 -0.066673 -0.066673 -0.066673 -0.066673 -0.066673 -0.066673 -0.066673 -0.066673 -0.066673 -0.066673 -0.066673 -0.066673 -0.066673 -0.066673
internal_weight=8.21054 0.0022856 8.20825 8.13826 8.12212 8.11769 8.11326 8.10883 8.09969 8.06984 8.06227 8.02341 0.0699924 0.0388529 0.0161411 0.0118559 0.00914186
internal_count=57708 194 57514 57024 56911 56880 56849 56818 56754 56545 56492 56220 490 272 113 83 64
is_linear=0
shrinkage=0.1


Tree=80
num_leaves=19
num_cat=0
split_feature=8 0 6 2 2 5 6 1 4 10 0 4 10 0 2 10 4 7
split_gain=4.44089e-16 1.11022e-16 2.22045e-16 1.11022e-16 1.11022e-16 1.11022e-16 5.55112e-17 2.77556e-17 2.77556e-17 2.77556e-17 1.38778e-17 6.93889e-18 6.93889e-18 3.46945e-18 1.73472e-18 1.73472e-18 8.67362e-19 4.33681e-19
threshold=4725.5000000000009 7.5000000000000009 2011.5000000000002 13.500000000000002 10.500000000000002 126.50000000000001 1280.5000000000002 6.5000000000000009 21.500000000000004 0.60791925465838526 10.500000000000002 49.500000000000007 0.87750000000000006 12.500000000000002 11.500000000000002 0.76253132832080206 29.500000000000004 -873.49999999999989
decision_type=2 2 2 2 2 2 2 2 2 2 2 2 2 2 2 2 2 2
left_child=1 2 3 4 5 6 -1 8 9 -2 -3 -10 -11 -12 15 -6 -15 -16
right_child=7 10 -4 -5 14 -7 -8 -9 11 12 13 -13 -14 16 17 -17 -18 -19
leaf_value=-0.066668473914006252 -0.066668473922936219 -0.066668473920056245 -0.06666847392294431 -0.066668473922298341 -0.066668473922834398 -0.066668473920382568 -0.066668473922896196 -0.06666847392268227 -0.066668473922929836 -0.066668473922919455 -0.066668473922946642 -0.066668473922891852 -0.06666847392289374 -0.066668473918322479 -0.066668473898086028 -0.066668473922287613 -0.06666847392291797 -0.066668473922382898
leaf_weight=0.63311914333440589 0.2924862746525877 0.20980679454887052 0.076707054290540033 0.0033315575310920434 0.0088164362928851575 0.85076573846527026 0.01909550658053738 0.0019908083357103026 0.091089627714840193 0.082395078527891852 0.038191012135939673 0.0011782333531300529 0.0012188620894448823 0.013123081833327888 0.0024783534233213944 0.0015032637553275005 0.0021939517610007906 0.0058505398224313471
leaf_count=15691 7217 5166 1889 91 221 20986 474 51 2249 2038 940 29 30 323 64 39 54 156
internal_value=-0.0666685 -0.0666685 -0.0666685 -0.0666685 -0.0666685 -0.0666685 -0.0666685 -0.0666685 -0.0666685 -0.0666685 -0.0666685 -0.0666685 -0.0666685 -0.0666685 -0.0666685 -0.0666685 -0.0666685 -0.0666685
internal_weight=2.33534 1.86498 1.60167 1.52496 1.52163 1.50298 0.652215 0.470359 0.468368 0.3761 0.263315 0.0922679 0.0836139 0.053508 0.0186486 0.0103197 0.015317 0.00832889
internal_count=57708 46094 39611 37722 37631 37151 16165 11614 11563 9285 6483 2278 2068 1317 480 260 377 220
is_linear=0
shrinkage=0.1


Tree=81
num_leaves=12
num_cat=0
split_feature=0 0 1 4 1 5 4 4 4 1 5
split_gain=8.88178e-16 8.88178e-16 8.88178e-16 8.88178e-16 6.93889e-18 6.93889e-18 3.46945e-18 3.46945e-18 3.46945e-18 1.73472e-18 8.67362e-19
threshold=16.500000000000004 13.500000000000002 8.5000000000000018 59.500000000000007 9.5000000000000018 150.50000000000003 31.500000000000004 16.500000000000004 22.500000000000004 1.5000000000000002 154.50000000000003
decision_type=2 2 2 2 2 2 2 2 2 2 2
left_child=1 2 3 -1 7 6 -3 -4 -6 -7 -2
right_child=10 5 4 -5 8 9 -8 -9 -10 -11 -12
leaf_value=0.066673806783452014 0.066673806785910783 0.066673806785923037 0.066673806764666388 0.066673806785898529 0.066673806733869398 0.066673806785919651 0.066673806785913642 0.066673806771720565 0.0666738067733295 0.066673806785918693 0.066673806785905065
leaf_weight=9.0646600707666369 0.0078676516423009657 0.042067851638422193 0.037411487678110991 0.0043352366192274108 0.02055223536506183 0.010757809388451278 0.0054591868538409463 0.019267718309726095 0.0043352366197545724 0.0093127305153757334 0.0032112863846123227
leaf_count=56668 49 262 238 27 131 67 34 124 30 58 20
internal_value=0.0666738 0.0666738 0.0666738 0.0666738 0.0666738 0.0666738 0.0666738 0.0666738 0.0666738 0.0666738 0.0666738
internal_weight=9.22924 9.21816 9.15056 9.069 0.0815667 0.0675976 0.047527 0.0566792 0.0248875 0.0200705 0.0110789
internal_count=57708 57639 57218 56695 523 421 296 362 161 125 69
is_linear=0
shrinkage=0.1


Tree=82
num_leaves=5
num_cat=0
split_feature=5 8 0 7
split_gain=6.71907e-13 6.70546e-13 4.44089e-16 4.44089e-16
threshold=65.500000000000014 -11727.999999999998 17.500000000000004 829.50000000000011
decision_type=2 2 2 2
left_child=1 -1 3 -2
right_child=2 -3 -4 -5
leaf_value=-0.066672224645430128 -0.066672226871194618 -0.066668562852563923 -0.06667222687123335 -0.066672226871246479
leaf_weight=0.0010001097980421036 4.691228584793862 0.0010002169991841772 0.0045004591229370608 2.4880038184637669
leaf_count=8 37568 186 36 19910
internal_value=-0.0666722 -0.0666704 -0.0666722 -0.0666722
internal_weight=7.18573 0.00200033 7.18373 7.17923
internal_count=57708 194 57514 57478
is_linear=0
shrinkage=0.1


Tree=83
num_leaves=31
num_cat=0
split_feature=2 4 8 0 0 4 4 4 4 4 4 2 2 4 4 4 8 8 6 7 7 8 8 8 8 8 8 4 6 6
split_gain=2.22045e-16 2.22045e-16 2.22045e-16 1.11022e-16 1.11022e-16 1.11022e-16 1.66533e-16 5.55112e-17 5.55112e-17 5.55112e-17 5.55112e-17 2.77556e-17 2.77556e-17 2.77556e-17 2.77556e-17 2.77556e-17 2.77556e-17 2.77556e-17 1.38778e-17 1.38778e-17 1.38778e-17 1.38778e-17 1.38778e-17 1.38778e-17 1.38778e-17 2.77556e-17 1.38778e-17 6.93889e-18 6.93889e-18 6.93889e-18
threshold=6.5000000000000009 33.500000000000007 3627.0000000000005 14.500000000000002 8.5000000000000018 29.500000000000004 28.500000000000004 18.500000000000004 17.500000000000004 15.500000000000002 14.500000000000002 14.500000000000002 5.5000000000000009 39.500000000000007 31.500000000000004 24.500000000000004 6733.5000000000009 6009.5000000000009 2668.5000000000005 85.500000000000014 -153.49999999999997 5289.0000000000009 4570.5000000000009 3484.5000000000005 3221.5000000000005 1171.5000000000002 609.50000000000011 58.500000000000007 2622.5000000000005 731.50000000000011
decision_type=2 2 2 2 2 2 2 2 2 2 2 2 2 2 2 2 2 2 2 2 2 2 2 2 2 2 2 2 2 2
left_child=1 2 3 4 5 6 7 8 9 10 -1 13 18 14 16 19 17 21 -4 20 26 22 23 24 25 -2 -9 -3 -11 -17
right_child=11 27 12 -5 -6 -7 -8 15 -10 28 -12 -13 -14 -15 -16 29 -18 -19 -20 -21 -22 -23 -24 -25 -26 -27 -28 -29 -30 -31
leaf_value=-0.066668247395507918 -0.066668247395330213 -0.066668247395042457 -0.066668247395887933 -0.066668247368349726 -0.066668247394622793 -0.066668247395876609 -0.066668247404944786 -0.066668247394004773 -0.066668247345977857 -0.066668247395869074 -0.066668247397040928 -0.066668247395569771 -0.066668247395881827 -0.066668247395758704 -0.066668247395818392 -0.066668247393551802 -0.066668247395844579 -0.066668247395813382 -0.066668247395888336 -0.066668247395875749 -0.066668247395861455 -0.066668247395811162 -0.066668247395866992 -0.066668247395813951 -0.066668247395855973 -0.066668247395822874 -0.06666824739586584 -0.066668247395828856 -0.066668247395850255 -0.066668247395885283
leaf_weight=0.64565300966675077 0.13383842282375885 0.07218171657385708 0.2076913326353802 0.0022045647383494007 0.095898566032701749 0.038082078173755085 0.013334061177181611 0.098138690069010062 0.04323925125881356 0.093622887385288345 0.051131679910389805 0.004017997785341231 0.063541245109979161 0.0036268648198415901 0.012374009022640076 0.052376191888895252 0.083062312311164899 0.016925368732118806 0.069870479092060123 0.064643527732729869 0.009636081468573518 0.019023261107808609 0.021192267706089229 0.030472775242586903 0.0081071091525642125 0.058989887836084526 0.011520628741794589 0.001102282367355655 0.0017067597946152082 0.016640907997498289
leaf_count=18208 3822 2032 5848 62 2697 1074 377 2768 1218 2638 1442 119 1789 104 350 1478 2354 482 1965 1820 272 542 599 868 229 1679 325 31 48 468
internal_value=-0.0666682 -0.0666682 -0.0666682 -0.0666682 -0.0666682 -0.0666682 -0.0666682 -0.0666682 -0.0666682 -0.0666682 -0.0666682 -0.0666682 -0.0666682 -0.0666682 -0.0666682 -0.0666682 -0.0666682 -0.0666682 -0.0666682 -0.0666682 -0.0666682 -0.0666682 -0.0666682 -0.0666682 -0.0666682 -0.0666682 -0.0666682 -0.0666682 -0.0666682 -0.0666682
internal_weight=2.04385 1.65222 1.57893 1.23783 1.23562 1.13973 1.10164 1.08831 0.835354 0.792114 0.696785 0.39163 0.341103 0.387612 0.383985 0.252956 0.371611 0.288549 0.277562 0.183939 0.119295 0.271624 0.2526 0.231408 0.200935 0.192828 0.109659 0.073284 0.0953296 0.0690171
internal_count=57708 46560 44497 34895 34833 32136 31062 30685 23554 22336 19650 11148 9602 11029 10925 7131 10575 8221 7813 5185 3365 7739 7197 6598 5730 5501 3093 2063 2686 1946
is_linear=0
shrinkage=0.1


Tree=84
num_leaves=31
num_cat=0
split_feature=0 0 4 7 4 6 6 6 8 6 6 6 6 6 7 5 5 6 7 6 7 7 7 7 7 7 7 10 10 10
split_gain=8.88178e-16 4.44089e-16 4.44089e-16 8.88178e-16 4.44089e-16 4.44089e-16 4.44089e-16 4.44089e-16 4.44089e-16 2.22045e-16 2.22045e-16 4.44089e-16 2.22045e-16 2.22045e-16 2.22045e-16 1.11022e-16 1.11022e-16 1.11022e-16 2.22045e-16 1.11022e-16 1.11022e-16 1.11022e-16 1.11022e-16 1.11022e-16 1.11022e-16 1.11022e-16 1.11022e-16 1.11022e-16 1.11022e-16 1.11022e-16
threshold=16.500000000000004 13.500000000000002 30.500000000000004 1696.5000000000002 7.5000000000000009 1379.5000000000002 707.50000000000011 266.50000000000006 7500.5000000000009 751.50000000000011 -34.499999999999993 -151.49999999999997 -492.49999999999994 -986.49999999999989 444.50000000000006 172.50000000000003 168.50000000000003 -1057.4999999999998 170.50000000000003 2409.5000000000005 -191.49999999999997 -309.49999999999994 -939.49999999999989 -1014.4999999999999 -1036.4999999999998 -1427.4999999999998 -1728.4999999999998 0.91833333333333345 0.83666666666666678 0.82683658170914553
decision_type=2 2 2 2 2 2 2 2 2 2 2 2 2 2 2 2 2 2 2 2 2 2 2 2 2 2 2 2 2 2
left_child=1 2 3 4 9 6 7 8 10 15 11 12 13 14 17 16 -1 18 20 -7 21 22 23 24 25 26 -6 28 29 -5
right_child=-2 -3 -4 27 5 19 -8 -9 -10 -11 -12 -13 -14 -15 -16 -17 -18 -19 -20 -21 -22 -23 -24 -25 -26 -27 -28 -29 -30 -31
leaf_value=0.066672909303388359 0.06667290929958819 0.066672909299598404 0.066672909298606753 0.066672909299514221 0.066672909302322322 0.066672909299016245 0.06667290930048296 0.066672909279926321 0.066672909298359784 0.066672909299200084 0.06667290929805017 0.066672909297485511 0.066672909296340677 0.066672909297102387 0.066672909299206981 0.066672909299586178 0.066672909299586178 0.066672909299045097 0.066672909292876087 0.066672909298990196 0.066672909293066046 0.066672909296238633 0.06667290929784607 0.066672909298478175 0.066672909299593824 0.066672909298853333 0.066672909294441002 0.066672909299589439 0.06667290929959746 0.066672909299589439
leaf_weight=1.1749187665418723 0.0096961361705333315 0.059160483011511 0.50293436745789222 1.446410573961681 0.93392060929204024 0.42691103893053528 0.52316978754780397 0.41721613311210282 0.050307489117143667 0.23369093408179731 0.30718483594494328 0.11789939488704071 0.3546818506524988 0.50026441692380497 0.079395897628507517 0.0051993773668074219 0.0051993773668074219 0.056209485046799235 0.041876066361802633 0.1533113704652086 0.071948140863126064 0.027823695098750822 0.19603057910247601 0.027823695098283641 0.0089935176074503742 0.16694217058923455 0.13954004663349773 0.0067451382055879741 0.025153744558338187 0.0067451382055879741
leaf_count=8407 69 421 3589 10301 6654 3046 3746 2990 360 1670 2203 847 2543 3582 566 37 37 401 301 1094 515 201 1400 199 64 1192 998 48 179 48
internal_value=0.0666729 0.0666729 0.0666729 0.0666729 0.0666729 0.0666729 0.0666729 0.0666729 0.0666729 0.0666729 0.0666729 0.0666729 0.0666729 0.0666729 0.0666729 0.0666729 0.0666729 0.0666729 0.0666729 0.0666729 0.0666729 0.0666729 0.0666729 0.0666729 0.0666729 0.0666729 0.0666729 0.0666729 0.0666729 0.0666729
internal_weight=8.0773 8.06761 8.00845 7.50551 6.02046 4.60145 4.02123 3.49806 3.08084 1.41901 3.03053 2.72335 2.60545 2.25077 1.7505 1.18532 1.18012 1.67111 1.6149 0.580222 1.57302 1.50107 1.47325 1.27722 1.2494 1.2404 1.07346 1.48505 1.47831 1.45316
internal_count=57708 57639 57218 53629 43053 32902 28762 25016 22026 10151 21666 19463 18616 16073 12491 8481 8444 11925 11524 4140 11223 10708 10507 9107 8908 8844 7652 10576 10528 10349
is_linear=0
shrinkage=0.1


Tree=85
num_leaves=7
num_cat=0
split_feature=5 0 4 4 4 1
split_gain=7.68718e-13 4.44089e-16 4.44089e-16 1.38778e-17 6.93889e-18 4.33681e-19
threshold=65.500000000000014 16.500000000000004 37.500000000000007 58.500000000000007 54.500000000000007 1.5000000000000002
decision_type=2 2 2 2 2 2
left_child=-1 2 -2 4 -4 -3
right_child=1 5 3 -5 -6 -7
leaf_value=-0.066669436213810454 -0.066671532421449048 -0.066671532421470003 -0.066671532421488225 -0.066671532421469032 -0.06667153242147543 -0.066671532421473431
leaf_weight=0.0017506586664665083 6.1383942064785515 0.0031728621688670291 0.13271316589089099 0.0033916802494786671 0.0050328158540651194 0.0043763616122305393
leaf_count=194 56155 29 1213 31 46 40
internal_value=-0.0666715 -0.0666715 -0.0666715 -0.0666715 -0.0666715 -0.0666715
internal_weight=6.28883 6.28708 6.27953 0.141138 0.137746 0.00754922
internal_count=57708 57514 57445 1290 1259 69
is_linear=0
shrinkage=0.1


Tree=86
num_leaves=31
num_cat=0
split_feature=8 10 7 8 4 4 4 4 4 7 10 10 10 10 10 10 10 4 8 10 10 8 2 8 8 8 4 7 10 10
split_gain=3.33067e-16 2.22045e-16 2.22045e-16 2.22045e-16 1.11022e-16 1.11022e-16 1.11022e-16 1.11022e-16 1.11022e-16 1.11022e-16 5.55112e-17 1.11022e-16 5.55112e-17 1.11022e-16 5.55112e-17 5.55112e-17 5.55112e-17 2.77556e-17 2.77556e-17 2.77556e-17 2.77556e-17 2.08167e-17 1.38778e-17 2.08167e-17 1.38778e-17 1.38778e-17 6.93889e-18 6.93889e-18 6.93889e-18 6.93889e-18
threshold=10701.000000000002 0.73993558776167478 1327.5000000000002 8558.5000000000018 55.500000000000007 48.500000000000007 43.500000000000007 42.500000000000007 35.500000000000007 1041.5000000000002 0.68496240601503777 0.62115563839701782 0.61651583710407254 0.60990338164251223 0.58477011494252884 0.54919354838709689 0.47493734335839594 23.500000000000004 6511.5000000000009 0.45584415584415583 0.43826219512195125 4495.5000000000009 13.500000000000002 4109.5000000000009 2520.5000000000005 1511.5000000000002 29.500000000000004 1185.5000000000002 0.73205128205128212 0.68090909090909102
decision_type=2 2 2 2 2 2 2 2 2 2 2 2 2 2 2 2 2 2 2 2 2 2 2 2 2 2 2 2 2 2
left_child=1 2 3 4 5 6 7 8 9 10 11 12 13 14 15 16 19 -4 21 20 -1 22 23 24 25 -3 -19 -11 -12 -13
right_child=-2 18 17 -5 -6 -7 -8 -9 -10 27 28 29 -14 -15 -16 -17 -18 26 -20 -21 -22 -23 -24 -25 -26 -27 -28 -29 -30 -31
leaf_value=-0.066668048089696494 -0.066668048089396179 -0.066668048096203539 -0.066668048089406767 -0.066668048089306195 -0.066668048089353879 -0.06666804808938466 -0.066668048089393403 -0.066668048089368784 -0.066668048089389448 -0.066668048089388643 -0.066668048097535015 -0.066668048081664946 -0.066668048089337725 -0.066668048086780632 -0.066668048099153485 -0.066668048089383619 -0.066668048089658608 -0.066668048089396095 -0.066668048089375612 -0.066668048089393264 -0.066668048089383772 -0.066668048089385146 -0.066668048089172371 -0.066668048089289153 -0.066668048089371476 -0.066668048089365356 -0.066668048089408696 -0.066668048089403575 -0.066668048089383133 -0.06666804808937693
leaf_weight=0.39785909091509775 0.055081000212862219 0.10686336441095701 0.30247871098741702 0.014283717896571679 0.0013070067725494674 0.002862967216060607 0.0043255700329610782 0.0017737949056028093 0.020320843648539921 0.035693733085824589 0.066968538601270569 0.11455097952357508 0.0058815307327562119 0.023370526410484982 0.055765623960395527 0.10147974204792676 0.20442209019376878 0.041575263435043752 0.0070329413328122916 0.055267715594225275 0.048857158822354751 0.0096780740867812298 0.0010269340208593205 0.0020227487047064221 0.010798365734251483 0.0093357629173508455 0.036533951213641558 0.03513358694262346 0.0089000938650255906 0.0072818950037740601
leaf_count=12834 1774 3437 9732 467 42 92 139 57 655 1149 2161 3697 191 755 1805 3282 6624 1339 227 1782 1577 312 34 66 349 302 1174 1131 287 235
internal_value=-0.066668 -0.066668 -0.066668 -0.066668 -0.066668 -0.066668 -0.066668 -0.066668 -0.066668 -0.066668 -0.066668 -0.066668 -0.066668 -0.066668 -0.066668 -0.066668 -0.066668 -0.066668 -0.066668 -0.066668 -0.066668 -0.066668 -0.066668 -0.066668 -0.066668 -0.066668 -0.066668 -0.066668 -0.066668 -0.066668
internal_weight=1.78873 1.73365 1.58689 1.20631 1.19202 1.19072 1.18785 1.18353 1.18175 1.16143 1.0906 1.01474 0.892903 0.887022 0.863651 0.807886 0.706406 0.380588 0.146758 0.501984 0.446716 0.139725 0.130047 0.12902 0.126997 0.116199 0.0781092 0.0708273 0.0758686 0.121833
internal_count=57708 55934 51207 38962 38495 38453 38361 38222 38165 37510 35230 32782 28850 28659 27904 26099 22817 12245 4727 16193 14411 4500 4188 4154 4088 3739 2513 2280 2448 3932
is_linear=0
shrinkage=0.1


Tree=87
num_leaves=20
num_cat=0
split_feature=1 6 2 2 10 2 8 8 8 8 8 8 8 0 8 2 8 8 8
split_gain=8.88178e-16 8.88178e-16 4.44089e-16 4.44089e-16 1.66533e-16 1.11022e-16 1.11022e-16 5.55112e-17 4.16334e-17 2.77556e-17 1.38778e-17 1.38778e-17 1.38778e-17 6.93889e-18 3.46945e-18 1.73472e-18 8.67362e-19 8.67362e-19 8.67362e-19
threshold=9.5000000000000018 2149.5000000000005 14.500000000000002 6.5000000000000009 0.7537878787878789 9.5000000000000018 4414.5000000000009 1511.5000000000002 10701.000000000002 1396.5000000000002 6207.5000000000009 5827.5000000000009 6856.5000000000009 6.5000000000000009 9589.5000000000018 5.5000000000000009 8558.5000000000018 12319.000000000002 10086.500000000002
decision_type=2 2 2 2 2 2 2 2 2 2 2 2 2 2 2 2 2 2 2
left_child=1 2 3 -1 -3 6 7 9 10 -5 11 -7 -8 -6 -12 -2 -4 -10 -16
right_child=15 4 16 5 13 8 12 -9 17 -11 14 -13 -14 -15 18 -17 -18 -19 -20
leaf_value=0.066672135179227418 0.066672135182170508 0.066672135182057182 0.066672135156619364 0.066672135175923491 0.066672135180242773 0.066672135167914801 0.066672135181079561 0.06667213518055902 0.066672135172675714 0.066672135177911318 0.066672135174730779 0.066672135170812899 0.066672135181183506 0.066672135182176129 0.066672135182159739 0.066672135129961049 0.066672135182157991 0.06667213516837793 0.066672135148751296
leaf_weight=4.9226897448459743 0.015373025235112681 0.89446410027529144 0.0083629257294538517 0.41113618690469544 0.018447630282292793 0.16110930872742299 0.12987131718652961 0.19812754923136011 0.0075020363152245332 0.0083629257281186975 0.043044470660463359 0.0062721942964228108 0.10761117664595149 0.11720394439180382 0.0039354944601655015 0.0036895287207407519 0.0035665418545249858 0.005165336479501262 0.003197589249685542
leaf_count=40117 126 7276 74 3383 151 1355 1061 1621 63 69 359 53 878 953 32 35 29 44 29
internal_value=0.0666721 0.0666721 0.0666721 0.0666721 0.0666721 0.0666721 0.0666721 0.0666721 0.0666721 0.0666721 0.0666721 0.0666721 0.0666721 0.0666721 0.0666721 0.0666721 0.0666721 0.0666721 0.0666721
internal_weight=7.06913 7.05007 6.01995 6.00803 1.03012 1.08534 0.855109 0.617627 0.230226 0.419499 0.217559 0.167382 0.237482 0.135652 0.0501776 0.0190626 0.0119295 0.0126674 0.00713308
internal_count=57708 57547 49167 49064 8380 8947 7012 5073 1935 3452 1828 1408 1939 1104 420 161 103 107 61
is_linear=0
shrinkage=0.1


Tree=88
num_leaves=3
num_cat=0
split_feature=5 9
split_gain=8.74412e-13 4.44089e-16
threshold=65.500000000000014 4.3858560794044674
decision_type=2 2
left_child=-1 -2
right_child=1 -3
leaf_value=-0.06666853042576891 -0.066670919399565709 -0.066670919399566791
leaf_weight=0.0015321512507807658 0.48259412589686679 5.0197449306142516
leaf_count=194 5040 52474
internal_value=-0.0666709 -0.0666709
internal_weight=5.50387 5.50234
internal_count=57708 57514
is_linear=0
shrinkage=0.1


Tree=89
num_leaves=31
num_cat=0
split_feature=8 0 0 4 4 4 4 4 6 6 7 6 6 7 7 7 7 7 7 7 8 8 10 7 7 7 7 8 10 4
split_gain=2.22045e-16 2.22045e-16 1.11022e-16 1.11022e-16 1.11022e-16 2.22045e-16 1.11022e-16 1.11022e-16 1.11022e-16 5.55112e-17 1.11022e-16 5.55112e-17 5.55112e-17 1.11022e-16 5.55112e-17 5.55112e-17 2.77556e-17 2.77556e-17 2.77556e-17 2.77556e-17 2.77556e-17 2.77556e-17 2.77556e-17 1.38778e-17 2.77556e-17 1.38778e-17 1.38778e-17 1.38778e-17 1.38778e-17 6.93889e-18
threshold=11408.000000000002 16.500000000000004 15.500000000000002 49.500000000000007 27.500000000000004 23.500000000000004 21.500000000000004 20.500000000000004 1435.5000000000002 1280.5000000000002 966.50000000000011 1045.5000000000002 928.50000000000011 129.50000000000003 -171.49999999999997 -269.49999999999994 -939.49999999999989 -1057.4999999999998 -1536.4999999999998 -1645.4999999999998 9141.5000000000018 8215.5000000000018 0.73431372549019625 -1673.4999999999998 -1968.4999999999998 -2037.4999999999998 755.50000000000011 5923.5000000000009 0.70479302832244028 37.500000000000007
decision_type=2 2 2 2 2 2 2 2 2 2 2 2 2 2 2 2 2 2 2 2 2 2 2 2 2 2 2 2 2 2
left_child=1 2 3 4 5 6 7 8 9 10 11 12 13 14 15 16 17 18 19 23 21 22 28 24 25 -1 -15 -12 -10 -6
right_child=-2 -3 -4 -5 29 -7 -8 -9 20 -11 27 -13 -14 26 -16 -17 -18 -19 -20 -21 -22 -23 -24 -25 -26 -27 -28 -29 -30 -31
leaf_value=-0.066667875550065911 -0.066667875546777722 -0.06666787554674157 -0.066667875546751035 -0.066667875546778985 -0.0666678755473194 -0.066667875546765717 -0.066667875545894748 -0.066667875546768327 -0.066667875546790309 -0.066667875546745289 -0.066667875546783412 -0.066667875549449279 -0.066667875546750452 -0.066667875546765828 -0.066667875546746067 -0.066667875546743458 -0.066667875537869112 -0.066667875546748842 -0.066667875546760735 -0.066667875546739669 -0.066667875546782815 -0.066667875546776487 -0.066667875546781691 -0.066667875559356535 -0.066667875546769298 -0.066667875546786395 -0.066667875546784008 -0.066667875546785993 -0.066667875546762775 -0.066667875548889907
leaf_weight=0.20292711179399214 0.036113454591651384 0.0014434487729887415 0.0017702673630993751 0.0053380369718071244 0.10964763931152817 0.10158611397511785 0.071736683605666873 0.041070203592755594 0.15093571912237858 0.027616171889485952 0.10618880767229921 0.022713892197219865 0.01266422075121354 0.10003372563389024 0.056730262570593992 0.020208283590693599 0.1337515344613398 0.022632188134014353 0.08894912858078019 0.018655895285890622 0.022278134020683626 0.013644676265261058 0.033989133627790213 0.004820574205950833 0.048723205705100137 0.010322020470994175 0.025165031566660834 0.032463980079131649 0.012609750858052937 0.028732801305330222
leaf_count=7461 1329 53 65 196 4043 3745 2652 1514 5544 1023 3911 836 468 3696 2102 751 4941 838 3285 690 819 502 1250 178 1795 379 927 1193 465 1057
internal_value=-0.0666679 -0.0666679 -0.0666679 -0.0666679 -0.0666679 -0.0666679 -0.0666679 -0.0666679 -0.0666679 -0.0666679 -0.0666679 -0.0666679 -0.0666679 -0.0666679 -0.0666679 -0.0666679 -0.0666679 -0.0666679 -0.0666679 -0.0666679 -0.0666679 -0.0666679 -0.0666679 -0.0666679 -0.0666679 -0.0666679 -0.0666679 -0.0666679 -0.0666679 -0.0666679
internal_weight=1.56546 1.52935 1.52791 1.52613 1.5208 1.38242 1.28083 1.20909 1.16802 0.934566 0.90695 0.768297 0.745583 0.732919 0.60772 0.55099 0.530782 0.39703 0.374398 0.285449 0.233457 0.211179 0.197535 0.266793 0.261972 0.213249 0.125199 0.138653 0.163545 0.13838
internal_count=57708 56379 56326 56261 56065 50965 47220 44568 43054 34474 33451 28347 27511 27043 22420 20318 19567 14626 13788 10503 8580 7761 7259 9813 9635 7840 4623 5104 6009 5100
is_linear=0
shrinkage=0.1


Tree=90
num_leaves=12
num_cat=0
split_feature=0 1 2 1 2 2 2 2 1 2 0
split_gain=4.44089e-16 4.44089e-16 4.44089e-16 5.55112e-17 1.11022e-16 2.77556e-17 2.77556e-17 3.46945e-18 1.73472e-18 8.67362e-19 4.33681e-19
threshold=16.500000000000004 5.5000000000000009 8.5000000000000018 9.5000000000000018 12.500000000000002 16.500000000000004 12.500000000000002 15.500000000000002 10.500000000000002 5.5000000000000009 17.500000000000004
decision_type=2 2 2 2 2 2 2 2 2 2 2
left_child=1 2 -1 4 -3 6 -4 -8 9 -5 -2
right_child=10 3 5 8 -6 -7 7 -9 -10 -11 -12
leaf_value=0.066671452688072161 0.066671452692751695 0.066671452673010709 0.066671452684477661 0.066671452692761313 0.066671452629754921 0.066671452647386317 0.066671452676332885 0.066671452674740103 0.066671452682805374 0.066671452618503033 0.06667145269275114
leaf_weight=4.9676191378932755 0.0035519127995938806 0.78583476138651021 0.3632638090756099 0.010225203514062319 0.0038748139650240923 0.0026908430309107714 0.037133633818513846 0.0022603081455012863 0.0040900814058981915 0.0023679445961005382 0.0038748139631934464
leaf_count=46251 33 7356 3419 96 42 28 360 22 39 26 36
internal_value=0.0666715 0.0666715 0.0666715 0.0666715 0.0666715 0.0666715 0.0666715 0.0666715 0.0666715 0.0666715 0.0666715
internal_weight=6.18679 6.17936 5.37297 0.806393 0.78971 0.405349 0.402658 0.0393939 0.0166832 0.0125931 0.00742673
internal_count=57708 57639 50080 7559 7398 3829 3801 382 161 122 69
is_linear=0
shrinkage=0.1


Tree=91
num_leaves=3
num_cat=0
split_feature=5 4
split_gain=1.00098e-12 4.44089e-16
threshold=65.500000000000014 30.500000000000004
decision_type=2 2
left_child=-1 -2
right_child=1 -3
leaf_value=-0.066667657452259693 -0.066670389978871189 -0.066670389978817302
leaf_weight=0.0013409159105116633 4.5094999054635991 0.30604128548293363
leaf_count=194 53862 3652
internal_value=-0.0666704 -0.0666704
internal_weight=4.81688 4.81554
internal_count=57708 57514
is_linear=0
shrinkage=0.1


Tree=92
num_leaves=21
num_cat=0
split_feature=0 0 6 4 0 2 6 6 2 2 6 9 2 6 7 10 0 7 10 7
split_gain=2.22045e-16 1.11022e-16 2.22045e-16 1.11022e-16 5.55112e-17 5.55112e-17 1.11022e-16 5.55112e-17 2.77556e-17 2.77556e-17 2.08167e-17 1.38778e-17 6.93889e-18 6.93889e-18 6.93889e-18 6.93889e-18 1.73472e-18 8.67362e-19 8.67362e-19 2.1684e-19
threshold=16.500000000000004 14.500000000000002 1685.5000000000002 55.500000000000007 9.5000000000000018 7.5000000000000009 1164.5000000000002 625.50000000000011 13.500000000000002 7.5000000000000009 1379.5000000000002 15.80909090909091 13.500000000000002 1117.5000000000002 2925.5000000000005 0.76095238095238105 12.500000000000002 2420.5000000000005 0.9076704545454547 3502.5000000000005
decision_type=2 2 2 2 2 2 2 2 2 2 2 2 2 2 2 2 2 2 2 2
left_child=1 2 3 4 5 6 7 -1 9 11 12 -4 15 14 -9 -7 -6 -15 -17 -16
right_child=-2 -3 8 -5 16 10 -8 13 -10 -11 -12 -13 -14 17 19 18 -18 -19 -20 -21
leaf_value=-0.066667724898305955 -0.066667724896832883 -0.066667724909906786 -0.066667724896877487 -0.066667724896805669 -0.066667724901865552 -0.066667724897385344 -0.066667724896873767 -0.06666772489687435 -0.06666772489648691 -0.066667724896853908 -0.066667724896804351 -0.066667724896876224 -0.066667724896449773 -0.066667724896869007 -0.066667724896849662 -0.066667724896722444 -0.066667724896842057 -0.066667724896817077 -0.06666772489681122 -0.06666772489681129
leaf_weight=0.75274605845467968 0.0016446412537335356 0.0046478991971526931 0.19030167782329965 0.0010249213610223898 0.024288252765472973 0.09605659453060951 0.083709856533267235 0.095627546777791839 0.0012156047893600022 0.04245081354770941 0.0082947129227028821 0.040114945362802246 0.0039566746988621967 0.0075081448540004203 0.0023597026684001312 0.0091527873873787219 0.0018591596781334365 0.0010964275024889503 0.0010010859805333902 0.0010010859805333894
leaf_count=31684 69 195 7984 43 1019 4110 3516 4021 54 1788 352 1683 178 315 99 390 78 46 42 42
internal_value=-0.0666677 -0.0666677 -0.0666677 -0.0666677 -0.0666677 -0.0666677 -0.0666677 -0.0666677 -0.0666677 -0.0666677 -0.0666677 -0.0666677 -0.0666677 -0.0666677 -0.0666677 -0.0666677 -0.0666677 -0.0666677 -0.0666677 -0.0666677
internal_weight=1.37006 1.36841 1.36377 1.08968 1.08866 1.06251 0.944049 0.860339 0.274083 0.272867 0.118462 0.230417 0.110167 0.107593 0.0989883 0.10621 0.0261474 0.00860457 0.0101539 0.00336079
internal_count=57708 57639 57444 45935 45892 44795 39723 36207 11509 11455 5072 9667 4720 4523 4162 4542 1097 361 432 141
is_linear=0
shrinkage=0.1


Tree=93
num_leaves=31
num_cat=0
split_feature=10 7 7 8 7 7 8 7 7 7 7 7 1 7 7 7 7 7 7 8 8 8 8 4 8 8 8 8 8 2
split_gain=8.88178e-16 4.44089e-16 4.44089e-16 6.66134e-16 2.22045e-16 2.22045e-16 4.44089e-16 2.22045e-16 2.22045e-16 2.22045e-16 2.22045e-16 2.22045e-16 1.11022e-16 1.11022e-16 1.11022e-16 1.11022e-16 1.11022e-16 1.66533e-16 1.11022e-16 1.11022e-16 1.11022e-16 1.11022e-16 1.11022e-16 5.55112e-17 5.55112e-17 5.55112e-17 5.55112e-17 5.55112e-17 5.55112e-17 2.77556e-17
threshold=0.67928571428571438 1112.5000000000002 896.50000000000011 9589.5000000000018 641.50000000000011 319.50000000000006 6114.5000000000009 170.50000000000003 23.500000000000004 1.0000000180025095e-35 -114.49999999999999 -452.49999999999994 3.5000000000000004 -603.49999999999989 -1014.4999999999999 -1175.4999999999998 -1645.4999999999998 -2037.4999999999998 5533.0000000000009 11047.500000000002 10387.500000000002 8731.0000000000018 8558.5000000000018 27.500000000000004 -3646.4999999999995 4109.5000000000009 6316.5000000000009 5556.5000000000009 1746.5000000000002 8.5000000000000018
decision_type=2 2 2 2 2 2 2 2 2 2 2 2 2 2 2 2 2 2 2 2 2 2 2 2 2 2 2 2 2 2
left_child=1 2 3 4 5 6 7 8 9 10 11 13 25 14 15 16 17 24 19 20 21 22 26 29 -1 -2 27 -3 -16 -14
right_child=12 18 -4 -5 -6 -7 -8 -9 -10 -11 -12 -13 23 -15 28 -17 -18 -19 -20 -21 -22 -23 -24 -25 -26 -27 -28 -29 -30 -31
leaf_value=0.066670853073879141 0.066670853081429171 0.066670853076893757 0.066670853064544663 0.06667085303100144 0.066670853060758692 0.066670853047034642 0.066670853060383603 0.06667085307027526 0.066670853051284132 0.066670853026278898 0.066670853045837572 0.06667085304621978 0.066670852998824609 0.066670853043860723 0.06667085304167493 0.066670853058972399 0.066670853061559177 0.06667085306421848 0.066670853085580073 0.066670853084764822 0.066670853085581433 0.066670853084670967 0.066670853085578574 0.06667085296779339 0.066670853082742676 0.066670853084126513 0.066670853085362122 0.06667085308392888 0.066670853039836761 0.066670853006565028
leaf_weight=0.51960226424448941 0.40637492628040195 0.74709307828155203 0.1605152698938096 0.023738173726709166 0.19084738076623287 0.26253289750770825 0.06697556156170037 0.11577069641917948 0.11285052429040332 0.017144236583029104 0.091090531697634591 0.28240890802377761 0.26385168692895278 0.11916186412872432 0.24962844517917465 0.12509640753291917 0.3226319287421292 0.24228009047754606 0.015731250037788302 0.11360411704005557 0.030708907259395457 0.10192342838924262 0.014035666201380192 0.035795658842146805 0.2568809540843362 0.12763978324213288 0.20996979840891372 0.084308196311349115 0.065656774154164543 0.038715830968818421
leaf_count=5522 4319 7941 1709 259 2036 2799 716 1239 1204 184 982 3028 2802 1276 2666 1337 3448 2581 167 1208 326 1084 149 383 2733 1359 2230 899 699 423
internal_value=0.0666709 0.0666709 0.0666709 0.0666709 0.0666709 0.0666709 0.0666709 0.0666709 0.0666709 0.0666709 0.0666709 0.0666709 0.0666709 0.0666709 0.0666709 0.0666709 0.0666709 0.0666709 0.0666709 0.0666709 0.0666709 0.0666709 0.0666709 0.0666709 0.0666709 0.0666709 0.0666709 0.0666709 0.0666709 0.0666709
internal_weight=5.41457 4.54219 3.22481 3.0643 3.04056 2.84971 2.58718 2.5202 2.40443 2.29158 2.27444 2.18335 0.872378 1.90094 1.78178 1.46649 1.3414 1.01876 1.31737 1.30164 1.18804 1.15733 1.05541 0.338363 0.776483 0.534015 1.04137 0.831401 0.315285 0.302568
internal_count=57708 48422 34418 32709 32450 30414 27615 26899 25660 24456 24272 23290 9286 20262 18986 15621 14284 10836 14004 13837 12629 12303 11219 3608 8255 5678 11070 8840 3365 3225
is_linear=0
shrinkage=0.1


Tree=94
num_leaves=3
num_cat=0
split_feature=5 1
split_gain=1.14619e-12 2.22045e-16
threshold=65.500000000000014 8.5000000000000018
decision_type=2 2
left_child=-1 -2
right_child=1 -3
leaf_value=-0.066666801911384285 -0.066669927279444388 -0.066669927280052582
leaf_weight=0.0011735491910930254 4.1775003403963638 0.036963837279472389
leaf_count=194 57010 504
internal_value=-0.0666699 -0.0666699
internal_weight=4.21564 4.21446
internal_count=57708 57514
is_linear=0
shrinkage=0.1


Tree=95
num_leaves=31
num_cat=0
split_feature=0 0 2 4 4 10 4 6 6 6 6 6 5 6 6 6 6 6 6 6 6 6 6 6 8 5 5 6 6 6
split_gain=1.11022e-16 1.11022e-16 2.22045e-16 1.11022e-16 1.11022e-16 2.22045e-16 5.55112e-17 1.11022e-16 1.11022e-16 5.55112e-17 5.55112e-17 5.55112e-17 2.77556e-17 2.77556e-17 2.77556e-17 2.77556e-17 2.77556e-17 2.77556e-17 2.77556e-17 1.38778e-17 1.38778e-17 1.38778e-17 6.93889e-18 6.93889e-18 6.93889e-18 3.46945e-18 3.46945e-18 3.46945e-18 3.46945e-18 1.73472e-18
threshold=15.500000000000002 13.500000000000002 10.500000000000002 56.500000000000007 51.500000000000007 0.78416149068322993 34.500000000000007 978.50000000000011 225.50000000000003 207.50000000000003 -71.499999999999986 -408.49999999999994 108.50000000000001 -492.49999999999994 -740.49999999999989 -986.49999999999989 -1009.4999999999999 -1033.4999999999998 -1669.4999999999998 -1730.4999999999998 -1818.4999999999998 775.50000000000011 686.50000000000011 430.50000000000006 -6230.4999999999991 123.50000000000001 132.50000000000003 167.50000000000003 -831.49999999999989 -1149.4999999999998
decision_type=2 2 2 2 2 2 2 2 2 2 2 2 2 2 2 2 2 2 2 2 2 2 2 2 2 2 2 2 2 2
left_child=1 2 3 4 5 6 7 8 9 10 11 13 -9 14 15 16 17 18 19 20 -1 22 23 -10 -23 -7 -8 -12 -17 -4
right_child=-2 -3 29 -5 -6 25 26 12 21 -11 27 -13 -14 -15 -16 28 -18 -19 -20 -21 -22 24 -24 -25 -26 -27 -28 -29 -30 -31
leaf_value=-0.066667593882570139 -0.06666759388327563 -0.066667593879077072 -0.066667593889771434 -0.066667593883227697 -0.066667593883257867 -0.066667593881690843 -0.066667593881624118 -0.066667593875454526 -0.066667593883282014 -0.066667593883229556 -0.066667593884461335 -0.066667593882836801 -0.066667593883299889 -0.066667593883239951 -0.066667593883276102 -0.066667593883267151 -0.066667593883256313 -0.066667593883284387 -0.066667593882987 -0.066667593883292381 -0.066667593881041834 -0.066667593883254481 -0.066667593883268636 -0.066667593869865815 -0.066667593883282236 -0.066667593883298251 -0.066667593883296336 -0.066667593883278586 -0.066667593883261531 -0.066667593883036155
leaf_weight=0.21141808886458671 0.0030247284121288623 0.007196767603090958 0.0046101037520941404 0.0010221496013401712 0.0017522564594402148 0.018961918244616904 0.018273531906550677 0.0078642949385098193 0.043305767552158557 0.0043389210129932678 0.050752858552674557 0.070444884144313602 0.303807893753401 0.016771598564604029 0.052254792125439209 0.030810510436071303 0.0042554801010716839 0.0042346197769802521 0.11041302167036157 0.0086152609255805146 0.013454826386805507 0.0014602137162000864 0.017251382559675746 0.052339016453709718 0.037110289228139082 0.035837816634739283 0.017668585966021055 0.0085944008577769349 0.017084501119363327 0.02411439330300591
leaf_count=10153 145 345 224 49 84 910 878 385 2085 210 2450 3399 14568 813 2520 1485 205 204 5321 413 646 70 834 2520 1785 1718 847 414 823 1205
internal_value=-0.0666676 -0.0666676 -0.0666676 -0.0666676 -0.0666676 -0.0666676 -0.0666676 -0.0666676 -0.0666676 -0.0666676 -0.0666676 -0.0666676 -0.0666676 -0.0666676 -0.0666676 -0.0666676 -0.0666676 -0.0666676 -0.0666676 -0.0666676 -0.0666676 -0.0666676 -0.0666676 -0.0666676 -0.0666676 -0.0666676 -0.0666676 -0.0666676 -0.0666676 -0.0666676
internal_weight=1.19904 1.19602 1.18882 1.1601 1.15908 1.15732 1.10252 1.06658 0.75491 0.603444 0.599105 0.539758 0.311672 0.469313 0.452541 0.400286 0.352391 0.348136 0.343901 0.233488 0.224873 0.151467 0.112896 0.0956448 0.0385705 0.0547997 0.0359421 0.0593473 0.047895 0.0287245
internal_count=57708 57563 57218 55789 55740 55656 53028 51303 36350 29056 28846 25982 14953 22583 21770 19250 16942 16737 16533 11212 10799 7294 5439 4605 1855 2628 1725 2864 2308 1429
is_linear=0
shrinkage=0.1


Tree=96
num_leaves=15
num_cat=0
split_feature=10 4 4 10 10 10 10 10 2 10 4 7 10 1
split_gain=8.88178e-16 4.44089e-16 2.22045e-16 4.44089e-16 2.22045e-16 2.22045e-16 2.22045e-16 2.22045e-16 2.77556e-17 2.77556e-17 1.38778e-17 1.38778e-17 1.38778e-17 4.33681e-19
threshold=0.78759398496240618 33.500000000000007 25.500000000000004 0.7537878787878789 0.72111111111111115 0.6198686371100165 0.59729729729729741 0.56711711711711721 11.500000000000002 0.77097902097902116 56.500000000000007 3593.5000000000005 0.73798627002288331 3.5000000000000004
decision_type=2 2 2 2 2 2 2 2 2 2 2 2 2 2
left_child=1 2 3 4 5 6 7 -1 11 -4 -3 -2 -6 -10
right_child=8 10 9 -5 12 -7 -8 -9 13 -11 -12 -13 -14 -15
leaf_value=0.066670332239931171 0.066670332243076239 0.066670332239807784 0.06667033224011952 0.066670332236120677 0.066670332240705718 0.066670332235380561 0.066670332240646363 0.066670332240707939 0.066670332233989785 0.066670332243324137 0.066670332243321903 0.066670332243332256 0.066670332237291033 0.066670332036252986
leaf_weight=2.5776909987127525 0.20247574354328973 0.18104101499672776 0.36620409819319055 0.081204644707061457 0.080709997122314137 0.65186380427402646 0.2427895232470626 0.25837092097807257 0.0056884471927678426 0.0044518282375065601 0.0038747393919038578 0.009728069111588411 0.07056972169404524 0.0020610315946387172
leaf_count=31405 2457 2202 4458 990 983 7931 2961 3147 70 54 47 118 858 27
internal_value=0.0666703 0.0666703 0.0666703 0.0666703 0.0666703 0.0666703 0.0666703 0.0666703 0.0666703 0.0666703 0.0666703 0.0666703 0.0666703 0.0666703
internal_weight=4.73872 4.51877 4.33386 3.9632 3.88199 3.73072 3.07885 2.83606 0.219953 0.370656 0.184916 0.212204 0.15128 0.00774948
internal_count=57708 55036 52787 48275 47285 45444 37513 34552 2672 4512 2249 2575 1841 97
is_linear=0
shrinkage=0.1


Tree=97
num_leaves=5
num_cat=0
split_feature=5 2 4 4
split_gain=1.30762e-12 2.22045e-16 2.77556e-17 1.73472e-18
threshold=65.500000000000014 7.5000000000000009 33.500000000000007 42.500000000000007
decision_type=2 2 2 2
left_child=-1 -2 -3 -4
right_child=1 2 3 -5
leaf_value=-0.066665946910893129 -0.066669515697669088 -0.066669515696196224 -0.066669515695345641 -0.066669515695324574
leaf_weight=0.0010270722775106425 3.2445614072639732 0.43081952491775144 0.010590766032692045 0.0024390855105593809
leaf_count=194 50597 6714 165 38
internal_value=-0.0666695 -0.0666695 -0.0666695 -0.0666695
internal_weight=3.68944 3.68841 0.443849 0.0130299
internal_count=57708 57514 6917 203
is_linear=0
shrinkage=0.1


Tree=98
num_leaves=12
num_cat=0
split_feature=6 7 10 2 0 5 10 9 10 0 7
split_gain=1.11022e-16 1.11022e-16 5.55112e-17 1.38778e-17 6.93889e-18 6.93889e-18 3.46945e-18 8.67362e-19 8.67362e-19 4.33681e-19 2.1684e-19
threshold=2409.5000000000005 1354.5000000000002 0.76253132832080206 12.500000000000002 4.5000000000000009 170.50000000000003 0.91106719367588951 5.6530100334448177 0.72111111111111115 3.5000000000000004 2023.5000000000002
decision_type=2 2 2 2 2 2 2 2 2 2 2
left_child=1 2 -1 -3 9 -6 -4 -7 -9 -2 -5
right_child=4 3 6 10 5 7 -8 8 -10 -11 -12
leaf_value=-0.066667473723861406 -0.066667473717273273 -0.066667473717850131 -0.06666747372189924 -0.066667473716838149 -0.066667473717297421 -0.066667473717250819 -0.066667473737373292 -0.066667473717294742 -0.066667473717266904 -0.066667473717264433 -0.0666674737172539
leaf_weight=0.71499314605137232 0.0027567117194849102 0.16372311824593472 0.03928770750269639 0.0010406135457513002 0.10114028453407392 0.0013509713062376241 0.0045275795127963639 0.012341305446170736 0.0020082005903532272 0.0047649124379801899 0.0014422531512536807
leaf_count=39364 151 8982 2159 61 5542 74 248 676 110 262 79
internal_value=-0.0666675 -0.0666675 -0.0666675 -0.0666675 -0.0666675 -0.0666675 -0.0666675 -0.0666675 -0.0666675 -0.0666675 -0.0666675
internal_weight=1.04938 0.925014 0.758808 0.166206 0.124362 0.116841 0.0438153 0.0157005 0.0143495 0.00752162 0.00248287
internal_count=57708 50893 41771 9122 6815 6402 2407 860 786 413 140
is_linear=0
shrinkage=0.1


Tree=99
num_leaves=21
num_cat=0
split_feature=2 4 1 4 1 10 2 10 1 2 2 8 1 4 4 4 1 4 4 8
split_gain=4.44089e-16 6.66134e-16 2.22045e-16 4.44089e-16 5.55112e-17 5.55112e-17 2.77556e-17 2.77556e-17 6.93889e-18 6.93889e-18 6.93889e-18 6.93889e-18 3.46945e-18 3.46945e-18 3.46945e-18 3.46945e-18 1.73472e-18 1.73472e-18 8.67362e-19 8.67362e-19
threshold=7.5000000000000009 25.500000000000004 7.5000000000000009 18.500000000000004 5.5000000000000009 0.73431372549019625 12.500000000000002 0.60263157894736852 8.5000000000000018 14.500000000000002 12.500000000000002 4807.5000000000009 6.5000000000000009 17.500000000000004 16.500000000000004 15.500000000000002 10.500000000000002 17.500000000000004 13.500000000000002 8558.5000000000018
decision_type=2 2 2 2 2 2 2 2 2 2 2 2 2 2 2 2 2 2 2 2
left_child=1 2 3 -1 -5 6 -2 -3 13 10 11 -7 -6 14 15 -4 -10 18 -8 -13
right_child=5 7 8 4 12 9 17 -9 16 -11 -12 19 -14 -15 -16 -17 -18 -19 -20 -21
leaf_value=0.066669871808488906 0.066669871796245048 0.066669871808032716 0.066669871823924726 0.066669871808509737 0.066669871807750997 0.066669871790683441 0.066669871788684221 0.066669871812324213 0.066669871803827482 0.066669871754600082 0.066669871787962395 0.066669871806004921 0.066669871807775172 0.066669871723287602 0.066669871777025352 0.066669871810680556 0.066669871782639362 0.066669871697857791 0.066669871726573599 0.066669871810694517
leaf_weight=2.4790351147783252 0.39610871800970632 0.32208184198773393 0.036003326656101474 0.55758254079778069 0.041053890302465312 0.054762570726818685 0.013780831368878683 0.14639427852040132 0.028571779757405533 0.0021645284878113171 0.0053391702685993961 0.012915019972297589 0.02070732252514107 0.010461887693546799 0.0018037737395393124 0.0023088303860276929 0.0021645284873561396 0.0059163778692028898 0.0036075474804441463 0.0044733588729286558
leaf_count=34433 5570 4476 501 7740 571 765 196 2032 401 32 76 180 288 148 26 32 31 93 55 62
internal_value=0.0666699 0.0666699 0.0666699 0.0666699 0.0666699 0.0666699 0.0666699 0.0666699 0.0666699 0.0666699 0.0666699 0.0666699 0.0666699 0.0666699 0.0666699 0.0666699 0.0666699 0.0666699 0.0666699 0.0666699
internal_weight=4.14724 3.64817 3.17969 3.09838 0.619344 0.499068 0.419413 0.468476 0.0813141 0.0796546 0.0774901 0.0721509 0.0617612 0.0505778 0.0401159 0.0383122 0.0307363 0.0233048 0.0173884 0.0173884
internal_count=57708 50679 44171 43032 8599 7029 5914 6508 1139 1115 1083 1007 859 707 559 533 432 344 251 242
is_linear=0
shrinkage=0.1


Tree=100
num_leaves=6
num_cat=0
split_feature=5 0 0 5 5
split_gain=1.14264e-12 2.22045e-16 2.22045e-16 6.93889e-18 1.73472e-18
threshold=67.500000000000014 13.500000000000002 1.0000000180025095e-35 168.50000000000003 167.50000000000003
decision_type=2 2 2 2 2
left_child=-1 2 3 -2 -3
right_child=1 4 -4 -5 -6
leaf_value=-0.066666051353645131 -0.06666916432093184 -0.066669164320930882 -0.066669164319297827 -0.066669164320892357 -0.066669164320906291
leaf_weight=0.0011797510551801995 0.084149542781234099 0.025053869212570024 3.1144318764963828 0.0016290632447635281 0.0024716821644688016
leaf_count=199 1499 446 55491 29 44
internal_value=-0.0666692 -0.0666692 -0.0666692 -0.0666692 -0.0666692
internal_weight=3.22892 3.22774 3.20021 0.0857786 0.0275256
internal_count=57708 57509 57019 1528 490
is_linear=0
shrinkage=0.1


Tree=101
num_leaves=30
num_cat=0
split_feature=4 1 1 1 7 6 6 6 8 1 6 8 8 1 2 6 6 6 6 8 8 8 8 6 8 8 6 6 8
split_gain=1.11022e-16 5.55112e-17 1.11022e-16 5.55112e-17 1.11022e-16 5.55112e-17 5.55112e-17 5.55112e-17 5.55112e-17 2.77556e-17 2.77556e-17 2.77556e-17 2.77556e-17 6.93889e-18 6.93889e-18 6.93889e-18 6.93889e-18 3.46945e-18 3.46945e-18 1.73472e-18 1.73472e-18 8.67362e-19 8.67362e-19 4.33681e-19 4.33681e-19 4.33681e-19 2.1684e-19 2.1684e-19 2.1684e-19
threshold=28.500000000000004 9.5000000000000018 8.5000000000000018 6.5000000000000009 1893.5000000000002 1514.5000000000002 1331.5000000000002 928.50000000000011 3024.5000000000005 2.5000000000000004 865.50000000000011 2712.5000000000005 1684.5000000000002 7.5000000000000009 1.5000000000000002 3864.5000000000005 865.50000000000011 1211.5000000000002 1211.5000000000002 4256.5000000000009 2320.5000000000005 1746.5000000000002 2646.5000000000005 -492.49999999999994 822.50000000000011 54.500000000000007 -2834.4999999999995 -1554.4999999999998 5732.5000000000009
decision_type=2 2 2 2 2 2 2 2 2 2 2 2 2 2 2 2 2 2 2 2 2 2 2 2 2 2 2 2 2
left_child=1 2 3 4 5 6 7 8 10 -6 11 12 -1 -2 -5 -7 -10 19 -11 -9 -14 24 -22 27 -8 -12 -3 -4 -18
right_child=13 26 23 14 9 15 21 17 16 18 25 -13 20 -15 -16 -17 28 -19 -20 -21 22 -23 -24 -25 -26 -27 -28 -29 -30
leaf_value=-0.06666738009719031 -0.066667380099225265 -0.066667379949266678 -0.066667380095892556 -0.066667380105296992 -0.066667380105306442 -0.066667380105297394 -0.066667380105296964 -0.06666738010017928 -0.066667380105281171 -0.06666738010529473 -0.066667380105284738 -0.066667380105269444 -0.066667380099546411 -0.066667380086728636 -0.066667380090195308 -0.06666738010527247 -0.066667380105147139 -0.066667380105249183 -0.066667380105306137 -0.066667380105254595 -0.06666738010529033 -0.066667380105244853 -0.066667380105268334 -0.066667380104571225 -0.066667380105262242 -0.06666738010523901 -0.066667380105001089 -0.066667380104803928 -0.066667380105166957
leaf_weight=0.37670326519403324 0.074982635381761947 0.0011663610657706158 0.0032274647383019328 0.0063750417211849699 0.099236551833103967 0.075046544795575931 0.0064229743657052002 0.023662748879360193 0.084313524786419042 0.011887295969148406 0.0029398688639048478 0.0089154722651804685 0.021090363846985427 0.001645687730930461 0.036316971331523229 0.0018693731362873214 0.0015498224291031889 0.011999139575213758 0.033936312320292927 0.0080846398883060028 0.008931449557070148 0.0082923481427019247 0.0016776425582065721 0.0010864743000376783 0.0014539568837790284 0.0022847895169375576 0.0011344063047370448 0.0010385412710917502 0.001118428500279614
leaf_count=23679 4705 73 202 399 6213 4705 402 1483 5308 745 184 561 1324 106 2296 117 99 759 2125 510 562 524 105 74 91 144 74 68 71
internal_value=-0.0666674 -0.0666674 -0.0666674 -0.0666674 -0.0666674 -0.0666674 -0.0666674 -0.0666674 -0.0666674 -0.0666674 -0.0666674 -0.0666674 -0.0666674 -0.0666674 -0.0666674 -0.0666674 -0.0666674 -0.0666674 -0.0666674 -0.0666674 -0.0666674 -0.0666674 -0.0666674 -0.0666674 -0.0666674 -0.0666674 -0.0666674 -0.0666674 -0.0666674
internal_weight=0.91839 0.841762 0.839461 0.834109 0.791417 0.646356 0.56944 0.553271 0.509525 0.14506 0.422543 0.417318 0.408403 0.0766283 0.042692 0.0769159 0.0869818 0.0437465 0.0458236 0.0317474 0.0316995 0.0161693 0.0106091 0.00535248 0.00787693 0.00522466 0.00230077 0.00426601 0.00266825
internal_count=57708 52897 52750 52406 49711 40628 35806 34789 32037 9083 26559 26231 25670 4811 2695 4822 5478 2752 2870 1993 1991 1017 667 344 493 328 147 270 170
is_linear=0
shrinkage=0.1


Tree=102
num_leaves=31
num_cat=0
split_feature=4 8 2 1 8 8 8 8 8 8 10 8 8 8 8 8 1 8 8 8 8 2 2 8 8 8 8 10 6 6
split_gain=6.66134e-16 4.44089e-16 4.44089e-16 2.22045e-16 2.22045e-16 4.44089e-16 2.22045e-16 2.22045e-16 2.22045e-16 2.22045e-16 2.22045e-16 1.11022e-16 1.11022e-16 1.11022e-16 1.66533e-16 1.11022e-16 5.55112e-17 5.55112e-17 5.55112e-17 5.55112e-17 5.55112e-17 2.77556e-17 5.55112e-17 5.55112e-17 2.77556e-17 2.77556e-17 2.77556e-17 2.77556e-17 1.38778e-17 2.77556e-17
threshold=38.500000000000007 11810.500000000002 7.5000000000000009 8.5000000000000018 4647.5000000000009 3484.5000000000005 3350.0000000000005 2712.5000000000005 1225.5000000000002 711.50000000000011 0.69397993311036799 661.50000000000011 -1332.4999999999998 -1386.4999999999998 -1560.4999999999998 -1968.4999999999998 7.5000000000000009 -2023.4999999999998 -2084.4999999999995 -2202.4999999999995 -3323.4999999999995 16.500000000000004 14.500000000000002 5465.5000000000009 10701.000000000002 5208.5000000000009 2646.5000000000005 0.85960591133004927 1117.5000000000002 751.50000000000011
decision_type=2 2 2 2 2 2 2 2 2 2 2 2 2 2 2 2 2 2 2 2 2 2 2 2 2 2 2 2 2 2
left_child=1 2 3 4 5 6 7 8 9 10 11 12 13 14 15 17 21 18 19 20 -1 22 23 28 25 -6 27 -10 29 -4
right_child=-2 -3 16 -5 24 -7 -8 -9 26 -11 -12 -13 -14 -15 -16 -17 -18 -19 -20 -21 -22 -23 -24 -25 -26 -27 -28 -29 -30 -31
leaf_value=0.066669470497181998 0.066669470501527606 0.06666947050144216 0.066669470477327117 0.066669470503019426 0.066669470502594752 0.066669470502352349 0.066669470500567249 0.066669470502898967 0.066669470501802441 0.06666947050286709 0.066669470501060424 0.066669470503477796 0.066669470501923275 0.066669470497093056 0.066669470503480807 0.066669470501727904 0.066669470296164948 0.066669470497509153 0.066669470503477199 0.066669470525062544 0.066669470501682301 0.066669470353673599 0.066669470458335003 0.066669470487857235 0.066669470503480807 0.066669470503482889 0.066669470503477476 0.066669470503461961 0.0666694704929221 0.066669470489308838
leaf_weight=0.76942250656693589 0.071417005864663152 0.068007175054975888 0.18760382568361425 0.029425578075531145 0.078173521557411862 0.18406770221346569 0.023805668519864098 0.11883890756923543 0.28888841771186258 0.112713841663728 0.25864195824139313 0.01123981166165311 0.40008677915207114 0.010860941606162355 0.032835404854267947 0.079057551688623495 0.0068196626713142852 0.011618681718184032 0.011366101680323482 0.022163900670420844 0.19259227847474836 0.0013891902069331765 0.0046095856830248296 0.12426937838609953 0.029488719359505922 0.39983419911004603 0.011934406764339656 0.0031572504667565218 0.06567080971373665 0.019574952895970832
leaf_count=12217 1133 1079 3023 475 1239 2922 379 1883 4590 1791 4099 178 6355 173 520 1254 118 186 180 352 3061 25 76 1996 467 6334 189 50 1050 314
internal_value=0.0666695 0.0666695 0.0666695 0.0666695 0.0666695 0.0666695 0.0666695 0.0666695 0.0666695 0.0666695 0.0666695 0.0666695 0.0666695 0.0666695 0.0666695 0.0666695 0.0666695 0.0666695 0.0666695 0.0666695 0.0666695 0.0666695 0.0666695 0.0666695 0.0666695 0.0666695 0.0666695 0.0666695 0.0666695 0.0666695
internal_weight=3.62958 3.55816 3.49015 3.08021 3.05079 2.54329 2.35922 2.33542 2.21658 1.9126 1.79989 1.54124 1.53 1.12992 1.11906 1.08622 0.409937 1.00716 0.995545 0.984179 0.962015 0.403118 0.401729 0.397119 0.507496 0.478008 0.30398 0.292046 0.27285 0.207179
internal_count=57708 56575 55496 48894 48419 40379 37457 37078 35195 30366 28575 24476 24298 17943 17770 17250 6602 15996 15810 15630 15278 6484 6459 6383 8040 7573 4829 4640 4387 3337
is_linear=0
shrinkage=0.1


Tree=103
num_leaves=31
num_cat=0
split_feature=5 8 2 4 4 4 4 4 6 2 5 2 2 4 4 5 5 5 5 5 5 5 6 5 6 6 6 6 10 5
split_gain=1.30673e-12 8.88178e-16 2.22045e-16 1.11022e-16 1.11022e-16 1.11022e-16 1.11022e-16 1.11022e-16 1.11022e-16 5.55112e-17 1.11022e-16 5.55112e-17 5.55112e-17 1.11022e-16 5.55112e-17 5.55112e-17 5.55112e-17 5.55112e-17 5.55112e-17 1.11022e-16 5.55112e-17 1.11022e-16 3.46945e-18 1.73472e-18 1.73472e-18 8.67362e-19 8.67362e-19 8.67362e-19 8.67362e-19 4.33681e-19
threshold=67.500000000000014 1746.5000000000002 6.5000000000000009 59.500000000000007 49.500000000000007 44.500000000000007 35.500000000000007 28.500000000000004 -389.49999999999994 16.500000000000004 191.50000000000003 15.500000000000002 12.500000000000002 46.500000000000007 41.500000000000007 190.50000000000003 187.50000000000003 186.50000000000003 185.50000000000003 183.50000000000003 179.50000000000003 152.50000000000003 2493.5000000000005 182.50000000000003 2719.5000000000005 928.50000000000011 1947.5000000000002 1331.5000000000002 0.65108695652173931 162.50000000000003
decision_type=2 2 2 2 2 2 2 2 2 2 2 2 2 2 2 2 2 2 2 2 2 2 2 2 2 2 2 2 2 2
left_child=-1 2 3 4 5 6 7 8 -2 10 11 12 13 14 15 16 17 18 19 20 21 -3 -8 -22 27 -7 -12 -14 -6 -16
right_child=1 9 -4 -5 28 25 22 -9 -10 -11 26 -13 24 -15 29 -17 -18 -19 -20 -21 23 -23 -24 -25 -26 -27 -28 -29 -30 -31
leaf_value=-0.066665293701755959 -0.066668849879394879 -0.066668853906063016 -0.066668853494019284 -0.066668849627596935 -0.066668854012892645 -0.06666885366883625 -0.066668853327710428 -0.066668852416697719 -0.066668849777551761 -0.066668854560998775 -0.066668853710424844 -0.06666885432606838 -0.066668852960323002 -0.06666885431437504 -0.066668854403599043 -0.066668854336750002 -0.066668854432904226 -0.066668854200046479 -0.06666885416633142 -0.066668854232156058 -0.066668854249173501 -0.066668854109148842 -0.066668853895870489 -0.066668854561042698 -0.066668854561034066 -0.066668854226572954 -0.066668854561049803 -0.066668854005168227 -0.066668851888745467 -0.066668854560999649
leaf_weight=0.0010324984691977282 0.82087050535119221 0.70799277915648129 0.21729936137853645 0.0012290688573558519 0.0048671123549867126 0.0046212986235333311 0.037560342196229723 0.088787930541002313 0.5727952489942274 0.00113074326509388 0.0014257197872212793 0.0010324177674193571 0.0092425973452919807 0.0039330200670520945 0.0046212985726016278 0.001081580518075608 0.0037855318078073843 0.002015672787820332 0.0012290687736823394 0.0051620888443723026 0.0085543186542055283 0.30269505784235662 0.0043754848520620717 0.0030972532913438053 0.0022123237795312898 0.0029006023032707162 0.0046212985616875812 0.0034905553256976427 0.0011799060630437452 0.0010324177637812681
leaf_count=199 16714 14412 4424 25 99 94 764 1806 11668 23 29 21 188 80 94 22 77 41 25 105 174 6158 89 63 45 59 94 71 24 21
internal_value=-0.0666689 -0.0666689 -0.0666689 -0.0666689 -0.0666689 -0.0666689 -0.0666689 -0.0666688 -0.0666688 -0.0666689 -0.0666689 -0.0666689 -0.0666689 -0.0666689 -0.0666689 -0.0666689 -0.0666689 -0.0666689 -0.0666689 -0.0666689 -0.0666689 -0.0666689 -0.0666689 -0.0666689 -0.0666689 -0.0666689 -0.0666689 -0.0666689 -0.0666689 -0.0666689
internal_weight=2.82588 2.82484 1.75649 1.53919 1.53796 1.53191 1.52439 1.48245 1.39367 1.06836 1.06723 1.06118 1.06015 1.0452 1.04127 1.03561 1.03453 1.03075 1.02873 1.0275 1.02234 1.01069 0.0419358 0.0116516 0.0149455 0.0075219 0.00604702 0.0127332 0.00604702 0.00565372
internal_count=57708 57509 35766 31342 31317 31194 31041 30188 28382 21743 21720 21597 21576 21272 21192 21077 21055 20978 20937 20912 20807 20570 853 237 304 153 123 259 123 115
is_linear=0
shrinkage=0.1


Tree=104
num_leaves=19
num_cat=0
split_feature=0 2 6 8 2 8 10 10 10 6 6 7 8 8 10 10 10 10
split_gain=5.55112e-17 5.55112e-17 5.55112e-17 5.55112e-17 2.77556e-17 2.77556e-17 2.77556e-17 6.93889e-18 6.93889e-18 3.46945e-18 3.46945e-18 1.73472e-18 1.73472e-18 8.67362e-19 8.67362e-19 4.33681e-19 4.33681e-19 2.1684e-19
threshold=7.5000000000000009 8.5000000000000018 2293.5000000000005 2084.5000000000005 5.5000000000000009 -216.49999999999997 0.58898944193061853 0.53950103950103967 0.52086956521739147 3246.5000000000005 5008.5000000000009 755.50000000000011 3694.5000000000005 7778.0000000000009 0.57793522267206487 0.53229166666666672 0.5270467836257311 0.58722109533468569
decision_type=2 2 2 2 2 2 2 2 2 2 2 2 2 2 2 2 2 2
left_child=1 2 3 5 -2 -1 7 8 -5 -3 -6 -4 -8 -14 -9 16 -10 -16
right_child=4 9 11 6 10 -7 12 14 15 -11 -12 -13 13 -15 17 -17 -18 -19
leaf_value=-0.066667288901784513 -0.066667288901174515 -0.066667288904384711 -0.066667288902620719 -0.066667288902640551 -0.066667288903406188 -0.066667288898728055 -0.066667288888566878 -0.066667288902634778 -0.066667288902632738 -0.066667288902611394 -0.066667288902614627 -0.066667288902646824 -0.066667288902632349 -0.066667288902584429 -0.066667288902617097 -0.066667288902621968 -0.066667288902559893 -0.066667288902590036
leaf_weight=0.33761023764592352 0.10287419505129952 0.048018224086324723 0.0023631560361536677 0.10376911929500518 0.039838056620186302 0.093044026777283351 0.0086276172658350941 0.010417463127754004 0.0041250356844102498 0.0017758628200681406 0.0019436608818068626 0.032133328822965268 0.0088233815412361999 0.0010347547140554534 0.0020974757717340262 0.0024750214106461499 0.0016500144019058333 0.0011326369167363737
leaf_count=24232 7358 3520 169 7440 2850 6681 619 746 295 127 139 2298 633 74 150 177 119 81
internal_value=-0.0666673 -0.0666673 -0.0666673 -0.0666673 -0.0666673 -0.0666673 -0.0666673 -0.0666673 -0.0666673 -0.0666673 -0.0666673 -0.0666673 -0.0666673 -0.0666673 -0.0666673 -0.0666673 -0.0666673 -0.0666673
internal_weight=0.803753 0.659097 0.609303 0.574807 0.144656 0.430654 0.144153 0.125667 0.112019 0.0497941 0.0417817 0.0344965 0.0184858 0.00985814 0.0136476 0.00825007 0.00577505 0.00323011
internal_count=57708 47361 43714 41247 10347 30913 10334 9008 8031 3647 2989 2467 1326 707 977 591 414 231
is_linear=0
shrinkage=0.1


Tree=105
num_leaves=31
num_cat=0
split_feature=1 4 8 4 4 8 10 8 8 8 8 10 8 8 8 10 8 8 10 10 10 8 8 8 8 6 6 6 6 8
split_gain=4.44089e-16 2.22045e-16 4.44089e-16 2.22045e-16 2.22045e-16 2.22045e-16 2.22045e-16 2.22045e-16 3.33067e-16 1.11022e-16 1.11022e-16 2.22045e-16 1.11022e-16 1.11022e-16 1.11022e-16 2.22045e-16 1.11022e-16 5.55112e-17 5.55112e-17 1.11022e-16 5.55112e-17 2.77556e-17 2.77556e-17 2.77556e-17 2.77556e-17 1.38778e-17 1.38778e-17 1.38778e-17 1.38778e-17 1.38778e-17
threshold=7.5000000000000009 34.500000000000007 12952.500000000002 27.500000000000004 19.500000000000004 11047.500000000002 0.81365740740740755 9141.5000000000018 7778.0000000000009 6009.5000000000009 5643.5000000000009 0.6708333333333335 4330.5000000000009 4043.5000000000005 2520.5000000000005 0.60791925465838526 494.50000000000006 5732.5000000000009 0.58898944193061853 0.54919354838709689 0.53950103950103967 546.50000000000011 -1332.4999999999998 -1501.4999999999998 2140.5000000000005 1331.5000000000002 844.50000000000011 3753.5000000000005 1117.5000000000002 2390.5000000000005
decision_type=2 2 2 2 2 2 2 2 2 2 2 2 2 2 2 2 2 2 2 2 2 2 2 2 2 2 2 2 2 2
left_child=1 2 3 4 5 6 7 8 9 10 11 12 13 14 15 16 18 21 19 20 -1 22 23 -6 -13 26 -2 28 -5 -17
right_child=25 -3 -4 27 17 -7 -8 -9 -10 -11 -12 24 -14 -15 -16 29 -18 -19 -20 -21 -22 -23 -24 -25 -26 -27 -28 -29 -30 -31
leaf_value=0.066669126508921678 0.066669126429524508 0.066669126512313034 0.066669126513587487 0.066669126503751952 0.06666912650690833 0.066669126513558302 0.066669126515898722 0.066669126515582697 0.066669126515975438 0.066669126512417742 0.066669126511783888 0.066669126513205959 0.066669126516337385 0.066669126510965654 0.066669126514781948 0.066669126504844203 0.066669126515774932 0.066669126510784327 0.06666912649271424 0.066669126516716096 0.066669126456833039 0.066669126513108815 0.066669126509797921 0.066669126506190488 0.066669126510756918 0.066669126488251906 0.066669126473303295 0.06666912651814344 0.066669126514172436 0.066669126518129687
leaf_weight=0.62729201778228172 0.071565789678183972 0.11052630055319879 0.034760521344021078 0.11085788037519745 0.21607891818256955 0.034539468744066659 0.07046051623665972 0.061784201688448781 0.072947357986146932 0.1382684012774319 0.037357889394079691 0.19292365661737076 0.13124998122471909 0.033102626844957128 0.18828155201593055 0.20043993377804126 0.23365259815598061 0.075323673438628225 0.040949995711850207 0.11063682627837523 0.020281579095528857 0.1572236617235232 0.066426306290462644 0.0066315779992268389 0.053605255491917969 0.0026526312000473137 0.0017684208002296383 0.011715787797584198 0.059794728289453147 0.0034263152992934911
leaf_count=11392 1318 2002 631 2017 3927 627 1277 1120 1322 2513 680 3497 2382 602 3418 3638 4247 1370 747 2009 371 2855 1209 121 975 49 33 212 1085 62
internal_value=0.0666691 0.0666691 0.0666691 0.0666691 0.0666691 0.0666691 0.0666691 0.0666691 0.0666691 0.0666691 0.0666691 0.0666691 0.0666691 0.0666691 0.0666691 0.0666691 0.0666691 0.0666691 0.0666691 0.0666691 0.0666691 0.0666691 0.0666691 0.0666691 0.0666691 0.0666691 0.0666691 0.0666691 0.0666691 0.0666691
internal_weight=3.17653 3.10054 2.99001 2.95525 2.77288 2.2512 2.21666 2.1462 2.08442 2.01147 1.8732 1.83584 1.58931 1.45806 1.42496 1.23668 1.03281 0.521684 0.79916 0.75821 0.647574 0.44636 0.289137 0.22271 0.246529 0.0759868 0.0733342 0.182368 0.170653 0.203866
internal_count=57708 56308 54306 53675 50361 40879 40252 38975 37855 36533 34020 33340 28868 26486 25884 22466 18766 9482 14519 13772 11763 8112 5257 4048 4472 1400 1351 3314 3102 3700
is_linear=0
shrinkage=0.1


Tree=106
num_leaves=5
num_cat=0
split_feature=5 0 4 5
split_gain=1.08269e-12 2.22045e-16 8.67362e-19 2.1684e-19
threshold=68.500000000000014 14.500000000000002 28.500000000000004 143.50000000000003
decision_type=2 2 2 2
left_child=-1 -2 -3 -4
right_child=1 2 3 -5
leaf_value=-0.066665632515976084 -0.066668578969231965 -0.066668578969225484 -0.066668578969174552 -0.066668578969172401
leaf_weight=0.0012478346653635999 2.4605345560230494 0.0090785106986003283 0.0011617051604844173 0.001118679043429438
leaf_count=207 57237 211 27 26
internal_value=-0.0666686 -0.0666686 -0.0666686 -0.0666686
internal_weight=2.47314 2.47189 0.0113589 0.00228038
internal_count=57708 57501 264 53
is_linear=0
shrinkage=0.1


Tree=107
num_leaves=18
num_cat=0
split_feature=6 2 4 4 4 4 4 4 4 4 4 4 4 2 10 10 10
split_gain=1.66533e-16 5.55112e-17 5.55112e-17 5.55112e-17 5.55112e-17 5.55112e-17 2.77556e-17 2.77556e-17 2.77556e-17 2.77556e-17 2.77556e-17 3.46945e-18 1.73472e-18 4.33681e-19 4.33681e-19 4.33681e-19 4.33681e-19
threshold=2537.5000000000005 11.500000000000002 40.500000000000007 36.500000000000007 29.500000000000004 25.500000000000004 24.500000000000004 23.500000000000004 21.500000000000004 18.500000000000004 16.500000000000004 20.500000000000004 35.500000000000007 14.500000000000002 0.6478537360890303 0.31909090909090915 0.64051282051282066
decision_type=2 2 2 2 2 2 2 2 2 2 2 2 2 2 2 2 2
left_child=1 2 3 4 5 6 7 8 9 10 -1 -11 -6 -3 15 -4 -5
right_child=-2 13 14 16 12 -7 -8 -9 -10 11 -12 -13 -14 -15 -16 -17 -18
leaf_value=-0.066667206724153577 -0.066667206717115901 -0.066667206725587763 -0.066667206717050981 -0.066667206717103772 -0.066667206723496367 -0.06666720672818513 -0.066667206717057143 -0.066667206724676437 -0.066667206732165071 -0.066667206721127137 -0.066667206715172914 -0.066667206722756597 -0.06666720671709149 -0.066667206716730432 -0.066667206717076821 -0.06666720675406472 -0.066667206792102932
leaf_weight=0.3999169843932589 0.075237600890334821 0.0068531367943904659 0.0010524452936806613 0.0050174717489426387 0.023655544790114891 0.03006811846538604 0.010218510561723737 0.01196850655047621 0.028110082092922928 0.037459712274573315 0.045855258171796309 0.016068147845155173 0.0025332113464173736 0.0012482498380978063 0.0016276188844130957 0.0049195699893000849 0.0016153812774912651
leaf_count=32789 6149 594 86 410 1941 2466 841 984 2313 3074 3760 1317 207 108 133 403 133
internal_value=-0.0666672 -0.0666672 -0.0666672 -0.0666672 -0.0666672 -0.0666672 -0.0666672 -0.0666672 -0.0666672 -0.0666672 -0.0666672 -0.0666672 -0.0666672 -0.0666672 -0.0666672 -0.0666672 -0.0666672
internal_weight=0.703426 0.628188 0.620087 0.612487 0.605854 0.579665 0.549597 0.539379 0.52741 0.4993 0.445772 0.0535279 0.0261888 0.00810139 0.00759963 0.00597202 0.00663285
internal_count=57708 51559 50857 50235 49692 47544 45078 44237 43253 40940 36549 4391 2148 702 622 489 543
is_linear=0
shrinkage=0.1


Tree=108
num_leaves=31
num_cat=0
split_feature=10 1 1 1 7 7 7 7 8 7 7 8 7 8 10 5 8 10 4 7 7 7 7 7 7 7 7 8 6 6
split_gain=4.44089e-16 2.22045e-16 2.22045e-16 2.22045e-16 2.22045e-16 2.22045e-16 2.22045e-16 2.22045e-16 2.22045e-16 1.11022e-16 2.22045e-16 1.11022e-16 5.55112e-17 5.55112e-17 5.55112e-17 2.77556e-17 2.77556e-17 2.77556e-17 2.08167e-17 1.38778e-17 1.38778e-17 1.38778e-17 1.38778e-17 1.38778e-17 1.38778e-17 1.38778e-17 2.77556e-17 1.38778e-17 6.93889e-18 6.93889e-18
threshold=0.73993558776167478 8.5000000000000018 6.5000000000000009 5.5000000000000009 1862.5000000000002 1805.5000000000002 1304.5000000000002 1185.5000000000002 12319.000000000002 992.50000000000011 -582.49999999999989 6511.5000000000009 -1057.4999999999998 4043.5000000000005 0.40824915824915831 153.50000000000003 3762.5000000000005 0.42365967365967366 21.500000000000004 2766.5000000000005 150.50000000000003 -232.49999999999997 -710.49999999999989 -1199.4999999999998 1722.5000000000002 -624.49999999999989 -668.49999999999989 3909.5000000000005 1305.5000000000002 225.50000000000003
decision_type=2 2 2 2 2 2 2 2 2 2 2 2 2 2 2 2 2 2 2 2 2 2 2 2 2 2 2 2 2 2
left_child=1 2 3 4 5 6 7 8 9 10 12 13 -1 16 -6 27 17 -12 28 20 21 22 23 -5 -8 26 -14 -2 29 -4
right_child=15 -3 18 19 14 -7 24 -9 -10 -11 11 -13 25 -15 -16 -17 -18 -19 -20 -21 -22 -23 -24 -25 -26 -27 -28 -29 -30 -31
leaf_value=0.066668815420746638 0.066668815412685295 0.066668815320597152 0.066668815409793344 0.066668815415756741 0.066668815426055503 0.066668815421337041 0.06666881542254488 0.066668815422280578 0.066668815394300182 0.066668815415438773 0.066668815414263394 0.06666881541033845 0.066668815422364913 0.066668815416918881 0.066668815425574332 0.066668815426054392 0.066668815411650789 0.066668815413912882 0.066668815362382255 0.066668815426017144 0.066668815407610577 0.066668815401197845 0.066668815377031024 0.066668815363558898 0.066668815426054226 0.066668815420965963 0.066668815426052686 0.066668815413545385 0.066668815387443556 0.066668815390502886
leaf_weight=0.5703210703167555 0.17677438136114598 0.022489769292862838 0.094021730318197189 0.10413003172082567 0.081688626512914253 0.019200938263335687 0.15471990303238237 0.047978163116107031 0.0028535399439958411 0.077045578475686161 0.13871106030773678 0.05184736982366267 0.14717494996191788 0.089185214505705157 0.37569997084346435 0.031824225130549166 0.012574921785465709 0.38102013009316066 0.022973419242574483 0.0016927779324760186 0.029454336029157008 0.010930508937453953 0.016685953911969725 0.020217028437843024 0.029454336025082739 0.017798350833569787 0.017508160330180544 0.021715922621515227 0.0046914131285059188 0.0076416832400717357
leaf_count=11825 3663 480 1954 2160 1690 398 3208 995 60 1596 2882 1081 3053 1857 7772 658 263 7927 483 35 615 229 348 423 609 369 363 452 99 161
internal_value=0.0666688 0.0666688 0.0666688 0.0666688 0.0666688 0.0666688 0.0666688 0.0666688 0.0666688 0.0666688 0.0666688 0.0666688 0.0666688 0.0666688 0.0666688 0.0666688 0.0666688 0.0666688 0.0666688 0.0666688 0.0666688 0.0666688 0.0666688 0.0666688 0.0666688 0.0666688 0.0666688 0.0666688 0.0666688 0.0666688
internal_weight=2.78003 2.54971 2.52722 2.39789 2.21478 1.75739 1.73819 1.55402 1.50604 1.50319 1.42614 0.673339 0.752803 0.621491 0.457389 0.230315 0.532306 0.519731 0.129328 0.183111 0.181418 0.151964 0.141033 0.124347 0.184174 0.182481 0.164683 0.19849 0.106355 0.101663
internal_count=57708 52935 52455 49758 45948 36486 36088 32271 31276 31216 29620 14010 15610 12929 9462 4773 11072 10809 2697 3810 3775 3160 2931 2583 3817 3785 3416 4115 2214 2115
is_linear=0
shrinkage=0.1


Tree=109
num_leaves=9
num_cat=0
split_feature=5 5 9 9 9 9 9 9
split_gain=1.24067e-12 1.11022e-16 1.11022e-16 1.11022e-16 1.11022e-16 1.11022e-16 5.55112e-17 1.38778e-17
threshold=68.500000000000014 88.500000000000014 2.5812316715542525 8.6742424242424256 74.750000000000014 67.750000000000014 7.5811403508771935 8.2366946778711494
decision_type=2 2 2 2 2 2 2 2
left_child=-1 -2 -3 6 5 -5 -4 -8
right_child=1 2 3 4 -6 -7 7 -9
leaf_value=-0.066664970066723492 -0.06666834127936748 -0.066668341279363511 -0.066668341279370505 -0.066668341279370588 -0.066668341279351159 -0.066668341279357932 -0.066668341279370047 -0.066668341279369714
leaf_weight=0.0010920824602099746 0.028241589461686423 0.012501610268373375 0.77532576935482245 1.1469850866706104 0.0038032007141738369 0.0058365951554152353 0.11665659220307134 0.073992964389617555
leaf_count=207 750 332 20590 30460 151 155 3098 1965
internal_value=-0.0666683 -0.0666683 -0.0666683 -0.0666683 -0.0666683 -0.0666683 -0.0666683 -0.0666683
internal_weight=2.16444 2.16334 2.1351 2.1226 1.15662 1.15282 0.965975 0.19065
internal_count=57708 57501 56751 56419 30766 30615 25653 5063
is_linear=0
shrinkage=0.1


Tree=110
num_leaves=16
num_cat=0
split_feature=6 0 1 8 10 2 8 6 6 10 1 6 9 5 7
split_gain=1.11022e-16 2.77556e-17 2.77556e-17 2.08167e-17 1.38778e-17 1.38778e-17 1.38778e-17 1.38778e-17 1.73472e-18 1.73472e-18 8.67362e-19 8.67362e-19 8.67362e-19 2.1684e-19 2.1684e-19
threshold=775.50000000000011 7.5000000000000009 7.5000000000000009 13716.000000000002 0.84292763157894746 11.500000000000002 8938.5000000000018 2537.5000000000005 -428.49999999999994 0.60791925465838526 3.5000000000000004 3646.5000000000005 22.732142857142861 151.50000000000003 467.50000000000006
decision_type=2 2 2 2 2 2 2 2 2 2 2 2 2 2 2
left_child=2 3 -1 4 5 6 7 -2 -4 -9 11 12 -8 -5 -6
right_child=1 -3 8 13 14 -7 10 9 -10 -11 -12 -13 -14 -15 -16
leaf_value=-0.066667142212681524 -0.066667142211993352 -0.06666714221182278 -0.06666714221189815 -0.066667142211879235 -0.066667142211944613 -0.066667142211661506 -0.066667142211975436 -0.066667142211988079 -0.066667142219898362 -0.06666714221199159 -0.066667142211879193 -0.066667142211954605 -0.066667142211958338 -0.066667142211946445 -0.0666671422119373
leaf_weight=0.38576995422705118 0.09451723224775159 0.085113703429572529 0.011995390389580474 0.0010495965697308032 0.0011781184548454024 0.0028810370526050752 0.0092214548355318143 0.0088894393783382902 0.0018100200310709478 0.0061047956296533821 0.0010388864019595665 0.0013923218102718246 0.0015101336557563636 0.0011888286226167111 0.0019599608302931365
leaf_count=36183 8842 7949 1131 99 110 284 864 831 181 570 98 130 141 111 184
internal_value=-0.0666671 -0.0666671 -0.0666671 -0.0666671 -0.0666671 -0.0666671 -0.0666671 -0.0666671 -0.0666671 -0.0666671 -0.0666671 -0.0666671 -0.0666671 -0.0666671 -0.0666671
internal_weight=0.615621 0.216046 0.399575 0.130932 0.128693 0.125555 0.122674 0.109511 0.0138054 0.0149942 0.0131628 0.0121239 0.0107316 0.00223843 0.00313808
internal_count=57708 20213 37495 12264 12054 11760 11476 10243 1312 1401 1233 1135 1005 210 294
is_linear=0
shrinkage=0.1


Tree=111
num_leaves=31
num_cat=0
split_feature=2 4 6 6 6 8 6 6 6 6 6 6 6 6 8 8 4 6 6 8 6 6 8 8 8 8 8 8 8 8
split_gain=4.44089e-16 2.22045e-16 2.22045e-16 2.22045e-16 1.11022e-16 2.22045e-16 1.11022e-16 2.22045e-16 1.11022e-16 2.22045e-16 1.11022e-16 1.11022e-16 5.55112e-17 5.55112e-17 2.77556e-17 2.77556e-17 1.38778e-17 1.38778e-17 1.38778e-17 1.38778e-17 6.93889e-18 6.93889e-18 1.04083e-17 6.93889e-18 6.93889e-18 1.38778e-17 6.93889e-18 1.38778e-17 6.93889e-18 6.93889e-18
threshold=16.500000000000004 33.500000000000007 1140.5000000000002 751.50000000000011 731.50000000000011 8215.5000000000018 368.50000000000006 84.500000000000014 1.0000000180025095e-35 -169.49999999999997 -637.49999999999989 -762.49999999999989 -785.49999999999989 3646.5000000000005 6114.5000000000009 6978.5000000000009 59.500000000000007 266.50000000000006 -533.49999999999989 4109.5000000000009 105.50000000000001 -15.499999999999998 3843.5000000000005 4495.5000000000009 2959.5000000000005 1341.5000000000002 3484.5000000000005 2712.5000000000005 3419.5000000000005 1225.5000000000002
decision_type=2 2 2 2 2 2 2 2 2 2 2 2 2 2 2 2 2 2 2 2 2 2 2 2 2 2 2 2 2 2
left_child=1 2 3 4 5 6 7 8 9 10 11 12 -1 -4 23 19 -3 20 -12 26 -9 22 28 24 25 -5 27 -8 -11 -15
right_child=-2 16 13 14 -6 -7 15 17 -10 21 18 -13 -14 29 -16 -17 -18 -19 -20 -21 -22 -23 -24 -25 -26 -27 -28 -29 -30 -31
leaf_value=0.066668544606502012 0.066668544332893945 0.066668544611604291 0.066668544610805555 0.066668544613593714 0.066668544580385472 0.066668544604822799 0.066668544631241319 0.066668544603709065 0.066668544587014503 0.066668544583125475 0.066668544601388616 0.066668544594170515 0.066668544614973776 0.066668544614972375 0.066668544598351712 0.066668544596167931 0.066668544614922776 0.066668544612649594 0.066668544592486514 0.066668544609920125 0.066668544600703775 0.066668544609435318 0.066668544594348969 0.066668544608578684 0.066668544604577204 0.066668544605925847 0.06666854458534581 0.066668544601948612 0.066668544558104434 0.06666854461498016
leaf_weight=0.82162925062184899 0.0011005285655841792 0.099851803965308572 0.57274046368746079 0.074624302193890907 0.0089735405950336355 0.030560831643524078 0.10306910331545392 0.0091851807018003689 0.03712167500685648 0.055322724327681566 0.04567193537979497 0.054857116084725321 0.0091428526793606579 0.0076613719211309208 0.02488887674136317 0.0055026428170577837 0.0011428565849200814 0.044402094726004288 0.15779886479028415 0.025396813000551743 0.072465573096024929 0.0078730125068020851 0.010031741135850293 0.016169304276311885 0.019894170183493973 0.022857131699953445 0.0069841235760634132 0.0098624290499713663 0.0018201049323152895 0.074412662084796466
leaf_count=19471 29 2365 13559 1767 215 725 2446 219 884 1319 1087 1305 216 181 592 131 27 1053 3759 604 1724 187 239 383 473 542 168 236 44 1758
internal_value=0.0666685 0.0666685 0.0666685 0.0666685 0.0666685 0.0666685 0.0666685 0.0666685 0.0666685 0.0666685 0.0666685 0.0666685 0.0666685 0.0666685 0.0666685 0.0666685 0.0666685 0.0666685 0.0666685 0.0666685 0.0666685 0.0666685 0.0666685 0.0666685 0.0666685 0.0666685 0.0666685 0.0666685 0.0666685 0.0666685
internal_weight=2.43302 2.43191 2.33092 1.67611 1.51767 1.5087 1.47814 1.32732 1.20127 1.16415 1.0891 0.885629 0.830772 0.654814 0.158434 0.150815 0.100995 0.126053 0.203471 0.145312 0.0816508 0.0750476 0.0671746 0.133545 0.117376 0.0974814 0.119916 0.112932 0.0571428 0.082074
internal_count=57708 57679 55287 39789 36032 35817 35092 31507 28511 27627 25838 20992 19687 15498 3757 3585 2392 2996 4846 3454 1943 1789 1602 3165 2782 2309 2850 2682 1363 1939
is_linear=0
shrinkage=0.1


Tree=112
num_leaves=14
num_cat=0
split_feature=5 0 0 4 4 5 5 5 0 4 4 4 5
split_gain=1.24434e-12 1.11022e-16 1.11022e-16 1.11022e-16 1.11022e-16 1.11022e-16 1.11022e-16 1.11022e-16 3.46945e-18 3.46945e-18 8.67362e-19 2.1684e-19 2.1684e-19
threshold=69.500000000000014 17.500000000000004 11.500000000000002 54.500000000000007 52.500000000000007 200.50000000000003 195.50000000000003 190.50000000000003 16.500000000000004 25.500000000000004 42.500000000000007 58.500000000000007 192.50000000000003
decision_type=2 2 2 2 2 2 2 2 2 2 2 2 2
left_child=-1 2 3 4 5 6 7 -2 9 -4 -11 -5 -9
right_child=1 -3 8 11 -6 -7 -8 12 -10 10 -12 -13 -14
leaf_value=-0.066664744087422748 -0.06666812751945439 -0.066668127517905254 -0.066668127517965622 -0.06666812751791773 -0.066668127517899578 -0.06666812751790159 -0.066668127517903478 -0.066668127517903478 -0.066668127517906392 -0.066668127517960321 -0.066668127517922657 -0.066668127517902381 -0.0666681275179246
leaf_weight=0.0010875919293821248 1.8352398234310368 0.0011863857071149333 0.036514315652311891 0.0014829821338936391 0.0010875202315220314 0.0011204753900529987 0.001153430548583966 0.001153430548583966 0.0010875202315219204 0.0090956237545469776 0.0014829821338935298 0.0010216099144599866 0.0015488924509554636
leaf_count=211 55739 36 1108 45 33 34 35 35 33 276 45 31 47
internal_value=-0.0666681 -0.0666681 -0.0666681 -0.0666681 -0.0666681 -0.0666681 -0.0666681 -0.0666681 -0.0666681 -0.0666681 -0.0666681 -0.0666681 -0.0666681
internal_weight=1.89426 1.89317 1.89199 1.84381 1.8413 1.84022 1.8391 1.83794 0.0481804 0.0470929 0.0105786 0.00250459 0.00270232
internal_count=57708 57497 57461 55999 55923 55890 55856 55821 1462 1429 321 76 82
is_linear=0
shrinkage=0.1


Tree=113
num_leaves=29
num_cat=0
split_feature=1 6 6 6 7 6 6 6 10 10 10 6 10 10 1 10 10 10 6 6 6 7 6 10 10 6 7 7
split_gain=5.55112e-17 5.55112e-17 2.77556e-17 2.77556e-17 5.55112e-17 1.38778e-17 1.38778e-17 1.38778e-17 1.38778e-17 1.38778e-17 1.38778e-17 6.93889e-18 1.38778e-17 6.93889e-18 3.46945e-18 3.46945e-18 3.46945e-18 1.73472e-18 8.67362e-19 8.67362e-19 8.67362e-19 1.73472e-18 8.67362e-19 8.67362e-19 8.67362e-19 4.33681e-19 4.33681e-19 2.1684e-19
threshold=5.5000000000000009 1891.5000000000002 1542.5000000000002 1435.5000000000002 -1.0000000180025095e-35 686.50000000000011 3646.5000000000005 1331.5000000000002 0.60791925465838526 0.53950103950103967 0.69098143236074283 1185.5000000000002 0.62115563839701782 0.61414392059553358 9.5000000000000018 0.84292763157894746 0.9076704545454547 0.59729729729729741 1305.5000000000002 1164.5000000000002 1211.5000000000002 1354.5000000000002 1068.5000000000002 0.76568627450980398 0.63060428849902539 1514.5000000000002 2630.5000000000005 1722.5000000000002
decision_type=2 2 2 2 2 2 2 2 2 2 2 2 2 2 2 2 2 2 2 2 2 2 2 2 2 2 2 2
left_child=1 2 3 4 5 8 -3 10 9 -1 11 12 13 -6 15 -2 -10 -11 19 23 21 -12 -14 -7 -13 -5 -9 -23
right_child=14 6 -4 25 7 18 -8 26 16 17 20 24 22 -15 -16 -17 -18 -19 -20 -21 -22 27 -24 -25 -26 -27 -28 -29
leaf_value=-0.066667080663962375 -0.06666708066766304 -0.066667080663975142 -0.066667080663971076 -0.066667080663951966 -0.066667080663966913 -0.066667080663943376 -0.066667080663977224 -0.066667080663941489 -0.066667080669189485 -0.066667080663955408 -0.066667080663967579 -0.066667080663956088 -0.066667080663950148 -0.066667080663914732 -0.066667080695044512 -0.066667080704350734 -0.066667080663928277 -0.066667080672365653 -0.066667080663904019 -0.066667080663951717 -0.066667080663830827 -0.066667080663869949 -0.066667080663915815 -0.066667080663867451 -0.066667080663882855 -0.066667080663946665 -0.066667080663914677 -0.066667080663940351
leaf_weight=0.11808452513094794 0.067656662478151788 0.072389804627487397 0.024267409705933107 0.0061769885694823445 0.097707023068746651 0.0089327318432539243 0.020049435511282354 0.0058395507928048753 0.043473252141052882 0.021680386536950619 0.00932640888631113 0.0071330626331337077 0.010947985997029355 0.0018184155041058294 0.0014528583137669434 0.0011247930160607203 0.0012747654182021497 0.0053708875477878606 0.0015653370754921689 0.0023151989580583185 0.0011529130977442218 0.0010873000436663486 0.0010310602647223286 0.001059180218264886 0.0012185258955401124 0.001968387778106262 0.001012313714454649 0.0016590696986895637
leaf_count=12651 7279 7729 2592 661 10460 960 2139 626 4651 2326 996 765 1174 195 161 120 136 580 168 247 125 117 110 114 131 210 108 177
internal_value=-0.0666671 -0.0666671 -0.0666671 -0.0666671 -0.0666671 -0.0666671 -0.0666671 -0.0666671 -0.0666671 -0.0666671 -0.0666671 -0.0666671 -0.0666671 -0.0666671 -0.0666671 -0.0666671 -0.0666671 -0.0666671 -0.0666671 -0.0666671 -0.0666671 -0.0666671 -0.0666671 -0.0666671 -0.0666671 -0.0666671 -0.0666671 -0.0666671
internal_weight=0.538776 0.468542 0.376103 0.351835 0.34369 0.203756 0.0924392 0.139934 0.189884 0.145136 0.133082 0.119856 0.111504 0.0995254 0.0702343 0.0687815 0.044748 0.0270513 0.0138724 0.0123071 0.0132257 0.0120728 0.011979 0.00999191 0.00835159 0.00814538 0.00685186 0.00274637
internal_count=57708 50148 40280 37688 36817 21833 9868 14984 20344 15557 14250 12835 11939 10655 7560 7399 4787 2906 1489 1321 1415 1290 1284 1074 896 871 734 294
is_linear=0
shrinkage=0.1


Tree=114
num_leaves=31
num_cat=0
split_feature=1 2 6 1 7 8 8 8 8 8 8 8 1 4 10 5 8 8 8 8 8 8 10 4 8 8 4 8 8 4
split_gain=2.22045e-16 2.22045e-16 2.22045e-16 1.11022e-16 1.11022e-16 5.55112e-17 5.55112e-17 5.55112e-17 5.55112e-17 5.55112e-17 5.55112e-17 4.16334e-17 2.77556e-17 2.77556e-17 5.55112e-17 2.77556e-17 2.77556e-17 5.55112e-17 2.77556e-17 2.77556e-17 2.77556e-17 2.77556e-17 2.77556e-17 6.93889e-18 6.93889e-18 6.93889e-18 3.46945e-18 3.46945e-18 3.46945e-18 1.73472e-18
threshold=10.500000000000002 6.5000000000000009 751.50000000000011 6.5000000000000009 256.50000000000006 -269.49999999999994 -324.49999999999994 -376.49999999999994 -429.49999999999994 -486.49999999999994 -1215.4999999999998 3221.5000000000005 5.5000000000000009 39.500000000000007 0.79057017543859665 79.500000000000014 -1332.4999999999998 -2786.4999999999995 -2907.4999999999995 -3049.4999999999995 -3707.9999999999995 -3782.4999999999995 0.60990338164251223 16.500000000000004 -1501.4999999999998 -1740.4999999999998 14.500000000000002 10701.000000000002 -3378.4999999999995 17.500000000000004
decision_type=2 2 2 2 2 2 2 2 2 2 2 2 2 2 2 2 2 2 2 2 2 2 2 2 2 2 2 2 2 2
left_child=1 2 3 4 5 6 7 8 9 10 16 -7 22 14 15 -3 17 18 19 20 21 -1 -6 26 25 -19 -5 -13 -22 -16
right_child=-2 13 -4 23 12 11 -8 -9 -10 -11 -12 27 -14 -15 29 -17 -18 24 -20 -21 28 -23 -24 -25 -26 -27 -28 -29 -30 -31
leaf_value=0.066668309959133046 0.066668310062451996 0.066668296693508752 0.066668309974303078 0.066668309977713405 0.066668309970075307 0.066668309971196812 0.066668309974283829 0.066668309974285161 0.066668309974286341 0.066668309974284509 0.066668309966978687 0.066668309968312675 0.066668309960239008 0.066668309912324558 0.066668309968234321 0.066668309974304327 0.066668309959658209 0.066668309969431058 0.066668309974297221 0.066668309974297638 0.066668309969415043 0.066668309974290227 0.066668309970867617 0.066668309921518676 0.066668309963481595 0.066668309974300302 0.066668309908992335 0.066668309974244555 0.066668309971902498 0.066668309839582982
leaf_weight=0.35092289017611283 0.0014076911474830691 0.0014076960870616486 0.57763491215971474 0.056937405400100741 0.19663221327105651 0.15214176712461253 0.0032228716190729747 0.0034451386272849041 0.0036674056354968334 0.0033340051231789394 0.048417163291491594 0.059197113189770223 0.008409101811571229 0.0038155836427445902 0.019485407720799063 0.37518670986173674 0.0080757012992533905 0.073385159003850606 0.0091499918380577583 0.0097056593585875817 0.024190059394618206 0.0046676071724505155 0.034414341772366963 0.032376898282170663 0.01092812790463972 0.015855046585784294 0.008075702567868312 0.0011113350410596459 0.024190059674742588 0.007927523300901608
leaf_count=9493 39 160 15599 1540 5319 4121 87 94 99 90 1311 1604 228 105 527 10134 219 1984 248 264 655 127 930 884 296 428 220 30 656 217
internal_value=0.0666683 0.0666683 0.0666683 0.0666683 0.0666683 0.0666683 0.0666683 0.0666683 0.0666683 0.0666683 0.0666683 0.0666683 0.0666683 0.0666683 0.0666683 0.0666683 0.0666683 0.0666683 0.0666683 0.0666683 0.0666683 0.0666683 0.0666683 0.0666683 0.0666683 0.0666683 0.0666683 0.0666683 0.0666683 0.0666683
internal_weight=2.12932 2.12791 1.72009 1.14245 1.04506 0.805607 0.593157 0.589934 0.586489 0.582821 0.579487 0.21245 0.239456 0.407823 0.404007 0.376594 0.53107 0.522995 0.422826 0.413676 0.403971 0.35559 0.231047 0.09739 0.100168 0.0892402 0.0650131 0.0603084 0.0483801 0.0274129
internal_count=57708 57669 46526 30927 28283 21806 16051 15964 15870 15771 15681 5755 6477 11143 11038 10294 14370 14151 11443 11195 10931 9620 6249 2644 2708 2412 1760 1634 1311 744
is_linear=0
shrinkage=0.1


Tree=115
num_leaves=30
num_cat=0
split_feature=5 5 4 4 5 5 5 5 9 5 9 9 10 10 10 10 10 10 5 4 5 5 9 9 10 9 9 10 10
split_gain=1.11977e-12 2.22045e-16 1.11022e-16 1.11022e-16 1.11022e-16 1.11022e-16 1.11022e-16 1.11022e-16 1.11022e-16 1.11022e-16 5.55112e-17 5.55112e-17 5.55112e-17 5.55112e-17 5.55112e-17 5.55112e-17 5.55112e-17 1.11022e-16 2.77556e-17 8.67362e-19 8.67362e-19 8.67362e-19 8.67362e-19 8.67362e-19 8.67362e-19 4.33681e-19 4.33681e-19 4.33681e-19 1.0842e-19
threshold=70.500000000000014 198.50000000000003 44.500000000000007 9.5000000000000018 189.50000000000003 182.50000000000003 180.50000000000003 176.50000000000003 15.34848484848485 171.50000000000003 15.035714285714286 14.679487179487181 0.91106719367588951 0.89181286549707617 0.86811594202898557 0.84807692307692317 0.83666666666666678 0.82683658170914553 184.50000000000003 57.500000000000007 146.50000000000003 179.50000000000003 13.345238095238097 11.677083333333334 0.68857758620689669 13.345238095238097 7.3405797101449286 0.94590643274853814 0.55217785843920153
decision_type=2 2 2 2 2 2 2 2 2 2 2 2 2 2 2 2 2 2 2 2 2 2 2 2 2 2 2 2 2
left_child=-1 2 3 18 5 6 7 8 9 10 11 12 13 14 15 16 17 -5 -2 20 -4 26 23 24 -11 -7 -9 -14 -13
right_child=1 -3 19 4 -6 25 -8 21 -10 22 -12 28 27 -15 -16 -17 -18 -19 -20 -21 -22 -23 -24 -25 -26 -27 -28 -29 -30
leaf_value=-0.066664903234191539 -0.066667944855055145 -0.06666794485172256 -0.066667944851769995 -0.066667944853655015 -0.066667944851747069 -0.066667944851762903 -0.066667944851752176 -0.066667944851732483 -0.066667944851745028 -0.066667944870541049 -0.066667944851709002 -0.066667944851715774 -0.066667944851756616 -0.066667944851760405 -0.066667944851765776 -0.066667944851765901 -0.066667944851756242 -0.066667944851766525 -0.06666794485175942 -0.06666794485171583 -0.066667944851750482 -0.066667944851723268 -0.066667944851738464 -0.066667944851735508 -0.066667944851724545 -0.066667944851737077 -0.066667944851768177 -0.066667944851761723 -0.066667944851712305
leaf_weight=0.001211414960277434 0.49959349313212387 0.0013267117356009486 0.0088543587571622284 1.0662724535904966 0.0023650078765059526 0.0047876988719509619 0.0028264728280192877 0.0016151273302967839 0.0022208000791580354 0.0096907639817801483 0.0010671377003746976 0.0011825039382530314 0.0034033040174109566 0.0041243430041505427 0.0058836781317951328 0.0059413612507342997 0.0033456208984717897 0.0062586184048997176 0.0035186702552891793 0.0010671377003745883 0.0023938494359754267 0.0012113454977225055 0.0016728104492358406 0.0015574442113575069 0.001240187057192089 0.0016151273302966729 0.0065470339995954419 0.0040089767662720988 0.0010094545814354206
leaf_count=220 17372 46 307 36970 82 166 98 56 77 336 37 41 118 143 204 206 116 217 122 37 83 42 58 54 43 56 227 139 35
internal_value=-0.0666679 -0.0666679 -0.0666679 -0.0666679 -0.0666679 -0.0666679 -0.0666679 -0.0666679 -0.0666679 -0.0666679 -0.0666679 -0.0666679 -0.0666679 -0.0666679 -0.0666679 -0.0666679 -0.0666679 -0.0666679 -0.0666679 -0.0666679 -0.0666679 -0.0666679 -0.0666679 -0.0666679 -0.0666679 -0.0666679 -0.0666679 -0.0666679 -0.0666679
internal_weight=1.65781 1.6566 1.65527 1.64296 1.13985 1.13748 1.13108 1.12825 1.11888 1.11666 1.1025 1.10143 1.09924 1.09183 1.0877 1.08182 1.07588 1.07253 0.503112 0.0123153 0.0112482 0.00937351 0.0141612 0.0124884 0.010931 0.00640283 0.00816216 0.00741228 0.00219196
internal_count=57708 57488 57442 57015 39521 39439 39217 39119 38794 38717 38226 38189 38113 37856 37713 37509 37303 37187 17494 427 390 325 491 433 379 222 283 257 76
is_linear=0
shrinkage=0.1


Tree=116
num_leaves=21
num_cat=0
split_feature=10 4 10 4 10 10 10 10 10 10 10 10 10 10 4 6 10 4 4 6
split_gain=5.55112e-17 2.77556e-17 5.55112e-17 2.77556e-17 2.77556e-17 2.77556e-17 2.77556e-17 2.77556e-17 2.77556e-17 1.38778e-17 1.38778e-17 1.38778e-17 1.38778e-17 6.93889e-18 1.73472e-18 1.73472e-18 1.73472e-18 8.67362e-19 4.33681e-19 4.33681e-19
threshold=0.78416149068322993 36.500000000000007 0.76095238095238105 27.500000000000004 0.74596774193548399 0.65450928381962881 0.63762626262626265 0.63245614035087727 0.53950103950103967 0.52277432712215333 0.51925925925925942 0.47493734335839594 0.44058823529411767 0.59729729729729741 33.500000000000007 1919.5000000000002 0.53614982578397219 45.500000000000007 24.500000000000004 2409.5000000000005
decision_type=2 2 2 2 2 2 2 2 2 2 2 2 2 2 2 2 2 2 2 2
left_child=1 2 3 4 5 6 7 8 9 10 11 12 -1 -10 15 -5 -11 -3 -4 -16
right_child=-2 17 18 14 -6 -7 -8 -9 13 16 -12 -13 -14 -15 19 -17 -18 -19 -20 -21
leaf_value=-0.066667030689901235 -0.066667030691604984 -0.066667030694951918 -0.066667030696994062 -0.066667030691379886 -0.066667030696341639 -0.066667030688067397 -0.066667030688415105 -0.066667030689667159 -0.06666703068966004 -0.066667030689652712 -0.066667030689659179 -0.06666703068965979 -0.066667030689673223 -0.066667030697263055 -0.066667030689623749 -0.066667030689679219 -0.066667030689652393 -0.066667030689668241 -0.066667030689628912 -0.066667030689646301
leaf_weight=0.13379512077897837 0.0235515505494443 0.0086134196697320031 0.0061852561043309042 0.017604190045718532 0.0067922970915644245 0.048735858233264207 0.012050584326676883 0.0047989052299201021 0.053780554536754843 0.016480344015426834 0.0035930265120369944 0.042509279075776868 0.035429866725016967 0.035905656541193876 0.0051434426462740592 0.0056766535562928757 0.0053731334470983041 0.0029367658571572983 0.0010746266125352122 0.0014929926983313635
leaf_count=16361 2876 1052 757 2158 831 5961 1472 586 6592 2022 439 5213 4336 4398 631 692 660 358 131 182
internal_value=-0.066667 -0.066667 -0.066667 -0.066667 -0.066667 -0.066667 -0.066667 -0.066667 -0.066667 -0.066667 -0.066667 -0.066667 -0.066667 -0.066667 -0.066667 -0.066667 -0.066667 -0.066667 -0.066667 -0.066667
internal_weight=0.471524 0.447972 0.436422 0.429162 0.399245 0.392452 0.343716 0.331666 0.326867 0.237181 0.215327 0.211734 0.169225 0.0896862 0.0299173 0.0232808 0.0218535 0.0115502 0.00725988 0.00663644
internal_count=57708 54832 53422 52534 48871 48040 42079 40607 40021 29031 26349 25910 20697 10990 3663 2850 2682 1410 888 813
is_linear=0
shrinkage=0.1


Tree=117
num_leaves=14
num_cat=0
split_feature=2 5 0 0 4 6 5 0 6 6 5 0 4
split_gain=2.22045e-16 2.22045e-16 1.11022e-16 1.11022e-16 1.11022e-16 1.11022e-16 4.16334e-17 1.38778e-17 3.46945e-18 3.46945e-18 1.73472e-18 4.33681e-19 2.1684e-19
threshold=7.5000000000000009 186.50000000000003 17.500000000000004 13.500000000000002 56.500000000000007 3549.0000000000005 80.500000000000014 11.500000000000002 5008.5000000000009 4451.5000000000009 156.50000000000003 3.5000000000000004 20.500000000000004
decision_type=2 2 2 2 2 2 2 2 2 2 2 2 2
left_child=1 2 3 4 5 -1 -2 -8 9 -7 -5 -3 -9
right_child=6 11 -4 10 -6 8 7 12 -10 -11 -12 -13 -14
leaf_value=0.066668108583440758 0.066668091187982517 0.066668108595966627 0.066668108595948419 0.066668108596012729 0.066668108595971193 0.066668108596017725 0.06666810859601946 0.066668108595995867 0.066668108596010425 0.066668108596012729 0.066668108595996103 0.066668108596010509 0.066668108595973025
leaf_weight=1.5617916188500713 0.0011347201642341034 0.001394080220052385 0.0010374550474808722 0.0105366528259766 0.0015237621009874793 0.036375767602294329 0.21890301501844078 0.002788160440104547 0.0071325034514302379 0.0094667773082619533 0.0028205809103383226 0.0071973443918977864 0.0014265006902860478
leaf_count=48289 145 43 32 325 47 1122 6754 86 220 292 87 222 44
internal_value=0.0666681 0.0666681 0.0666681 0.0666681 0.0666681 0.0666681 0.0666681 0.0666681 0.0666681 0.0666681 0.0666681 0.0666681 0.0666681
internal_weight=1.86353 1.63928 1.63069 1.62965 1.61629 1.61477 0.224252 0.223118 0.052975 0.0458425 0.0133572 0.00859142 0.00421466
internal_count=57708 50679 50414 50382 49970 49923 7029 6884 1634 1414 412 265 130
is_linear=0
shrinkage=0.1


Tree=118
num_leaves=25
num_cat=0
split_feature=5 0 4 2 2 2 2 4 4 4 4 4 4 4 5 5 5 6 0 10 5 5 5 6
split_gain=1.28542e-12 1.11022e-16 2.22045e-16 1.11022e-16 1.11022e-16 1.11022e-16 1.11022e-16 1.11022e-16 1.11022e-16 1.11022e-16 1.11022e-16 1.11022e-16 1.11022e-16 1.11022e-16 1.11022e-16 1.11022e-16 1.11022e-16 1.38778e-17 8.67362e-19 8.67362e-19 2.1684e-19 2.1684e-19 2.1684e-19 2.1684e-19
threshold=70.500000000000014 16.500000000000004 45.500000000000007 15.500000000000002 14.500000000000002 13.500000000000002 12.500000000000002 42.500000000000007 41.500000000000007 40.500000000000007 39.500000000000007 38.500000000000007 37.500000000000007 6.5000000000000009 193.50000000000003 190.50000000000003 182.50000000000003 2719.5000000000005 9.5000000000000018 0.73993558776167478 138.50000000000003 141.50000000000003 142.50000000000003 1597.5000000000002
decision_type=2 2 2 2 2 2 2 2 2 2 2 2 2 2 2 2 2 2 2 2 2 2 2 2
left_child=-1 2 3 4 5 6 7 8 9 10 11 12 13 17 15 16 -15 -2 -4 -19 -12 -13 -14 -10
right_child=1 -3 18 -5 -6 -7 -8 -9 23 -11 20 21 22 14 -16 -17 -18 19 -20 -21 -22 -23 -24 -25
leaf_value=-0.066664305182917105 -0.066667788457450763 -0.066667788457407742 -0.066667788457440841 -0.066667788457390395 -0.066667788457404425 -0.066667788457425381 -0.066667788457435193 -0.066667788457437371 -0.066667788457402941 -0.066667788457425173 -0.066667788457418012 -0.066667788457424743 -0.066667788457422578 -0.066667788457450236 -0.066667788457404425 -0.066667788457397875 -0.066667788457439842 -0.066667788457442687 -0.066667788457406896 -0.06666778845740827 -0.066667788457396335 -0.066667788457394045 -0.066667788457403065 -0.066667788457385815
leaf_weight=0.0010602074836435485 0.22361381397422242 0.0017416585578758905 0.0078753256530036397 0.0012368299903756643 0.001615451416000834 0.0029784885482514447 0.0049220785331273156 0.0057550456695026888 0.0015649685592508114 0.0029532471198764334 0.0022969699821261394 0.0029027642631264108 0.002675591407751309 1.1607270838248942 0.001615451416000834 0.0014135199890007435 0.0071180828017532996 0.0088092585028789472 0.0015397271308756908 0.0015902099876257134 0.0012368299903755542 0.0011863471336255316 0.0014135199890006334 0.0010348985633754637
leaf_count=220 8909 69 312 49 64 118 195 228 62 117 91 115 106 45985 64 56 282 349 61 63 49 47 56 41
internal_value=-0.0666678 -0.0666678 -0.0666678 -0.0666678 -0.0666678 -0.0666678 -0.0666678 -0.0666678 -0.0666678 -0.0666678 -0.0666678 -0.0666678 -0.0666678 -0.0666678 -0.0666678 -0.0666678 -0.0666678 -0.0666678 -0.0666678 -0.0666678 -0.0666678 -0.0666678 -0.0666678 -0.0666678
internal_weight=1.45088 1.44982 1.44808 1.43866 1.43742 1.43581 1.43283 1.42791 1.42215 1.41955 1.4166 1.41307 1.40898 1.40489 1.17087 1.16926 1.16785 0.234013 0.00941505 0.0103995 0.0035338 0.00408911 0.00408911 0.00259987
internal_count=57708 57488 57419 57046 56997 56933 56815 56620 56392 56289 56172 56032 55870 55708 46387 46323 46267 9321 373 412 140 162 162 103
is_linear=0
shrinkage=0.1


Tree=119
num_leaves=7
num_cat=0
split_feature=1 8 5 5 5 1
split_gain=5.55112e-17 5.55112e-17 2.77556e-17 6.93889e-18 1.73472e-18 8.67362e-19
threshold=7.5000000000000009 8558.5000000000018 149.50000000000003 175.50000000000003 131.50000000000003 9.5000000000000018
decision_type=2 2 2 2 2 2
left_child=1 2 -1 -4 -3 -2
right_child=5 4 3 -5 -6 -7
leaf_value=-0.066666987594471011 -0.066666987597316082 -0.066666987597323327 -0.066666987597459634 -0.06666698759744942 -0.066666987597457608 -0.066666987583588425
leaf_weight=0.29858670383876895 0.008758729950369238 0.0044080819094222115 0.071225674424567842 0.0059803433923661933 0.022593206069359439 0.0011127896486746837
leaf_count=41769 1239 627 9932 833 3147 161
internal_value=-0.066667 -0.066667 -0.066667 -0.066667 -0.066667 -0.066667
internal_weight=0.412666 0.402794 0.375793 0.077206 0.0270013 0.00987152
internal_count=57708 56308 52534 10765 3774 1400
is_linear=0
shrinkage=0.1


Tree=120
num_leaves=10
num_cat=0
split_feature=5 2 2 4 4 4 8 4 4
split_gain=4.44089e-16 1.11022e-16 1.11022e-16 1.11022e-16 1.11022e-16 1.11022e-16 1.73472e-18 4.33681e-19 1.0842e-19
threshold=70.500000000000014 11.500000000000002 9.5000000000000018 54.500000000000007 46.500000000000007 1.5000000000000002 822.50000000000011 50.500000000000007 57.500000000000007
decision_type=2 2 2 2 2 2 2 2 2
left_child=-1 2 3 4 5 -2 -3 -6 -5
right_child=1 6 -4 8 7 -7 -8 -9 -10
leaf_value=0.066667890105153157 0.066667929603759321 0.066667929490266717 0.066667929596183256 0.066667929603693082 0.06666792960374078 0.066667929602811288 0.066667929597229544 0.066667929603729983 0.066667929603694789
leaf_weight=0.0011919664752267902 0.0144137965980905 0.0032062185400719692 0.048036530793979293 0.0011349446140230804 0.0042276686872356741 1.5367150074089295 0.018584718056445126 0.0023550100740976632 0.0010498237679712474
leaf_count=220 558 113 1693 40 149 54160 655 83 37
internal_value=0.0666679 0.0666679 0.0666679 0.0666679 0.0666679 0.0666679 0.0666679 0.0666679 0.0666679
internal_weight=1.63092 1.62972 1.60793 1.5599 1.55771 1.55113 0.0217909 0.00658268 0.00218477
internal_count=57708 57488 56720 55027 54950 54718 768 232 77
is_linear=0
shrinkage=0.1


Tree=121
num_leaves=8
num_cat=0
split_feature=5 2 0 0 5 0 0
split_gain=1.2883e-12 2.22045e-16 1.11022e-16 1.11022e-16 5.55112e-17 2.77556e-17 4.33681e-19
threshold=71.500000000000014 13.500000000000002 16.500000000000004 6.5000000000000009 150.50000000000003 15.500000000000002 5.5000000000000009
decision_type=2 2 2 2 2 2 2
left_child=-1 2 3 4 -2 -5 -3
right_child=1 6 -4 5 -6 -7 -8
leaf_value=-0.066664160836101605 -0.066667647912135072 -0.066667647954125761 -0.066667647908350294 -0.066667647910564981 -0.06666764790839845 -0.066667647908359176 -0.066667647989067089
leaf_weight=0.0010604181424259665 0.75461739499587499 0.0039763211680111646 0.001524256447737681 0.33586659465800039 0.16992145791300572 0.0016788911598268888 0.0011266243309364654
leaf_count=226 34199 180 69 15206 7701 76 51
internal_value=-0.0666676 -0.0666676 -0.0666676 -0.0666676 -0.0666676 -0.0666676 -0.0666676
internal_weight=1.26977 1.26871 1.26361 1.26208 0.924539 0.337545 0.00510295
internal_count=57708 57482 57251 57182 41900 15282 231
is_linear=0
shrinkage=0.1


Tree=122
num_leaves=23
num_cat=0
split_feature=2 4 4 4 4 7 6 6 7 8 8 4 8 8 8 8 8 6 6 6 8 6
split_gain=5.55112e-17 2.77556e-17 2.77556e-17 2.77556e-17 2.77556e-17 2.77556e-17 2.77556e-17 1.38778e-17 1.38778e-17 1.38778e-17 1.38778e-17 6.93889e-18 6.93889e-18 1.38778e-17 6.93889e-18 6.93889e-18 1.73472e-18 8.67362e-19 8.67362e-19 8.67362e-19 8.67362e-19 4.33681e-19
threshold=12.500000000000002 40.500000000000007 35.500000000000007 32.500000000000007 18.500000000000004 1834.5000000000002 1570.5000000000002 540.50000000000011 1354.5000000000002 3627.0000000000005 3350.0000000000005 28.500000000000004 2199.5000000000005 1802.5000000000002 -163.49999999999997 -324.49999999999994 1456.5000000000002 2622.5000000000005 3106.5000000000005 1597.5000000000002 3024.5000000000005 2622.5000000000005
decision_type=2 2 2 2 2 2 2 2 2 2 2 2 2 2 2 2 2 2 2 2 2 2
left_child=1 2 3 4 5 6 7 8 9 10 12 -6 13 14 15 -1 -16 -4 19 -13 -14 -5
right_child=-2 -3 17 21 11 -7 -8 -9 -10 -11 -12 18 20 -15 16 -17 -18 -19 -20 -21 -22 -23
leaf_value=-0.066666948929079983 -0.066666948932535816 -0.066666948932879375 -0.066666948926578748 -0.066666948932842821 -0.066666948932275871 -0.066666948932897208 -0.066666948932888978 -0.066666948931105613 -0.066666948932870063 -0.066666948932880846 -0.06666694893281884 -0.066666948922512986 -0.066666948932883316 -0.066666948932872325 -0.066666948932887979 -0.06666694893284926 -0.066666948932847636 -0.066666948932836201 -0.066666948932857101 -0.06666694893285631 -0.066666948932871894 -0.066666948932845888
leaf_weight=0.096779253163397055 0.0026828985508355876 0.0051835801317718358 0.0048128756228759664 0.0050265025896563112 0.0770185830230527 0.041223598193384031 0.019785568308240048 0.034217913599098926 0.0047437613505125755 0.017115239599880039 0.0017404265120449505 0.0087838127077464606 0.0063145430416548382 0.0037824427489718112 0.017919479635072053 0.0020357333659299917 0.0033740397322385282 0.0010492822552805592 0.001564498692005146 0.0023687391116179604 0.0023938714925861859 0.0012377760735944321
leaf_count=15461 452 826 767 804 12313 6565 3153 5472 759 2734 280 1405 1008 605 2864 326 542 167 249 378 381 197
internal_value=-0.0666669 -0.0666669 -0.0666669 -0.0666669 -0.0666669 -0.0666669 -0.0666669 -0.0666669 -0.0666669 -0.0666669 -0.0666669 -0.0666669 -0.0666669 -0.0666669 -0.0666669 -0.0666669 -0.0666669 -0.0666669 -0.0666669 -0.0666669 -0.0666669 -0.0666669
internal_weight=0.361154 0.358472 0.353288 0.347426 0.341162 0.251426 0.210202 0.190417 0.156199 0.151455 0.13434 0.0897356 0.132599 0.123891 0.120109 0.098815 0.0212935 0.00586216 0.0127171 0.0111526 0.00870841 0.00626428
internal_count=57708 57256 56430 55496 54495 40150 33585 30432 24960 24201 21467 14345 21187 19798 19193 15787 3406 934 2032 1783 1389 1001
is_linear=0
shrinkage=0.1


Tree=123
num_leaves=13
num_cat=0
split_feature=5 0 0 5 6 5 9 9 5 9 9 5
split_gain=2.22045e-16 1.11022e-16 1.11022e-16 1.11022e-16 2.22045e-16 1.11022e-16 1.38778e-17 3.46945e-18 1.73472e-18 8.67362e-19 4.33681e-19 2.1684e-19
threshold=71.500000000000014 15.500000000000002 10.500000000000002 197.50000000000003 4112.5000000000009 111.50000000000001 23.062500000000004 15.035714285714286 178.50000000000003 49.833333333333336 27.633333333333336 143.50000000000003
decision_type=2 2 2 2 2 2 2 2 2 2 2 2
left_child=-1 2 3 4 5 6 -2 -4 -6 -8 -9 -3
right_child=1 11 7 -5 8 -7 9 10 -10 -11 -12 -13
leaf_value=0.066667725894321489 0.066667767890367935 0.066667767890330673 0.066667767890366492 0.066667767890301696 0.066667767890362203 0.066667767890367879 0.066667767890359428 0.066667767890358248 0.06666776789034079 0.066667767890316254 0.066667767890319127 0.066667767890326621
leaf_weight=0.0011921747687054776 0.17362462705932458 0.0019865517970175653 0.051327532055438607 0.0011174353858224286 0.012912586680613569 1.1637468745902877 0.0078220477007562295 0.0068784355971729383 0.0024583578488091016 0.0012912586680613467 0.0013657543604495004 0.0016140733350766823
leaf_count=226 6992 80 2067 45 520 46915 315 277 99 52 55 65
internal_value=0.0666678 0.0666678 0.0666678 0.0666678 0.0666678 0.0666678 0.0666678 0.0666678 0.0666678 0.0666678 0.0666678 0.0666678
internal_weight=1.42734 1.42615 1.42254 1.36297 1.36186 1.34648 0.182738 0.0595717 0.0153709 0.00911331 0.00824419 0.00360063
internal_count=57708 57482 57337 54938 54893 54274 7359 2399 619 367 332 145
is_linear=0
shrinkage=0.1


Tree=124
num_leaves=31
num_cat=0
split_feature=5 0 0 5 4 10 1 4 4 4 4 5 5 5 5 5 5 10 10 10 10 2 5 1 4 5 5 1 2 4
split_gain=9.9859e-13 1.11022e-16 1.11022e-16 1.11022e-16 1.11022e-16 1.11022e-16 1.11022e-16 5.55112e-17 1.11022e-16 5.55112e-17 5.55112e-17 5.55112e-17 5.55112e-17 5.55112e-17 1.11022e-16 5.55112e-17 5.55112e-17 5.55112e-17 5.55112e-17 5.55112e-17 1.11022e-16 8.67362e-19 8.67362e-19 4.33681e-19 4.33681e-19 4.33681e-19 4.33681e-19 2.1684e-19 2.1684e-19 2.1684e-19
threshold=72.500000000000014 15.500000000000002 10.500000000000002 196.50000000000003 44.500000000000007 0.93095238095238109 8.5000000000000018 41.500000000000007 40.500000000000007 38.500000000000007 35.500000000000007 191.50000000000003 188.50000000000003 185.50000000000003 184.50000000000003 182.50000000000003 180.50000000000003 0.91833333333333345 0.90238095238095251 0.8973684210526317 0.60263157894736852 6.5000000000000009 148.50000000000003 2.5000000000000004 14.500000000000002 144.50000000000003 149.50000000000003 3.5000000000000004 3.5000000000000004 23.500000000000004
decision_type=2 2 2 2 2 2 2 2 2 2 2 2 2 2 2 2 2 2 2 2 2 2 2 2 2 2 2 2 2 2
left_child=-1 2 3 4 5 6 7 8 9 10 11 12 13 14 15 16 17 18 19 20 -2 24 -12 28 -8 -9 -11 -7 -6 -26
right_child=1 -3 -4 -5 23 27 21 25 -10 26 22 -13 -14 -15 -16 -17 -18 -19 -20 -21 -22 -23 -24 -25 29 -27 -28 -29 -30 -31
leaf_value=-0.066664827314887418 -0.06666752598841616 -0.066667525988015994 -0.066667525988040793 -0.066667525987980633 -0.066667525987999368 -0.066667525988010748 -0.066667525988025805 -0.06666752598802124 -0.066667525988005572 -0.066667525988024987 -0.066667525988033785 -0.066667525987978579 -0.066667525987997869 -0.066667525987995704 -0.066667525987987697 -0.066667525988003726 -0.066667525988012719 -0.06666752598798438 -0.066667525988003323 -0.066667525987996815 -0.066667525993981472 -0.066667525944433745 -0.066667525988011844 -0.066667525988026499 -0.0666675259880148 -0.066667525987983936 -0.066667525987976081 -0.066667525988001339 -0.06666752598799873 -0.066667525987979689
leaf_weight=0.0013727219872815546 0.7306018272774919 0.0028033147646057124 0.04636102624499483 0.0011986587269349194 0.0017206552693097557 0.0023393178380503024 0.0044659704180959325 0.0034993101544388274 0.0020106533484068869 0.0042533051600913687 0.0086032763465483386 0.0011599923163886352 0.0016626556534903294 0.0015853228323977611 0.0013533243691200561 0.0019139873220411765 0.0024939834802354391 0.0012759915480274877 0.0018946541167680344 0.0016239892429440453 0.27052954139981011 0.0013919907833042098 0.0021846521958650564 0.0041953055442718323 0.0024166506591427606 0.001140659111115383 0.0010053266742033884 0.0016239892429439351 0.0015273232165782247 0.0010633262900228146
leaf_count=249 37838 145 2398 62 89 121 231 181 104 220 445 60 86 82 70 99 129 66 98 84 13995 72 113 217 125 59 52 84 79 55
internal_value=-0.0666675 -0.0666675 -0.0666675 -0.0666675 -0.0666675 -0.0666675 -0.0666675 -0.0666675 -0.0666675 -0.0666675 -0.0666675 -0.0666675 -0.0666675 -0.0666675 -0.0666675 -0.0666675 -0.0666675 -0.0666675 -0.0666675 -0.0666675 -0.0666675 -0.0666675 -0.0666675 -0.0666675 -0.0666675 -0.0666675 -0.0666675 -0.0666675 -0.0666675 -0.0666675
internal_weight=1.11127 1.1099 1.1071 1.06074 1.05954 1.05209 1.04813 1.03879 1.03415 1.03214 1.02688 1.0161 1.01494 1.01327 1.01169 1.01033 1.00842 1.00593 1.00465 1.00276 1.00113 0.00933794 0.0107879 0.00744328 0.00794595 0.00463997 0.00525863 0.00396331 0.00324798 0.00347998
internal_count=57708 57459 57314 54916 54854 54469 54264 53781 53541 53437 53165 52607 52547 52461 52379 52309 52210 52081 52015 51917 51833 483 558 385 411 240 272 205 168 180
is_linear=0
shrinkage=0.1


Tree=125
num_leaves=9
num_cat=0
split_feature=8 4 8 8 8 4 2 6
split_gain=5.55112e-17 2.77556e-17 1.38778e-17 2.77556e-17 2.77556e-17 3.46945e-18 8.67362e-19 2.1684e-19
threshold=11408.000000000002 24.500000000000004 10387.500000000002 9589.5000000000018 6316.5000000000009 44.500000000000007 7.5000000000000009 2668.5000000000005
decision_type=2 2 2 2 2 2 2 2
left_child=1 2 3 4 -1 -3 -2 -8
right_child=6 5 -4 -5 -6 -7 7 -9
leaf_value=-0.066666910632540294 -0.066666910628372794 -0.066666910633689472 -0.066666910628343304 -0.066666910628345386 -0.06666691062836648 -0.066666910648142119 -0.066666910628250128 -0.066666910628327816
leaf_weight=0.23535026742421311 0.0049819424320958474 0.041252246948892402 0.0030628500738080757 0.0032168173895864563 0.023600991642146352 0.0022985120713201459 0.0011767505836117464 0.0011327595375405508
leaf_count=42980 906 7530 559 587 4305 418 217 206
internal_value=-0.0666669 -0.0666669 -0.0666669 -0.0666669 -0.0666669 -0.0666669 -0.0666669 -0.0666669
internal_weight=0.316073 0.308782 0.265231 0.262168 0.258951 0.0435508 0.00729145 0.00230951
internal_count=57708 56379 48431 47872 47285 7948 1329 423
is_linear=0
shrinkage=0.1


Tree=126
num_leaves=2
num_cat=0
split_feature=5
split_gain=3.33067e-16
threshold=71.500000000000014
decision_type=2
left_child=-1
right_child=-2
leaf_value=0.066667576141138704 0.066667632024511828
leaf_weight=0.0010433642880957042 1.2481273366847743
leaf_count=226 57482
internal_value=0.0666676
internal_weight=1.24917
internal_count=57708
is_linear=0
shrinkage=0.1


Tree=127
num_leaves=3
num_cat=0
split_feature=5 4
split_gain=1.14292e-12 5.55112e-17
threshold=72.500000000000014 15.500000000000002
decision_type=2 2
left_child=-1 -2
right_child=1 -3
leaf_value=-0.066664327527204234 -0.066667413833460351 -0.066667413832897079
leaf_weight=0.0012013785467396279 0.57109858833973703 0.40025799798422668
leaf_count=249 33803 23656
internal_value=-0.0666674 -0.0666674
internal_weight=0.972558 0.971357
internal_count=57708 57459
is_linear=0
shrinkage=0.1


Tree=128
num_leaves=28
num_cat=0
split_feature=2 8 10 6 6 6 6 8 8 8 8 8 2 8 6 2 6 8 8 8 8 8 8 2 6 6 8
split_gain=2.77556e-17 2.77556e-17 2.77556e-17 1.38778e-17 1.38778e-17 1.38778e-17 1.38778e-17 2.77556e-17 1.38778e-17 1.38778e-17 1.38778e-17 1.38778e-17 3.46945e-18 3.46945e-18 1.73472e-18 8.67362e-19 8.67362e-19 8.67362e-19 8.67362e-19 8.67362e-19 8.67362e-19 8.67362e-19 8.67362e-19 4.33681e-19 2.1684e-19 2.1684e-19 2.1684e-19
threshold=12.500000000000002 10387.500000000002 0.6708333333333335 2668.5000000000005 1280.5000000000002 666.50000000000011 578.50000000000011 6978.5000000000009 3551.5000000000005 3350.0000000000005 2959.5000000000005 389.50000000000006 10.500000000000002 6009.5000000000009 1185.5000000000002 9.5000000000000018 4112.5000000000009 6511.5000000000009 6114.5000000000009 5827.5000000000009 5556.5000000000009 5289.0000000000009 5041.5000000000009 7.5000000000000009 126.50000000000001 -618.49999999999989 3843.5000000000005
decision_type=2 2 2 2 2 2 2 2 2 2 2 2 2 2 2 2 2 2 2 2 2 2 2 2 2 2 2
left_child=1 2 3 4 5 6 7 8 9 10 11 -1 -4 -6 -7 23 -5 18 19 20 21 22 -10 -3 25 -9 -16
right_child=-2 15 12 16 13 14 -8 24 17 -11 -12 -13 -14 -15 26 -17 -18 -19 -20 -21 -22 -23 -24 -25 -26 -27 -28
leaf_value=-0.066666879283377556 -0.066666879274523139 -0.066666879278568306 -0.066666879281658986 -0.066666879278569999 -0.066666879278570096 -0.066666879279697763 -0.066666879278551833 -0.066666879278501054 -0.066666879278544131 -0.066666879278483873 -0.066666879278546573 -0.066666879279487876 -0.06666687927326681 -0.066666879278561436 -0.066666879274916768 -0.066666879278431831 -0.066666879278547683 -0.066666879278469454 -0.066666879278527699 -0.066666879278485067 -0.066666879278517138 -0.06666687927851575 -0.066666879278519983 -0.066666879278535596 -0.066666879278496377 -0.066666879278521371 -0.066666879278503358
leaf_weight=0.100647512415661 0.002054914020636677 0.006679663263639668 0.041714209631163013 0.011275541213663753 0.024206561315127079 0.019986054387845315 0.0035900785104704394 0.0012127343806158236 0.0083880796047435396 0.0012993583839321912 0.0029692740717026369 0.024360561109396578 0.0015014820394171893 0.0087778864023425052 0.0020885978892692938 0.001015424698995738 0.0021655968794220834 0.0011116733210488347 0.001313795440182731 0.0010057995676931867 0.001087610877220869 0.0010635486896717347 0.0011405476898289644 0.0015544173156740726 0.001472606134285917 0.0016795408190689856 0.0012560463182042514
leaf_count=21011 452 1388 8677 2344 5035 4171 747 253 1753 273 618 5095 320 1828 435 214 450 233 273 211 226 221 237 323 308 350 262
internal_value=-0.0666669 -0.0666669 -0.0666669 -0.0666669 -0.0666669 -0.0666669 -0.0666669 -0.0666669 -0.0666669 -0.0666669 -0.0666669 -0.0666669 -0.0666669 -0.0666669 -0.0666669 -0.0666669 -0.0666669 -0.0666669 -0.0666669 -0.0666669 -0.0666669 -0.0666669 -0.0666669 -0.0666669 -0.0666669 -0.0666669 -0.0666669
internal_weight=0.276619 0.274564 0.265315 0.222099 0.208658 0.175673 0.152343 0.148753 0.144388 0.129277 0.127977 0.125008 0.0432157 0.0329844 0.0233307 0.00924951 0.0134411 0.0151111 0.0139994 0.0126856 0.0116798 0.0105922 0.00952863 0.00823408 0.00436488 0.00289228 0.00334464
internal_count=57708 57256 55331 46334 43540 36677 31809 31062 30151 26997 26724 26106 8997 6863 4868 1925 2794 3154 2921 2648 2437 2211 1990 1711 911 603 697
is_linear=0
shrinkage=0.1


Tree=129
num_leaves=15
num_cat=0
split_feature=5 5 5 5 5 10 10 10 10 10 10 10 10 10
split_gain=4.44089e-16 5.55112e-17 5.55112e-17 5.55112e-17 1.11022e-16 5.55112e-17 1.11022e-16 5.55112e-17 5.55112e-17 3.46945e-18 1.73472e-18 8.67362e-19 8.67362e-19 2.1684e-19
threshold=72.500000000000014 196.50000000000003 191.50000000000003 188.50000000000003 178.50000000000003 0.93541666666666667 0.9076704545454547 0.89181286549707617 0.7537878787878789 0.83666666666666678 0.6478537360890303 0.88348416289592768 0.86811594202898557 0.91833333333333345
decision_type=2 2 2 2 2 2 2 2 2 2 2 2 2 2
left_child=-1 2 3 4 5 6 7 8 -2 -10 -6 12 -11 -8
right_child=1 -3 -4 -5 10 -7 13 -9 9 11 -12 -13 -14 -15
leaf_value=0.066667462787949563 0.066667514653254253 0.06666751465645733 0.066667514656458204 0.06666751465647576 0.066667514656508664 0.06666751465649777 0.066667514656480256 0.066667514656486362 0.066667514648936374 0.066667514656508442 0.066667514656484114 0.06666751465648256 0.066667514656496007 0.066667514656478605
leaf_weight=0.0013505800889040956 1.0037179260089013 0.0012552893167595549 0.0012743088518619708 0.0018258753698320298 0.0096999629022321843 0.0039941023715074344 0.0020541097910610198 0.002472539563314168 0.048005306603954634 0.0084827126556774601 0.0020731293261633263 0.0019780316506512472 0.0032903795727179394 0.0017688167645246722
leaf_count=249 52823 66 67 96 510 210 108 130 2524 446 109 104 173 93
internal_value=0.0666675 0.0666675 0.0666675 0.0666675 0.0666675 0.0666675 0.0666675 0.0666675 0.0666675 0.0666675 0.0666675 0.0666675 0.0666675 0.0666675
internal_weight=1.09324 1.09189 1.09064 1.08936 1.08754 1.07576 1.07177 1.06795 1.06547 0.0617564 0.0117731 0.0137511 0.0117731 0.00382293
internal_count=57708 57459 57393 57326 57230 56611 56401 56200 56070 3247 619 723 619 201
is_linear=0
shrinkage=0.1


Tree=130
num_leaves=3
num_cat=0
split_feature=5 2
split_gain=1.31406e-12 1.11022e-16
threshold=72.500000000000014 14.500000000000002
decision_type=2 2
left_child=-1 -2
right_child=1 -3
leaf_value=-0.066663786419263529 -0.066667323856048177 -0.066667323856008445
leaf_weight=0.0010514228325234623 0.84843332204036415 0.0016732924705138421
leaf_count=249 57346 113
internal_value=-0.0666673 -0.0666673
internal_weight=0.851158 0.850107
internal_count=57708 57459
is_linear=0
shrinkage=0.1


Tree=131
num_leaves=4
num_cat=0
split_feature=2 4 10
split_gain=2.77556e-17 1.38778e-17 6.93889e-18
threshold=6.5000000000000009 21.500000000000004 0.54226190476190483
decision_type=2 2 2
left_child=1 -1 -3
right_child=-2 2 -4
leaf_value=-0.066666853817143143 -0.066666853818456911 -0.066666853815010182 -0.066666853817453242
leaf_weight=0.15346686352187772 0.046387916450312039 0.023947849405481888 0.018287294492785159
leaf_count=36511 11148 5702 4347
internal_value=-0.0666669 -0.0666669 -0.0666669
internal_weight=0.24209 0.195702 0.0422351
internal_count=57708 46560 10049
is_linear=0
shrinkage=0.1


Tree=132
num_leaves=3
num_cat=0
split_feature=5 5
split_gain=5.55112e-16 5.55112e-17
threshold=72.500000000000014 128.50000000000003
decision_type=2 2
left_child=-1 -2
right_child=1 -3
leaf_value=0.066667341475095079 0.066667407940363396 0.066667407940363452
leaf_weight=0.0011819971937641052 0.37983182156312978 0.57576505139877554
leaf_count=249 22820 34639
internal_value=0.0666674 0.0666674
internal_weight=0.956779 0.955597
internal_count=57708 57459
is_linear=0
shrinkage=0.1


Tree=133
num_leaves=2
num_cat=0
split_feature=5
split_gain=1.34309e-12
threshold=73.500000000000014
decision_type=2
left_child=-1
right_child=-2
leaf_value=-0.066663645167592947 -0.066667246815784412
leaf_weight=0.0010368207264305198 0.74387493773247115
leaf_count=258 57450
internal_value=-0.0666672
internal_weight=0.744912
internal_count=57708
is_linear=0
shrinkage=0.1


Tree=134
num_leaves=31
num_cat=0
split_feature=8 4 7 7 7 7 8 7 10 7 7 7 7 7 7 7 7 7 7 7 7 7 7 7 7 7 7 7 8 8
split_gain=2.77556e-17 1.38778e-17 1.38778e-17 1.38778e-17 1.38778e-17 6.93889e-18 1.38778e-17 6.93889e-18 1.38778e-17 6.93889e-18 6.93889e-18 3.46945e-18 3.46945e-18 3.46945e-18 3.46945e-18 3.46945e-18 3.46945e-18 6.93889e-18 6.93889e-18 3.46945e-18 1.73472e-18 1.73472e-18 1.73472e-18 1.73472e-18 8.67362e-19 8.67362e-19 8.67362e-19 8.67362e-19 8.67362e-19 8.67362e-19
threshold=10387.500000000002 38.500000000000007 1862.5000000000002 1256.5000000000002 363.50000000000006 -171.49999999999997 6856.5000000000009 -211.49999999999997 0.70900537634408611 -309.49999999999994 -688.49999999999989 -776.49999999999989 -827.49999999999989 -917.49999999999989 -1014.4999999999999 -1057.4999999999998 -1104.4999999999998 -1249.4999999999998 -1324.4999999999998 -1400.4999999999998 2459.5000000000005 1556.5000000000002 1112.5000000000002 -518.49999999999989 2343.5000000000005 -988.49999999999989 -351.49999999999994 -518.49999999999989 7635.5000000000009 7096.5000000000009
decision_type=2 2 2 2 2 2 2 2 2 2 2 2 2 2 2 2 2 2 2 2 2 2 2 2 2 2 2 2 2 2
left_child=1 2 3 4 5 6 7 8 9 10 11 12 13 14 15 16 17 18 19 -1 24 29 -6 25 28 -10 27 -12 -4 -5
right_child=-2 -3 20 21 22 -7 -8 -9 23 -11 26 -13 -14 -15 -16 -17 -18 -19 -20 -21 -22 -23 -24 -25 -26 -27 -28 -29 -30 -31
leaf_value=-0.066666829114935391 -0.066666829106257749 -0.066666829119583743 -0.0666668291062745 -0.066666829106261621 -0.066666829106824851 -0.066666829107685135 -0.066666829106161923 -0.066666829106099487 -0.066666829114227041 -0.066666829108461584 -0.066666829110239981 -0.066666829108837034 -0.066666829106221778 -0.066666829098854352 -0.066666829106232756 -0.066666829106194064 -0.066666829106208247 -0.066666829107961151 -0.066666829106215103 -0.06666682910964887 -0.066666829106280995 -0.066666829106269282 -0.066666829107842163 -0.066666829111790657 -0.066666829106254488 -0.066666829110288497 -0.066666829106237349 -0.06666682910759214 -0.066666829106238876 -0.066666829106199324
leaf_weight=0.047202783196937208 0.0073351193035200149 0.0039808686110796567 0.0090417316686307314 0.0084593460136062754 0.026918782556698329 0.020936424367415454 0.0010615652778780673 0.0014854549335022857 0.0066605830232646882 0.003383738995790044 0.005683796520118801 0.0029266756919514572 0.0014006760292340622 0.0028862684498548999 0.0029082460019348435 0.0014264782100054793 0.0014191061034400784 0.0043678983713655506 0.0021673621773362897 0.0022079080516142205 0.019723728280951036 0.008540437391884495 0.0047954722231497984 0.0013380149807775193 0.0022337094633257957 0.0018761685098525049 0.0014191058471624282 0.005584274939722563 0.001467023706936744 0.0010320771078932154
leaf_count=12840 1996 1082 2457 2302 7332 5726 291 412 1810 931 1552 796 382 789 794 390 387 1194 592 603 5351 2322 1304 368 606 509 385 1526 398 281
internal_value=-0.0666668 -0.0666668 -0.0666668 -0.0666668 -0.0666668 -0.0666668 -0.0666668 -0.0666668 -0.0666668 -0.0666668 -0.0666668 -0.0666668 -0.0666668 -0.0666668 -0.0666668 -0.0666668 -0.0666668 -0.0666668 -0.0666668 -0.0666668 -0.0666668 -0.0666668 -0.0666668 -0.0666668 -0.0666668 -0.0666668 -0.0666668 -0.0666668 -0.0666668 -0.0666668
internal_weight=0.211871 0.204536 0.200555 0.168089 0.150057 0.118343 0.0974061 0.0963445 0.0948591 0.0849843 0.0816006 0.0689134 0.0659867 0.0645861 0.0616998 0.0587915 0.0573651 0.055946 0.0515781 0.0494107 0.0324662 0.0180319 0.0317143 0.00987477 0.0127425 0.00853675 0.0126872 0.0112681 0.0105088 0.00949142
internal_count=57708 55712 54630 45818 40913 32277 26551 26260 25848 23161 22230 18767 17971 17589 16800 16006 15616 15229 14035 13443 8812 4905 8636 2687 3461 2319 3463 3078 2855 2583
is_linear=0
shrinkage=0.1


Tree=135
num_leaves=7
num_cat=0
split_feature=5 0 0 0 2 9
split_gain=7.77156e-16 5.55112e-17 6.93889e-18 8.67362e-19 8.67362e-19 8.67362e-19
threshold=72.500000000000014 8.5000000000000018 12.500000000000002 15.500000000000002 6.5000000000000009 14.519230769230772
decision_type=2 2 2 2 2 2
left_child=-1 -2 -3 4 5 -4
right_child=1 2 3 -5 -6 -7
leaf_value=0.066667229797524305 0.066667315963791718 0.066667315964612492 0.066667315964604776 0.066667315964581683 0.066667315964565044 0.066667315964562365
leaf_weight=0.0010344571181990494 0.73841958520915796 0.085249884796212427 0.0078373954238486476 0.0021123091755725918 0.0013839267012372156 0.001311088453803678
leaf_count=249 50739 5852 538 145 95 90
internal_value=0.0666673 0.0666673 0.0666673 0.0666673 0.0666673 0.0666673
internal_weight=0.837349 0.836314 0.0978946 0.0126447 0.0105324 0.00914848
internal_count=57708 57459 6720 868 723 628
is_linear=0
shrinkage=0.1


Tree=136
num_leaves=4
num_cat=0
split_feature=5 1 4
split_gain=1.29607e-12 5.55112e-17 6.93889e-18
threshold=74.500000000000014 5.5000000000000009 37.500000000000007
decision_type=2 2 2
left_child=-1 -2 -3
right_child=1 2 -4
leaf_value=-0.066663698140194919 -0.066667169190005121 -0.066667169195845685 -0.066667169187553513
leaf_weight=0.0010775330151338016 0.56664848861964856 0.082693183293486072 0.0015084615797604775
leaf_count=273 50011 7291 133
internal_value=-0.0666672 -0.0666672 -0.0666672
internal_weight=0.651928 0.65085 0.0842016
internal_count=57708 57435 7424
is_linear=0
shrinkage=0.1


Tree=137
num_leaves=13
num_cat=0
split_feature=4 2 6 8 8 6 8 5 6 6 0 6
split_gain=2.77556e-17 2.77556e-17 1.38778e-17 1.38778e-17 1.38778e-17 3.46945e-18 1.73472e-18 8.67362e-19 8.67362e-19 8.67362e-19 4.33681e-19 4.33681e-19
threshold=33.500000000000007 9.5000000000000018 686.50000000000011 6114.5000000000009 3157.5000000000005 2149.5000000000005 2199.5000000000005 139.50000000000003 518.50000000000011 327.50000000000006 9.5000000000000018 1685.5000000000002
decision_type=2 2 2 2 2 2 2 2 2 2 2 2
left_child=1 2 3 4 -1 -4 -7 -3 9 -6 11 -2
right_child=10 7 5 -5 8 6 -8 -9 -10 -11 -12 -13
leaf_value=-0.066666807643490464 -0.066666807644379975 -0.066666807670307512 -0.066666807635855835 -0.066666807635024417 -0.066666807635022293 -0.066666807635033729 -0.066666807635039793 -0.066666807635016964 -0.066666807634980479 -0.066666807634948019 -0.066666807634984809 -0.066666807635006306
leaf_weight=0.093873300694303691 0.0048485016499320013 0.0053323926682948544 0.037046030109228176 0.0050614090874016018 0.0085001999218336233 0.0060614322458150119 0.017348793432019935 0.0024032820772390551 0.0010387339984845321 0.0010613154286412416 0.0011129292840905691 0.0017355245067847136
leaf_count=29214 1509 1725 11503 1571 2646 1879 5379 745 323 331 345 538
internal_value=-0.0666668 -0.0666668 -0.0666668 -0.0666668 -0.0666668 -0.0666668 -0.0666668 -0.0666668 -0.0666668 -0.0666668 -0.0666668 -0.0666668
internal_weight=0.185424 0.177727 0.169991 0.109535 0.104474 0.0604563 0.0234102 0.00773567 0.0106002 0.00956152 0.00769696 0.00658403
internal_count=57708 55316 52846 34085 32514 18761 7258 2470 3300 2977 2392 2047
is_linear=0
shrinkage=0.1


Tree=138
num_leaves=2
num_cat=0
split_feature=5
split_gain=1.05471e-15
threshold=73.500000000000014
decision_type=2
left_child=-1
right_child=-2
leaf_value=0.066667134131347158 0.066667232608029064
leaf_weight=0.0010200769562214154 0.73180613505155634
leaf_count=258 57450
internal_value=0.0666672
internal_weight=0.732826
internal_count=57708
is_linear=0
shrinkage=0.1


Tree=139
num_leaves=10
num_cat=0
split_feature=5 8 2 6 2 6 6 6 6
split_gain=1.29946e-12 2.22045e-16 5.55112e-17 2.77556e-17 1.38778e-17 3.46945e-18 8.67362e-19 4.33681e-19 4.33681e-19
threshold=75.500000000000014 1802.5000000000002 6.5000000000000009 3864.5000000000005 9.5000000000000018 1379.5000000000002 1024.5000000000002 -918.49999999999989 2081.5000000000005
decision_type=2 2 2 2 2 2 2 2 2
left_child=-1 2 3 -2 -3 -4 7 -6 -7
right_child=1 4 5 -5 6 8 -8 -9 -10
leaf_value=-0.066663638597967576 -0.066667109351352047 -0.066667104962890439 -0.066667105018728842 -0.066667108725870491 -0.066667104989791101 -0.066667105029651702 -0.066667104958717624 -0.066667105044320038 -0.066667105091869974
leaf_weight=0.001082000930674897 0.31015975630725734 0.19593059908947907 0.038979657663730904 0.0018661002395674578 0.0022135125182103366 0.0028090764244552693 0.0091022017004434019 0.0061839385598432273 0.0022234385833144188
leaf_count=287 31281 19751 3931 188 223 283 917 623 224
internal_value=-0.0666671 -0.0666671 -0.0666671 -0.0666671 -0.0666671 -0.0666671 -0.0666671 -0.0666671 -0.0666671
internal_weight=0.57055 0.569468 0.356038 0.312026 0.21343 0.0440122 0.0174997 0.00839745 0.00503252
internal_count=57708 57421 35907 31469 21514 4438 1763 846 507
is_linear=0
shrinkage=0.1


Tree=140
num_leaves=13
num_cat=0
split_feature=6 6 6 6 6 6 6 6 6 6 6 6
split_gain=1.38778e-17 1.38778e-17 1.38778e-17 1.38778e-17 1.38778e-17 6.93889e-18 1.38778e-17 6.93889e-18 1.73472e-18 8.67362e-19 4.33681e-19 4.33681e-19
threshold=2325.5000000000005 1891.5000000000002 1514.5000000000002 1234.5000000000002 928.50000000000011 823.50000000000011 731.50000000000011 686.50000000000011 3312.5000000000005 3106.5000000000005 2081.5000000000005 1570.5000000000002
decision_type=2 2 2 2 2 2 2 2 2 2 2 2
left_child=1 2 3 4 5 6 7 -1 9 -2 -3 -4
right_child=8 10 11 -5 -6 -7 -8 -9 -10 -11 -12 -13
leaf_value=-0.066666794174945074 -0.06666679418336946 -0.066666794184108966 -0.066666794184074132 -0.066666794184099695 -0.066666794183670927 -0.066666794184093381 -0.066666794184082112 -0.066666794184076311 -0.066666794184132391 -0.066666794184104469 -0.066666794184121331 -0.066666794184121123
leaf_weight=0.10273383520148002 0.0099885094090653992 0.0037943916019390622 0.0012930292781576508 0.0070608442513817168 0.008399043708046311 0.0032128110614810931 0.0025888821484806026 0.0013071453169133376 0.008624899679716691 0.0018717867390023466 0.004429613089668577 0.0069733236578547603
leaf_count=36568 3541 1347 459 2516 2982 1144 923 466 3055 663 1570 2474
internal_value=-0.0666668 -0.0666668 -0.0666668 -0.0666668 -0.0666668 -0.0666668 -0.0666668 -0.0666668 -0.0666668 -0.0666668 -0.0666668 -0.0666668
internal_weight=0.162278 0.141793 0.133569 0.125303 0.118242 0.109843 0.10663 0.104041 0.0204852 0.0118603 0.008224 0.00826635
internal_count=57708 50449 47532 44599 42083 39101 37957 37034 7259 4204 2917 2933
is_linear=0
shrinkage=0.1


Tree=141
num_leaves=5
num_cat=0
split_feature=5 0 4 2
split_gain=1.22125e-15 5.55112e-17 1.73472e-18 8.67362e-19
threshold=74.500000000000014 11.500000000000002 14.500000000000002 6.5000000000000009
decision_type=2 2 2 2
left_child=-1 -2 -3 -4
right_child=1 2 3 -5
leaf_value=0.066667054757887978 0.066667162531491159 0.066667162531213617 0.066667162536296884 0.066667162531178534
leaf_weight=0.0010601158526808421 0.6235761804273352 0.0063041591374712871 0.0089485586640876136 0.0014616722955906889
leaf_count=273 55937 565 802 131
internal_value=0.0666672 0.0666672 0.0666672 0.0666672
internal_weight=0.641351 0.640291 0.0167144 0.0104102
internal_count=57708 57435 1498 933
is_linear=0
shrinkage=0.1


Tree=142
num_leaves=2
num_cat=0
split_feature=5
split_gain=1.18275e-12
threshold=76.500000000000014
decision_type=2
left_child=-1
right_child=-2
leaf_value=-0.06666390932235973 -0.0666670540405397
leaf_weight=0.0011988701765901491 0.49813196131435689
leaf_count=316 57392
internal_value=-0.066667
internal_weight=0.499331
internal_count=57708
is_linear=0
shrinkage=0.1


Tree=143
num_leaves=13
num_cat=0
split_feature=8 2 4 6 2 7 7 8 8 8 6 4
split_gain=2.77556e-17 1.38778e-17 1.38778e-17 1.38778e-17 1.38778e-17 6.93889e-18 1.38778e-17 6.93889e-18 6.93889e-18 1.73472e-18 4.33681e-19 2.1684e-19
threshold=9589.5000000000018 11.500000000000002 38.500000000000007 2493.5000000000005 9.5000000000000018 1893.5000000000002 1530.5000000000002 6978.5000000000009 -1386.4999999999998 7916.5000000000009 1280.5000000000002 43.500000000000007
decision_type=2 2 2 2 2 2 2 2 2 2 2 2
left_child=1 2 3 4 5 6 7 8 -1 -7 -2 -4
right_child=10 -3 11 -5 -6 9 -8 -9 -10 -11 -12 -13
leaf_value=-0.06666677404486783 -0.066666774036099857 -0.066666774085793801 -0.0666667740595972 -0.066666774028461565 -0.066666774053249847 -0.066666774029592951 -0.066666774028452933 -0.0666667740284375 -0.066666774033227655 -0.066666774028411022 -0.066666774028447437 -0.066666774051013872
leaf_weight=0.052245120834840626 0.0014701253727130706 0.001576373784967138 0.0014577708739379183 0.011605336707033231 0.0031922744123531041 0.010038850994659357 0.0051639672241332165 0.0025943376644032698 0.045257605877797223 0.0011612748971856499 0.0050849019554935204 0.0011736288886368129
leaf_count=21220 601 674 592 4698 1320 4066 2094 1051 18386 470 2061 475
internal_value=-0.0666668 -0.0666668 -0.0666668 -0.0666668 -0.0666668 -0.0666668 -0.0666668 -0.0666668 -0.0666668 -0.0666668 -0.0666668 -0.0666668
internal_weight=0.142022 0.135467 0.13389 0.131259 0.119653 0.116461 0.105261 0.100097 0.0975027 0.0112001 0.00655503 0.0026314
internal_count=57708 55046 54372 53305 48607 47287 42751 40657 39606 4536 2662 1067
is_linear=0
shrinkage=0.1


Tree=144
num_leaves=3
num_cat=0
split_feature=5 4
split_gain=1.47105e-15 5.55112e-17
threshold=75.500000000000014 34.500000000000007
decision_type=2 2
left_child=-1 -2
right_child=1 -3
leaf_value=0.066666978225828691 0.06666709665944083 0.066667096663697425
leaf_weight=0.0010644996845370338 0.54037682662601583 0.019852291165079805
leaf_count=287 55388 2033
internal_value=0.0666671 0.0666671
internal_weight=0.561294 0.560229
internal_count=57708 57421
is_linear=0
shrinkage=0.1


Tree=145
num_leaves=9
num_cat=0
split_feature=5 0 6 6 6 9 9 6
split_gain=1.35941e-12 2.77556e-17 2.77556e-17 3.46945e-18 8.67362e-19 8.67362e-19 8.67362e-19 4.33681e-19
threshold=76.500000000000014 12.500000000000002 2256.5000000000005 2622.5000000000005 2581.5000000000005 20.050000000000004 14.80909090909091 2929.5000000000005
decision_type=2 2 2 2 2 2 2 2
left_child=-1 2 -2 4 5 6 -4 -3
right_child=1 7 3 -5 -6 -7 -8 -9
leaf_value=-0.066663397801990848 -0.066667001626592004 -0.066667001626076958 -0.066667001626102104 -0.066667001626106739 -0.066667001626067826 -0.066667001626059971 -0.066667001626058306 -0.066667001626093569
leaf_weight=0.001049227014853992 0.37604312556322839 0.0021135414845048208 0.010468872748788272 0.038499906753713731 0.0016421761174569846 0.0013760827650912697 0.0013304667618285757 0.0044779709869544604
leaf_count=316 49512 278 1377 5064 216 181 175 589
internal_value=-0.066667 -0.066667 -0.066667 -0.066667 -0.066667 -0.066667 -0.066667 -0.066667
internal_weight=0.437001 0.435952 0.429361 0.0533175 0.0148176 0.0131754 0.0117993 0.00659151
internal_count=57708 57392 56525 7013 1949 1733 1552 867
is_linear=0
shrinkage=0.1


Tree=146
num_leaves=12
num_cat=0
split_feature=6 4 6 10 10 10 2 10 10 4 4
split_gain=1.38778e-17 6.93889e-18 1.38778e-17 6.93889e-18 6.93889e-18 6.93889e-18 1.73472e-18 8.67362e-19 4.33681e-19 2.1684e-19 2.1684e-19
threshold=2364.5000000000005 33.500000000000007 1685.5000000000002 0.85960591133004927 0.78759398496240618 0.70710784313725505 8.5000000000000018 0.77346041055718484 0.76568627450980398 41.500000000000007 36.500000000000007
decision_type=2 2 2 2 2 2 2 2 2 2 2
left_child=1 2 3 4 5 -1 7 -2 -7 10 -3
right_child=6 9 -4 -5 -6 8 -8 -9 -10 -11 -12
leaf_value=-0.066666763053838993 -0.066666763054034392 -0.066666763051335051 -0.066666763054417946 -0.06666676305397097 -0.066666763055621595 -0.066666763053105524 -0.066666763056460521 -0.066666763053993966 -0.066666763050720876 -0.066666763053980629 -0.066666763045492516
leaf_weight=0.086521144459871427 0.012239055595273385 0.0014531183229373598 0.0096160928112281607 0.0011611967469327958 0.0023223937469773462 0.0043658421032376485 0.0015223140143596778 0.0014531175547745087 0.0011655215004232888 0.0011330857171287789 0.0013406741941499462
leaf_count=40205 5660 676 4454 538 1076 2034 707 672 540 524 622
internal_value=-0.0666668 -0.0666668 -0.0666668 -0.0666668 -0.0666668 -0.0666668 -0.0666668 -0.0666668 -0.0666668 -0.0666668 -0.0666668
internal_weight=0.124294 0.109079 0.105152 0.0955361 0.0943749 0.0920525 0.0152145 0.0136922 0.00553136 0.00392688 0.00279379
internal_count=57708 50669 48847 44393 43855 42779 7039 6332 2574 1822 1298
is_linear=0
shrinkage=0.1


Tree=147
num_leaves=4
num_cat=0
split_feature=5 0 5
split_gain=1.83187e-15 5.55112e-17 6.93889e-18
threshold=76.500000000000014 7.5000000000000009 155.50000000000003
decision_type=2 2 2
left_child=-1 -2 -3
right_child=1 2 -4
leaf_value=0.066666919745330191 0.066667044465664876 0.066667044465664113 0.066667044465661254
leaf_weight=0.0011794636217022916 0.40170065687925671 0.070778760111352312 0.017570771648024675
leaf_count=316 47053 8283 2056
internal_value=0.066667 0.066667 0.066667
internal_weight=0.49123 0.49005 0.0883495
internal_count=57708 57392 10339
is_linear=0
shrinkage=0.1


Tree=148
num_leaves=2
num_cat=0
split_feature=5
split_gain=1.2311e-12
threshold=78.500000000000014
decision_type=2
left_child=-1
right_child=-2
leaf_value=-0.066663715577396074 -0.066666962830443419
leaf_weight=0.0011711021252195355 0.38128109616809525
leaf_count=354 57354
internal_value=-0.066667
internal_weight=0.382452
internal_count=57708
is_linear=0
shrinkage=0.1


Tree=149
num_leaves=6
num_cat=0
split_feature=1 10 0 6 9
split_gain=1.38778e-17 6.93889e-18 4.33681e-19 2.1684e-19 2.1684e-19
threshold=6.5000000000000009 0.74596774193548399 3.5000000000000004 -1730.4999999999998 6.6733333333333347
decision_type=2 2 2 2 2
left_child=1 -1 4 -4 -2
right_child=2 -3 3 -5 -6
leaf_value=-0.066666750768809374 -0.06666675078722914 -0.066666750768940672 -0.066666750780172951 -0.066666750776470191 -0.066666750786972678
leaf_weight=0.093875358635665374 0.0010578888158360757 0.0084857734748091662 0.0010957319072986138 0.0022747324874870202 0.0019889710385996295
leaf_count=49784 592 4494 579 1208 1051
internal_value=-0.0666668 -0.0666668 -0.0666668 -0.0666668 -0.0666668
internal_weight=0.108778 0.102361 0.00641732 0.00337046 0.00304686
internal_count=57708 54278 3430 1787 1643
is_linear=0
shrinkage=0.1


Tree=150
num_leaves=4
num_cat=0
split_feature=5 6 4
split_gain=2.77556e-15 5.55112e-17 3.46945e-18
threshold=76.500000000000014 2763.5000000000005 38.500000000000007
decision_type=2 2 2
left_child=-1 -2 -3
right_child=1 2 -4
leaf_value=0.066666834320092405 0.066666999043422964 0.066666999043421896 0.066666999043383274
leaf_weight=0.0010322389454749384 0.39120584246620638 0.036027885281782801 0.0016454504384455495
leaf_count=316 52355 4817 220
internal_value=0.066667 0.066667 0.066667
internal_weight=0.429911 0.428879 0.0376733
internal_count=57708 57392 5037
is_linear=0
shrinkage=0.1


Tree=151
num_leaves=5
num_cat=0
split_feature=5 2 4 6
split_gain=1.42267e-12 2.77556e-17 3.46945e-18 2.1684e-19
threshold=78.500000000000014 7.5000000000000009 28.500000000000004 1976.5000000000002
decision_type=2 2 2 2
left_child=-1 -2 -3 -4
right_child=1 2 3 -5
leaf_value=-0.066663195585343962 -0.066666926961576681 -0.066666926922391262 -0.066666926936857135 -0.066666926948560246
leaf_weight=0.0010249250743137308 0.29355438504990161 0.037675491398658778 0.0014499532235276993 0.0010073972193822556
leaf_count=354 50460 6472 249 173
internal_value=-0.0666669 -0.0666669 -0.0666669 -0.0666669
internal_weight=0.334712 0.333687 0.0401328 0.00245735
internal_count=57708 57354 6894 422
is_linear=0
shrinkage=0.1


Tree=152
num_leaves=2
num_cat=0
split_feature=0
split_gain=6.93889e-18
threshold=5.5000000000000009
decision_type=2
left_child=-1
right_child=-2
leaf_value=-0.066666737628276102 -0.066666737645294002
leaf_weight=0.05935100056412726 0.035849044906495278
leaf_count=36047 21661
internal_value=-0.0666667
internal_weight=0.0952
internal_count=57708
is_linear=0
shrinkage=0.1


Tree=153
num_leaves=2
num_cat=0
split_feature=5
split_gain=3.16414e-15
threshold=78.500000000000014
decision_type=2
left_child=-1
right_child=-2
leaf_value=0.0666667886372216 0.066666953821493818
leaf_weight=0.001152129907963039 0.37509514397243038
leaf_count=354 57354
internal_value=0.066667
internal_weight=0.376247
internal_count=57708
is_linear=0
shrinkage=0.1


Tree=154
num_leaves=3
num_cat=0
split_feature=5 5
split_gain=1.14281e-12 2.77556e-17
threshold=80.500000000000014 87.500000000000014
decision_type=2 2
left_child=-1 -2
right_child=1 -3
leaf_value=-0.066663907604346692 -0.066666891234134162 -0.066666891239296103
leaf_weight=0.0012894044397688811 0.0020435879955584815 0.28959833273484037
leaf_count=431 401 56876
internal_value=-0.0666669 -0.0666669
internal_weight=0.292931 0.291642
internal_count=57708 57277
is_linear=0
shrinkage=0.1


Tree=155
num_leaves=7
num_cat=0
split_feature=4 0 2 4 5 5
split_gain=1.38778e-17 8.67362e-19 8.67362e-19 8.67362e-19 8.67362e-19 2.1684e-19
threshold=22.500000000000004 9.5000000000000018 6.5000000000000009 37.500000000000007 152.50000000000003 131.50000000000003
decision_type=2 2 2 2 2 2
left_child=-1 2 3 4 -2 -4
right_child=1 -3 5 -5 -6 -7
leaf_value=-0.066666734631429608 -0.066666734627281704 -0.06666673464145198 -0.066666734609018938 -0.066666734620098325 -0.066666734641447442 -0.066666734641428346
leaf_weight=0.067915769639662588 0.008288167369032276 0.0018596913124611101 0.0010610284247953026 0.0014204968795183967 0.0016509652415379614 0.001120453144608291
leaf_count=47036 5738 1283 759 980 1139 773
internal_value=-0.0666667 -0.0666667 -0.0666667 -0.0666667 -0.0666667 -0.0666667
internal_weight=0.0833166 0.0154008 0.0135411 0.0113596 0.00993913 0.00218148
internal_count=57708 10672 9389 7857 6877 1532
is_linear=0
shrinkage=0.1


Tree=156
num_leaves=3
num_cat=0
split_feature=5 0
split_gain=5.07927e-15 5.55112e-17
threshold=78.500000000000014 14.500000000000002
decision_type=2 2
left_child=-1 -2
right_child=1 -3
leaf_value=0.06666670127385424 0.066666925969996113 0.066666925979555369
leaf_weight=0.0010083168673304379 0.32676682138571778 0.0015066298583406015
leaf_count=354 57091 263
internal_value=0.0666669 0.0666669
internal_weight=0.329282 0.328273
internal_count=57708 57354
is_linear=0
shrinkage=0.1


Tree=157
num_leaves=3
num_cat=0
split_feature=5 5
split_gain=1.32407e-12 1.38778e-17
threshold=80.500000000000014 104.50000000000001
decision_type=2 2
left_child=-1 -2
right_child=1 -3
leaf_value=-0.066663429149520281 -0.066666862088696308 -0.066666862088699638
leaf_weight=0.0011284601756815773 0.018375554627709789 0.23686179116839412
leaf_count=431 4120 53157
internal_value=-0.0666668 -0.0666669
internal_weight=0.256366 0.255237
internal_count=57708 57277
is_linear=0
shrinkage=0.1


Tree=158
num_leaves=2
num_cat=0
split_feature=1
split_gain=6.93889e-18
threshold=7.5000000000000009
decision_type=2
left_child=-1
right_child=-2
leaf_value=-0.06666672491372698 -0.066666724788705209
leaf_weight=0.071172203787288613 0.0017442639770139925
leaf_count=56308 1400
internal_value=-0.0666667
internal_weight=0.0729165
internal_count=57708
is_linear=0
shrinkage=0.1


Tree=159
num_leaves=5
num_cat=0
split_feature=5 0 5 5
split_gain=5.2458e-15 2.77556e-17 8.67362e-19 2.1684e-19
threshold=80.500000000000014 10.500000000000002 154.50000000000003 166.50000000000003
decision_type=2 2 2 2
left_child=-1 -2 -3 -4
right_child=1 2 3 -5
leaf_value=0.066666689634831022 0.066666893423184506 0.066666893425942231 0.06666689342591281 0.066666893425892007
leaf_weight=0.0012685005663539686 0.27417585858256643 0.0097262816689180909 0.0018399718414912067 0.0011681565097205748
leaf_count=431 54737 1940 367 233
internal_value=0.0666669 0.0666669 0.0666669 0.0666669
internal_weight=0.288179 0.28691 0.0127344 0.00300813
internal_count=57708 57277 2540 600
is_linear=0
shrinkage=0.1


Tree=160
num_leaves=3
num_cat=0
split_feature=5 0
split_gain=1.38324e-12 1.38778e-17
threshold=81.500000000000014 13.500000000000002
decision_type=2 2
left_child=-1 -2
right_child=1 -3
leaf_value=-0.066663277705596075 -0.066666837536000209 -0.066666837535965626
leaf_weight=0.0010968998303646496 0.22135896755116846 0.0019087380555902192
leaf_count=459 56760 489
internal_value=-0.0666668 -0.0666668
internal_weight=0.224365 0.223268
internal_count=57708 57249
is_linear=0
shrinkage=0.1


Tree=161
num_leaves=4
num_cat=0
split_feature=4 1 6
split_gain=6.93889e-18 3.46945e-18 4.33681e-19
threshold=28.500000000000004 1.0000000180025095e-35 2453.5000000000005
decision_type=2 2 2
left_child=1 -1 -2
right_child=2 -3 -4
leaf_value=-0.066666717674598669 -0.066666717472358319 -0.066666717286355343 -0.066666717813111898
leaf_weight=0.0029853371407852968 0.0042098936597380265 0.055504690242758975 0.0011146442852805194
leaf_count=2690 3807 50207 1004
internal_value=-0.0666667 -0.0666667 -0.0666667
internal_weight=0.0638146 0.05849 0.00532454
internal_count=57708 52897 4811
is_linear=0
shrinkage=0.1


Tree=162
num_leaves=4
num_cat=0
split_feature=5 0 0
split_gain=7.48013e-15 1.38778e-17 2.1684e-19
threshold=80.500000000000014 12.500000000000002 13.500000000000002
decision_type=2 2 2
left_child=-1 -2 -3
right_child=1 2 -4
leaf_value=0.066666601556205879 0.06666686185869404 0.066666861856815515 0.066666861856824605
leaf_weight=0.0011101621661680485 0.2472921732969553 0.0016585599960308164 0.0021455974551827239
leaf_count=431 56410 378 489
internal_value=0.0666669 0.0666669 0.0666669
internal_weight=0.252206 0.251096 0.00380416
internal_count=57708 57277 867
is_linear=0
shrinkage=0.1


Tree=163
num_leaves=4
num_cat=0
split_feature=5 5 5
split_gain=1.35748e-12 2.77556e-17 4.33681e-19
threshold=82.500000000000014 97.500000000000014 94.500000000000014
decision_type=2 2 2
left_child=-1 2 -2
right_child=1 -3 -4
leaf_value=-0.066663350896445137 -0.066666815315669606 -0.066666815318090447 -0.066666815315651995
leaf_weight=0.001137622967056994 0.004167652627984352 0.18906795274460819 0.0019847591613597615
leaf_count=511 1220 55396 581
internal_value=-0.0666668 -0.0666668 -0.0666668
internal_weight=0.196358 0.19522 0.00615241
internal_count=57708 57197 1801
is_linear=0
shrinkage=0.1


Tree=164
num_leaves=3
num_cat=0
split_feature=0 8
split_gain=3.46945e-18 3.46945e-18
threshold=11.500000000000002 2199.5000000000005
decision_type=2 2
left_child=1 -1
right_child=-2 -3
leaf_value=-0.066666713441349473 -0.066666713470893632 -0.066666713467752201
leaf_weight=0.036059814727193273 0.0014554878000581075 0.018333519068782264
leaf_count=37267 1498 18943
internal_value=-0.0666667 -0.0666667
internal_weight=0.0558488 0.0543933
internal_count=57708 56210
is_linear=0
shrinkage=0.1


Tree=165
num_leaves=3
num_cat=0
split_feature=5 0
split_gain=1.05471e-14 1.38778e-17
threshold=81.500000000000014 13.500000000000002
decision_type=2 2
left_child=-1 -2
right_child=1 -3
leaf_value=0.066666528951510068 0.06666684232138391 0.066666842327613871
leaf_weight=0.001079109385768078 0.21776760485181512 0.001877770384453469
leaf_count=459 56760 489
internal_value=0.0666668 0.0666668
internal_weight=0.220724 0.219645
internal_count=57708 57249
is_linear=0
shrinkage=0.1


Tree=166
num_leaves=5
num_cat=0
split_feature=5 0 0 7
split_gain=1.40994e-12 1.38778e-17 4.33681e-19 4.33681e-19
threshold=83.500000000000014 11.500000000000002 13.500000000000002 2124.5000000000005
decision_type=2 2 2 2
left_child=-1 -2 3 -3
right_child=1 2 -4 -5
leaf_value=-0.066663245759265258 -0.066666803561423169 -0.066666803561378107 -0.066666803561377982 -0.066666803561380369
leaf_weight=0.0011211921222660228 0.16625655122652461 0.0014649471336269917 0.0014619574455991824 0.0015426790223500575
leaf_count=553 55660 490 489 516
internal_value=-0.0666668 -0.0666668 -0.0666668 -0.0666668
internal_weight=0.171847 0.170726 0.00446958 0.00300763
internal_count=57708 57155 1495 1006
is_linear=0
shrinkage=0.1


Tree=167
num_leaves=5
num_cat=0
split_feature=0 0 6 5
split_gain=3.46945e-18 8.67362e-19 8.67362e-19 1.0842e-19
threshold=6.5000000000000009 10.500000000000002 3106.5000000000005 139.50000000000003
decision_type=2 2 2 2
left_child=-1 2 -2 -3
right_child=1 3 -4 -5
leaf_value=-0.066666702333869662 -0.066666702324687271 -0.0666667023261205 -0.066666702318960144 -0.066666702318941493
leaf_weight=0.035791582477496919 0.009316289777285533 0.0010552678887734155 0.0016062860878491856 0.0011079887625555784
leaf_count=42312 10963 1241 1889 1303
internal_value=-0.0666667 -0.0666667 -0.0666667 -0.0666667
internal_weight=0.0488774 0.0130858 0.0109226 0.00216326
internal_count=57708 15396 12852 2544
is_linear=0
shrinkage=0.1


Tree=168
num_leaves=3
num_cat=0
split_feature=5 1
split_gain=1.27398e-14 1.38778e-17
threshold=82.500000000000014 8.5000000000000018
decision_type=2 2
left_child=-1 -2
right_child=1 -3
leaf_value=0.06666647721730222 0.06666681551044959 0.066666815486475767
leaf_weight=0.001119168225518107 0.19056094846973792 0.0014921443946604987
leaf_count=511 56753 444
internal_value=0.0666668 0.0666668
internal_weight=0.193172 0.192053
internal_count=57708 57197
is_linear=0
shrinkage=0.1


Tree=169
num_leaves=3
num_cat=0
split_feature=9 5
split_gain=1.50105e-12 2.77556e-17
threshold=2.5812316715542525 134.50000000000003
decision_type=2 2
left_child=-1 -2
right_child=1 -3
leaf_value=-0.066663031618924395 -0.066666781109204265 -0.066666781085087209
leaf_weight=0.0010754148566279867 0.076092960468450488 0.073227872889447099
leaf_count=588 29090 28030
internal_value=-0.0666668 -0.0666668
internal_weight=0.150396 0.149321
internal_count=57708 57120
is_linear=0
shrinkage=0.1


Tree=170
num_leaves=2
num_cat=0
split_feature=6
split_gain=3.46945e-18
threshold=349.50000000000006
decision_type=2
left_child=-1
right_child=-2
leaf_value=-0.066666697241440906 -0.066666697220714499
leaf_weight=0.024344033791784066 0.01843218743747441
leaf_count=32865 24843
internal_value=-0.0666667
internal_weight=0.0427762
internal_count=57708
is_linear=0
shrinkage=0.1


Tree=171
num_leaves=2
num_cat=0
split_feature=5
split_gain=1.69031e-14
threshold=83.500000000000014
decision_type=2
left_child=-1
right_child=-2
leaf_value=0.066666405411823462 0.066666798070257396
leaf_weight=0.001102998041917185 0.16795626310408807
leaf_count=553 57155
internal_value=0.0666668
internal_weight=0.169059
internal_count=57708
is_linear=0
shrinkage=0.1


Tree=172
num_leaves=8
num_cat=0
split_feature=5 0 0 4 4 6 6
split_gain=1.55646e-12 6.93889e-18 3.46945e-18 1.73472e-18 8.67362e-19 8.67362e-19 4.33681e-19
threshold=84.500000000000014 3.5000000000000004 2.5000000000000004 11.500000000000002 20.500000000000004 559.50000000000011 -2362.4999999999995
decision_type=2 2 2 2 2 2 2
left_child=-1 2 3 5 6 -2 -5
right_child=1 -3 -4 4 -6 -7 -8
leaf_value=-0.066662921527223057 -0.066666764306420351 -0.066666764359653879 -0.066666764358038283 -0.06666676430640138 -0.066666764609905352 -0.066666764306361828 -0.066666764306414703
leaf_weight=0.0010625650314252102 0.012358525622857996 0.085428854143401622 0.018206900028189921 0.002738706067248132 0.0047446486087210369 0.0010441889353387532 0.0060384346984392314
leaf_count=642 5406 37337 7962 1196 2072 456 2637
internal_value=-0.0666667 -0.0666668 -0.0666668 -0.0666668 -0.0666668 -0.0666668 -0.0666668
internal_weight=0.131623 0.13056 0.0451314 0.0269245 0.0135218 0.0134027 0.00877714
internal_count=57708 57066 19729 11767 5905 5862 3833
is_linear=0
shrinkage=0.1


Tree=173
num_leaves=2
num_cat=0
split_feature=0
split_gain=3.46945e-18
threshold=10.500000000000002
decision_type=2
left_child=-1
right_child=-2
leaf_value=-0.066666695750429092 -0.066666695588644992
leaf_weight=0.035779716690251651 0.001656900151942863
leaf_count=55164 2544
internal_value=-0.0666667
internal_weight=0.0374366
internal_count=57708
is_linear=0
shrinkage=0.1


Tree=174
num_leaves=4
num_cat=0
split_feature=9 4 5
split_gain=2.294e-14 1.38778e-17 4.33681e-19
threshold=2.5812316715542525 33.500000000000007 141.50000000000003
decision_type=2 2 2
left_child=-1 -2 -3
right_child=1 2 -4
leaf_value=0.066666314033030818 0.066666781491331123 0.066666781499793867 0.066666781499779823
leaf_weight=0.0010579438265921884 0.14175531845335243 0.0032227052988673668 0.0019202381413379044
leaf_count=588 55122 1252 746
internal_value=0.0666668 0.0666668 0.0666668
internal_weight=0.147956 0.146898 0.00514294
internal_count=57708 57120 1998
is_linear=0
shrinkage=0.1


Tree=175
num_leaves=3
num_cat=0
split_feature=5 0
split_gain=1.66638e-12 6.93889e-18
threshold=85.500000000000014 12.500000000000002
decision_type=2 2
left_child=-1 -2
right_child=1 -3
leaf_value=-0.066662703731460521 -0.066666755541413658 -0.066666755541374828
leaf_weight=0.0010241272720490349 0.11243318003653258 0.0017355067475364186
leaf_count=689 56153 866
internal_value=-0.0666667 -0.0666668
internal_weight=0.115193 0.114169
internal_count=57708 57019
is_linear=0
shrinkage=0.1


Tree=176
num_leaves=5
num_cat=0
split_feature=1 4 4 6
split_gain=1.73472e-18 8.67362e-19 8.67362e-19 2.1684e-19
threshold=3.5000000000000004 27.500000000000004 15.500000000000002 578.50000000000011
decision_type=2 2 2 2
left_child=-1 2 -2 -4
right_child=1 -3 3 -5
leaf_value=-0.066666693257055182 -0.066666693236761609 -0.066666693228620136 -0.066666693237101934 -0.066666693252274825
leaf_weight=0.018919380319871306 0.0084302792984257691 0.0012049780152539645 0.0031162094532160992 0.0010926876006757541
leaf_count=33273 14858 2130 5519 1928
internal_value=-0.0666667 -0.0666667 -0.0666667 -0.0666667
internal_weight=0.0327635 0.0138442 0.0126392 0.0042089
internal_count=57708 24435 22305 7447
is_linear=0
shrinkage=0.1


Tree=177
num_leaves=4
num_cat=0
split_feature=5 4 8
split_gain=3.03715e-14 6.93889e-18 4.33681e-19
threshold=84.500000000000014 37.500000000000007 661.50000000000011
decision_type=2 2 2
left_child=-1 -2 -3
right_child=1 2 -4
leaf_value=0.066666226222175259 0.066666767443787023 0.066666764507215232 0.066666766952345621
leaf_weight=0.0010453200730181902 0.12557881066072696 0.0018607626182074446 0.0010024681985214556
leaf_count=642 55795 826 445
internal_value=0.0666668 0.0666668 0.0666668
internal_weight=0.129487 0.128442 0.00286323
internal_count=57708 57066 1271
is_linear=0
shrinkage=0.1


Tree=178
num_leaves=3
num_cat=0
split_feature=5 0
split_gain=1.68478e-12 6.93889e-18
threshold=86.500000000000014 12.500000000000002
decision_type=2 2
left_child=-1 -2
right_child=1 -3
leaf_value=-0.06666270891822966 -0.066666744437612668 -0.066666744430414038
leaf_weight=0.0010453778420449469 0.098249453335256476 0.0015188694301286878
leaf_count=774 56068 866
internal_value=-0.0666667 -0.0666667
internal_weight=0.100814 0.0997683
internal_count=57708 56934
is_linear=0
shrinkage=0.1


Tree=179
num_leaves=4
num_cat=0
split_feature=1 0 5
split_gain=3.46945e-18 2.1684e-19 2.1684e-19
threshold=5.5000000000000009 5.5000000000000009 109.50000000000001
decision_type=2 2 2
left_child=-1 2 -2
right_child=1 -3 -4
leaf_value=-0.066666693226122717 -0.066666692657149446 -0.066666693085762993 -0.066666693249334816
leaf_weight=0.024935886705342077 0.0010156822732075724 0.0010086691398947679 0.0017135397925471807
leaf_count=50148 2100 2025 3435
internal_value=-0.0666667 -0.0666667 -0.0666667
internal_weight=0.0286738 0.00373789 0.00272922
internal_count=57708 7560 5535
is_linear=0
shrinkage=0.1


Tree=180
num_leaves=6
num_cat=0
split_feature=5 0 5 5 5
split_gain=4.03705e-14 6.93889e-18 8.67362e-19 8.67362e-19 1.0842e-19
threshold=85.500000000000014 8.5000000000000018 158.50000000000003 151.50000000000003 166.50000000000003
decision_type=2 2 2 2 2
left_child=-1 -2 3 -3 -4
right_child=1 2 4 -5 -6
leaf_value=0.066666113590400214 0.066666749375143608 0.066666749407909578 0.066666749318490301 0.066666749329458139 0.06666674931849477
leaf_weight=0.0010075037026946168 0.099105150937930375 0.0096684106576958584 0.0010409707647340847 0.0013840179551607443 0.0011178606507655786
leaf_count=689 50318 4904 528 702 567
internal_value=0.0666667 0.0666667 0.0666667 0.0666667 0.0666667
internal_weight=0.113324 0.112316 0.0132113 0.0110524 0.00215883
internal_count=57708 57019 6701 5606 1095
is_linear=0
shrinkage=0.1


Tree=181
num_leaves=3
num_cat=0
split_feature=5 0
split_gain=1.81997e-12 6.93889e-18
threshold=87.500000000000014 12.500000000000002
decision_type=2 2
left_child=-1 -2
right_child=1 -3
leaf_value=-0.066662453579290834 -0.066666735794074047 -0.066666735794023754
leaf_weight=0.0010039231993098077 0.085896287762466272 0.0013292742357862144
leaf_count=832 56010 866
internal_value=-0.0666667 -0.0666667
internal_weight=0.0882295 0.0872256
internal_count=57708 56876
is_linear=0
shrinkage=0.1


Tree=182
num_leaves=2
num_cat=0
split_feature=1
split_gain=3.46945e-18
threshold=6.5000000000000009
decision_type=2
left_child=-1
right_child=-2
leaf_value=-0.066666690465634226 -0.066666690142096821
leaf_weight=0.023614089807133264 0.0014804419253417076
leaf_count=54278 3430
internal_value=-0.0666667
internal_weight=0.0250945
internal_count=57708
is_linear=0
shrinkage=0.1


Tree=183
num_leaves=4
num_cat=0
split_feature=5 0 10
split_gain=5.23678e-14 1.38778e-17 1.73472e-18
threshold=86.500000000000014 2.5000000000000004 0.22401433691756273
decision_type=2 2 2
left_child=-1 2 -2
right_child=1 -3 -4
leaf_value=0.06666602619959533 0.066666743535283846 0.06666674353568601 0.066666743532434417
leaf_weight=0.001028408310167441 0.0023845520911436316 0.077937927609923463 0.017827201037789564
leaf_count=774 1382 45211 10341
internal_value=0.0666667 0.0666667 0.0666667
internal_weight=0.0991781 0.0981497 0.0202118
internal_count=57708 56934 11723
is_linear=0
shrinkage=0.1


Tree=184
num_leaves=4
num_cat=0
split_feature=5 0 6
split_gain=1.81535e-12 6.93889e-18 3.46945e-18
threshold=88.500000000000014 4.5000000000000009 1652.5000000000002
decision_type=2 2 2
left_child=-1 2 -2
right_child=1 -3 -4
leaf_value=-0.066662529697819828 -0.066666723095127292 -0.066666723097570019 -0.066666723089193691
leaf_weight=0.0010465352676165543 0.035361135917128195 0.039037898802234849 0.0017705419757021437
leaf_count=957 26356 29077 1318
internal_value=-0.0666667 -0.0666667 -0.0666667
internal_weight=0.0772161 0.0761696 0.0371317
internal_count=57708 56751 27674
is_linear=0
shrinkage=0.1


Tree=185
num_leaves=2
num_cat=0
split_feature=7
split_gain=1.73472e-18
threshold=-1813.4999999999998
decision_type=2
left_child=-1
right_child=-2
leaf_value=-0.066666681604135344 -0.066666681548053247
leaf_weight=0.0042189441037833167 0.017743127022045155
leaf_count=11057 46651
internal_value=-0.0666667
internal_weight=0.0219621
internal_count=57708
is_linear=0
shrinkage=0.1


Tree=186
num_leaves=5
num_cat=0
split_feature=5 0 4 7
split_gain=5.88626e-14 6.93889e-18 6.93889e-18 4.33681e-19
threshold=88.500000000000014 12.500000000000002 4.5000000000000009 1583.5000000000002
decision_type=2 2 2 2
left_child=-1 2 3 -2
right_child=1 -3 -4 -5
leaf_value=0.066666017162269553 0.066666729420509288 0.066666729414094864 0.066666729425754676 0.066666729416244339
leaf_weight=0.0011763821277923489 0.0060326714287839414 0.0013061979848316687 0.077236316611106304 0.0010464684105500055
leaf_count=957 4040 865 51148 698
internal_value=0.0666667 0.0666667 0.0666667 0.0666667
internal_weight=0.086798 0.0856217 0.0843155 0.00707914
internal_count=57708 56751 55886 4738
is_linear=0
shrinkage=0.1


Tree=187
num_leaves=7
num_cat=0
split_feature=9 9 4 8 0 0
split_gain=1.96446e-12 1.04083e-17 1.30104e-18 2.60209e-18 2.1684e-19 2.1684e-19
threshold=2.9459064327485387 4.8675438596491238 28.500000000000004 1910.5000000000002 4.5000000000000009 4.5000000000000009
decision_type=2 2 2 2 2 2
left_child=-1 2 4 5 -2 -4
right_child=1 -3 3 -5 -6 -7
leaf_value=-0.066662277278166523 -0.06666671752561984 -0.06666671561236108 -0.066666720816177139 -0.066666715626145678 -0.066666715738868496 -0.066666720740053795
leaf_weight=0.0010122925243022376 0.00168238690923772 0.059125567673959267 0.0013238028092246168 0.0013426136108591891 0.0016024392891722528 0.001488396410650239
leaf_count=1039 1431 50341 1126 1142 1363 1266
internal_value=-0.0666666 -0.0666667 -0.0666667 -0.0666667 -0.0666667 -0.0666667
internal_weight=0.0675775 0.0665652 0.00743964 0.00415481 0.00328483 0.0028122
internal_count=57708 56669 6328 3534 2794 2392
is_linear=0
shrinkage=0.1


Tree=188
num_leaves=5
num_cat=0
split_feature=10 10 10 10
split_gain=1.73472e-18 8.67362e-19 2.1684e-19 2.1684e-19
threshold=0.65669642857142863 0.38165266106442575 0.34891304347826085 0.77346041055718484
decision_type=2 2 2 2
left_child=1 2 -1 -2
right_child=3 -3 -4 -5
leaf_value=-0.066666679472442161 -0.066666679482856178 -0.06666667946522456 -0.066666679441502591 -0.066666679470298529
leaf_weight=0.0026393212871497892 0.0027215950537323114 0.011743702489088612 0.0010419520744523736 0.0010740530059971387
leaf_count=7913 8167 35286 3125 3217
internal_value=-0.0666667 -0.0666667 -0.0666667 -0.0666667
internal_weight=0.0192206 0.015425 0.00368127 0.00379565
internal_count=57708 46324 11038 11384
is_linear=0
shrinkage=0.1


Tree=189
num_leaves=5
num_cat=0
split_feature=5 4 4 8
split_gain=8.89636e-14 6.93889e-18 2.1684e-19 1.0842e-19
threshold=88.500000000000014 3.5000000000000004 2.5000000000000004 494.50000000000006
decision_type=2 2 2 2
left_child=-1 2 3 -2
right_child=1 -3 -4 -5
leaf_value=0.066665790921811283 0.066666726883893648 0.066666726856761463 0.066666726883921473 0.06666672688389215
leaf_weight=0.001029541341433556 0.0010321386534997137 0.071076165042541106 0.0018158239563490497 0.0010096721271111164
leaf_count=957 810 53782 1374 785
internal_value=0.0666667 0.0666667 0.0666667 0.0666667
internal_weight=0.0759633 0.0749338 0.00385763 0.00204181
internal_count=57708 56751 2969 1595
is_linear=0
shrinkage=0.1


Tree=190
num_leaves=7
num_cat=0
split_feature=5 4 5 8 5 5
split_gain=1.91113e-12 6.93889e-18 3.46945e-18 3.25261e-18 2.1684e-19 2.1684e-19
threshold=91.500000000000014 29.500000000000004 106.50000000000001 2140.5000000000005 103.50000000000001 124.50000000000001
decision_type=2 2 2 2 2 2
left_child=-1 2 4 5 -2 -3
right_child=1 3 -4 -5 -6 -7
leaf_value=-0.066662486394065121 -0.06666670726414041 -0.066666713171301906 -0.066666707224223798 -0.066666707468469408 -0.06666670727440753 -0.066666713480290227
leaf_weight=0.0010927683698237481 0.0026247595365020962 0.0012511625268416529 0.050053577911739922 0.0012758538305206457 0.0012089739141174505 0.0016349450487496142
leaf_count=1240 2551 1216 48697 1240 1175 1589
internal_value=-0.0666666 -0.0666667 -0.0666667 -0.0666667 -0.0666667 -0.0666667
internal_weight=0.059142 0.0580493 0.0538873 0.00416196 0.00383373 0.00288611
internal_count=57708 56468 52423 4045 3726 2805
is_linear=0
shrinkage=0.1


Tree=191
num_leaves=1
num_cat=0
split_feature=
split_gain=
threshold=
decision_type=
left_child=
right_child=
leaf_value=0
leaf_weight=
leaf_count=57708
internal_value=
internal_weight=
internal_count=
is_linear=0
shrinkage=1


Tree=192
num_leaves=10
num_cat=0
split_feature=9 0 8 8 0 8 0 4 5
split_gain=1.17392e-13 3.46945e-18 3.46945e-18 3.46945e-18 1.73472e-18 1.73472e-18 8.67362e-19 8.67362e-19 4.33681e-19
threshold=2.9459064327485387 6.5000000000000009 -52.499999999999993 -976.49999999999989 7.5000000000000009 10086.500000000002 10.500000000000002 27.500000000000004 160.50000000000003
decision_type=2 2 2 2 2 2 2 2 2
left_child=-1 2 3 -2 -3 -4 7 8 -6
right_child=1 4 5 -5 6 -7 -8 -9 -10
leaf_value=0.066665632600195077 0.066666718336478289 0.066666718311537199 0.066666718305772407 0.066666718309453116 0.066666718310279038 0.066666718305280329 0.066666718305980602 0.066666718302052272 0.066666718302055117
leaf_weight=0.0010110591982903086 0.024014624627056967 0.0058195892135017848 0.020177156749468829 0.0033454415957976371 0.0069492186270281309 0.0011765995388941511 0.0029215368097084147 0.0010192498690457805 0.0010615229011818883
leaf_count=1039 20468 4957 17208 2855 5919 1002 2488 868 904
internal_value=0.0666667 0.0666667 0.0666667 0.0666667 0.0666667 0.0666667 0.0666667 0.0666667 0.0666667
internal_weight=0.067496 0.0664849 0.0487138 0.0273601 0.0177711 0.0213538 0.0119515 0.00902999 0.00801074
internal_count=57708 56669 41533 23323 15136 18210 10179 7691 6823
is_linear=0
shrinkage=0.1


Tree=193
num_leaves=5
num_cat=0
split_feature=5 0 0 4
split_gain=2.13748e-12 3.46945e-18 2.1684e-19 2.1684e-19
threshold=92.500000000000014 9.5000000000000018 11.500000000000002 18.500000000000004
decision_type=2 2 2 2
left_child=-1 -2 3 -3
right_child=1 2 -4 -5
leaf_value=-0.066662339970209303 -0.066666706649464169 -0.06666670664630639 -0.0666667066562035 -0.066666706649973484
leaf_weight=0.001146374733942467 0.046838371050398564 0.0014101486810886845 0.0013390111049602638 0.0010256447938559177
leaf_count=1451 52065 1566 1487 1139
internal_value=-0.0666666 -0.0666667 -0.0666667 -0.0666667
internal_weight=0.0517596 0.0506132 0.0037748 0.00243579
internal_count=57708 56257 4192 2705
is_linear=0
shrinkage=0.1


Tree=194
num_leaves=4
num_cat=0
split_feature=0 5 5
split_gain=8.67362e-19 8.67362e-19 4.33681e-19
threshold=9.5000000000000018 142.50000000000003 159.50000000000003
decision_type=2 2 2
left_child=1 -1 -3
right_child=-2 2 -4
leaf_value=-0.066666675403850753 -0.066666675361138392 -0.066666675320755348 -0.066666675317852919
leaf_weight=0.0098380812174935217 0.0011597034091153082 0.0032934918919522724 0.0014452488523204465
leaf_count=36141 4236 12050 5281
internal_value=-0.0666667 -0.0666667 -0.0666667
internal_weight=0.0157365 0.0145768 0.00473874
internal_count=57708 53472 17331
is_linear=0
shrinkage=0.1


Tree=195
num_leaves=5
num_cat=0
split_feature=5 0 6 6
split_gain=1.42407e-13 3.46945e-18 8.67362e-19 8.67362e-19
threshold=91.500000000000014 6.5000000000000009 954.50000000000011 3753.5000000000005
decision_type=2 2 2 2
left_child=-1 -2 -3 -4
right_child=1 2 3 -5
leaf_value=0.066665559779339176 0.066666712744178402 0.066666712749980761 0.066666712749648291 0.066666712766765515
leaf_weight=0.0010914368449613998 0.04231958569107519 0.0051753627228663382 0.0086478707577271052 0.0018364521694138611
leaf_count=1240 41228 5037 8416 1787
internal_value=0.0666667 0.0666667 0.0666667 0.0666667
internal_weight=0.0590707 0.0579793 0.0156597 0.0104843
internal_count=57708 56468 15240 10203
is_linear=0
shrinkage=0.1


Tree=196
num_leaves=3
num_cat=0
split_feature=5 0
split_gain=2.60237e-12 3.46945e-18
threshold=92.500000000000014 10.500000000000002
decision_type=2 2
left_child=-1 -2
right_child=1 -3
leaf_value=-0.066661554760271954 -0.066666705099635334 -0.066666705073680776
leaf_weight=0.0010032870632302451 0.042309355699444495 0.0019859478629200558
leaf_count=1451 53737 2520
internal_value=-0.0666666 -0.0666667
internal_weight=0.0452986 0.0442953
internal_count=57708 56257
is_linear=0
shrinkage=0.1


Tree=197
num_leaves=6
num_cat=0
split_feature=2 2 6 6 5
split_gain=1.73472e-18 8.67362e-19 8.67362e-19 4.33681e-19 2.1684e-19
threshold=8.5000000000000018 5.5000000000000009 2453.5000000000005 928.50000000000011 141.50000000000003
decision_type=2 2 2 2 2
left_child=1 2 3 -1 -3
right_child=-2 4 -4 -5 -6
leaf_value=-0.066666678544100591 -0.066666678528640722 -0.06666667854215802 -0.066666678553811476 -0.066666678552977712 -0.066666678530604428
leaf_weight=0.0068525479576892305 0.0010012973818516327 0.0019810146147742078 0.001003680310304845 0.0018830088626754088 0.0010506416960254228
leaf_count=28670 4266 8330 4189 7863 4390
internal_value=-0.0666667 -0.0666667 -0.0666667 -0.0666667 -0.0666667
internal_weight=0.0137722 0.0127709 0.00973924 0.00873556 0.00303166
internal_count=57708 53442 40722 36533 12720
is_linear=0
shrinkage=0.1


Tree=198
num_leaves=7
num_cat=0
split_feature=5 4 9 8 9 8
split_gain=1.77389e-13 6.93889e-18 3.46945e-18 1.73472e-18 1.30104e-18 2.1684e-19
threshold=92.500000000000014 30.500000000000004 5.2540322580645169 1910.5000000000002 4.8675438596491238 -3862.4999999999995
decision_type=2 2 2 2 2 2
left_child=-1 2 4 5 -2 -3
right_child=1 3 -4 -5 -6 -7
leaf_value=0.066665451685633384 0.066666707373363485 0.066666705708952362 0.066666710859948006 0.066666710277480917 0.066666710640544538 0.066666705141559812
leaf_weight=0.0011449771676991091 0.002959000541977729 0.0010612851012865576 0.042823663163915171 0.0010127161294803955 0.0015937230882627773 0.0011017565520319286
leaf_count=1451 3290 1180 47664 1126 1772 1225
internal_value=0.0666667 0.0666667 0.0666667 0.0666667 0.0666667 0.0666667
internal_weight=0.0516971 0.0505521 0.0473764 0.00317576 0.00455272 0.00216304
internal_count=57708 56257 52726 3531 5062 2405
is_linear=0
shrinkage=0.1


Tree=199
num_leaves=4
num_cat=0
split_feature=9 4 8
split_gain=2.60312e-12 3.46945e-18 6.50521e-19
threshold=3.3133928571428579 28.500000000000004 989.50000000000011
decision_type=2 2 2
left_child=-1 -2 -3
right_child=1 2 -4
leaf_value=-0.0666616939185119 -0.066666699572493146 -0.066666695721380301 -0.066666699066723165
leaf_weight=0.0010677098654066621 0.03627971625110149 0.0012938805361955011 0.0010028263857293496
leaf_count=1726 52652 1876 1454
internal_value=-0.0666666 -0.0666667 -0.0666667
internal_weight=0.0396441 0.0385764 0.00229671
internal_count=57708 55982 3330
is_linear=0
shrinkage=0.1


Tree=200
num_leaves=2
num_cat=0
split_feature=10
split_gain=1.73472e-18
threshold=0.6478537360890303
decision_type=2
left_child=-1
right_child=-2
leaf_value=-0.066666677906109181 -0.066666677901913704
leaf_weight=0.0095474512842696063 0.0025056074353173108
leaf_count=45725 11983
internal_value=-0.0666667
internal_weight=0.0120531
internal_count=57708
is_linear=0
shrinkage=0.1


Tree=201
num_leaves=4
num_cat=0
split_feature=5 0 6
split_gain=2.63498e-13 3.46945e-18 3.46945e-18
threshold=92.500000000000014 9.5000000000000018 -265.49999999999994
decision_type=2 2 2
left_child=-1 2 -2
right_child=1 -3 -4
leaf_value=0.066665062901883662 0.06666670276836241 0.066666702755404691 0.066666702763057251
leaf_weight=0.0010020583919113707 0.019274312987022306 0.0032996254039971964 0.02166795756062357
leaf_count=1451 24515 4192 27550
internal_value=0.0666667 0.0666667 0.0666667
internal_weight=0.045244 0.0442419 0.0409423
internal_count=57708 56257 52065
is_linear=0
shrinkage=0.1


Tree=202
num_leaves=3
num_cat=0
split_feature=5 9
split_gain=2.92635e-12 3.46945e-18
threshold=95.500000000000014 3.8248081841432229
decision_type=2 2
left_child=-1 -2
right_child=1 -3
leaf_value=-0.06666126613210327 -0.066666694722560191 -0.066666697960298976
leaf_weight=0.0010219802752211285 0.0015440376355968502 0.032129482808272769
leaf_count=1871 2558 53279
internal_value=-0.0666665 -0.0666667
internal_weight=0.0346955 0.0336735
internal_count=57708 55837
is_linear=0
shrinkage=0.1


Tree=203
num_leaves=2
num_cat=0
split_feature=7
split_gain=1.73472e-18
threshold=2676.5000000000005
decision_type=2
left_child=-1
right_child=-2
leaf_value=-0.066666679358228911 -0.06666667954373659
leaf_weight=0.009502663660824754 0.0010458559574857427
leaf_count=52009 5699
internal_value=-0.0666667
internal_weight=0.0105485
internal_count=57708
is_linear=0
shrinkage=0.1


Tree=204
num_leaves=3
num_cat=0
split_feature=9 8
split_gain=3.19769e-13 3.46945e-18
threshold=3.3133928571428579 -9756.9999999999982
decision_type=2 2
left_child=-1 -2
right_child=1 -3
leaf_value=0.066664938833584514 0.06666669458346039 0.066666694257508777
leaf_weight=0.0010664054878283804 0.0015361882593083456 0.036993721954274861
leaf_count=1726 2230 53752
internal_value=0.0666666 0.0666667
internal_weight=0.0395963 0.0385299
internal_count=57708 55982
is_linear=0
shrinkage=0.1


Tree=205
num_leaves=4
num_cat=0
split_feature=5 9 4
split_gain=3.07769e-12 3.46945e-18 8.67362e-19
threshold=96.500000000000014 4.8198051948051956 29.500000000000004
decision_type=2 2 2
left_child=-1 2 -2
right_child=1 -3 -4
leaf_value=-0.066661169318056934 -0.066666691311779921 -0.066666686455447322 -0.06666668813984987
leaf_weight=0.0010470907427858602 0.0013497099560595407 0.026018498409200674 0.00194929330280047
leaf_count=2160 2555 49303 3690
internal_value=-0.0666665 -0.0666667 -0.0666667
internal_weight=0.0303646 0.0293175 0.003299
internal_count=57708 55548 6245
is_linear=0
shrinkage=0.1


Tree=206
num_leaves=3
num_cat=0
split_feature=0 0
split_gain=8.67362e-19 8.67362e-19
threshold=8.5000000000000018 6.5000000000000009
decision_type=2 2
left_child=1 -1
right_child=-2 -3
leaf_value=-0.066666674026736636 -0.066666674040946866 -0.06666667403514541
leaf_weight=0.0067601895529920972 0.0010797680316443356 0.0013918300683980296
leaf_count=42312 6723 8673
internal_value=-0.0666667 -0.0666667
internal_weight=0.00923179 0.00815202
internal_count=57708 50985
is_linear=0
shrinkage=0.1


Tree=207
num_leaves=5
num_cat=0
split_feature=5 0 4 4
split_gain=4.36791e-13 1.73472e-18 1.73472e-18 8.67362e-19
threshold=95.500000000000014 7.5000000000000009 16.500000000000004 31.500000000000004
decision_type=2 2 2 2
left_child=-1 2 -2 -4
right_child=1 -3 3 -5
leaf_value=0.066664593548622281 0.066666693382874065 0.066666693309589853 0.066666693368347921 0.066666692400355526
leaf_weight=0.0010207319220590641 0.017857932250592512 0.0061463712324325561 0.0083089034693557551 0.0013197110626492767
leaf_count=1871 29670 10196 13782 2189
internal_value=0.0666666 0.0666667 0.0666667 0.0666667
internal_weight=0.0346536 0.0336329 0.0274865 0.00962861
internal_count=57708 55837 45641 15971
is_linear=0
shrinkage=0.1


Tree=208
num_leaves=4
num_cat=0
split_feature=9 9 0
split_gain=3.36736e-12 5.20417e-18 2.1684e-19
threshold=3.588989441930619 5.0138888888888902 5.5000000000000009
decision_type=2 2 2
left_child=-1 2 -2
right_child=1 -3 -4
leaf_value=-0.066660898916224551 -0.066666687008311465 -0.066666691134135592 -0.066666688171657953
leaf_weight=0.0010449064076644135 0.00150023611644201 0.022882595219954283 0.0011465577143781047
leaf_count=2438 3245 49545 2480
internal_value=-0.0666665 -0.0666667 -0.0666667
internal_weight=0.0265743 0.0255294 0.00264679
internal_count=57708 55270 5725
is_linear=0
shrinkage=0.1


Tree=209
num_leaves=3
num_cat=0
split_feature=2 6
split_gain=8.67362e-19 1.0842e-19
threshold=2.5000000000000004 -428.49999999999994
decision_type=2 2
left_child=1 -1
right_child=-2 -3
leaf_value=-0.066666668742087085 -0.066666668563378884 -0.066666668536810178
leaf_weight=0.0010342400569243182 0.0060411589937750506 0.0010040196774853136
leaf_count=7366 43187 7155
internal_value=-0.0666667 -0.0666667
internal_weight=0.00807942 0.00203826
internal_count=57708 14521
is_linear=0
shrinkage=0.1


Tree=210
num_leaves=4
num_cat=0
split_feature=5 4 4
split_gain=5.52598e-13 3.46945e-18 4.33681e-19
threshold=96.500000000000014 25.500000000000004 34.500000000000007
decision_type=2 2 2
left_child=-1 -2 -3
right_child=1 2 -4
leaf_value=0.066664348981938182 0.066666688228500165 0.066666688712980759 0.066666690446864851
leaf_weight=0.001045808929444377 0.025675825992436785 0.0025853653638705501 0.001020963102632777
leaf_count=2160 48713 4900 1935
internal_value=0.0666666 0.0666667 0.0666667
internal_weight=0.030328 0.0292822 0.00360633
internal_count=57708 55548 6835
is_linear=0
shrinkage=0.1


Tree=211
num_leaves=10
num_cat=0
split_feature=9 0 0 6 6 0 1 7 7
split_gain=3.83597e-12 1.73472e-18 8.67362e-19 8.67362e-19 8.67362e-19 4.33681e-19 4.33681e-19 4.33681e-19 2.1684e-19
threshold=3.6779953917050698 5.5000000000000009 4.5000000000000009 886.50000000000011 186.50000000000003 6.5000000000000009 3.5000000000000004 -2255.4999999999995 235.50000000000003
decision_type=2 2 2 2 2 2 2 2 2
left_child=-1 2 3 4 7 8 -7 -2 -3
right_child=1 5 -4 -5 -6 6 -8 -9 -10
leaf_value=-0.066660371037397539 -0.066666683280325323 -0.066666683130359242 -0.06666668309308324 -0.06666668306255473 -0.066666683062320403 -0.066666683064438889 -0.066666683126327939 -0.06666668308929917 -0.06666668305845283
leaf_weight=0.0010063348491714521 0.0022350824317527457 0.0011102540922536264 0.0029686333183747146 0.0013659668956051982 0.0012466067076388762 0.0039680207314347626 0.0019405168707748999 0.0061076071781940282 0.0013081074940544113
leaf_count=2665 5525 2746 7347 3377 3085 9809 4796 15122 3236
internal_value=-0.0666664 -0.0666667 -0.0666667 -0.0666667 -0.0666667 -0.0666667 -0.0666667 -0.0666667 -0.0666667
internal_weight=0.0232571 0.0222508 0.0139239 0.0109553 0.0095893 0.0083269 0.00590854 0.00834269 0.00241836
internal_count=57708 55043 34456 27109 23732 20587 14605 20647 5982
is_linear=0
shrinkage=0.1


Tree=212
num_leaves=3
num_cat=0
split_feature=0 3
split_gain=4.33681e-19 2.1684e-19
threshold=5.5000000000000009 5.5000000000000009
decision_type=2 2
left_child=-1 -2
right_child=1 -3
leaf_value=-0.066666672367601779 -0.066666672398751542 -0.066666672389102649
leaf_weight=0.0044082502308215726 0.0014652233542196275 0.001197421899428586
leaf_count=36047 11916 9745
internal_value=-0.0666667 -0.0666667
internal_weight=0.0070709 0.00266265
internal_count=57708 21661
is_linear=0
shrinkage=0.1


Tree=213
num_leaves=6
num_cat=0
split_feature=9 7 1 0 4
split_gain=7.22119e-13 5.20417e-18 1.73472e-18 4.33681e-19 2.1684e-19
threshold=3.588989441930619 -1968.4999999999998 1.0000000180025095e-35 4.5000000000000009 13.500000000000002
decision_type=2 2 2 2 2
left_child=-1 3 -3 4 -2
right_child=1 2 -4 -5 -6
leaf_value=0.066664006001252149 0.066666686660912397 0.066666686295456343 0.066666690381123925 0.066666689225551704 0.06666668852118314
leaf_weight=0.0010436336089572678 0.0018950856923538586 0.0013294172808855356 0.019903399417358969 0.0011045424427891248 0.0012661597738485852
leaf_count=2438 4105 2880 43151 2392 2742
internal_value=0.0666666 0.0666667 0.0666667 0.0666667 0.0666667
internal_weight=0.0265422 0.0254986 0.0212328 0.00426579 0.00316125
internal_count=57708 55270 46031 9239 6847
is_linear=0
shrinkage=0.1


Tree=214
num_leaves=3
num_cat=0
split_feature=9 5
split_gain=4.07062e-12 1.73472e-18
threshold=3.8248081841432229 107.50000000000001
decision_type=2 2
left_child=-1 -2
right_child=1 -3
leaf_value=-0.06666027411838038 -0.066666680133294964 -0.0666666787385609
leaf_weight=0.00104609938690045 0.0016129668344433403 0.017694970893472828
leaf_count=3132 4555 50021
internal_value=-0.0666663 -0.0666667
internal_weight=0.020354 0.0193079
internal_count=57708 54576
is_linear=0
shrinkage=0.1


Tree=215
num_leaves=2
num_cat=0
split_feature=0
split_gain=4.33681e-19
threshold=6.5000000000000009
decision_type=2
left_child=-1
right_child=-2
leaf_value=-0.066666668999075293 -0.06666666898326247
leaf_weight=0.0045315013719012809 0.001656762290383417
leaf_count=42312 15396
internal_value=-0.0666667
internal_weight=0.00618826
internal_count=57708
is_linear=0
shrinkage=0.1


Tree=216
num_leaves=4
num_cat=0
split_feature=9 0 4
split_gain=9.7279e-13 1.73472e-18 2.1684e-19
threshold=3.6779953917050698 7.5000000000000009 17.500000000000004
decision_type=2 2 2
left_child=-1 -2 -3
right_child=1 2 -4
leaf_value=0.066663502543777439 0.066666683137008534 0.066666683102410182 0.066666683155809828
leaf_weight=0.0010051100520068737 0.018259918117877305 0.0024053419766403286 0.0015587035011606076
leaf_count=2665 45233 5953 3857
internal_value=0.0666665 0.0666667 0.0666667
internal_weight=0.0232291 0.022224 0.00396405
internal_count=57708 55043 9810
is_linear=0
shrinkage=0.1


Tree=217
num_leaves=5
num_cat=0
split_feature=9 0 7 4
split_gain=4.49909e-12 8.67362e-19 8.67362e-19 2.1684e-19
threshold=3.9622507122507127 2.5000000000000004 3147.5000000000005 14.500000000000002
decision_type=2 2 2 2
left_child=-1 3 -3 -2
right_child=1 2 -4 -5
leaf_value=-0.06665995002116637 -0.066666681812933476 -0.06666668189080073 -0.06666668194917251 -0.066666681860286583
leaf_weight=0.0010553020810949573 0.0023388437877827064 0.012191906736973124 0.0010530506389727643 0.0011742240583316743
leaf_count=3583 7556 39382 3398 3789
internal_value=-0.0666663 -0.0666667 -0.0666667 -0.0666667
internal_weight=0.0178133 0.016758 0.013245 0.00351307
internal_count=57708 54125 42780 11345
is_linear=0
shrinkage=0.1


Tree=218
num_leaves=2
num_cat=0
split_feature=8
split_gain=8.67362e-19
threshold=2084.5000000000005
decision_type=2
left_child=-1
right_child=-2
leaf_value=-0.066666668460572953 -0.066666670387128243
leaf_weight=0.0034956868606295889 0.0019201207045293073
leaf_count=37255 20453
internal_value=-0.0666667
internal_weight=0.00541581
internal_count=57708
is_linear=0
shrinkage=0.1


Tree=219
num_leaves=2
num_cat=0
split_feature=9
split_gain=1.21136e-12
threshold=3.8248081841432229
decision_type=2
left_child=-1
right_child=-2
leaf_value=0.066663185470582906 0.066666681466015704
leaf_weight=0.0010448289294250684 0.019284653510169392
leaf_count=3132 54576
internal_value=0.0666665
internal_weight=0.0203295
internal_count=57708
is_linear=0
shrinkage=0.1


Tree=220
num_leaves=5
num_cat=0
split_feature=5 7 5 5
split_gain=5.09384e-12 1.73472e-18 8.67362e-19 2.1684e-19
threshold=103.50000000000001 2160.5000000000005 143.50000000000003 158.50000000000003
decision_type=2 2 2 2
left_child=-1 2 -2 -3
right_child=1 3 -4 -5
leaf_value=-0.066659452788732074 -0.066666677254444015 -0.066666677282061479 -0.066666677169624433 -0.066666677170865982
leaf_weight=0.0010461759200484375 0.0090416410687339521 0.0012866652336356319 0.0031738045522047295 0.0010414809032397443
leaf_count=4035 33365 4746 11722 3840
internal_value=-0.0666662 -0.0666667 -0.0666667 -0.0666667
internal_weight=0.0155898 0.0145436 0.0122154 0.00232815
internal_count=57708 53673 45087 8586
is_linear=0
shrinkage=0.1


Tree=221
num_leaves=2
num_cat=0
split_feature=7
split_gain=4.33681e-19
threshold=-1562.4999999999998
decision_type=2
left_child=-1
right_child=-2
leaf_value=-0.066666671826416904 -0.066666669968432957
leaf_weight=0.001080631630014442 0.0036591429758322646
leaf_count=13135 44573
internal_value=-0.0666667
internal_weight=0.00473977
internal_count=57708
is_linear=0
shrinkage=0.1


Tree=222
num_leaves=4
num_cat=0
split_feature=9 5 1
split_gain=1.55845e-12 2.60209e-18 8.67362e-19
threshold=3.9622507122507127 105.50000000000001 3.5000000000000004
decision_type=2 2 2
left_child=-1 -2 -3
right_child=1 2 -4
leaf_value=0.066662720098805237 0.066666680133910625 0.066666684883094254 0.066666684884854055
leaf_weight=0.0010540171868549308 0.0011554920259584369 0.0095294811289079462 0.0060528470936844778
leaf_count=3583 3733 30820 19572
internal_value=0.0666664 0.0666667 0.0666667
internal_weight=0.0177918 0.0167378 0.0155823
internal_count=57708 54125 50392
is_linear=0
shrinkage=0.1


Tree=223
num_leaves=4
num_cat=0
split_feature=9 0 4
split_gain=5.84477e-12 1.73472e-18 4.33681e-19
threshold=4.2076149425287364 5.5000000000000009 16.500000000000004
decision_type=2 2 2
left_child=-1 2 -2
right_child=1 -3 -4
leaf_value=-0.066658855825640947 -0.066666680314548629 -0.066666680368972608 -0.066666680247040033
leaf_weight=0.0010328635784046395 0.0056744248729501123 0.0046955292250032707 0.0022409510832517299
leaf_count=4529 23949 19789 9441
internal_value=-0.0666661 -0.0666667 -0.0666667
internal_weight=0.0136438 0.0126109 0.00791538
internal_count=57708 53179 33390
is_linear=0
shrinkage=0.1


Tree=224
num_leaves=2
num_cat=0
split_feature=2
split_gain=4.33681e-19
threshold=3.5000000000000004
decision_type=2
left_child=-1
right_child=-2
leaf_value=-0.066666668440521396 -0.066666668416477906
leaf_weight=0.0017161787870005243 0.0024319500833563934
leaf_count=23817 33891
internal_value=-0.0666667
internal_weight=0.00414813
internal_count=57708
is_linear=0
shrinkage=0.1


Tree=225
num_leaves=6
num_cat=0
split_feature=5 4 7 4 7
split_gain=2.03094e-12 1.73472e-18 8.67362e-19 2.1684e-19 2.1684e-19
threshold=103.50000000000001 22.500000000000004 -1620.4999999999998 27.500000000000004 -2330.4999999999995
decision_type=2 2 2 2 2
left_child=-1 2 4 -3 -2
right_child=1 3 -4 -5 -6
leaf_value=0.06666211509468957 0.066666677211381392 0.066666679488220304 0.066666680129061906 0.066666678899267237 0.066666678944853994
leaf_weight=0.0010448996193450086 0.0012723791324162903 0.0012986563259858039 0.0095781944635007221 0.0013590905844580448 0.0010177407443450201
leaf_count=4035 4698 4794 35404 5017 3760
internal_value=0.0666664 0.0666667 0.0666667 0.0666667 0.0666667
internal_weight=0.015571 0.0145261 0.0118683 0.00265775 0.00229012
internal_count=57708 53673 43862 9811 8458
is_linear=0
shrinkage=0.1


Tree=226
num_leaves=3
num_cat=0
split_feature=9 6
split_gain=6.89332e-12 8.67362e-19
threshold=4.3230550284629983 2668.5000000000005
decision_type=2 2
left_child=-1 -2
right_child=1 -3
leaf_value=-0.066658002612667341 -0.066666675814955279 -0.066666675787776533
leaf_weight=0.0010001378699349009 0.0099162094061142625 0.0010243376838445792
leaf_count=4992 47785 4931
internal_value=-0.0666659 -0.0666667
internal_weight=0.0119407 0.0109405
internal_count=57708 52716
is_linear=0
shrinkage=0.1


Tree=227
num_leaves=2
num_cat=0
split_feature=0
split_gain=2.1684e-19
threshold=5.5000000000000009
decision_type=2
left_child=-1
right_child=-2
leaf_value=-0.066666670357341015 -0.066666670388298974
leaf_weight=0.0022632867356930514 0.0013670494674211694
leaf_count=36047 21661
internal_value=-0.0666667
internal_weight=0.00363034
internal_count=57708
is_linear=0
shrinkage=0.1


Tree=228
num_leaves=5
num_cat=0
split_feature=9 2 6 6
split_gain=2.66162e-12 1.73472e-18 8.67362e-19 8.67362e-19
threshold=4.2076149425287364 7.5000000000000009 2011.5000000000002 1305.5000000000002
decision_type=2 2 2 2
left_child=-1 2 3 -2
right_child=1 -3 -4 -5
leaf_value=0.066661395148229427 0.066666678450644987 0.066666678440708019 0.06666667863452691 0.066666678622289283
leaf_weight=0.0010316117173820591 0.0083050707679177549 0.001543139197664801 0.0016894134165710293 0.0010580764261618478
leaf_count=4529 35078 6511 7126 4464
internal_value=0.0666663 0.0666667 0.0666667 0.0666667
internal_weight=0.0136273 0.0125957 0.0110526 0.00936315
internal_count=57708 53179 46668 39542
is_linear=0
shrinkage=0.1


Tree=229
num_leaves=5
num_cat=0
split_feature=9 1 1 6
split_gain=7.84516e-12 8.67362e-19 4.33681e-19 2.1684e-19
threshold=4.5064102564102573 5.5000000000000009 3.5000000000000004 -762.49999999999989
decision_type=2 2 2 2
left_child=-1 2 -2 -4
right_child=1 -3 3 -5
leaf_value=-0.066657389005903095 -0.066666671977532427 -0.066666672871900021 -0.06666667232538713 -0.066666672071379315
leaf_weight=0.0010074872743705979 0.0055479176411807885 0.0011677317658325146 0.0012548108348084952 0.0014722456314046894
leaf_count=5719 30549 6423 6910 8107
internal_value=-0.0666658 -0.0666667 -0.0666667 -0.0666667
internal_weight=0.0104502 0.00944271 0.00827497 0.00272706
internal_count=57708 51989 45566 15017
is_linear=0
shrinkage=0.1


Tree=230
num_leaves=2
num_cat=0
split_feature=4
split_gain=2.1684e-19
threshold=16.500000000000004
decision_type=2
left_child=-1
right_child=-2
leaf_value=-0.066666668703397131 -0.066666668795832149
leaf_weight=0.0019941865219607752 0.0011829916055408106
leaf_count=36211 21497
internal_value=-0.0666667
internal_weight=0.00317718
internal_count=57708
is_linear=0
shrinkage=0.1


Tree=231
num_leaves=6
num_cat=0
split_feature=9 7 4 4 1
split_gain=3.37603e-12 1.73472e-18 4.33681e-19 4.33681e-19 2.1684e-19
threshold=4.3858560794044674 -1454.4999999999998 21.500000000000004 17.500000000000004 4.5000000000000009
decision_type=2 2 2 2 2
left_child=-1 4 3 -3 -2
right_child=1 2 -4 -5 -6
leaf_value=0.066660732807723597 0.066666674350082875 0.066666677393442203 0.066666675537222039 0.066666677253301054 0.066666674478654001
leaf_weight=0.0010476870446281964 0.0012984363598320678 0.0059070655359079183 0.0012785155278010052 0.0011411610317111354 0.0012534180501120318
leaf_count=5227 6262 28513 6162 5500 6044
internal_value=0.0666662 0.0666667 0.0666667 0.0666667 0.0666667
internal_weight=0.0119263 0.0108786 0.00832674 0.00704823 0.00255185
internal_count=57708 52481 40175 34013 12306
is_linear=0
shrinkage=0.1


Tree=232
num_leaves=3
num_cat=0
split_feature=5 0
split_gain=8.84435e-12 4.33681e-19
threshold=109.50000000000001 5.5000000000000009
decision_type=2 2
left_child=-1 -2
right_child=1 -3
leaf_value=-0.066656837232344709 -0.066666674061938977 -0.066666674055656447
leaf_weight=0.0010300257308335304 0.0049410036122878864 0.0031747273652058539
leaf_count=6651 31097 19960
internal_value=-0.0666656 -0.0666667
internal_weight=0.00914576 0.00811573
internal_count=57708 51057
is_linear=0
shrinkage=0.1


Tree=233
num_leaves=1
num_cat=0
split_feature=
split_gain=
threshold=
decision_type=
left_child=
right_child=
leaf_value=0
leaf_weight=
leaf_count=57708
internal_value=
internal_weight=
internal_count=
is_linear=0
shrinkage=1


Tree=234
num_leaves=5
num_cat=0
split_feature=5 7 9 4
split_gain=4.53902e-12 2.60209e-18 1.30104e-18 4.33681e-19
threshold=107.50000000000001 -2107.4999999999995 5.3469899665551841 18.500000000000004
decision_type=2 2 2 2
left_child=-1 -2 -3 -4
right_child=1 2 3 -5
leaf_value=0.066659630219269864 0.066666674700565809 0.0666666759697431 0.066666679359849906 0.066666679256960723
leaf_weight=0.0010098786786881262 0.001093737708757204 0.0012275268586989796 0.0059264166764876336 0.0013477933764676209
leaf_count=5651 5929 6653 32170 7305
internal_value=0.066666 0.0666667 0.0666667 0.0666667
internal_weight=0.0106054 0.00959547 0.00850174 0.00727421
internal_count=57708 52057 46128 39475
is_linear=0
shrinkage=0.1


Tree=235
num_leaves=4
num_cat=0
split_feature=9 0 4
split_gain=1.11363e-11 4.33681e-19 4.33681e-19
threshold=4.8675438596491238 7.5000000000000009 17.500000000000004
decision_type=2 2 2
left_child=-1 2 -2
right_child=1 -3 -4
leaf_value=-0.066655396751500354 -0.066666672096918261 -0.06666667194015212 -0.066666671937667774
leaf_weight=0.0010011933221921593 0.0044985747303059043 0.001218564439497527 0.0012858209499313489
leaf_count=7367 32355 8752 9234
internal_value=-0.0666653 -0.0666667 -0.0666667
internal_weight=0.00800415 0.00700296 0.0057844
internal_count=57708 50341 41589
is_linear=0
shrinkage=0.1


Tree=236
num_leaves=2
num_cat=0
split_feature=7
split_gain=2.1684e-19
threshold=597.50000000000011
decision_type=2
left_child=-1
right_child=-2
leaf_value=-0.066666667126370968 -0.066666666882498379
leaf_weight=0.0015952512650561205 0.0010060118569972659
leaf_count=35438 22270
internal_value=-0.0666667
internal_weight=0.00260126
internal_count=57708
is_linear=0
shrinkage=0.1


Tree=237
num_leaves=3
num_cat=0
split_feature=9 5
split_gain=5.79781e-12 8.67362e-19
threshold=4.6708333333333343 114.50000000000001
decision_type=2 2
left_child=-1 -2
right_child=1 -3
leaf_value=0.066658662271955063 0.066666672578608727 0.06666667113488059
leaf_weight=0.0010148114946267337 0.0012083158256501747 0.0070584259172363772
leaf_count=6462 7483 43763
internal_value=0.0666658 0.0666667
internal_weight=0.00928155 0.00826674
internal_count=57708 51246
is_linear=0
shrinkage=0.1


Tree=238
num_leaves=3
num_cat=0
split_feature=9 7
split_gain=1.29662e-11 8.67362e-19
threshold=5.0678160919540236 -1175.4999999999998
decision_type=2 2
left_child=-1 -2
right_child=1 -3
leaf_value=-0.066654375537712293 -0.066666672928180057 -0.066666670626203198
leaf_weight=0.0010005517392592464 0.0016465521636490621 0.0043579503725794666
leaf_count=8387 13520 35801
internal_value=-0.0666649 -0.0666667
internal_weight=0.00700505 0.0060045
internal_count=57708 49321
is_linear=0
shrinkage=0.1


Tree=239
num_leaves=2
num_cat=0
split_feature=7
split_gain=2.1684e-19
threshold=-211.49999999999997
decision_type=2
left_child=-1
right_child=-2
leaf_value=-0.06666666783784897 -0.066666668787846356
leaf_weight=0.0010484592420333607 0.0012281022908038342
leaf_count=26592 31116
internal_value=-0.0666667
internal_weight=0.00227656
internal_count=57708
is_linear=0
shrinkage=0.1


Tree=240
num_leaves=5
num_cat=0
split_feature=5 8 4 8
split_gain=7.50883e-12 1.30104e-18 4.33681e-19 6.50521e-19
threshold=110.50000000000001 3762.5000000000005 21.500000000000004 1225.5000000000002
decision_type=2 2 2 2
left_child=-1 2 3 -2
right_child=1 -3 -4 -5
leaf_value=0.066657441124615455 0.066666668712571694 0.066666672414107023 0.066666671220487805 0.066666671004851671
leaf_weight=0.0010061455002389474 0.0030419677706277071 0.0019788555176489808 0.0010892981660219903 0.0010067349981000007
leaf_count=7297 21560 14010 7708 7133
internal_value=0.0666655 0.0666667 0.0666667 0.0666667
internal_weight=0.008123 0.00711686 0.005138 0.0040487
internal_count=57708 50411 36401 28693
is_linear=0
shrinkage=0.1


Tree=241
num_leaves=3
num_cat=0
split_feature=9 5
split_gain=1.47631e-11 4.33681e-19
threshold=5.3469899665551841 129.50000000000003
decision_type=2 2
left_child=-1 -2
right_child=1 -3
leaf_value=-0.066653503451285762 -0.066666668318351288 -0.066666666913603234
leaf_weight=0.0010224497082930994 0.0018886491733596245 0.0032195743601377558
leaf_count=9763 17709 30236
internal_value=-0.0666645 -0.0666667
internal_weight=0.00613067 0.00510822
internal_count=57708 47945
is_linear=0
shrinkage=0.1


Tree=242
num_leaves=1
num_cat=0
split_feature=
split_gain=
threshold=
decision_type=
left_child=
right_child=
leaf_value=0
leaf_weight=
leaf_count=57708
internal_value=
internal_weight=
internal_count=
is_linear=0
shrinkage=1


Tree=243
num_leaves=4
num_cat=0
split_feature=9 5 5
split_gain=9.6641e-12 4.33681e-19 4.33681e-19
threshold=5.0138888888888902 136.50000000000003 116.50000000000001
decision_type=2 2 2
left_child=-1 2 -2
right_child=1 -3 -4
leaf_value=0.06665610471053178 0.066666673478858005 0.066666675953852159 0.066666675886271606
leaf_weight=0.0010044075747926151 0.0010486684303856464 0.0029785460215236981 0.0021976574133333315
leaf_count=8163 8338 23721 17486
internal_value=0.0666652 0.0666667 0.0666667
internal_weight=0.00722928 0.00622487 0.00324633
internal_count=57708 49545 25824
is_linear=0
shrinkage=0.1


Tree=244
num_leaves=3
num_cat=0
split_feature=9 8
split_gain=1.83498e-11 1.51788e-18
threshold=5.5741758241758248 1225.5000000000002
decision_type=2 2
left_child=-1 -2
right_child=1 -3
leaf_value=-0.066651693624498895 -0.066666672594278872 -0.066666675662833394
leaf_weight=0.0010064958821486836 0.0024349075902421191 0.0019240407348064537
leaf_count=10959 26120 20629
internal_value=-0.0666639 -0.0666667
internal_weight=0.00536544 0.00435895
internal_count=57708 46749
is_linear=0
shrinkage=0.1


Tree=245
num_leaves=1
num_cat=0
split_feature=
split_gain=
threshold=
decision_type=
left_child=
right_child=
leaf_value=0
leaf_weight=
leaf_count=57708
internal_value=
internal_weight=
internal_count=
is_linear=0
shrinkage=1


Tree=246
num_leaves=3
num_cat=0
split_feature=5 2
split_gain=1.23523e-11 4.33681e-19
threshold=113.50000000000001 6.5000000000000009
decision_type=2 2
left_child=-1 -2
right_child=1 -3
leaf_value=0.066654604669761405 0.066666672708760782 0.066666672763836352
leaf_weight=0.0010050083409051669 0.0044182917316035741 0.0010160706969983835
leaf_count=9148 39484 9076
internal_value=0.0666648 0.0666667
internal_weight=0.00643937 0.00543436
internal_count=57708 48560
is_linear=0
shrinkage=0.1


Tree=247
num_leaves=4
num_cat=0
split_feature=9 7 2
split_gain=2.2104e-11 6.50521e-19 2.1684e-19
threshold=5.8811764705882359 -802.49999999999989 4.5000000000000009
decision_type=2 2 2
left_child=-1 -2 -3
right_child=1 2 -4
leaf_value=-0.066649985864935965 -0.066666668593516179 -0.066666666741773933 -0.066666666835541011
leaf_weight=0.0010127539123036058 0.0012330334029613255 0.0012589187547931147 0.0011910355296507191
leaf_count=12573 15107 15438 14590
internal_value=-0.0666631 -0.0666667 -0.0666667
internal_weight=0.00469574 0.00368299 0.00244995
internal_count=57708 45135 30028
is_linear=0
shrinkage=0.1


Tree=248
num_leaves=1
num_cat=0
split_feature=
split_gain=
threshold=
decision_type=
left_child=
right_child=
leaf_value=0
leaf_weight=
leaf_count=57708
internal_value=
internal_weight=
internal_count=
is_linear=0
shrinkage=1


Tree=249
num_leaves=4
num_cat=0
split_feature=9 5 5
split_gain=1.57672e-11 4.33681e-19 2.1684e-19
threshold=5.4361413043478271 144.50000000000003 132.50000000000003
decision_type=2 2 2
left_child=-1 2 -2
right_child=1 -3 -4
leaf_value=0.066652876449680612 0.066666670417580898 0.066666669188425454 0.06666666928590366
leaf_weight=0.0010045049176671816 0.002055570701053 0.0015603867497091528 0.0011203548333327262
leaf_count=10234 20587 15642 11245
internal_value=0.0666643 0.0666667 0.0666667
internal_weight=0.00574082 0.00473631 0.00317593
internal_count=57708 47474 31832
is_linear=0
shrinkage=0.1


Tree=250
num_leaves=2
num_cat=0
split_feature=9
split_gain=2.68449e-11
threshold=6.2034482758620699
decision_type=2
left_child=-1
right_child=-2
leaf_value=-0.066647895025413448 -0.066666669986060606
leaf_weight=0.0010095669438059708 0.0031000745003169072
leaf_count=14296 43412
internal_value=-0.0666621
internal_weight=0.00410964
internal_count=57708
is_linear=0
shrinkage=0.1


Tree=251
num_leaves=1
num_cat=0
split_feature=
split_gain=
threshold=
decision_type=
left_child=
right_child=
leaf_value=0
leaf_weight=
leaf_count=57708
internal_value=
internal_weight=
internal_count=
is_linear=0
shrinkage=1


Tree=252
num_leaves=3
num_cat=0
split_feature=9 0
split_gain=2.01342e-11 2.1684e-19
threshold=5.6530100334448177 5.5000000000000009
decision_type=2 2
left_child=-1 -2
right_child=1 -3
leaf_value=0.066650864575124272 0.066666671859842319 0.066666671871059929
leaf_weight=0.0010016371671520696 0.0026240582866421391 0.0014969883374575943
leaf_count=11415 29488 16805
internal_value=0.0666636 0.0666667
internal_weight=0.00512268 0.00412105
internal_count=57708 46293
is_linear=0
shrinkage=0.1


Tree=253
num_leaves=2
num_cat=0
split_feature=9
split_gain=3.25391e-11
threshold=6.552777777777778
decision_type=2
left_child=-1
right_child=-2
leaf_value=-0.066645466016099178 -0.066666671820727649
leaf_weight=0.0010036760636580218 0.0025930329757244408
leaf_count=16215 41493
internal_value=-0.0666608
internal_weight=0.00359671
internal_count=57708
is_linear=0
shrinkage=0.1


Tree=254
num_leaves=1
num_cat=0
split_feature=
split_gain=
threshold=
decision_type=
left_child=
right_child=
leaf_value=0
leaf_weight=
leaf_count=57708
internal_value=
internal_weight=
internal_count=
is_linear=0
shrinkage=1


Tree=255
num_leaves=2
num_cat=0
split_feature=9
split_gain=2.53756e-11
threshold=5.9148550724637685
decision_type=2
left_child=-1
right_child=-2
leaf_value=0.066648690386402323 0.066666671262995816
leaf_weight=0.0010061016720236959 0.003569269217663873
leaf_count=12815 44893
internal_value=0.0666627
internal_weight=0.00457537
internal_count=57708
is_linear=0
shrinkage=0.1


Tree=256
num_leaves=3
num_cat=0
split_feature=9 7
split_gain=3.88727e-11 2.1684e-19
threshold=6.9821428571428585 235.50000000000003
decision_type=2 2
left_child=-1 -2
right_child=1 -3
leaf_value=-0.066642814490596364 -0.066666667301190918 -0.066666666706529806
leaf_weight=0.0010025413450301009 0.0011398552955590446 0.0010054151937985978
leaf_count=18481 20850 18377
internal_value=-0.0666591 -0.0666667
internal_weight=0.00314781 0.00214527
internal_count=57708 39227
is_linear=0
shrinkage=0.1


Tree=257
num_leaves=1
num_cat=0
split_feature=
split_gain=
threshold=
decision_type=
left_child=
right_child=
leaf_value=0
leaf_weight=
leaf_count=57708
internal_value=
internal_weight=
internal_count=
is_linear=0
shrinkage=1


Tree=258
num_leaves=3
num_cat=0
split_feature=9 7
split_gain=3.2079e-11 8.67362e-19
threshold=6.2034482758620699 -413.49999999999994
decision_type=2 2
left_child=-1 -2
right_child=1 -3
leaf_value=0.066646101639973879 0.066666671413115719 0.066666674422326183
leaf_weight=0.0010049065305291482 0.0012506034941424105 0.0018349383325357849
leaf_count=14296 17593 25819
internal_value=0.0666616 0.0666667
internal_weight=0.00409045 0.00308554
internal_count=57708 43412
is_linear=0
shrinkage=0.1


Tree=259
num_leaves=2
num_cat=0
split_feature=9
split_gain=4.57484e-11
threshold=7.4772256728778475
decision_type=2
left_child=-1
right_child=-2
leaf_value=-0.06663989455133533 -0.066666667019181974
leaf_weight=0.0010045663076406162 0.00175039121202758
leaf_count=21133 36575
internal_value=-0.0666569
internal_weight=0.00275496
internal_count=57708
is_linear=0
shrinkage=0.1


Tree=260
num_leaves=1
num_cat=0
split_feature=
split_gain=
threshold=
decision_type=
left_child=
right_child=
leaf_value=0
leaf_weight=
leaf_count=57708
internal_value=
internal_weight=
internal_count=
is_linear=0
shrinkage=1


Tree=261
num_leaves=3
num_cat=0
split_feature=9 7
split_gain=4.01899e-11 2.1684e-19
threshold=6.5208695652173914 -269.49999999999994
decision_type=2 2
left_child=-1 -2
right_child=1 -3
leaf_value=0.066643203308792073 0.066666671572341726 0.066666672124504667
leaf_weight=0.0010063817222860649 0.0011478511011873138 0.0015062798135971889
leaf_count=15977 18049 23682
internal_value=0.0666602 0.0666667
internal_weight=0.00366051 0.00265413
internal_count=57708 41731
is_linear=0
shrinkage=0.1


Tree=262
num_leaves=2
num_cat=0
split_feature=9
split_gain=5.349e-11
threshold=8.0976190476190499
decision_type=2
left_child=-1
right_child=-2
leaf_value=-0.06663644712213794 -0.066666671570307187
leaf_weight=0.0010016399678040421 0.0014095115168153427
leaf_count=24051 33657
internal_value=-0.0666541
internal_weight=0.00241115
internal_count=57708
is_linear=0
shrinkage=0.1


Tree=263
num_leaves=1
num_cat=0
split_feature=
split_gain=
threshold=
decision_type=
left_child=
right_child=
leaf_value=0
leaf_weight=
leaf_count=57708
internal_value=
internal_weight=
internal_count=
is_linear=0
shrinkage=1


Tree=264
num_leaves=3
num_cat=0
split_feature=9 5
split_gain=4.99216e-11 2.1684e-19
threshold=6.8603896103896114 139.50000000000003
decision_type=2 2
left_child=-1 -2
right_child=1 -3
leaf_value=0.066639940465534273 0.066666670088819741 0.066666670550402735
leaf_weight=0.0010094903870795924 0.0012446204709526398 0.0010249487896558662
leaf_count=17869 21838 18001
internal_value=0.0666584 0.0666667
internal_weight=0.00327906 0.00226957
internal_count=57708 39839
is_linear=0
shrinkage=0.1


Tree=265
num_leaves=2
num_cat=0
split_feature=9
split_gain=6.11299e-11
threshold=8.8377192982456165
decision_type=2
left_child=-1
right_child=-2
leaf_value=-0.066632582503362278 -0.066666668363462592
leaf_weight=0.0010003305120878502 0.0011099421241453911
leaf_count=27419 30289
internal_value=-0.0666505
internal_weight=0.00211027
internal_count=57708
is_linear=0
shrinkage=0.1


Tree=266
num_leaves=1
num_cat=0
split_feature=
split_gain=
threshold=
decision_type=
left_child=
right_child=
leaf_value=0
leaf_weight=
leaf_count=57708
internal_value=
internal_weight=
internal_count=
is_linear=0
shrinkage=1


Tree=267
num_leaves=2
num_cat=0
split_feature=9
split_gain=6.15935e-11
threshold=7.2554347826086962
decision_type=2
left_child=-1
right_child=-2
leaf_value=0.066636203181067361 0.066666667384810127
leaf_weight=0.0010119299540573556 0.0019284441140001718
leaf_count=19954 37754
internal_value=0.0666562
internal_weight=0.00294037
internal_count=57708
is_linear=0
shrinkage=0.1


Tree=268
num_leaves=1
num_cat=0
split_feature=
split_gain=
threshold=
decision_type=
left_child=
right_child=
leaf_value=0
leaf_weight=
leaf_count=57708
internal_value=
internal_weight=
internal_count=
is_linear=0
shrinkage=1


Tree=269
num_leaves=1
num_cat=0
split_feature=
split_gain=
threshold=
decision_type=
left_child=
right_child=
leaf_value=0
leaf_weight=
leaf_count=57708
internal_value=
internal_weight=
internal_count=
is_linear=0
shrinkage=1


end of trees

feature_importances:
gold_diff=516
team_gold_diff=454
xp_diff=348
cs=311
jungle_cs=281
kill_participation=235
assists=168
kills=156
deaths=111
jungle_ratio=77
items_count=4

parameters:
[boosting: gbdt]
[objective: multiclass]
[metric: multi_logloss]
[tree_learner: serial]
[device_type: cpu]
[data_sample_strategy: bagging]
[data: ]
[valid: ]
[num_iterations: 90]
[learning_rate: 0.1]
[num_leaves: 31]
[num_threads: 8]
[seed: 42]
[deterministic: 0]
[force_col_wise: 0]
[force_row_wise: 1]
[histogram_pool_size: -1]
[max_depth: -1]
[min_data_in_leaf: 20]
[min_sum_hessian_in_leaf: 0.001]
[bagging_fraction: 1]
[pos_bagging_fraction: 1]
[neg_bagging_fraction: 1]
[bagging_freq: 0]
[bagging_seed: 400]
[bagging_by_query: 0]
[feature_fraction: 1]
[feature_fraction_bynode: 1]
[feature_fraction_seed: 30056]
[extra_trees: 0]
[extra_seed: 12879]
[early_stopping_round: 0]
[early_stopping_min_delta: 0]
[first_metric_only: 0]
[max_delta_step: 0]
[lambda_l1: 0]
[lambda_l2: 0]
[linear_lambda: 0]
[min_gain_to_split: 0]
[drop_rate: 0.1]
[max_drop: 50]
[skip_drop: 0.5]
[xgboost_dart_mode: 0]
[uniform_drop: 0]
[drop_seed: 17869]
[top_rate: 0.2]
[other_rate: 0.1]
[min_data_per_group: 100]
[max_cat_threshold: 32]
[cat_l2: 10]
[cat_smooth: 10]
[max_cat_to_onehot: 4]
[top_k: 20]
[monotone_constraints: ]
[monotone_constraints_method: basic]
[monotone_penalty: 0]
[feature_contri: ]
[forcedsplits_filename: ]
[refit_decay_rate: 0.9]
[cegb_tradeoff: 1]
[cegb_penalty_split: 0]
[cegb_penalty_feature_lazy: ]
[cegb_penalty_feature_coupled: ]
[path_smooth: 0]
[interaction_constraints: ]
[verbosity: -1]
[saved_feature_importance_type: 0]
[use_quantized_grad: 0]
[num_grad_quant_bins: 4]
[quant_train_renew_leaf: 0]
[stochastic_rounding: 1]
[linear_tree: 0]
[max_bin: 255]
[max_bin_by_feature: ]
[min_data_in_bin: 3]
[bin_construct_sample_cnt: 200000]
[data_random_seed: 175]
[is_enable_sparse: 1]
[enable_bundle: 1]
[use_missing: 1]
[zero_as_missing: 0]
[feature_pre_filter: 1]
[pre_partition: 0]
[two_round: 0]
[header: 0]
[label_column: ]
[weight_column: ]
[group_column: ]
[ignore_column: ]
[categorical_feature: ]
[forcedbins_filename: ]
[precise_float_parser: 0]
[parser_config_file: ]
[objective_seed: 16083]
[num_class: 3]
[is_unbalance: 0]
[scale_pos_weight: 1]
[sigmoid: 1]
[boost_from_average: 1]
[reg_sqrt: 0]
[alpha: 0.9]
[fair_c: 1]
[poisson_max_delta_step: 0.7]
[tweedie_variance_power: 1.5]
[lambdarank_truncation_level: 30]
[lambdarank_norm: 1]
[label_gain: ]
[lambdarank_position_bias_regularization: 0]
[eval_at: ]
[multi_error_top_k: 1]
[auc_mu_weights: ]
[num_machines: 1]
[local_listen_port: 12400]
[time_out: 120]
[machine_list_filename: ]
[machines: ]
[gpu_platform_id: -1]
[gpu_device_id: -1]
[gpu_use_dp: 0]
[num_gpu: 1]

end of parameters

pandas_categorical:[]
