tree
version=v4
num_class=2
num_tree_per_iteration=2
label_index=0
max_feature_idx=10
objective=multiclass num_class:2
feature_names=kills deaths assists items_count cs jungle_cs gold_diff xp_diff team_gold_diff jungle_ratio kill_participation
feature_infos=[0:19] [0:13] [0:16] [0:6] [65:244] [0:12] [-8500:8500] [-7119:6807] [-22056:19431] [0:0.0709219858156028] [0:1]
tree_sizes=1008 988 567 574 1213 1230 1215 1230 1103 1116 784 793 1440 1459 1005 1016 683 690 2000 3670 1006 691 1125 1142 1569 1365 1682 2043 796 2288 670 679 897 1021 680 1256 2127 1144 1130 1150 475 1156 467 918 796 1253 585 707 1027 703 364 367 1359 1380 363 366 364 363 699 708 584 587 1135 1152 1482 1505 923 932 806 817 1149 1162 593 600 585 588 799 810 582 585 593 600 925 934 592 599 478 479 591 598 704 709 820 831 366 365 596 603 479 480 484 489 590 593 707 716 477 478 370 373 480 481 370 373 590 593 479 484 913 922 587 594 585 588 486 491 589 592 3495 3544 917 930 590 591 482 487 480 477 371 374

Tree=0
num_leaves=8
num_cat=0
split_feature=5 9 0 4 4 4 8
split_gain=20644.7 60.4434 1.77636e-15 1.77636e-15 1.11022e-16 6.93889e-18 6.93889e-18
threshold=11.500000000000002 0.058489071903706009 15.500000000000002 131.50000000000003 100.50000000000001 99.500000000000014 3454.5000000000005
decision_type=2 2 2 2 2 2 2
left_child=1 2 3 4 5 6 -1
right_child=-2 -3 -4 -5 -6 -7 -8
leaf_value=0.049697742872622325 -121.44236210448985 -5.9974183581273195 0.049697742872622457 0.049697742872622457 0.049697742872622443 0.049697742872620215 0.049697742872619646
leaf_weight=0.16218792909057755 0.013992684078401818 0.016536808456293239 0.039433927857316031 32.583236938749906 3.1330891713732854 0.022261088306549937 0.017808870645239949
leaf_count=255 22 26 62 51229 4926 35 28
internal_value=-0.000318169 0.046918 0.0496977 0.0496977 0.0496977 0.0496977 0.0496977
internal_weight=35.9885 35.9746 35.958 35.9186 3.33535 0.202258 0.179997
internal_count=56583 56561 56535 56473 5244 318 283
is_linear=0
shrinkage=1


Tree=1
num_leaves=8
num_cat=0
split_feature=5 9 0 4 4 4 8
split_gain=20644.7 60.4434 1.77636e-15 1.77636e-15 1.11022e-16 6.93889e-18 6.93889e-18
threshold=11.500000000000002 0.058489071903706009 15.500000000000002 131.50000000000003 100.50000000000001 99.500000000000014 3454.5000000000005
decision_type=2 2 2 2 2 2 2
left_child=1 2 3 4 5 6 -1
right_child=-2 -3 -4 -5 -6 -7 -8
leaf_value=-8.103108018054451 113.38895182930801 -2.0559919170545093 -8.103108018054451 -8.103108018054451 -8.103108018054451 -8.1031080180544492 -8.1031080180544475
leaf_weight=0.16218792909057755 0.013992684078401818 0.016536808456293239 0.039433927857316031 32.583236938749906 3.1330891713732854 0.022261088306549937 0.017808870645239949
leaf_count=255 22 26 62 51229 4926 35 28
internal_value=-8.05309 -8.10033 -8.10311 -8.10311 -8.10311 -8.10311 -8.10311
internal_weight=35.9885 35.9746 35.958 35.9186 3.33535 0.202258 0.179997
internal_count=56583 56561 56535 56473 5244 318 283
is_linear=0
shrinkage=1


Tree=2
num_leaves=4
num_cat=0
split_feature=9 4 4
split_gain=841.429 26.3441 1.77636e-15
threshold=0.058489071903706009 160.50000000000003 103.50000000000001
decision_type=2 2 2
left_child=2 -2 -1
right_child=1 -3 -4
leaf_value=0.050014397140597411 2.6245998611159429 3.6948282368811327 0.050014397140597411
leaf_weight=0.25783352553844352 0.59800320863723655 0.37375200539827347 32.279261042131111
leaf_count=448 16 30 56089
internal_value=0.136614 3.03623 0.0500144
internal_weight=33.5088 0.971755 32.5371
internal_count=56583 46 56537
is_linear=0
shrinkage=0.1


Tree=3
num_leaves=4
num_cat=0
split_feature=9 4 4
split_gain=841.429 26.3441 1.77636e-15
threshold=0.058489071903706009 160.50000000000003 103.50000000000001
decision_type=2 2 2
left_child=2 -2 -1
right_child=1 -3 -4
leaf_value=-0.050014397140597411 -2.6245998611159429 -3.6948282368811327 -0.050014397140597411
leaf_weight=0.25783352553844352 0.59800320863723655 0.37375200539827347 32.279261042131111
leaf_count=448 16 30 56089
internal_value=-0.136614 -3.03623 -0.0500144
internal_weight=33.5088 0.971755 32.5371
internal_count=56583 46 56537
is_linear=0
shrinkage=0.1


Tree=4
num_leaves=10
num_cat=0
split_feature=5 7 9 9 9 2 4 4 6
split_gain=138.608 0.224941 16.4954 0.0718875 0.00563063 8.88178e-16 1.11022e-16 1.38778e-17 8.67362e-19
threshold=10.500000000000002 1988.5000000000002 0.060759883094908457 0.058489071903706009 0.058489071903706009 1.0000000180025095e-35 191.50000000000003 214.50000000000003 1193.5000000000002
decision_type=2 2 2 2 2 2 2 2 2
left_child=1 3 4 5 -3 6 -1 -8 -9
right_child=-2 2 -4 -5 -6 -7 7 8 -10
leaf_value=0.050013027143850801 2.8332106624985194 0.050013027143850967 -1.6222343315279504 0.062726868322361393 0.063521075904561505 0.050013027143850967 0.050013027143850808 0.050013027143847533 0.050013027143846173
leaf_weight=2.2226323299110002 0.17975103575736184 3.899501144886016 0.059743423014879116 5.3849738761782637 0.33510088920593251 23.009035668335855 0.28485939186066378 0.01458146795630455 0.01041533425450325
leaf_count=4268 26 7488 1 21 1 44183 547 28 20
internal_value=0.0633848 0.0492488 0.0278026 0.0522268 0.051082 0.050013 0.050013 0.050013 0.050013
internal_weight=35.4006 35.2208 4.29435 30.9265 4.2346 25.5415 2.53249 0.309856 0.0249968
internal_count=56583 56557 7490 49067 7489 49046 4863 595 48
is_linear=0
shrinkage=0.1


Tree=5
num_leaves=10
num_cat=0
split_feature=5 7 9 9 9 2 4 4 6
split_gain=138.608 0.224941 16.4954 0.0718875 0.00563063 8.88178e-16 1.11022e-16 1.38778e-17 8.67362e-19
threshold=10.500000000000002 1988.5000000000002 0.060759883094908457 0.058489071903706009 0.058489071903706009 1.0000000180025095e-35 191.50000000000003 214.50000000000003 1193.5000000000002
decision_type=2 2 2 2 2 2 2 2 2
left_child=1 3 4 5 -3 6 -1 -8 -9
right_child=-2 2 -4 -5 -6 -7 7 8 -10
leaf_value=-0.050013027143850801 -2.8332106624985194 -0.050013027143850967 1.6222343315279504 -0.062726868322361393 -0.063521075904561505 -0.050013027143850967 -0.050013027143850808 -0.050013027143847533 -0.050013027143846173
leaf_weight=2.2226323299110002 0.17975103575736184 3.899501144886016 0.059743423014879116 5.3849738761782637 0.33510088920593251 23.009035668335855 0.28485939186066378 0.01458146795630455 0.01041533425450325
leaf_count=4268 26 7488 1 21 1 44183 547 28 20
internal_value=-0.0633848 -0.0492488 -0.0278026 -0.0522268 -0.051082 -0.050013 -0.050013 -0.050013 -0.050013
internal_weight=35.4006 35.2208 4.29435 30.9265 4.2346 25.5415 2.53249 0.309856 0.0249968
internal_count=56583 56557 7490 49067 7489 49046 4863 595 48
is_linear=0
shrinkage=0.1


Tree=6
num_leaves=10
num_cat=0
split_feature=9 9 5 10 9 7 4 8 8
split_gain=17.42 0.795123 0.752271 0.524479 0.0285545 2.818e-08 8.88178e-16 2.77556e-17 8.67362e-19
threshold=0.066170434021126365 0.062860153445948114 9.5000000000000018 0.55409356725146208 0.058489071903706009 386.50000000000006 206.50000000000003 -6932.4999999999991 -8153.4999999999991
decision_type=2 2 2 2 2 2 2 2 2
left_child=1 2 4 5 6 -4 -1 8 -8
right_child=-2 -3 3 -5 -6 -7 7 -9 -10
leaf_value=0.050011784319529941 0.49064315874237274 0.11550098515773131 0.051370456060268188 -0.1108407538535473 0.061924196342732031 0.051312290938708705 0.050011784319525555 0.050011784319529975 0.050011784319524924
leaf_weight=26.033509165543379 0.9330180287361135 1.8664761273248576 0.16302350885234673 0.49625952812493779 2.1767383813858023 0.17031365152490707 0.011309287743642926 0.56923414976335962 0.0098956267756875604
leaf_count=55247 11 11 11 5 7 38 24 1208 21
internal_value=0.0648099 0.0521956 0.0482078 -0.0456752 0.0509121 0.0513407 0.0500118 0.0500118 0.0500118
internal_weight=32.4298 31.4968 29.6303 0.829597 28.8007 0.333337 26.6239 0.590439 0.0212049
internal_count=56583 56572 56561 54 56507 49 56500 1253 45
is_linear=0
shrinkage=0.1


Tree=7
num_leaves=10
num_cat=0
split_feature=9 9 5 10 9 7 4 8 8
split_gain=17.42 0.795123 0.752271 0.524479 0.0285545 2.818e-08 8.88178e-16 2.77556e-17 8.67362e-19
threshold=0.066170434021126365 0.062860153445948114 9.5000000000000018 0.55409356725146208 0.058489071903706009 386.50000000000006 206.50000000000003 -6932.4999999999991 -8153.4999999999991
decision_type=2 2 2 2 2 2 2 2 2
left_child=1 2 4 5 6 -4 -1 8 -8
right_child=-2 -3 3 -5 -6 -7 7 -9 -10
leaf_value=-0.050011784319529941 -0.49064315874237274 -0.11550098515773131 -0.051370456060268188 0.1108407538535473 -0.061924196342732031 -0.051312290938708705 -0.050011784319525555 -0.050011784319529975 -0.050011784319524924
leaf_weight=26.033509165543379 0.9330180287361135 1.8664761273248576 0.16302350885234673 0.49625952812493779 2.1767383813858023 0.17031365152490707 0.011309287743642926 0.56923414976335962 0.0098956267756875604
leaf_count=55247 11 11 11 5 7 38 24 1208 21
internal_value=-0.0648099 -0.0521956 -0.0482078 0.0456752 -0.0509121 -0.0513407 -0.0500118 -0.0500118 -0.0500118
internal_weight=32.4298 31.4968 29.6303 0.829597 28.8007 0.333337 26.6239 0.590439 0.0212049
internal_count=56583 56572 56561 54 56507 49 56500 1253 45
is_linear=0
shrinkage=0.1


Tree=8
num_leaves=9
num_cat=0
split_feature=9 9 5 10 9 7 0 0
split_gain=35.024 0.822771 0.67586 0.423336 0.0205725 2.05049e-08 8.88178e-16 5.55112e-17
threshold=0.066170434021126365 0.062860153445948114 9.5000000000000018 0.55409356725146208 0.058489071903706009 386.50000000000006 10.500000000000002 11.500000000000002
decision_type=2 2 2 2 2 2 2 2
left_child=1 2 4 5 6 -4 -1 -8
right_child=-2 -3 3 -5 -6 -7 7 -9
leaf_value=0.050010661722321353 0.93938637182159312 0.12170903724345757 0.051236796911891883 -0.098587577854758496 0.060535188521405138 0.051184700143774166 0.050010661722321381 0.050010661722321229
leaf_weight=23.503296572074778 0.45202039182186027 1.6065737336757582 0.1478749739471813 0.50172414438566193 2.0124472081661215 0.15447075216536632 0.25327379564987396 0.33428729930892587
leaf_count=55122 11 11 11 5 7 38 594 784
internal_value=0.0660361 0.0521912 0.0480405 -0.0422607 0.0508221 0.0512102 0.0500107 0.0500107
internal_weight=28.966 28.5139 26.9074 0.80407 26.1033 0.302346 24.0909 0.587561
internal_count=56583 56572 56561 54 56507 49 56500 1378
is_linear=0
shrinkage=0.1


Tree=9
num_leaves=9
num_cat=0
split_feature=9 9 5 10 9 7 0 0
split_gain=35.024 0.822771 0.67586 0.423336 0.0205725 2.05049e-08 8.88178e-16 5.55112e-17
threshold=0.066170434021126365 0.062860153445948114 9.5000000000000018 0.55409356725146208 0.058489071903706009 386.50000000000006 10.500000000000002 11.500000000000002
decision_type=2 2 2 2 2 2 2 2
left_child=1 2 4 5 6 -4 -1 -8
right_child=-2 -3 3 -5 -6 -7 7 -9
leaf_value=-0.050010661722321353 -0.93938637182159312 -0.12170903724345757 -0.051236796911891883 0.098587577854758496 -0.060535188521405138 -0.051184700143774166 -0.050010661722321381 -0.050010661722321229
leaf_weight=23.503296572074778 0.45202039182186027 1.6065737336757582 0.1478749739471813 0.50172414438566193 2.0124472081661215 0.15447075216536632 0.25327379564987396 0.33428729930892587
leaf_count=55122 11 11 11 5 7 38 594 784
internal_value=-0.0660361 -0.0521912 -0.0480405 0.0422607 -0.0508221 -0.0512102 -0.0500107 -0.0500107
internal_weight=28.966 28.5139 26.9074 0.80407 26.1033 0.302346 24.0909 0.587561
internal_count=56583 56572 56561 54 56507 49 56500 1378
is_linear=0
shrinkage=0.1


Tree=10
num_leaves=6
num_cat=0
split_feature=9 9 5 9 1
split_gain=199.842 0.893749 0.609293 0.0148695 8.88178e-16
threshold=0.066170434021126365 0.062860153445948114 9.5000000000000018 0.058489071903706009 5.5000000000000009
decision_type=2 2 2 2 2
left_child=1 2 3 4 -1
right_child=-2 -3 -4 -5 -6
leaf_value=0.050009648014919 5.0653694233781259 0.13145200890391981 -0.03961643640507348 0.059333878593135297 0.050009648014919042
leaf_weight=18.402757323172427 0.079765705391763642 1.3507663616328489 0.77058088583282724 1.8559002280235279 3.3959719476406454
leaf_count=47698 11 11 54 7 8802
internal_value=0.0677351 0.0522695 0.0478906 0.0507412 0.0500096
internal_weight=25.8557 25.776 24.4252 23.6546 21.7987
internal_count=56583 56572 56561 56507 56500
is_linear=0
shrinkage=0.1


Tree=11
num_leaves=6
num_cat=0
split_feature=9 9 5 9 1
split_gain=199.842 0.893749 0.609293 0.0148695 8.88178e-16
threshold=0.066170434021126365 0.062860153445948114 9.5000000000000018 0.058489071903706009 5.5000000000000009
decision_type=2 2 2 2 2
left_child=1 2 3 4 -1
right_child=-2 -3 -4 -5 -6
leaf_value=-0.050009648014919 -5.0653694233781259 -0.13145200890391981 0.03961643640507348 -0.059333878593135297 -0.050009648014919042
leaf_weight=18.402757323172427 0.079765705391763642 1.3507663616328489 0.77058088583282724 1.8559002280235279 3.3959719476406454
leaf_count=47698 11 11 54 7 8802
internal_value=-0.0677351 -0.0522695 -0.0478906 -0.0507412 -0.0500096
internal_weight=25.8557 25.776 24.4252 23.6546 21.7987
internal_count=56583 56572 56561 56507 56500
is_linear=0
shrinkage=0.1


Tree=12
num_leaves=12
num_cat=0
split_feature=9 5 10 9 7 4 6 6 6 6 6
split_gain=22.3599 0.555464 0.35057 0.0107774 1.90143e-08 8.88178e-16 5.55112e-17 5.55112e-17 1.38778e-17 6.93889e-18 6.93889e-18
threshold=0.062860153445948114 9.5000000000000018 0.55409356725146208 0.058489071903706009 386.50000000000006 129.50000000000003 -91.499999999999986 -654.49999999999989 2932.5000000000005 -147.49999999999997 -242.49999999999997
decision_type=2 2 2 2 2 2 2 2 2 2 2
left_child=1 3 4 5 -3 6 7 -1 -8 10 -9
right_child=-2 2 -4 -5 -6 -7 8 9 -10 -11 -12
leaf_value=0.050008732595665864 0.50883456877319311 0.051208413378333963 -0.086602284858211476 0.058289444074703378 0.051157688362940601 0.050008732595665899 0.050008732595663734 0.050008732595665434 0.050008732595663102 0.050008732595661187 0.050008732595663512
leaf_weight=1.0993437001015989 1.1034362449215667 0.144638164434581 0.49165139807155356 1.7078256160020817 0.15109754402658382 18.142487585544586 0.3274640808813406 0.10717641026712954 0.017804550239816308 0.0094259383622555815 0.020946529693901539
leaf_count=3149 22 11 5 7 38 51968 938 307 51 27 60
internal_value=0.0694575 0.0476381 -0.0348515 0.0506686 0.0511825 0.0500087 0.0500087 0.0500087 0.0500087 0.0500087 0.0500087
internal_weight=23.3233 22.2199 0.787387 21.4325 0.295736 19.7246 1.58216 1.23689 0.345269 0.137549 0.128123
internal_count=56583 56561 54 56507 49 56500 4532 3543 989 394 367
is_linear=0
shrinkage=0.1


Tree=13
num_leaves=12
num_cat=0
split_feature=9 5 10 9 7 4 6 6 6 6 6
split_gain=22.3599 0.555464 0.35057 0.0107774 1.90143e-08 8.88178e-16 5.55112e-17 5.55112e-17 1.38778e-17 6.93889e-18 6.93889e-18
threshold=0.062860153445948114 9.5000000000000018 0.55409356725146208 0.058489071903706009 386.50000000000006 129.50000000000003 -91.499999999999986 -654.49999999999989 2932.5000000000005 -147.49999999999997 -242.49999999999997
decision_type=2 2 2 2 2 2 2 2 2 2 2
left_child=1 3 4 5 -3 6 7 -1 -8 10 -9
right_child=-2 2 -4 -5 -6 -7 8 9 -10 -11 -12
leaf_value=-0.050008732595665864 -0.50883456877319311 -0.051208413378333963 0.086602284858211476 -0.058289444074703378 -0.051157688362940601 -0.050008732595665899 -0.050008732595663734 -0.050008732595665434 -0.050008732595663102 -0.050008732595661187 -0.050008732595663512
leaf_weight=1.0993437001015989 1.1034362449215667 0.144638164434581 0.49165139807155356 1.7078256160020817 0.15109754402658382 18.142487585544586 0.3274640808813406 0.10717641026712954 0.017804550239816308 0.0094259383622555815 0.020946529693901539
leaf_count=3149 22 11 5 7 38 51968 938 307 51 27 60
internal_value=-0.0694575 -0.0476381 0.0348515 -0.0506686 -0.0511825 -0.0500087 -0.0500087 -0.0500087 -0.0500087 -0.0500087 -0.0500087
internal_weight=23.3233 22.2199 0.787387 21.4325 0.295736 19.7246 1.58216 1.23689 0.345269 0.137549 0.128123
internal_count=56583 56561 54 56507 49 56500 4532 3543 989 394 367
is_linear=0
shrinkage=0.1


Tree=14
num_leaves=8
num_cat=0
split_feature=9 5 10 9 7 0 8
split_gain=53.9877 0.503074 0.297303 0.00783053 1.38628e-08 8.88178e-16 8.88178e-16
threshold=0.062860153445948114 9.5000000000000018 0.55409356725146208 0.058489071903706009 386.50000000000006 1.0000000180025095e-35 -9990.4999999999982
decision_type=2 2 2 2 2 2 2
left_child=1 3 4 5 -3 -1 -7
right_child=-2 2 -4 -5 -6 6 -8
leaf_value=0.05000790034454651 1.1471466202363843 0.051090890970633809 -0.080564985684464838 0.057377274601590533 0.051045407016556466 0.050007900344545969 0.05000790034454719
leaf_weight=1.0970919585379437 0.4565856837643868 0.1311597372405221 0.47640704037621617 1.5686063617467869 0.13700412906678139 0.5954559003294112 16.155334564798967
leaf_count=3473 22 11 5 7 38 1885 51142
internal_value=0.0718618 0.0475099 -0.0331563 0.0506033 0.0510677 0.0500079 0.0500079
internal_weight=20.6176 20.1611 0.744571 19.4165 0.268164 17.8479 16.7508
internal_count=56583 56561 54 56507 49 56500 53027
is_linear=0
shrinkage=0.1


Tree=15
num_leaves=8
num_cat=0
split_feature=9 5 10 9 7 0 8
split_gain=53.9877 0.503074 0.297303 0.00783053 1.38628e-08 8.88178e-16 8.88178e-16
threshold=0.062860153445948114 9.5000000000000018 0.55409356725146208 0.058489071903706009 386.50000000000006 1.0000000180025095e-35 -9990.4999999999982
decision_type=2 2 2 2 2 2 2
left_child=1 3 4 5 -3 -1 -7
right_child=-2 2 -4 -5 -6 6 -8
leaf_value=-0.05000790034454651 -1.1471466202363843 -0.051090890970633809 0.080564985684464838 -0.057377274601590533 -0.051045407016556466 -0.050007900344545969 -0.05000790034454719
leaf_weight=1.0970919585379437 0.4565856837643868 0.1311597372405221 0.47640704037621617 1.5686063617467869 0.13700412906678139 0.5954559003294112 16.155334564798967
leaf_count=3473 22 11 5 7 38 1885 51142
internal_value=-0.0718618 -0.0475099 0.0331563 -0.0506033 -0.0510677 -0.0500079 -0.0500079
internal_weight=20.6176 20.1611 0.744571 19.4165 0.268164 17.8479 16.7508
internal_count=56583 56561 54 56507 49 56500 53027
is_linear=0
shrinkage=0.1


Tree=16
num_leaves=5
num_cat=0
split_feature=9 5 9 4
split_gain=503.951 0.455987 0.00570149 8.88178e-16
threshold=0.062860153445948114 9.5000000000000018 0.058489071903706009 93.500000000000014
decision_type=2 2 2 2
left_child=1 2 3 -1
right_child=-2 -3 -4 -5
leaf_value=0.050007147797598975 10.150886660283808 -0.031753783349136262 0.056577465292713847 0.050007147797617946
leaf_weight=0.03744435138652491 0.04950162383528578 0.70003890720613426 1.4383664429187764 16.112218651192961
leaf_count=131 22 54 7 56369
internal_value=0.0746682 0.0473942 0.0505445 0.0500071
internal_weight=18.3376 18.2881 17.588 16.1497
internal_count=56583 56561 56507 56500
is_linear=0
shrinkage=0.1


Tree=17
num_leaves=5
num_cat=0
split_feature=9 5 9 4
split_gain=503.951 0.455987 0.00570149 8.88178e-16
threshold=0.062860153445948114 9.5000000000000018 0.058489071903706009 93.500000000000014
decision_type=2 2 2 2
left_child=1 2 3 -1
right_child=-2 -3 -4 -5
leaf_value=-0.050007147797598975 -10.150886660283808 0.031753783349136262 -0.056577465292713847 -0.050007147797617946
leaf_weight=0.03744435138652491 0.04950162383528578 0.70003890720613426 1.4383664429187764 16.112218651192961
leaf_count=131 22 54 7 56369
internal_value=-0.0746682 -0.0473942 -0.0505445 -0.0500071
internal_weight=18.3376 18.2881 17.588 16.1497
internal_count=56583 56561 56507 56500
is_linear=0
shrinkage=0.1


Tree=18
num_leaves=17
num_cat=0
split_feature=5 7 9 0 1 1 4 4 9 4 9 4 4 6 4 6
split_gain=26.7599 89.3914 0.00415907 4.44089e-16 4.44089e-16 4.44089e-16 4.44089e-16 4.44089e-16 4.44089e-16 2.77556e-17 1.38778e-17 6.93889e-18 3.46945e-18 3.46945e-18 8.67362e-19 8.67362e-19
threshold=9.5000000000000018 1638.5000000000002 0.058489071903706009 9.5000000000000018 9.5000000000000018 8.5000000000000018 223.50000000000003 212.50000000000003 0.037876264890482854 208.50000000000003 0.054135460761966757 163.50000000000003 219.50000000000003 -1238.4999999999998 229.50000000000003 3054.5000000000005
decision_type=2 2 2 2 2 2 2 2 2 2 2 2 2 2 2 2
left_child=2 -2 3 4 5 6 7 8 -1 -5 -10 -7 -9 -6 -8 -14
right_child=1 -3 -4 9 13 11 14 12 10 -11 -12 -13 15 -15 -16 -17
leaf_value=0.050006464709662003 2.384067880257756 -0.062852517564462876 0.055873754753300392 0.050006464709661816 0.050006464709661219 0.050006464709661275 0.050006464709656834 0.050006464709660997 0.050006464709661483 0.050006464709653912 0.050006464709656744 0.050006464709655918 0.050006464709658985 0.050006464709654655 0.050006464709655918 0.050006464709653912
leaf_weight=13.450691484031257 0.2143130623257069 0.49214832184952684 1.3170377016321069 0.59977990138577375 0.067245698301121593 0.1303531997837134 0.017328699177597495 0.091816241911147567 0.18828795524314124 0.0062072952277958384 0.0095695801428519189 0.0082763936370611191 0.016811424575280398 0.012155953154434296 0.0082763936370611191 0.0062072952277958384
leaf_count=52006 43 31 9 2319 260 504 67 355 728 24 37 32 65 47 32 24
internal_value=0.0771999 0.679448 0.0504916 0.0500065 0.0500065 0.0500065 0.0500065 0.0500065 0.0500065 0.0500065 0.0500065 0.0500065 0.0500065 0.0500065 0.0500065 0.0500065
internal_weight=16.6365 0.706461 15.93 14.613 14.007 13.9276 13.789 13.7634 13.6485 0.605987 0.197858 0.13863 0.114835 0.0794017 0.0256051 0.0230187
internal_count=56583 74 56509 56500 54157 53850 53314 53215 52771 2343 765 536 444 307 99 89
is_linear=0
shrinkage=0.1


Tree=19
num_leaves=31
num_cat=0
split_feature=5 7 9 9 7 9 9 9 9 9 9 9 9 9 9 9 9 9 9 9 9 9 9 9 9 9 9 9 9 9
split_gain=26.7599 89.3914 0.00415907 8.88178e-16 4.44089e-16 4.44089e-16 4.44089e-16 4.44089e-16 4.44089e-16 4.44089e-16 4.44089e-16 4.44089e-16 4.44089e-16 4.44089e-16 4.44089e-16 4.44089e-16 4.44089e-16 4.44089e-16 4.44089e-16 4.44089e-16 4.44089e-16 4.44089e-16 4.44089e-16 4.44089e-16 4.44089e-16 4.44089e-16 2.77556e-17 3.46945e-18 3.46945e-18 3.46945e-18
threshold=9.5000000000000018 1638.5000000000002 0.058489071903706009 0.049720342387441656 3150.5000000000005 0.048865768377963463 0.042179392142327611 0.04050148414310261 0.035608622147083657 0.032840811044003403 0.02332381340949265 0.022779161477791604 0.022018422753716804 0.021680376028202105 0.021409472880061103 0.020960714677992102 0.020236145236145201 0.019950248756218904 0.019720637801400005 0.019448997604337354 0.017291209886386254 0.016282255213856452 0.015665903141361254 0.014962686567164152 0.013921188630490902 0.012945119396732251 0.031537505180273456 0.048338809784592859 0.039900497512437808 0.0133780760626398
decision_type=2 2 2 2 2 2 2 2 2 2 2 2 2 2 2 2 2 2 2 2 2 2 2 2 2 2 2 2 2 2
left_child=2 -2 3 4 5 6 7 8 9 10 11 12 13 14 15 16 17 18 19 20 21 22 23 24 25 -1 -12 -8 -10 -27
right_child=1 -3 -4 -5 -6 -7 27 -9 28 -11 26 -13 -14 -15 -16 -17 -18 -19 -20 -21 -22 -23 -24 -25 -26 29 -28 -29 -30 -31
leaf_value=-0.050006464709662114 -2.3840678802577568 0.062852517564462876 -0.055873754753300392 -0.050006464709659429 -0.050006464709661795 -0.05000646470964875 -0.050006464709660907 -0.050006464709658485 -0.050006464709660338 -0.050006464709660019 -0.05000646470966183 -0.050006464709660997 -0.050006464709661219 -0.050006464709660407 -0.050006464709659165 -0.050006464709660484 -0.050006464709660949 -0.050006464709659117 -0.050006464709656751 -0.050006464709658228 -0.050006464709660949 -0.050006464709658943 -0.050006464709658527 -0.050006464709659137 -0.050006464709660449 -0.050006464709659686 -0.050006464709660373 -0.050006464709656112 -0.050006464709656875 -0.050006464709660817
leaf_weight=12.227595686854285 0.2143130623257069 0.49214832184952684 1.3170377016321069 0.035174672957510533 0.54546606814256016 0.0067245698301129355 0.084057122876402768 0.025605092814658614 0.054831107845530691 0.045778802304995092 0.70116572343977246 0.092333516513463887 0.11897315853275436 0.057158843555954131 0.031812388042454454 0.06000385386869389 0.087678045092617007 0.031295113440138134 0.017070061876439335 0.023794631706551495 0.087678045092617007 0.029484652332031014 0.025863730115816774 0.031553750741296294 0.058969304664061251 0.039054232474882933 0.031553750741295516 0.0085350309382192791 0.0098282174440100789 0.043968341196887195
leaf_count=47277 43 31 9 136 2109 26 325 99 212 177 2711 357 460 221 123 232 339 121 66 92 339 114 100 122 228 151 122 33 38 170
internal_value=-0.0771999 -0.679448 -0.0504916 -0.0500065 -0.0500065 -0.0500065 -0.0500065 -0.0500065 -0.0500065 -0.0500065 -0.0500065 -0.0500065 -0.0500065 -0.0500065 -0.0500065 -0.0500065 -0.0500065 -0.0500065 -0.0500065 -0.0500065 -0.0500065 -0.0500065 -0.0500065 -0.0500065 -0.0500065 -0.0500065 -0.0500065 -0.0500065 -0.0500065 -0.0500065
internal_weight=16.6365 0.706461 15.93 14.613 14.5778 14.0324 14.0256 13.9331 13.9074 13.8428 13.797 13.0643 12.972 12.853 12.7958 12.764 12.704 12.6163 12.585 12.568 12.5442 12.4565 12.427 12.4011 12.3696 12.3106 0.732719 0.0925922 0.0646593 0.0830226
internal_count=56583 74 56509 56500 56364 54255 54229 53871 53772 53522 53345 50512 50155 49695 49474 49351 49119 48780 48659 48593 48501 48162 48048 47948 47826 47598 2833 358 250 321
is_linear=0
shrinkage=0.1


Tree=20
num_leaves=8
num_cat=0
split_feature=5 9 0 6 6 7 6
split_gain=40.423 0.0030389 4.44089e-16 4.44089e-16 5.55112e-17 6.93889e-18 3.46945e-18
threshold=9.5000000000000018 0.058489071903706009 12.500000000000002 2219.5000000000005 2371.5000000000005 2303.5000000000005 1724.5000000000002
decision_type=2 2 2 2 2 2 2
left_child=1 2 3 -1 5 -5 -4
right_child=-2 -3 6 4 -6 -7 -8
leaf_value=0.050005854282888285 0.98284019768173359 0.055252723816549311 0.050005854282876031 0.050005854282887653 0.050005854282888243 0.050005854282887431 0.050005854282887743
leaf_weight=11.496597833684058 0.48045793183335384 1.2044124454486631 0.0072548505413586586 0.14345881876943245 1.4226527884165987 0.058740886641317047 0.093845002164016478
leaf_count=49125 74 9 31 613 6079 251 401
internal_value=0.0804945 0.0504439 0.0500059 0.0500059 0.0500059 0.0500059 0.0500059
internal_weight=14.9074 14.427 13.2226 13.1215 1.62485 0.2022 0.1011
internal_count=56583 56509 56500 56068 6943 864 432
is_linear=0
shrinkage=0.1


Tree=21
num_leaves=5
num_cat=0
split_feature=5 9 0 6
split_gain=40.423 0.0030389 4.44089e-16 3.46945e-18
threshold=9.5000000000000018 0.058489071903706009 12.500000000000002 1724.5000000000002
decision_type=2 2 2 2
left_child=1 2 -1 -4
right_child=-2 -3 3 -5
leaf_value=-0.050005854282888285 -0.98284019768173736 -0.055252723816549311 -0.050005854282876031 -0.050005854282887743
leaf_weight=13.121450327511406 0.48045793183335206 1.2044124454486631 0.0072548505413586586 0.093845002164016478
leaf_count=56068 74 9 31 401
internal_value=-0.0804945 -0.0504439 -0.0500059 -0.0500059
internal_weight=14.9074 14.427 13.2226 0.1011
internal_count=56583 56509 56500 432
is_linear=0
shrinkage=0.1


Tree=22
num_leaves=9
num_cat=0
split_feature=5 9 0 1 6 4 8 8
split_gain=42.7999 0.00222366 8.88178e-16 4.44089e-16 1.11022e-16 1.38778e-17 6.93889e-18 1.73472e-18
threshold=9.5000000000000018 0.058489071903706009 10.500000000000002 4.5000000000000009 -4596.4999999999991 202.50000000000003 -7448.9999999999991 -6265.9999999999991
decision_type=2 2 2 2 2 2 2 2
left_child=1 2 3 -1 6 -4 -5 -8
right_child=-2 -3 5 4 -6 -7 7 -9
leaf_value=0.050005294816117332 1.1356716463382159 0.054703190984290773 0.050005294816117013 0.050005294816116569 0.050005294816117297 0.050005294816109463 0.0500052948161143 0.050005294816115591
leaf_weight=8.3583402505464566 0.37378149184764176 1.1001841277087105 0.2854511580080733 0.066068814019672573 3.1933260109508419 0.0063527705788146696 0.016517203504918143 0.038328382492182178
leaf_count=39471 74 9 1348 312 15080 30 78 181
internal_value=0.0805872 0.0504009 0.0500053 0.0500053 0.0500053 0.0500053 0.0500053 0.0500053
internal_weight=13.4384 13.0646 11.9644 11.6726 3.31424 0.291804 0.120914 0.0548456
internal_count=56583 56509 56500 55122 15651 1378 571 259
is_linear=0
shrinkage=0.1


Tree=23
num_leaves=9
num_cat=0
split_feature=5 9 0 1 6 4 8 8
split_gain=42.7999 0.00222366 8.88178e-16 4.44089e-16 1.11022e-16 1.38778e-17 6.93889e-18 1.73472e-18
threshold=9.5000000000000018 0.058489071903706009 10.500000000000002 4.5000000000000009 -4596.4999999999991 202.50000000000003 -7448.9999999999991 -6265.9999999999991
decision_type=2 2 2 2 2 2 2 2
left_child=1 2 3 -1 6 -4 -5 -8
right_child=-2 -3 5 4 -6 -7 7 -9
leaf_value=-0.050005294816117332 -1.1356716463382159 -0.054703190984290773 -0.050005294816117013 -0.050005294816116569 -0.050005294816117297 -0.050005294816109463 -0.0500052948161143 -0.050005294816115591
leaf_weight=8.3583402505464566 0.37378149184764176 1.1001841277087105 0.2854511580080733 0.066068814019672573 3.1933260109508419 0.0063527705788146696 0.016517203504918143 0.038328382492182178
leaf_count=39471 74 9 1348 312 15080 30 78 181
internal_value=-0.0805872 -0.0504009 -0.0500053 -0.0500053 -0.0500053 -0.0500053 -0.0500053 -0.0500053
internal_weight=13.4384 13.0646 11.9644 11.6726 3.31424 0.291804 0.120914 0.0548456
internal_count=56583 56509 56500 55122 15651 1378 571 259
is_linear=0
shrinkage=0.1


Tree=24
num_leaves=13
num_cat=0
split_feature=5 9 0 0 1 6 6 0 4 7 4 4
split_gain=255.864 0.00162921 4.44089e-16 4.44089e-16 4.44089e-16 4.44089e-16 2.77556e-17 3.46945e-18 3.46945e-18 3.46945e-18 8.67362e-19 8.67362e-19
threshold=9.5000000000000018 0.058489071903706009 15.500000000000002 12.500000000000002 11.500000000000002 3189.5000000000005 3348.5000000000005 14.500000000000002 165.50000000000003 943.50000000000011 160.50000000000003 168.50000000000003
decision_type=2 2 2 2 2 2 2 2 2 2 2 2
left_child=1 2 3 4 5 -1 9 8 -5 -7 -4 -10
right_child=-2 -3 10 7 -6 6 -8 -9 11 -11 -12 -13
leaf_value=0.050004792177465229 6.4793591189983362 0.054215781287172631 0.050004792177453884 0.050004792177462891 0.050004792177448631 0.050004792177451567 0.050004792177465077 0.050004792177460178 0.050004792177452156 0.050004792177464501 0.050004792177452753 0.050004792177462502
leaf_weight=10.224273153580716 0.062230232721339429 1.0039791166964356 0.007855981995818051 0.038513472711202534 0.0053650608751930609 0.006514716777019979 0.43456993089057505 0.0099636844824999571 0.0038321863394230595 0.072428321815095842 0.0040237956563942143 0.018586103746201843
leaf_count=53360 74 9 41 201 28 34 2268 52 20 378 21 97
internal_value=0.0840044 0.0503622 0.0500048 0.0500048 0.0500048 0.0500048 0.0500048 0.0500048 0.0500048 0.0500048 0.0500048 0.0500048
internal_weight=11.8921 11.8299 10.8259 10.814 10.7432 10.7378 0.513513 0.0708954 0.0609318 0.078943 0.0118798 0.0224183
internal_count=56583 56509 56500 56438 56068 56040 2680 370 318 412 62 117
is_linear=0
shrinkage=0.1


Tree=25
num_leaves=11
num_cat=0
split_feature=5 9 0 1 4 4 6 6 4 4
split_gain=255.864 0.00162921 4.44089e-16 4.44089e-16 4.44089e-16 4.44089e-16 6.93889e-18 3.46945e-18 8.67362e-19 8.67362e-19
threshold=9.5000000000000018 0.058489071903706009 15.500000000000002 11.500000000000002 221.50000000000003 212.50000000000003 -300.49999999999994 340.50000000000006 160.50000000000003 226.50000000000003
decision_type=2 2 2 2 2 2 2 2 2 2
left_child=1 2 3 4 5 -1 -7 -8 -4 -6
right_child=-2 -3 8 -5 9 6 7 -9 -10 -11
leaf_value=-0.050004792177465229 -6.47935911899852 -0.054215781287172526 -0.050004792177453884 -0.050004792177448631 -0.050004792177459616 -0.050004792177457749 -0.050004792177451955 -0.050004792177464431 -0.050004792177452753 -0.050004792177460781
leaf_weight=10.702338399423743 0.062230232721337653 1.0039791166964374 0.007855981995818051 0.0053650608751930609 0.015903573308606478 0.0067063260939903549 0.006706326093991132 0.065721995721105486 0.0040237956563942143 0.011304949701298028
leaf_count=55855 74 9 41 28 83 35 35 343 21 59
internal_value=-0.0840044 -0.0503622 -0.0500048 -0.0500048 -0.0500048 -0.0500048 -0.0500048 -0.0500048 -0.0500048 -0.0500048
internal_weight=11.8921 11.8299 10.8259 10.814 10.8087 10.7815 0.0791346 0.0724283 0.0118798 0.0272085
internal_count=56583 56509 56500 56438 56410 56268 413 378 62 142
is_linear=0
shrinkage=0.1


Tree=26
num_leaves=14
num_cat=0
split_feature=5 9 9 0 0 4 4 6 4 6 6 6 0
split_gain=2975.32 12401.6 0.00119498 4.44089e-16 4.44089e-16 4.44089e-16 2.77556e-17 2.77556e-17 1.38778e-17 6.93889e-18 3.46945e-18 1.73472e-18 2.1684e-19
threshold=8.5000000000000018 0.054836284664216507 0.058489071903706009 16.500000000000004 9.5000000000000018 191.50000000000003 220.50000000000003 2525.5000000000005 207.50000000000003 2996.5000000000005 2875.5000000000005 2769.5000000000005 5.5000000000000009
decision_type=2 2 2 2 2 2 2 2 2 2 2 2 2
left_child=2 12 3 4 5 -1 7 -7 -6 10 11 -9 -2
right_child=1 -3 -4 -5 8 6 -8 9 -10 -11 -12 -13 -14
leaf_value=0.050004335104137376 0.050004335103999091 384.51132225012469 0.053782566510534084 0.050004335104119682 0.050004335104137126 0.050004335104137224 0.050004335104135635 0.050004335104135988 0.050004335104127051 0.050004335104136981 0.050004335104134212 0.050004335104134282 0.050004335103851154
leaf_weight=8.4165760678297303 0.0024272750584571892 0.0010404167587427793 0.91538085045063233 0.0050279267888989612 0.39599257882218886 0.73338380403583947 0.029300676804268733 0.036929255380528048 0.0048545500030741087 0.13610077687189914 0.015950664295814931 0.016297417867463082 0.0019071447584342316
leaf_count=48545 28 59 9 29 2284 4230 169 213 28 785 92 94 18
internal_value=0.0876714 74.4709 0.0503274 0.0500043 0.0500043 0.0500043 0.0500043 0.0500043 0.0500043 0.0500043 0.0500043 0.0500043 0.0500043
internal_weight=10.7112 0.00537484 10.7058 9.79041 9.78539 9.38454 0.967963 0.938662 0.400847 0.205278 0.0691773 0.0532267 0.00433442
internal_count=56583 105 56478 56469 56440 54128 5583 5414 2312 1184 399 307 46
is_linear=0
shrinkage=0.1


Tree=27
num_leaves=17
num_cat=0
split_feature=5 9 9 0 1 4 6 9 7 9 2 8 7 7 8 8
split_gain=2975.32 12401.6 0.00119498 4.44089e-16 4.44089e-16 4.44089e-16 4.44089e-16 4.44089e-16 5.55112e-17 1.38778e-17 6.93889e-18 6.93889e-18 3.46945e-18 3.46945e-18 8.67362e-19 4.33681e-19
threshold=8.5000000000000018 0.054836284664216507 0.058489071903706009 16.500000000000004 8.5000000000000018 220.50000000000003 2291.5000000000005 0.026160900660438653 843.50000000000011 0.052185457516339857 6.5000000000000009 663.50000000000011 765.50000000000011 548.50000000000011 5543.5000000000009 3454.5000000000005
decision_type=2 2 2 2 2 2 2 2 2 2 2 2 2 2 2 2
left_child=2 -2 3 4 5 6 7 -1 12 -9 11 -6 13 -8 -14 -13
right_child=1 -3 -4 -5 10 -7 8 9 -10 -11 -12 15 14 -15 -16 -17
leaf_value=-0.050004335104137376 -0.050004335103951969 -384.51132224991869 -0.053782566510534084 -0.050004335104119682 -0.050004335104136655 -0.050004335104134337 -0.050004335104136148 -0.050004335104137078 -0.0500043351041373 -0.050004335104132297 -0.050004335104129341 -0.050004335104131693 -0.050004335104132693 -0.050004335104135503 -0.050004335104124789 -0.05000433510412422
leaf_weight=8.0906277104804651 0.0043344198168926394 0.001040416758743337 0.91538085045063233 0.0050279267888989612 0.12829882150981653 0.029474053590093585 0.073858510761056873 0.33583083414123471 1.056731509597739 0.0098824767919722944 0.0062415642896667114 0.0088422160770278424 0.010749360721092671 0.027046778588555753 0.0039876660739537337 0.0038142892881296584
leaf_count=46665 46 59 9 29 740 170 426 1937 6095 57 36 51 62 156 23 22
internal_value=-0.0876714 -74.4709 -0.0503274 -0.0500043 -0.0500043 -0.0500043 -0.0500043 -0.0500043 -0.0500043 -0.0500043 -0.0500043 -0.0500043 -0.0500043 -0.0500043 -0.0500043 -0.0500043
internal_weight=10.7112 0.00537484 10.7058 9.79041 9.78539 9.63819 9.60871 8.43634 1.17237 0.345713 0.147197 0.140955 0.115642 0.100905 0.014737 0.0126565
internal_count=56583 105 56478 56469 56440 55591 55421 48659 6762 1994 849 813 667 582 85 73
is_linear=0
shrinkage=0.1


Tree=28
num_leaves=6
num_cat=0
split_feature=5 9 9 0 0
split_gain=82578.1 212429 0.000877421 4.44089e-16 4.44089e-16
threshold=8.5000000000000018 0.051341960220464854 0.058489071903706009 15.500000000000002 3.5000000000000004
decision_type=2 2 2 2 2
left_child=2 -2 3 4 -1
right_child=1 -3 -4 -5 -6
leaf_value=0.050003923698442934 0.050003923698395326 -1639.065366210677 0.05339681768734518 0.050003923698433775 0.050003923698442899
leaf_weight=4.4508150210458499 0.0028238226298687987 0.0010981533287988121 0.83394852282083221 0.0097264999931220286 4.3982605452765711
leaf_count=28371 28 77 9 62 28036
internal_value=-0.135335 -458.902 0.0502958 0.0500039 0.0500039
internal_weight=9.69667 0.00392198 9.69275 8.8588 8.84908
internal_count=56583 105 56478 56469 56407
is_linear=0
shrinkage=0.1


Tree=29
num_leaves=19
num_cat=0
split_feature=5 9 9 0 4 4 9 9 9 9 9 9 9 10 9 9 10 10
split_gain=82578.1 212429 0.000877421 4.44089e-16 4.44089e-16 4.44089e-16 4.44089e-16 4.44089e-16 4.44089e-16 4.44089e-16 4.44089e-16 4.44089e-16 3.46945e-18 3.46945e-18 1.73472e-18 1.73472e-18 4.33681e-19 2.1684e-19
threshold=8.5000000000000018 0.051341960220464854 0.058489071903706009 15.500000000000002 230.50000000000003 195.50000000000003 0.054135460761966757 0.051341960220464854 0.040215445041298405 0.033085217010563155 0.032840811044003403 0.032332735961768201 0.045326142783769861 0.3133928571428572 0.041206791995148505 0.04601482153660006 0.42365967365967366 0.40824915824915831
decision_type=2 2 2 2 2 2 2 2 2 2 2 2 2 2 2 2 2 2
left_child=2 -2 3 4 5 6 7 8 9 10 11 -1 14 -11 17 16 -14 -10
right_child=1 -3 -4 -5 -6 -7 -8 -9 12 13 -12 -13 15 -15 -16 -17 -18 -19
leaf_value=-0.05000392369844299 -0.050003923698401224 1639.0653662101799 -0.05339681768734518 -0.050003923698433775 -0.050003923698421132 -0.050003923698442768 -0.05000392369842338 -0.050003923698429424 -0.050003923698421937 -0.050003923698435648 -0.050003923698417163 -0.050003923698429098 -0.050003923698432623 -0.050003923698441657 -0.050003923698441657 -0.050003923698441415 -0.050003923698426968 -0.050003923698426968
leaf_weight=8.055581421722291 0.0028238226298684657 0.0010981533287991452 0.83394852282083221 0.0097264999931220286 0.0040788548358258172 0.6273592495563215 0.0045494919322671681 0.0065889193501796886 0.0042357338679729342 0.0122365645074759 0.0034513387072373494 0.0064320403180325716 0.0048632499965606257 0.040004153197514825 0.040004153197514825 0.033415233847335912 0.0031375806429423392 0.0031375806429423392
leaf_count=51349 28 77 9 62 26 3999 29 42 27 78 22 41 31 255 255 213 20 20
internal_value=0.135335 458.902 -0.0502958 -0.0500039 -0.0500039 -0.0500039 -0.0500039 -0.0500039 -0.0500039 -0.0500039 -0.0500039 -0.0500039 -0.0500039 -0.0500039 -0.0500039 -0.0500039 -0.0500039 -0.0500039
internal_weight=9.69667 0.00392198 9.69275 8.8588 8.84908 8.845 8.21764 8.21309 8.2065 8.11771 8.06546 8.06201 0.0887935 0.0522407 0.0473775 0.0414161 0.00800083 0.00737331
internal_count=56583 105 56478 56469 56407 56381 52382 52353 52311 51745 51412 51390 566 333 302 264 51 47
is_linear=0
shrinkage=0.1


Tree=30
num_leaves=5
num_cat=0
split_feature=9 4 10 1
split_gain=4131.5 10826 14150.4 4.44089e-16
threshold=0.051341960220464854 133.50000000000003 0.59317129629629639 11.500000000000002
decision_type=2 2 2 2
left_child=3 -2 -3 -1
right_child=1 2 -4 -5
leaf_value=0.050003546971747206 0.053050883848948675 50.055298230661776 0.053045486389866836 0.050003546971724905
leaf_weight=8.0043342663438626 0.54254852748862603 0.11799412243999541 0.10876730596646667 0.0039746286347516193
leaf_count=56398 9 143 5 28
internal_value=0.722431 7.72222 26.0715 0.0500035
internal_weight=8.77762 0.76931 0.226761 8.00831
internal_count=56583 157 148 56426
is_linear=0
shrinkage=0.1


Tree=31
num_leaves=5
num_cat=0
split_feature=9 4 10 1
split_gain=4131.5 10826 14150.4 4.44089e-16
threshold=0.051341960220464854 133.50000000000003 0.59317129629629639 11.500000000000002
decision_type=2 2 2 2
left_child=3 -2 -3 -1
right_child=1 2 -4 -5
leaf_value=-0.050003546971747206 -0.053050883848948842 -50.055298230661776 -0.053045486389866836 -0.050003546971724905
leaf_weight=8.0043342663438626 0.54254852748862425 0.11799412243999541 0.10876730596646667 0.0039746286347516193
leaf_count=56398 9 143 5 28
internal_value=-0.722431 -7.72222 -26.0715 -0.0500035
internal_weight=8.77762 0.76931 0.226761 8.00831
internal_count=56583 157 148 56426
is_linear=0
shrinkage=0.1


Tree=32
num_leaves=7
num_cat=0
split_feature=9 4 6 4 8 4
split_gain=5433.13 29301.8 4.44089e-16 5.55112e-17 1.11022e-16 3.46945e-18
threshold=0.051341960220464854 133.50000000000003 1811.5000000000002 229.50000000000003 12071.500000000002 205.50000000000003
decision_type=2 2 2 2 2 2
left_child=2 -2 -1 4 -4 -6
right_child=1 -3 3 -5 5 -7
leaf_value=0.050003211895000933 0.05274377873298855 59.673136273472188 0.050003211895000982 0.05000321189498047 0.050003211895000267 0.050003211894989942
leaf_weight=5.9406368791991531 0.49363061263014163 0.098959421127801761 1.228432922809324 0.0026973119383911772 0.070001666972530185 0.0044955198973184443
leaf_count=46258 9 148 9567 21 545 35
internal_value=0.802871 10.009 0.0500032 0.0500032 0.0500032 0.0500032
internal_weight=7.83885 0.59259 7.24626 1.30563 1.30293 0.0744972
internal_count=56583 157 56426 10168 10147 580
is_linear=0
shrinkage=0.1


Tree=33
num_leaves=8
num_cat=0
split_feature=9 4 4 4 4 4 4
split_gain=5433.13 29301.8 4.44089e-16 2.22045e-16 2.77556e-17 1.38778e-17 2.1684e-19
threshold=0.051341960220464854 133.50000000000003 193.50000000000003 127.50000000000001 227.50000000000003 107.50000000000001 231.50000000000003
decision_type=2 2 2 2 2 2 2
left_child=2 -2 3 5 -4 -1 -6
right_child=1 -3 4 -5 6 -7 -8
leaf_value=-0.050003211894993731 -0.05274377873298855 -59.673136273472188 -0.05000321189500069 -0.050003211895001058 -0.050003211894987167 -0.050003211895000933 -0.050003211894984134
leaf_weight=0.084772660920861109 0.49363061263014163 0.098959421127801761 0.6138311311643595 6.1298340451321565 0.0035964159178547552 0.4112758488918189 0.0029541987896664068
leaf_count=660 9 148 4789 47724 28 3202 23
internal_value=-0.802871 -10.009 -0.0500032 -0.0500032 -0.0500032 -0.0500032 -0.0500032
internal_weight=7.83885 0.59259 7.24626 6.62588 0.620382 0.496049 0.00655061
internal_count=56583 157 56426 51586 4840 3862 51
is_linear=0
shrinkage=0.1


Tree=34
num_leaves=5
num_cat=0
split_feature=9 4 0 4
split_gain=7260.79 30978.9 2.22045e-16 3.46945e-18
threshold=0.051341960220464854 131.50000000000003 11.500000000000002 199.50000000000003
decision_type=2 2 2 2
left_child=2 -2 -1 -4
right_child=1 -3 3 -5
leaf_value=0.050002904846555098 0.052469377080995985 65.70313377542314 0.050002904846554425 0.050002904846533427
leaf_weight=6.4657279077088985 0.3590047465511147 0.089869614108465612 0.088676691775617544 0.0023244218027684829
leaf_count=55643 7 150 763 20
internal_value=0.892344 13.1965 0.0500029 0.0500029
internal_weight=7.0056 0.448874 6.55673 0.0910011
internal_count=56583 157 56426 783
is_linear=0
shrinkage=0.1


Tree=35
num_leaves=10
num_cat=0
split_feature=9 4 7 7 9 4 0 9 9
split_gain=7260.79 30978.9 4.44089e-16 4.44089e-16 2.22045e-16 1.11022e-16 1.38778e-17 1.73472e-18 4.33681e-19
threshold=0.051341960220464854 131.50000000000003 2810.5000000000005 586.50000000000011 0.039900497512437808 199.50000000000003 11.500000000000002 0.044734428416576308 0.043597053932050357
decision_type=2 2 2 2 2 2 2 2 2
left_child=2 -2 3 4 -1 -5 -4 8 -6
right_child=1 -3 6 5 7 -7 -8 -9 -10
leaf_value=-0.050002904846555098 -0.052469377080995985 -65.70313377542314 -0.050002904846554425 -0.050002904846554855 -0.050002904846550435 -0.050002904846554598 -0.050002904846553502 -0.050002904846551705 -0.050002904846539548
leaf_weight=4.1081830942130173 0.3590047465511147 0.089869614108465612 0.33355452872530555 1.8811545649901709 0.0098787926617656396 0.17003145487258464 0.034982548131665681 0.015689847168897181 0.0032541905238758781
leaf_count=35348 7 150 2873 16189 85 1464 301 138 28
internal_value=-0.892344 -13.1965 -0.0500029 -0.0500029 -0.0500029 -0.0500029 -0.0500029 -0.0500029 -0.0500029
internal_weight=7.0056 0.448874 6.55673 6.18819 4.13701 2.05119 0.368537 0.0288228 0.013133
internal_count=56583 157 56426 53252 35599 17653 3174 251 113
is_linear=0
shrinkage=0.1


Tree=36
num_leaves=18
num_cat=0
split_feature=9 10 4 8 4 4 4 8 0 6 7 7 7 7 6 0 2
split_gain=10114.7 6075.69 4.44089e-16 4.44089e-16 2.22045e-16 2.22045e-16 2.77556e-17 2.77556e-17 1.38778e-17 1.38778e-17 6.93889e-18 6.93889e-18 6.93889e-18 3.46945e-18 1.73472e-18 8.67362e-19 2.1684e-19
threshold=0.051341960220464854 0.34654631083202514 198.50000000000003 6650.5000000000009 191.50000000000003 134.50000000000003 130.50000000000003 14743.000000000002 8.5000000000000018 -110.49999999999999 3549.5000000000005 252.50000000000003 2466.5000000000005 126.50000000000001 -362.49999999999994 10.500000000000002 2.5000000000000004
decision_type=2 2 2 2 2 2 2 2 2 2 2 2 2 2 2 2 2
left_child=2 -2 3 4 5 6 -1 -5 9 14 11 13 -8 -6 -4 -10 -17
right_child=1 -3 8 7 10 -7 12 -9 15 -11 -12 -13 -14 -15 -16 16 -18
leaf_value=0.050002629153717115 10.263206342100309 41.791246606485437 0.050002629153715644 0.05000262915371672 0.050002629153715644 0.050002629153716921 0.050002629153716609 0.050002629153714423 0.050002629153711654 0.050002629153716574 0.050002629153712577 0.050002629153716449 0.050002629153693183 0.050002629153711065 0.050002629153713007 0.050002629153692392 0.050002629153695327
leaf_weight=0.48237691837130015 0.24483442674434552 0.081458538775477152 0.038594359939452261 0.60699358467778353 0.068986103870038451 4.1104570761672221 0.15301033708965406 0.019875569560099393 0.0094645569333806634 0.25091592047841915 0.011462630063761026 0.15206388140503524 0.002103234874084591 0.0085181012400425971 0.012724570988211781 0.0029445288321716676 0.0023135583614930511
leaf_count=4587 56 101 367 5775 657 39087 1455 189 90 2388 109 1449 20 81 121 29 22
internal_value=0.992746 18.1341 0.0500026 0.0500026 0.0500026 0.0500026 0.0500026 0.0500026 0.0500026 0.0500026 0.0500026 0.0500026 0.0500026 0.0500026 0.0500026 0.0500026 0.0500026
internal_weight=6.2591 0.326293 5.9328 5.61585 4.98898 4.74795 0.63749 0.626869 0.316957 0.302235 0.241031 0.229568 0.155114 0.0775042 0.0513189 0.0147226 0.00525809
internal_count=56583 157 56426 53409 47445 45149 6062 5964 3017 2876 2296 2187 1475 738 488 141 51
is_linear=0
shrinkage=0.1


Tree=37
num_leaves=9
num_cat=0
split_feature=9 10 8 4 4 9 9 9
split_gain=10114.7 6075.69 4.44089e-16 2.22045e-16 4.44089e-16 1.38778e-17 6.93889e-18 6.93889e-18
threshold=0.051341960220464854 0.34654631083202514 7271.5000000000009 198.50000000000003 193.50000000000003 0.038554440728353706 0.030643545761862952 0.025062814070351755
decision_type=2 2 2 2 2 2 2 2
left_child=2 -2 3 4 -1 -5 7 -6
right_child=1 -3 -4 5 6 -7 -8 -9
leaf_value=-0.050002629153716963 -10.263206342100304 -41.791246606485494 -0.050002629153716699 -0.050002629153716595 -0.050002629153716366 -0.050002629153693162 -0.05000262915370246 -0.050002629153697131
leaf_weight=4.9314548092661408 0.24483442674434563 0.081458538775477041 0.57239537099909199 0.26216822705464488 0.15616518940078136 0.0030496905760027384 0.0050477637065856886 0.0025238818489015094
leaf_count=46894 56 101 5446 2493 1485 32 52 24
internal_value=-0.992746 -18.1341 -0.0500026 -0.0500026 -0.0500026 -0.0500026 -0.0500026 -0.0500026
internal_weight=6.2591 0.326293 5.9328 5.36041 5.09519 0.265218 0.163737 0.158689
internal_count=56583 157 56426 50980 48455 2525 1561 1509
is_linear=0
shrinkage=0.1


Tree=38
num_leaves=9
num_cat=0
split_feature=9 9 4 6 8 6 7 8
split_gain=937365 1.34839e+06 4.44089e-16 4.44089e-16 4.44089e-16 1.38778e-17 1.38778e-17 8.67362e-19
threshold=0.050265292945172756 0.050697166356100956 204.50000000000003 2016.5000000000002 6321.5000000000009 1923.5000000000002 213.50000000000003 -528.49999999999989
decision_type=2 2 2 2 2 2 2 2
left_child=2 -2 3 4 -1 -6 7 -4
right_child=1 -3 6 -5 5 -7 -8 -9
leaf_value=0.0500023818688623 0.050002381868832046 3875.3164237318651 0.05000238186885874 0.050002381868862349 0.050002381868862238 0.050002381868859136 0.050002381868862092 0.050002381868853335
leaf_weight=4.0809959013715336 0.0021885587048021673 0.0015224759690046774 0.013321661681402475 0.75514790789063546 0.36149280519754334 0.014939292028429918 0.1289346541307741 0.0097057820821649932
leaf_count=42889 23 178 140 7938 3800 157 1356 102
internal_value=1.14906 1589.9 0.0500024 0.0500024 0.0500024 0.0500024 0.0500024 0.0500024
internal_weight=5.36825 0.00371103 5.36454 5.21258 4.45743 0.376432 0.151962 0.0230274
internal_count=56583 201 56382 54784 46846 3957 1598 242
is_linear=0
shrinkage=0.1


Tree=39
num_leaves=9
num_cat=0
split_feature=9 9 4 6 8 9 7 8
split_gain=937365 1.34839e+06 4.44089e-16 4.44089e-16 4.44089e-16 2.77556e-17 1.38778e-17 8.67362e-19
threshold=0.050265292945172756 0.050697166356100956 204.50000000000003 2016.5000000000002 6321.5000000000009 0.0066445916114789508 213.50000000000003 -528.49999999999989
decision_type=2 2 2 2 2 2 2 2
left_child=2 -2 3 4 -1 -5 7 -4
right_child=1 -3 6 5 -6 -7 -8 -9
leaf_value=-0.0500023818688623 -0.050002381868831505 -3875.3164237319261 -0.05000238186885874 -0.050002381868862328 -0.050002381868862245 -0.050002381868862127 -0.050002381868862092 -0.050002381868853335
leaf_weight=4.0809959013715336 0.0021885587048021912 0.0015224759690046536 0.013321661681402475 0.56636093091219697 0.37643209722597326 0.18878697697843849 0.1289346541307741 0.0097057820821649932
leaf_count=42889 23 178 140 5952 3957 1986 1356 102
internal_value=-1.14906 -1589.9 -0.0500024 -0.0500024 -0.0500024 -0.0500024 -0.0500024 -0.0500024
internal_weight=5.36825 0.00371103 5.36454 5.21258 4.45743 0.755148 0.151962 0.0230274
internal_count=56583 201 56382 54784 46846 7938 1598 242
is_linear=0
shrinkage=0.1


Tree=40
num_leaves=3
num_cat=0
split_feature=9 5
split_gain=163545 4.44089e-16
threshold=0.050265292945172756 6.5000000000000009
decision_type=2 2
left_child=1 -1
right_child=-2 -3
leaf_value=0.050002154902140383 -908.90394672839795 0.050002154902138489
leaf_weight=4.7994682871794785 0.0019802983442785962 0.054587354366925633
leaf_count=55743 201 639
internal_value=-0.320671 0.0500022
internal_weight=4.85604 4.85406
internal_count=56583 56382
is_linear=0
shrinkage=0.1


Tree=41
num_leaves=9
num_cat=0
split_feature=9 7 9 9 0 0 9 9
split_gain=163545 4.44089e-16 2.22045e-16 2.22045e-16 3.46945e-18 3.46945e-18 1.73472e-18 8.67362e-19
threshold=0.050265292945172756 3549.5000000000005 0.048865768377963463 0.042179392142327611 15.500000000000002 4.5000000000000009 0.048338809784592859 0.046829312865497054
decision_type=2 2 2 2 2 2 2 2
left_child=1 2 3 -1 5 -3 7 -5
right_child=-2 4 -4 6 -6 -7 -8 -9
leaf_value=-0.050002154902140432 908.90394672839795 -0.050002154902134825 -0.050002154902114439 -0.050002154902138524 -0.050002154902112773 -0.050002154902139696 -0.050002154902123334 -0.050002154902131279
leaf_weight=4.7094938624068154 0.0019802983442785962 0.015928486682242213 0.0034439971207546041 0.02350528034730771 0.0018080984882544717 0.091438123555790077 0.0029273975524120024 0.0055103953928273717
leaf_count=54698 201 185 43 273 21 1063 34 65
internal_value=0.320671 -0.0500022 -0.0500022 -0.0500022 -0.0500022 -0.0500022 -0.0500022 -0.0500022
internal_weight=4.85604 4.85406 4.74488 4.74144 0.109175 0.107367 0.0319431 0.0290157
internal_count=56583 56382 55113 55070 1269 1248 372 338
is_linear=0
shrinkage=0.1


Tree=42
num_leaves=3
num_cat=0
split_feature=9 4
split_gain=11454.9 643037
threshold=0.049597195744419155 159.50000000000003
decision_type=2 2
left_child=-1 -2
right_child=1 -3
leaf_value=0.050001947247614476 2073.5350268943016 -1369.1083634459383
leaf_weight=4.3899669685187632 0.0010127876375917158 0.0011686011205425118
leaf_count=56351 137 95
internal_value=0.163841 229.262
internal_weight=4.39215 0.00218139
internal_count=56583 232
is_linear=0
shrinkage=0.1


Tree=43
num_leaves=7
num_cat=0
split_feature=9 4 9 0 8 8
split_gain=11454.9 643037 4.44089e-16 1.11022e-16 1.38778e-17 8.67362e-19
threshold=0.049597195744419155 159.50000000000003 0.019448997604337354 8.5000000000000018 9652.5000000000018 12071.500000000002
decision_type=2 2 2 2 2 2
left_child=2 -2 3 -1 -5 -6
right_child=1 -3 -4 4 5 -7
leaf_value=-0.05000194724761451 -2073.5350268935626 1369.1083634463612 -0.050001947247614364 -0.050001947247614323 -0.050001947247611693 -0.05000194724761059
leaf_weight=3.6623959110147548 0.0010127876375920766 0.0011686011205421509 0.47811367169100538 0.21915166342660075 0.017606923545827158 0.012698798840574455
leaf_count=47010 137 95 6139 2813 226 163
internal_value=-0.163841 -229.262 -0.0500019 -0.0500019 -0.0500019 -0.0500019
internal_weight=4.39215 0.00218139 4.38997 3.91185 0.249457 0.0303057
internal_count=56583 232 56351 50212 3202 389
is_linear=0
shrinkage=0.1


Tree=44
num_leaves=6
num_cat=0
split_feature=9 4 0 0 4
split_gain=1890.43 319653 1.11022e-16 2.77556e-17 8.67362e-19
threshold=0.048566748566748509 162.50000000000003 6.5000000000000009 12.500000000000002 191.50000000000003
decision_type=2 2 2 2 2
left_child=2 -2 -1 -4 -5
right_child=1 -3 3 4 -6
leaf_value=0.050001764977459354 1324.0551358238808 -1134.8115356322567 0.050001764977459312 0.050001764977457633 0.050001764977431029
leaf_weight=3.3107122376168698 0.0010573977124294079 0.0010573977180960981 0.62901065253390687 0.028620231416425668 0.0017623295207158654
leaf_count=46966 170 93 8923 406 25
internal_value=0.100351 94.6218 0.0500018 0.0500018 0.0500018
internal_weight=3.97222 0.0021148 3.97011 0.659393 0.0303826
internal_count=56583 263 56320 9354 431
is_linear=0
shrinkage=0.1


Tree=45
num_leaves=10
num_cat=0
split_feature=9 4 6 0 0 4 4 4 4
split_gain=1890.43 319653 2.22045e-16 5.55112e-17 5.55112e-17 5.55112e-17 6.93889e-18 3.46945e-18 2.1684e-19
threshold=0.048566748566748509 162.50000000000003 40.500000000000007 16.500000000000004 9.5000000000000018 204.50000000000003 163.50000000000003 223.50000000000003 229.50000000000003
decision_type=2 2 2 2 2 2 2 2 2
left_child=2 -2 -1 4 5 -4 -6 -7 -9
right_child=1 -3 3 -5 6 7 -8 8 -10
leaf_value=-0.05000176497745934 -1324.0551358236789 1134.8115356324299 -0.050001764977459374 -0.05000176497743223 -0.050001764977458722 -0.050001764977458729 -0.050001764977458688 -0.050001764977448127 -0.050001764977435741
leaf_weight=2.0251985920258457 0.0010573977124295692 0.0010573977180959367 1.694515080758719 0.002044302244030515 0.083957378366903979 0.086072173791805429 0.071762058083550073 0.0044410703922039821 0.0021147954248590395
leaf_count=28729 170 93 24038 29 1191 1222 1018 63 30
internal_value=-0.100351 -94.6218 -0.0500018 -0.0500018 -0.0500018 -0.0500018 -0.0500018 -0.0500018 -0.0500018
internal_weight=3.97222 0.0021148 3.97011 1.94491 1.94286 1.78714 0.155719 0.092628 0.00655587
internal_count=56583 263 56320 27591 27562 25353 2209 1315 93
is_linear=0
shrinkage=0.1


Tree=46
num_leaves=4
num_cat=0
split_feature=9 9 0
split_gain=2.50804e+06 3.34656e+06 1.11022e-16
threshold=0.047761619617907008 0.048338809784592859 16.500000000000004
decision_type=2 2 2
left_child=2 -2 -1
right_child=1 -3 -4
leaf_value=0.05000159127520331 0.050001591275174451 7142.0899415558924 0.050001591275179447
leaf_weight=3.5877829169622082 0.0015308418078346922 0.001148131355876103 0.001849767184466943
leaf_count=56249 24 281 29
internal_value=2.33265 3060.92 0.0500016
internal_weight=3.59231 0.00267897 3.58963
internal_count=56583 305 56278
is_linear=0
shrinkage=0.1


Tree=47
num_leaves=5
num_cat=0
split_feature=9 9 9 2
split_gain=2.50804e+06 3.34656e+06 3.33067e-16 2.77556e-17
threshold=0.047761619617907008 0.048338809784592859 0.012539308176100602 1.5000000000000002
decision_type=2 2 2 2
left_child=2 -2 -1 -4
right_child=1 -3 3 -5
leaf_value=-0.050001591275203289 -0.050001591275174451 -7142.0899415558924 -0.050001591275202886 -0.05000159127520333
leaf_weight=3.1067158788500824 0.0015308418078346922 0.001148131355876103 0.11557855649156623 0.36733824880502652
leaf_count=48706 24 281 1813 5759
internal_value=-2.33265 -3060.92 -0.0500016 -0.0500016
internal_weight=3.59231 0.00267897 3.58963 0.482917
internal_count=56583 305 56278 7572
is_linear=0
shrinkage=0.1


Tree=48
num_leaves=8
num_cat=0
split_feature=9 4 4 4 4 6 7
split_gain=233807 1.11022e-16 2.77556e-17 8.67362e-19 4.33681e-19 4.33681e-19 4.33681e-19
threshold=0.047761619617907008 192.50000000000003 216.50000000000003 218.50000000000003 231.50000000000003 3740.5000000000005 2924.5000000000005
decision_type=2 2 2 2 2 2 2
left_child=1 -1 -3 -4 5 6 -5
right_child=-2 2 3 4 -6 -7 -8
leaf_value=0.050001443460139086 -1299.4324280087985 0.050001443460138954 0.050001443460128671 0.050001443460132966 0.050001443460101408 0.050001443460111129 0.050001443460106987
leaf_weight=2.9442875973400087 0.0013851668627465888 0.28615238772912377 0.0047903687336656722 0.0081378553186368663 0.0013274515767989223 0.0017891738643811559 0.0015583127205900391
leaf_count=51014 305 4959 83 141 23 31 27
internal_value=-0.503942 0.0500014 0.0500014 0.0500014 0.0500014 0.0500014 0.0500014
internal_weight=3.24943 3.24804 0.303756 0.0176032 0.0128128 0.0114853 0.00969617
internal_count=56583 56278 5264 305 222 199 168
is_linear=0
shrinkage=0.1


Tree=49
num_leaves=5
num_cat=0
split_feature=9 4 7 6
split_gain=233807 1.11022e-16 6.93889e-18 8.67362e-19
threshold=0.047761619617907008 202.50000000000003 405.50000000000006 -342.49999999999994
decision_type=2 2 2 2
left_child=1 -1 3 -3
right_child=-2 2 -4 -5
leaf_value=-0.050001443460139086 1299.4324280087985 -0.050001443460133889 -0.050001443460138552 -0.050001443460135887
leaf_weight=3.1339400269644111 0.0013851668627465888 0.0095807374673313461 0.090670714223961113 0.013851668627501534
leaf_count=54300 305 166 1571 241
internal_value=0.503942 -0.0500014 -0.0500014 -0.0500014
internal_weight=3.24943 3.24804 0.114103 0.0234324
internal_count=56583 56278 1978 407
is_linear=0
shrinkage=0.1


Tree=50
num_leaves=2
num_cat=0
split_feature=9
split_gain=26501.2
threshold=0.047089621188789607
decision_type=2
left_child=-1
right_child=-2
leaf_value=0.050001306167555992 441.94120611309091
leaf_weight=2.9376008977960741 0.0013578002763411359
leaf_count=56251 332
internal_value=0.254155
internal_weight=2.93896
internal_count=56583
is_linear=0
shrinkage=0.1


Tree=51
num_leaves=2
num_cat=0
split_feature=9
split_gain=26501.2
threshold=0.047089621188789607
decision_type=2
left_child=-1
right_child=-2
leaf_value=-0.050001306167555992 -441.94120611309091
leaf_weight=2.9376008977960741 0.0013578002763411359
leaf_count=56251 332
internal_value=-0.254155
internal_weight=2.93896
internal_count=56583
is_linear=0
shrinkage=0.1


Tree=52
num_leaves=11
num_cat=0
split_feature=9 0 4 4 4 8 8 10 4 4
split_gain=21148.9 1.11022e-16 5.55112e-17 5.55112e-17 5.55112e-17 5.55112e-17 5.55112e-17 5.55112e-17 2.1684e-19 2.1684e-19
threshold=0.046589147286821654 3.5000000000000004 216.50000000000003 215.50000000000003 215.50000000000003 13486.000000000002 10498.500000000002 0.81101190476190488 224.50000000000003 222.50000000000003
decision_type=2 2 2 2 2 2 2 2 2 2
left_child=1 2 3 5 7 6 -1 -3 -4 -6
right_child=-2 4 8 -5 9 -7 -8 -9 -10 -11
leaf_value=0.050001181774011361 352.75745691812239 0.050001181774011388 0.050001181774001091 0.050001181773976847 0.050001181774000814 0.050001181773996144 0.050001181774008065 0.050001181774007267 0.050001181773989802 0.050001181773991044
leaf_weight=1.3071267018458455 0.0017011265008476375 1.2985265623137814 0.0053869005860179833 0.0016066194730229846 0.0052451400442806708 0.0036385205712577964 0.016633236897178105 0.013419997951132356 0.0023154221817094367 0.0024571827234467492
leaf_count=27662 368 27480 114 34 111 77 352 284 49 52
internal_value=0.27573 0.0500012 0.0500012 0.0500012 0.0500012 0.0500012 0.0500012 0.0500012 0.0500012 0.0500012
internal_weight=2.65806 2.65636 1.33671 1.32901 1.31965 1.3274 1.32376 1.31195 0.00770232 0.00770232
internal_count=56583 56215 28288 28125 27927 28091 28014 27764 163 163
is_linear=0
shrinkage=0.1


Tree=53
num_leaves=11
num_cat=0
split_feature=9 0 4 4 4 8 8 10 4 4
split_gain=21148.9 1.11022e-16 5.55112e-17 5.55112e-17 5.55112e-17 5.55112e-17 5.55112e-17 5.55112e-17 2.1684e-19 2.1684e-19
threshold=0.046589147286821654 3.5000000000000004 216.50000000000003 215.50000000000003 215.50000000000003 13486.000000000002 10498.500000000002 0.81101190476190488 224.50000000000003 222.50000000000003
decision_type=2 2 2 2 2 2 2 2 2 2
left_child=1 2 3 5 7 6 -1 -3 -4 -6
right_child=-2 4 8 -5 9 -7 -8 -9 -10 -11
leaf_value=-0.050001181774011361 -352.75745691812239 -0.050001181774011388 -0.050001181774001091 -0.050001181773976847 -0.050001181774000814 -0.050001181773996144 -0.050001181774008065 -0.050001181774007267 -0.050001181773989802 -0.050001181773991044
leaf_weight=1.3071267018458455 0.0017011265008476375 1.2985265623137814 0.0053869005860179833 0.0016066194730229846 0.0052451400442806708 0.0036385205712577964 0.016633236897178105 0.013419997951132356 0.0023154221817094367 0.0024571827234467492
leaf_count=27662 368 27480 114 34 111 77 352 284 49 52
internal_value=-0.27573 -0.0500012 -0.0500012 -0.0500012 -0.0500012 -0.0500012 -0.0500012 -0.0500012 -0.0500012 -0.0500012
internal_weight=2.65806 2.65636 1.33671 1.32901 1.31965 1.3274 1.32376 1.31195 0.00770232 0.00770232
internal_count=56583 56215 28288 28125 27927 28091 28014 27764 163 163
is_linear=0
shrinkage=0.1


Tree=54
num_leaves=2
num_cat=0
split_feature=9
split_gain=33663.8
threshold=0.04601482153660006
decision_type=2
left_child=-1
right_child=-2
leaf_value=0.050001072074915887 561.36373245013522
leaf_weight=2.4025066992180659 0.0010689209375412947
leaf_count=56190 393
internal_value=0.299629
internal_weight=2.40358
internal_count=56583
is_linear=0
shrinkage=0.1


Tree=55
num_leaves=2
num_cat=0
split_feature=9
split_gain=33663.8
threshold=0.04601482153660006
decision_type=2
left_child=-1
right_child=-2
leaf_value=-0.050001072074915887 -561.36373245013522
leaf_weight=2.4025066992180659 0.0010689209375412947
leaf_count=56190 393
internal_value=-0.299629
internal_weight=2.40358
internal_count=56583
is_linear=0
shrinkage=0.1


Tree=56
num_leaves=2
num_cat=0
split_feature=9
split_gain=232481
threshold=0.045584415584415554
decision_type=2
left_child=-1
right_child=-2
leaf_value=0.05000096384463612 -1292.3382731929923
leaf_weight=2.1724895344086694 0.0013927702966610713
leaf_count=56154 429
internal_value=-0.778011
internal_weight=2.17388
internal_count=56583
is_linear=0
shrinkage=0.1


Tree=57
num_leaves=2
num_cat=0
split_feature=9
split_gain=232481
threshold=0.045584415584415554
decision_type=2
left_child=-1
right_child=-2
leaf_value=-0.05000096384463612 1292.3382731929923
leaf_weight=2.1724895344086694 0.0013927702966610713
leaf_count=56154 429
internal_value=0.778011
internal_weight=2.17388
internal_count=56583
is_linear=0
shrinkage=0.1


Tree=58
num_leaves=5
num_cat=0
split_feature=9 4 4 10
split_gain=7.38627e+06 5.55112e-17 5.55112e-17 2.77556e-17
threshold=0.044734428416576308 228.50000000000003 180.50000000000003 0.65301003344481623
decision_type=2 2 2 2
left_child=1 2 -1 -4
right_child=-2 -3 3 -5
leaf_value=0.05000087295356042 7176.4238968215031 0.050000872953519772 0.050000872953560295 0.050000872953558186
leaf_weight=1.521416160558146 0.0014352652397066059 0.0013652523011843378 0.41923747587134141 0.022299120919342386
leaf_count=43461 470 39 11976 637
internal_value=5.28972 0.0500009 0.0500009 0.0500009
internal_weight=1.96575 1.96432 1.96295 0.441537
internal_count=56583 56113 56074 12613
is_linear=0
shrinkage=0.1


Tree=59
num_leaves=5
num_cat=0
split_feature=9 4 4 10
split_gain=7.38627e+06 5.55112e-17 5.55112e-17 2.77556e-17
threshold=0.044734428416576308 228.50000000000003 180.50000000000003 0.65301003344481623
decision_type=2 2 2 2
left_child=1 2 -1 -4
right_child=-2 -3 3 -5
leaf_value=-0.05000087295356042 -7176.4238968215031 -0.050000872953519772 -0.050000872953560295 -0.050000872953558186
leaf_weight=1.521416160558146 0.0014352652397066059 0.0013652523011843378 0.41923747587134141 0.022299120919342386
leaf_count=43461 470 39 11976 637
internal_value=-5.28972 -0.0500009 -0.0500009 -0.0500009
internal_weight=1.96575 1.96432 1.96295 0.441537
internal_count=56583 56113 56074 12613
is_linear=0
shrinkage=0.1


Tree=60
num_leaves=4
num_cat=0
split_feature=9 2 2
split_gain=292070 5.55112e-17 5.55112e-17
threshold=0.044374120956399407 12.500000000000002 9.5000000000000018
decision_type=2 2 2
left_child=1 2 -1
right_child=-2 -3 -4
leaf_value=0.050000792482579152 -1623.5720065396536 0.050000792482541884 0.050000792482575968
leaf_weight=1.7574357921257608 0.0011086324229837565 0.001488734968006721 0.017358016222715489
leaf_count=55483 505 47 548
internal_value=-0.962719 0.0500008 0.0500008
internal_weight=1.77739 1.77628 1.77479
internal_count=56583 56078 56031
is_linear=0
shrinkage=0.1


Tree=61
num_leaves=4
num_cat=0
split_feature=9 2 2
split_gain=292070 5.55112e-17 5.55112e-17
threshold=0.044374120956399407 12.500000000000002 9.5000000000000018
decision_type=2 2 2
left_child=1 2 -1
right_child=-2 -3 -4
leaf_value=-0.050000792482579152 1623.5720065396536 -0.050000792482541884 -0.050000792482575968
leaf_weight=1.7574357921257608 0.0011086324229837565 0.001488734968006721 0.017358016222715489
leaf_count=55483 505 47 548
internal_value=0.962719 -0.0500008 -0.0500008
internal_weight=1.77739 1.77628 1.77479
internal_count=56583 56078 56031
is_linear=0
shrinkage=0.1


Tree=62
num_leaves=9
num_cat=0
split_feature=9 0 0 2 6 8 8 4
split_gain=190073 1.11022e-16 5.55112e-17 5.55112e-17 5.55112e-17 1.73472e-18 4.33681e-19 1.0842e-19
threshold=0.043597053932050357 14.500000000000002 12.500000000000002 12.500000000000002 3538.5000000000005 11220.500000000002 11618.500000000002 162.50000000000003
decision_type=2 2 2 2 2 2 2 2
left_child=1 2 3 4 -1 -6 -7 -3
right_child=-2 7 -4 -5 5 6 -8 -9
leaf_value=0.050000717163070446 1119.1846888429259 0.050000717163042774 0.050000717163064284 0.050000717163029229 0.050000717163069176 0.05000071716302891 0.050000717163063937 0.050000717163030797
leaf_weight=1.5394373475573946 0.0015190307458398103 0.0020062670228072612 0.0089995406451636173 0.0013470650010277687 0.043793943012133352 0.0012037602136842906 0.0076811366016045213 0.0012610821286216378
leaf_count=53712 558 70 314 47 1528 42 268 44
internal_value=1.10771 0.0500007 0.0500007 0.0500007 0.0500007 0.0500007 0.0500007 0.0500007
internal_weight=1.60725 1.60573 1.60246 1.59346 1.59212 0.0526788 0.0088849 0.00326735
internal_count=56583 56025 55911 55597 55550 1838 310 114
is_linear=0
shrinkage=0.1


Tree=63
num_leaves=9
num_cat=0
split_feature=9 0 0 2 6 8 8 4
split_gain=190073 1.11022e-16 5.55112e-17 5.55112e-17 5.55112e-17 1.73472e-18 4.33681e-19 1.0842e-19
threshold=0.043597053932050357 14.500000000000002 12.500000000000002 12.500000000000002 3538.5000000000005 11220.500000000002 11618.500000000002 162.50000000000003
decision_type=2 2 2 2 2 2 2 2
left_child=1 2 3 4 -1 -6 -7 -3
right_child=-2 7 -4 -5 5 6 -8 -9
leaf_value=-0.050000717163070446 -1119.1846888429259 -0.050000717163042774 -0.050000717163064284 -0.050000717163029229 -0.050000717163069176 -0.05000071716302891 -0.050000717163063937 -0.050000717163030797
leaf_weight=1.5394373475573946 0.0015190307458398103 0.0020062670228072612 0.0089995406451636173 0.0013470650010277687 0.043793943012133352 0.0012037602136842906 0.0076811366016045213 0.0012610821286216378
leaf_count=53712 558 70 314 47 1528 42 268 44
internal_value=-1.10771 -0.0500007 -0.0500007 -0.0500007 -0.0500007 -0.0500007 -0.0500007 -0.0500007
internal_weight=1.60725 1.60573 1.60246 1.59346 1.59212 0.0526788 0.0088849 0.00326735
internal_count=56583 56025 55911 55597 55550 1838 310 114
is_linear=0
shrinkage=0.1


Tree=64
num_leaves=12
num_cat=0
split_feature=9 0 2 7 7 9 9 7 9 7 9
split_gain=258961 5.55112e-17 5.55112e-17 5.55112e-17 5.55112e-17 5.55112e-17 5.55112e-17 1.38778e-17 3.46945e-18 1.73472e-18 2.1684e-19
threshold=0.042977768982122806 15.500000000000002 6.5000000000000009 4644.0000000000009 1225.5000000000002 0.036494006849315058 0.031796582751996712 3150.5000000000005 0.0072728234422934504 4231.5000000000009 0.040215445041298405
decision_type=2 2 2 2 2 2 2 2 2 2 2
left_child=1 2 3 4 5 6 -1 -6 -4 -9 -7
right_child=-2 -3 8 -5 7 10 -8 9 -10 -11 -12
leaf_value=0.050000648798862901 1524.5191640767298 0.050000648798828366 0.050000648798862304 0.050000648798850723 0.050000648798862672 0.050000648798842501 0.050000648798852791 0.050000648798861527 0.050000648798860306 0.050000648798851813 0.050000648798837845
leaf_weight=1.0179692891961152 0.0011151422677359015 0.0016078795488284605 0.096239371059709922 0.0045643032353838145 0.26060615461574355 0.0027230218165642519 0.0054979107153486631 0.036721894211950712 0.019372355209270609 0.0045124361531634341 0.0019968826654803706
leaf_count=39253 601 62 3711 176 10049 105 212 1416 747 174 77
internal_value=1.22005 0.0500006 0.0500006 0.0500006 0.0500006 0.0500006 0.0500006 0.0500006 0.0500006 0.0500006 0.0500006
internal_weight=1.45293 1.45181 1.4502 1.33459 1.33003 1.02819 1.02347 0.30184 0.115612 0.0412343 0.0047199
internal_count=56583 55982 55920 51462 51286 39647 39465 11639 4458 1590 182
is_linear=0
shrinkage=0.1


Tree=65
num_leaves=12
num_cat=0
split_feature=9 0 2 7 7 9 9 7 9 7 9
split_gain=258961 5.55112e-17 5.55112e-17 5.55112e-17 5.55112e-17 5.55112e-17 5.55112e-17 1.38778e-17 3.46945e-18 1.73472e-18 2.1684e-19
threshold=0.042977768982122806 15.500000000000002 6.5000000000000009 4644.0000000000009 1225.5000000000002 0.036494006849315058 0.031796582751996712 3150.5000000000005 0.0072728234422934504 4231.5000000000009 0.040215445041298405
decision_type=2 2 2 2 2 2 2 2 2 2 2
left_child=1 2 3 4 5 6 -1 -6 -4 -9 -7
right_child=-2 -3 8 -5 7 10 -8 9 -10 -11 -12
leaf_value=-0.050000648798862901 -1524.5191640767298 -0.050000648798828366 -0.050000648798862304 -0.050000648798850723 -0.050000648798862672 -0.050000648798842501 -0.050000648798852791 -0.050000648798861527 -0.050000648798860306 -0.050000648798851813 -0.050000648798837845
leaf_weight=1.0179692891961152 0.0011151422677359015 0.0016078795488284605 0.096239371059709922 0.0045643032353838145 0.26060615461574355 0.0027230218165642519 0.0054979107153486631 0.036721894211950712 0.019372355209270609 0.0045124361531634341 0.0019968826654803706
leaf_count=39253 601 62 3711 176 10049 105 212 1416 747 174 77
internal_value=-1.22005 -0.0500006 -0.0500006 -0.0500006 -0.0500006 -0.0500006 -0.0500006 -0.0500006 -0.0500006 -0.0500006 -0.0500006
internal_weight=1.45293 1.45181 1.4502 1.33459 1.33003 1.02819 1.02347 0.30184 0.115612 0.0412343 0.0047199
internal_count=56583 55982 55920 51462 51286 39647 39465 11639 4458 1590 182
is_linear=0
shrinkage=0.1


Tree=66
num_leaves=7
num_cat=0
split_feature=9 4 4 9 9 9
split_gain=241989 1.11022e-16 5.55112e-17 5.55112e-17 5.55112e-17 4.33681e-19
threshold=0.041921429355984301 218.50000000000003 181.50000000000003 0.037123169681309152 0.031796582751996712 0.032332735961768201
decision_type=2 2 2 2 2 2
left_child=1 2 3 4 -1 -6
right_child=-2 -3 -4 -5 5 -7
leaf_value=0.050000589129658601 -1345.7011972617117 0.050000589129647943 0.050000589129658393 0.050000589129641705 0.05000058912960359 0.050000589129650344
leaf_weight=1.0261066181701597 0.0013375429298322352 0.0052093777267147026 0.2706529851348024 0.0032851931609912946 0.0010090236137331168 0.0060541416823980398
leaf_count=43728 658 222 11534 140 43 258
internal_value=-1.32022 0.0500006 0.0500006 0.0500006 0.0500006 0.0500006
internal_weight=1.31365 1.31232 1.30711 1.03645 1.03317 0.00706317
internal_count=56583 55925 55703 44169 44029 301
is_linear=0
shrinkage=0.1


Tree=67
num_leaves=7
num_cat=0
split_feature=9 4 4 9 9 9
split_gain=241989 1.11022e-16 5.55112e-17 5.55112e-17 5.55112e-17 4.33681e-19
threshold=0.041921429355984301 218.50000000000003 181.50000000000003 0.037123169681309152 0.031796582751996712 0.032332735961768201
decision_type=2 2 2 2 2 2
left_child=1 2 3 4 -1 -6
right_child=-2 -3 -4 -5 5 -7
leaf_value=-0.050000589129658601 1345.7011972617117 -0.050000589129647943 -0.050000589129658393 -0.050000589129641705 -0.05000058912960359 -0.050000589129650344
leaf_weight=1.0261066181701597 0.0013375429298322352 0.0052093777267147026 0.2706529851348024 0.0032851931609912946 0.0010090236137331168 0.0060541416823980398
leaf_count=43728 658 222 11534 140 43 258
internal_value=1.32022 -0.0500006 -0.0500006 -0.0500006 -0.0500006 -0.0500006
internal_weight=1.31365 1.31232 1.30711 1.03645 1.03317 0.00706317
internal_count=56583 55925 55703 44169 44029 301
is_linear=0
shrinkage=0.1


Tree=68
num_leaves=6
num_cat=0
split_feature=9 4 0 0 0
split_gain=3.96316e+06 1.11022e-16 5.55112e-17 8.67362e-19 4.33681e-19
threshold=0.040875999522616009 224.50000000000003 11.500000000000002 15.500000000000002 13.500000000000002
decision_type=2 2 2 2 2
left_child=1 2 -1 4 -4
right_child=-2 -3 3 -5 -6
leaf_value=0.050000531150976739 5361.8978855445393 0.050000531150946353 0.050000531150971909 0.050000531150938804 0.050000531150962382
leaf_weight=1.1679859651412692 0.0013801212116960606 0.0018260065262439831 0.011444389740063454 0.001316423309617675 0.0034821519802790144
leaf_count=55009 723 86 539 62 164
internal_value=6.28192 0.0500005 0.0500005 0.0500005 0.0500005
internal_weight=1.18744 1.18605 1.18423 0.016243 0.0149265
internal_count=56583 55860 55774 765 703
is_linear=0
shrinkage=0.1


Tree=69
num_leaves=6
num_cat=0
split_feature=9 4 0 0 0
split_gain=3.96316e+06 1.11022e-16 5.55112e-17 8.67362e-19 4.33681e-19
threshold=0.040875999522616009 224.50000000000003 11.500000000000002 15.500000000000002 13.500000000000002
decision_type=2 2 2 2 2
left_child=1 2 -1 4 -4
right_child=-2 -3 3 -5 -6
leaf_value=-0.050000531150976739 -5361.8978855445393 -0.050000531150946353 -0.050000531150971909 -0.050000531150938804 -0.050000531150962382
leaf_weight=1.1679859651412692 0.0013801212116960606 0.0018260065262439831 0.011444389740063454 0.001316423309617675 0.0034821519802790144
leaf_count=55009 723 86 539 62 164
internal_value=-6.28192 -0.0500005 -0.0500005 -0.0500005 -0.0500005
internal_weight=1.18744 1.18605 1.18423 0.016243 0.0149265
internal_count=56583 55860 55774 765 703
is_linear=0
shrinkage=0.1


Tree=70
num_leaves=9
num_cat=0
split_feature=9 9 9 10 10 9 9 9
split_gain=244109 5.55112e-17 5.55112e-17 5.55112e-17 5.55112e-17 1.73472e-18 4.33681e-19 4.33681e-19
threshold=0.039900497512437808 0.034924377947633707 0.025493955544001006 0.82480818414322254 0.73508771929824568 0.028639781271360156 0.032332735961768201 0.031331806282722509
decision_type=2 2 2 2 2 2 2 2
left_child=1 2 3 4 -1 -4 7 -7
right_child=-2 -3 5 -5 -6 6 -8 -9
leaf_value=0.050000482864739931 -1357.7898874828161 0.050000482864729384 0.050000482864737156 0.050000482864728184 0.05000048286473642 0.05000048286473411 0.05000048286472622 0.050000482864716249
leaf_weight=1.0117668537204725 0.0013256349411677739 0.0052641155634774997 0.019961372519901599 0.004726176746771781 0.01579234669043228 0.0085878089666948654 0.0036502991133602345 0.0021133310656296098
leaf_count=52663 792 274 1039 246 822 447 190 110
internal_value=-1.62725 0.0500005 0.0500005 0.0500005 0.0500005 0.0500005 0.0500005 0.0500005
internal_weight=1.07319 1.07186 1.0666 1.03229 1.02756 0.0343128 0.0143514 0.0107011
internal_count=56583 55791 55517 53731 53485 1786 747 557
is_linear=0
shrinkage=0.1


Tree=71
num_leaves=9
num_cat=0
split_feature=9 9 9 10 10 9 9 9
split_gain=244109 5.55112e-17 5.55112e-17 5.55112e-17 5.55112e-17 1.73472e-18 4.33681e-19 4.33681e-19
threshold=0.039900497512437808 0.034924377947633707 0.025493955544001006 0.82480818414322254 0.73508771929824568 0.028639781271360156 0.032332735961768201 0.031331806282722509
decision_type=2 2 2 2 2 2 2 2
left_child=1 2 3 4 -1 -4 7 -7
right_child=-2 -3 5 -5 -6 6 -8 -9
leaf_value=-0.050000482864739931 1357.7898874828161 -0.050000482864729384 -0.050000482864737156 -0.050000482864728184 -0.05000048286473642 -0.05000048286473411 -0.05000048286472622 -0.050000482864716249
leaf_weight=1.0117668537204725 0.0013256349411677739 0.0052641155634774997 0.019961372519901599 0.004726176746771781 0.01579234669043228 0.0085878089666948654 0.0036502991133602345 0.0021133310656296098
leaf_count=52663 792 274 1039 246 822 447 190 110
internal_value=1.62725 -0.0500005 -0.0500005 -0.0500005 -0.0500005 -0.0500005 -0.0500005 -0.0500005
internal_weight=1.07319 1.07186 1.0666 1.03229 1.02756 0.0343128 0.0143514 0.0107011
internal_count=56583 55791 55517 53731 53485 1786 747 557
is_linear=0
shrinkage=0.1


Tree=72
num_leaves=4
num_cat=0
split_feature=9 1 4
split_gain=2.33516e+06 2.77556e-17 2.77556e-17
threshold=0.038554440728353706 10.500000000000002 183.50000000000003
decision_type=2 2 2
left_child=1 2 -1
right_child=-2 -3 -4
leaf_value=0.050000434242637351 4584.0477950216391 0.050000434242610803 0.050000434242637143
leaf_weight=0.78950463376531843 0.0011125659802928558 0.0018774550917441948 0.17736735463950026
leaf_count=45416 856 108 10203
internal_value=5.30848 0.0500004 0.0500004
internal_weight=0.969862 0.968749 0.966872
internal_count=56583 55727 55619
is_linear=0
shrinkage=0.1


Tree=73
num_leaves=4
num_cat=0
split_feature=9 1 4
split_gain=2.33516e+06 2.77556e-17 2.77556e-17
threshold=0.038554440728353706 10.500000000000002 183.50000000000003
decision_type=2 2 2
left_child=1 2 -1
right_child=-2 -3 -4
leaf_value=-0.050000434242637351 -4584.0477950216391 -0.050000434242610803 -0.050000434242637143
leaf_weight=0.78950463376531843 0.0011125659802928558 0.0018774550917441948 0.17736735463950026
leaf_count=45416 856 108 10203
internal_value=-5.30848 -0.0500004 -0.0500004
internal_weight=0.969862 0.968749 0.966872
internal_count=56583 55727 55619
is_linear=0
shrinkage=0.1


Tree=74
num_leaves=4
num_cat=0
split_feature=5 1 1
split_gain=267139 2.77556e-17 3.46945e-18
threshold=6.5000000000000009 6.5000000000000009 9.5000000000000018
decision_type=2 2 2
left_child=1 -1 -3
right_child=-2 2 -4
leaf_value=0.050000393180901659 -1486.1084256479569 0.050000393180900965 0.050000393180891445
leaf_weight=0.80474019970824884 0.0012111763917346243 0.065749575551308226 0.0048604351304675211
leaf_count=51251 839 4184 309
internal_value=-2.00348 0.0500004 0.0500004
internal_weight=0.876561 0.87535 0.07061
internal_count=56583 55744 4493
is_linear=0
shrinkage=0.1


Tree=75
num_leaves=4
num_cat=0
split_feature=5 1 1
split_gain=267139 2.77556e-17 3.46945e-18
threshold=6.5000000000000009 6.5000000000000009 9.5000000000000018
decision_type=2 2 2
left_child=1 -1 -3
right_child=-2 2 -4
leaf_value=-0.050000393180901659 1486.1084256479569 -0.050000393180900965 -0.050000393180891445
leaf_weight=0.80474019970824884 0.0012111763917346243 0.065749575551308226 0.0048604351304675211
leaf_count=51251 839 4184 309
internal_value=2.00348 -0.0500004 -0.0500004
internal_weight=0.876561 0.87535 0.07061
internal_count=56583 55744 4493
is_linear=0
shrinkage=0.1


Tree=76
num_leaves=6
num_cat=0
split_feature=9 5 4 1 9
split_gain=1.3381e+06 66602.1 124415 2.77556e-17 2.77556e-17
threshold=0.035608622147083657 5.5000000000000009 188.50000000000003 10.500000000000002 0.019277220364176853
decision_type=2 2 2 2 2
left_child=1 3 -3 4 -1
right_child=-2 2 -4 -5 -6
leaf_value=0.050000354654614901 2982.8154746334353 0.050000354654588776 1366.2302361041368 0.050000354654582468 0.05000035465461429
leaf_weight=0.71243243434582837 0.0015086670537129967 0.0019071828792220904 0.0010247549798805267 0.0015371324698207891 0.073640031470858958
leaf_count=50056 1025 134 86 108 5174
internal_value=7.49902 1.82094 477.55 0.0500004 0.0500004
internal_weight=0.79205 0.790542 0.00293194 0.78761 0.786072
internal_count=56583 55558 220 55338 55230
is_linear=0
shrinkage=0.1


Tree=77
num_leaves=6
num_cat=0
split_feature=9 5 4 1 9
split_gain=1.3381e+06 66602.1 124415 2.77556e-17 2.77556e-17
threshold=0.035608622147083657 5.5000000000000009 188.50000000000003 10.500000000000002 0.019277220364176853
decision_type=2 2 2 2 2
left_child=1 3 -3 4 -1
right_child=-2 2 -4 -5 -6
leaf_value=-0.050000354654614901 -2982.8154746334353 -0.050000354654588776 -1366.2302361041368 -0.050000354654582468 -0.05000035465461429
leaf_weight=0.71243243434582837 0.0015086670537129967 0.0019071828792220904 0.0010247549798805267 0.0015371324698207891 0.073640031470858958
leaf_count=50056 1025 134 86 108 5174
internal_value=-7.49902 -1.82094 -477.55 -0.0500004 -0.0500004
internal_weight=0.79205 0.790542 0.00293194 0.78761 0.786072
internal_count=56583 55558 220 55338 55230
is_linear=0
shrinkage=0.1


Tree=78
num_leaves=4
num_cat=0
split_feature=9 5 4
split_gain=133182 61263.4 2.77556e-17
threshold=0.034236874236874153 5.5000000000000009 223.50000000000003
decision_type=2 2 2
left_child=1 2 -1
right_child=-2 -3 -4
leaf_value=0.050000321331427879 -1109.2361579011383 766.96388748745699 0.050000321331387959
leaf_weight=0.71101066200753849 0.0010817767724802243 0.0010431418877487877 0.0012491946063164497
leaf_count=55210 1115 161 97
internal_value=-0.509922 1.17154 0.0500003
internal_weight=0.714385 0.713303 0.71226
internal_count=56583 55468 55307
is_linear=0
shrinkage=0.1


Tree=79
num_leaves=4
num_cat=0
split_feature=9 5 4
split_gain=133182 61263.4 2.77556e-17
threshold=0.034236874236874153 5.5000000000000009 223.50000000000003
decision_type=2 2 2
left_child=1 2 -1
right_child=-2 -3 -4
leaf_value=-0.050000321331427879 1109.2361579011383 -766.96388748745699 -0.050000321331387959
leaf_weight=0.71101066200753849 0.0010817767724802243 0.0010431418877487877 0.0012491946063164497
leaf_count=55210 1115 161 97
internal_value=0.509922 -1.17154 -0.0500003
internal_weight=0.714385 0.713303 0.71226
internal_count=56583 55468 55307
is_linear=0
shrinkage=0.1


Tree=80
num_leaves=4
num_cat=0
split_feature=9 0 0
split_gain=4.48562e+06 2.77556e-17 3.46945e-18
threshold=0.032025641025641004 7.5000000000000009 13.500000000000002
decision_type=2 2 2
left_child=1 -1 -3
right_child=-2 2 -4
leaf_value=0.050000292686216252 6241.2504492970284 0.050000292686215579 0.050000292686197115
leaf_weight=0.57484279189884546 0.0011536242200236293 0.065884761010238435 0.0025985676875279742
leaf_count=49402 1296 5662 223
internal_value=11.2218 0.0500003 0.0500003
internal_weight=0.64448 0.643326 0.0684833
internal_count=56583 55287 5885
is_linear=0
shrinkage=0.1


Tree=81
num_leaves=4
num_cat=0
split_feature=9 0 0
split_gain=4.48562e+06 2.77556e-17 3.46945e-18
threshold=0.032025641025641004 7.5000000000000009 13.500000000000002
decision_type=2 2 2
left_child=1 -1 -3
right_child=-2 2 -4
leaf_value=-0.050000292686216252 -6241.2504492970284 -0.050000292686215579 -0.050000292686197115
leaf_weight=0.57484279189884546 0.0011536242200236293 0.065884761010238435 0.0025985676875279742
leaf_count=49402 1296 5662 223
internal_value=-11.2218 -0.0500003 -0.0500003
internal_weight=0.64448 0.643326 0.0684833
internal_count=56583 55287 5885
is_linear=0
shrinkage=0.1


Tree=82
num_leaves=7
num_cat=0
split_feature=9 0 0 1 2 4
split_gain=286628 2.77556e-17 8.67362e-19 4.33681e-19 4.33681e-19 4.33681e-19
threshold=0.030816714150047404 9.5000000000000018 10.500000000000002 5.5000000000000009 3.5000000000000004 190.50000000000003
decision_type=2 2 2 2 2 2
left_child=1 -1 4 5 -3 -4
right_child=-2 2 3 -5 -6 -7
leaf_value=0.05000026308741265 -1595.4205220580111 0.050000263087404309 0.050000263087408472 0.050000263087365743 0.050000263087399882 0.050000263087365743
leaf_weight=0.55730666452291189 0.0011281938304819042 0.0059361974444982479 0.011714236875377537 0.0010649306250343224 0.0038906871350263827 0.0010649306250343224
leaf_count=52908 1430 563 1111 101 369 101
internal_value=-3.04222 0.0500003 0.0500003 0.0500003 0.0500003 0.0500003
internal_weight=0.582106 0.580978 0.023671 0.0138441 0.00982688 0.0127792
internal_count=56583 55153 2245 1313 932 1212
is_linear=0
shrinkage=0.1


Tree=83
num_leaves=7
num_cat=0
split_feature=9 0 0 1 2 4
split_gain=286628 2.77556e-17 8.67362e-19 4.33681e-19 4.33681e-19 4.33681e-19
threshold=0.030816714150047404 9.5000000000000018 10.500000000000002 5.5000000000000009 3.5000000000000004 190.50000000000003
decision_type=2 2 2 2 2 2
left_child=1 -1 4 5 -3 -4
right_child=-2 2 3 -5 -6 -7
leaf_value=-0.05000026308741265 1595.4205220580111 -0.050000263087404309 -0.050000263087408472 -0.050000263087365743 -0.050000263087399882 -0.050000263087365743
leaf_weight=0.55730666452291189 0.0011281938304819042 0.0059361974444982479 0.011714236875377537 0.0010649306250343224 0.0038906871350263827 0.0010649306250343224
leaf_count=52908 1430 563 1111 101 369 101
internal_value=3.04222 -0.0500003 -0.0500003 -0.0500003 -0.0500003 -0.0500003
internal_weight=0.582106 0.580978 0.023671 0.0138441 0.00982688 0.0127792
internal_count=56583 55153 2245 1313 932 1212
is_linear=0
shrinkage=0.1


Tree=84
num_leaves=4
num_cat=0
split_feature=9 0 7
split_gain=7.71037e+06 2.77556e-17 8.67362e-19
threshold=0.029895433014567853 9.5000000000000018 823.50000000000011
decision_type=2 2 2
left_child=1 -1 -3
right_child=-2 2 -4
leaf_value=0.050000243091436608 8049.95076299024 0.050000243091426588 0.050000243091433652
leaf_weight=0.50314637650444638 0.0011925612852792247 0.0049419739661971098 0.016409643285442144
leaf_count=52762 1583 518 1720
internal_value=18.3117 0.0500002 0.0500002
internal_weight=0.525691 0.524498 0.0213516
internal_count=56583 55000 2238
is_linear=0
shrinkage=0.1


Tree=85
num_leaves=4
num_cat=0
split_feature=9 0 7
split_gain=7.71037e+06 2.77556e-17 8.67362e-19
threshold=0.029895433014567853 9.5000000000000018 823.50000000000011
decision_type=2 2 2
left_child=1 -1 -3
right_child=-2 2 -4
leaf_value=-0.050000243091436608 -8049.95076299024 -0.050000243091426588 -0.050000243091433652
leaf_weight=0.50314637650444638 0.0011925612852792247 0.0049419739661971098 0.016409643285442144
leaf_count=52762 1583 518 1720
internal_value=-18.3117 -0.0500002 -0.0500002
internal_weight=0.525691 0.524498 0.0213516
internal_count=56583 55000 2238
is_linear=0
shrinkage=0.1


Tree=86
num_leaves=3
num_cat=0
split_feature=9 0
split_gain=294846 1.38778e-17
threshold=0.029027637344118604 8.5000000000000018
decision_type=2 2
left_child=1 -1
right_child=-2 -3
leaf_value=0.050000215979535571 -1641.7768463605175 0.050000215979534079
leaf_weight=0.4421270516468212 0.0010963397289742707 0.031362222325697076
leaf_count=51227 1722 3634
internal_value=-3.74278 0.0500002
internal_weight=0.474586 0.473489
internal_count=56583 54861
is_linear=0
shrinkage=0.1


Tree=87
num_leaves=3
num_cat=0
split_feature=9 0
split_gain=294846 1.38778e-17
threshold=0.029027637344118604 8.5000000000000018
decision_type=2 2
left_child=1 -1
right_child=-2 -3
leaf_value=-0.050000215979535571 1641.7768463605175 -0.050000215979534079
leaf_weight=0.4421270516468212 0.0010963397289742707 0.031362222325697076
leaf_count=51227 1722 3634
internal_value=3.74278 -0.0500002
internal_weight=0.474586 0.473489
internal_count=56583 54861
is_linear=0
shrinkage=0.1


Tree=88
num_leaves=4
num_cat=0
split_feature=9 0 0
split_gain=1.16726e+07 1.38778e-17 1.0842e-19
threshold=0.028388942617666005 12.500000000000002 13.500000000000002
decision_type=2 2 2
left_child=1 -1 -3
right_child=-2 2 -4
leaf_value=0.050000192119714917 10734.281611343076 0.050000192119681902 0.050000192119686072
leaf_weight=0.42418177188210393 0.0010154429674003032 0.001507542251601989 0.0017262530445805169
leaf_count=54305 1864 193 221
internal_value=25.4917 0.0500002 0.0500002
internal_weight=0.428431 0.427416 0.0032338
internal_count=56583 54719 414
is_linear=0
shrinkage=0.1


Tree=89
num_leaves=4
num_cat=0
split_feature=9 0 0
split_gain=1.16726e+07 1.38778e-17 1.0842e-19
threshold=0.028388942617666005 12.500000000000002 13.500000000000002
decision_type=2 2 2
left_child=1 -1 -3
right_child=-2 2 -4
leaf_value=-0.050000192119714917 -10734.281611343076 -0.050000192119681902 -0.050000192119686072
leaf_weight=0.42418177188210393 0.0010154429674003032 0.001507542251601989 0.0017262530445805169
leaf_count=54305 1864 193 221
internal_value=-25.4917 -0.0500002 -0.0500002
internal_weight=0.428431 0.427416 0.0032338
internal_count=56583 54719 414
is_linear=0
shrinkage=0.1


Tree=90
num_leaves=5
num_cat=0
split_feature=9 0 6 6
split_gain=243002 1.38778e-17 6.93889e-18 6.93889e-18
threshold=0.027605258144408402 3.5000000000000004 -1640.4999999999998 1724.5000000000002
decision_type=2 2 2 2
left_child=1 2 -1 -3
right_child=-2 3 -4 -5
leaf_value=0.050000176937547436 -1354.6146223360383 0.050000176937547797 0.050000176937547804 0.050000176937547415
leaf_weight=0.066924784770435508 0.0013287421625136622 0.12565094768706331 0.12849219422605529 0.064345045997470152
leaf_count=9469 2052 17778 18180 9104
internal_value=-4.60427 0.0500002 0.0500002 0.0500002
internal_weight=0.386742 0.385413 0.195417 0.189996
internal_count=56583 54531 27649 26882
is_linear=0
shrinkage=0.1


Tree=91
num_leaves=5
num_cat=0
split_feature=9 0 6 6
split_gain=243002 1.38778e-17 6.93889e-18 6.93889e-18
threshold=0.027605258144408402 3.5000000000000004 -1640.4999999999998 1724.5000000000002
decision_type=2 2 2 2
left_child=1 2 -1 -3
right_child=-2 3 -4 -5
leaf_value=-0.050000176937547436 1354.6146223360383 -0.050000176937547797 -0.050000176937547804 -0.050000176937547415
leaf_weight=0.066924784770435508 0.0013287421625136622 0.12565094768706331 0.12849219422605529 0.064345045997470152
leaf_count=9469 2052 17778 18180 9104
internal_value=4.60427 -0.0500002 -0.0500002 -0.0500002
internal_weight=0.386742 0.385413 0.195417 0.189996
internal_count=56583 54531 27649 26882
is_linear=0
shrinkage=0.1


Tree=92
num_leaves=6
num_cat=0
split_feature=9 4 6 4 6
split_gain=2.64996e+07 1.38778e-17 8.67362e-19 4.33681e-19 4.33681e-19
threshold=0.027100470035252604 202.50000000000003 4003.5000000000005 218.50000000000003 3054.5000000000005
decision_type=2 2 2 2 2
left_child=1 -1 3 4 -3
right_child=-2 2 -4 -5 -6
leaf_value=0.050000159992320214 15636.798142382349 0.050000159992314691 0.050000159992270844 0.050000159992279615 0.050000159992276409
leaf_weight=0.33548535490126596 0.0010871825679714666 0.0087869932258399785 0.0010104402690558354 0.0012278767826501289 0.0011383441005818904
leaf_count=52459 2222 1374 158 192 178
internal_value=48.7974 0.0500002 0.0500002 0.0500002 0.0500002
internal_weight=0.348736 0.347649 0.0121637 0.0111532 0.00992534
internal_count=56583 54361 1902 1744 1552
is_linear=0
shrinkage=0.1


Tree=93
num_leaves=6
num_cat=0
split_feature=9 4 6 4 6
split_gain=2.64996e+07 1.38778e-17 8.67362e-19 4.33681e-19 4.33681e-19
threshold=0.027100470035252604 202.50000000000003 4003.5000000000005 218.50000000000003 3054.5000000000005
decision_type=2 2 2 2 2
left_child=1 -1 3 4 -3
right_child=-2 2 -4 -5 -6
leaf_value=-0.050000159992320214 -15636.798142382349 -0.050000159992314691 -0.050000159992270844 -0.050000159992279615 -0.050000159992276409
leaf_weight=0.33548535490126596 0.0010871825679714666 0.0087869932258399785 0.0010104402690558354 0.0012278767826501289 0.0011383441005818904
leaf_count=52459 2222 1374 158 192 178
internal_value=-48.7974 -0.0500002 -0.0500002 -0.0500002 -0.0500002
internal_weight=0.348736 0.347649 0.0121637 0.0111532 0.00992534
internal_count=56583 54361 1902 1744 1552
is_linear=0
shrinkage=0.1


Tree=94
num_leaves=2
num_cat=0
split_feature=9
split_gain=281754
threshold=0.026542905453008254
decision_type=2
left_child=-1
right_child=-2
leaf_value=0.050000145384349305 -1570.9748915413695
leaf_weight=0.31342018302575525 0.001145748873568663
leaf_count=54163 2420
internal_value=-5.67217
internal_weight=0.314566
internal_count=56583
is_linear=0
shrinkage=0.1


Tree=95
num_leaves=2
num_cat=0
split_feature=9
split_gain=281754
threshold=0.026542905453008254
decision_type=2
left_child=-1
right_child=-2
leaf_value=-0.050000145384349305 1570.9748915413695
leaf_weight=0.31342018302575525 0.001145748873568663
leaf_count=54163 2420
internal_value=5.67217
internal_weight=0.314566
internal_count=56583
is_linear=0
shrinkage=0.1


Tree=96
num_leaves=4
num_cat=0
split_feature=9 6 9
split_gain=2.72663e+07 1.38778e-17 8.67362e-19
threshold=0.026007846320346254 2996.5000000000005 0.020654105936722303
decision_type=2 2 2
left_child=1 -1 -3
right_child=-2 2 -4
leaf_value=0.050000134619192518 15211.449478012975 0.050000134619189507 0.050000134619167858
leaf_weight=0.26477115592570044 0.0011833230746560721 0.015629289282514947 0.0020106020383536807
leaf_count=50568 2646 2985 384
internal_value=63.5209 0.0500001 0.0500001
internal_weight=0.283594 0.282411 0.0176399
internal_count=56583 53937 3369
is_linear=0
shrinkage=0.1


Tree=97
num_leaves=4
num_cat=0
split_feature=9 6 9
split_gain=2.72663e+07 1.38778e-17 8.67362e-19
threshold=0.026007846320346254 2996.5000000000005 0.020654105936722303
decision_type=2 2 2
left_child=1 -1 -3
right_child=-2 2 -4
leaf_value=-0.050000134619192518 -15211.449478012975 -0.050000134619189507 -0.050000134619167858
leaf_weight=0.26477115592570044 0.0011833230746560721 0.015629289282514947 0.0020106020383536807
leaf_count=50568 2646 2985 384
internal_value=-63.5209 -0.0500001 -0.0500001
internal_weight=0.283594 0.282411 0.0176399
internal_count=56583 53937 3369
is_linear=0
shrinkage=0.1


Tree=98
num_leaves=3
num_cat=0
split_feature=9 9
split_gain=238690 1.38778e-17
threshold=0.025348583178050454 0.024721916636108007
decision_type=2 2
left_child=1 -1
right_child=-2 -3
leaf_value=0.050000115182326221 -1333.047970592208 0.050000115182294275
leaf_weight=0.25263196351261286 0.001350238346731202 0.0015539585183432783
leaf_count=53324 2931 328
internal_value=-6.99401 0.0500001
internal_weight=0.255536 0.254186
internal_count=56583 53652
is_linear=0
shrinkage=0.1


Tree=99
num_leaves=3
num_cat=0
split_feature=9 9
split_gain=238690 1.38778e-17
threshold=0.025348583178050454 0.024721916636108007
decision_type=2 2
left_child=1 -1
right_child=-2 -3
leaf_value=-0.050000115182326221 1333.047970592208 -0.050000115182294275
leaf_weight=0.25263196351261286 0.001350238346731202 0.0015539585183432783
leaf_count=53324 2931 328
internal_value=6.99401 -0.0500001
internal_weight=0.255536 0.254186
internal_count=56583 53652
is_linear=0
shrinkage=0.1


Tree=100
num_leaves=3
num_cat=0
split_feature=9 4
split_gain=6.78448e+07 1.38778e-17
threshold=0.024860171193720804 182.50000000000003
decision_type=2 2
left_child=1 -1
right_child=-2 -3
leaf_value=0.050000106080108457 25526.193915559517 0.050000106080107645
leaf_weight=0.18305191107992869 0.0010459864242875474 0.045899084610027785
leaf_count=42701 3175 10707
internal_value=116.138 0.0500001
internal_weight=0.229997 0.228951
internal_count=56583 53408
is_linear=0
shrinkage=0.1


Tree=101
num_leaves=3
num_cat=0
split_feature=9 4
split_gain=6.78448e+07 1.38778e-17
threshold=0.024860171193720804 182.50000000000003
decision_type=2 2
left_child=1 -1
right_child=-2 -3
leaf_value=-0.050000106080108457 -25526.193915559517 -0.050000106080107645
leaf_weight=0.18305191107992869 0.0010459864242875474 0.045899084610027785
leaf_count=42701 3175 10707
internal_value=-116.138 -0.0500001
internal_weight=0.229997 0.228951
internal_count=56583 53408
is_linear=0
shrinkage=0.1


Tree=102
num_leaves=4
num_cat=0
split_feature=9 4 6
split_gain=320942 6.93889e-18 8.67362e-19
threshold=0.024450023912003804 130.50000000000003 1085.5000000000002
decision_type=2 2 2
left_child=1 2 -1
right_child=-2 -3 -4
leaf_value=0.050000099651135901 -1791.6525189999193 0.050000099651138691 0.050000099651106092
leaf_weight=0.01637277105010071 0.001004631059458915 0.18826553321196116 0.0015205226845864664
leaf_count=4221 3434 48536 392
internal_value=-8.63879 0.0500001 0.0500001
internal_weight=0.207163 0.206159 0.0178933
internal_count=56583 53149 4613
is_linear=0
shrinkage=0.1


Tree=103
num_leaves=4
num_cat=0
split_feature=9 4 6
split_gain=320942 6.93889e-18 8.67362e-19
threshold=0.024450023912003804 130.50000000000003 1085.5000000000002
decision_type=2 2 2
left_child=1 2 -1
right_child=-2 -3 -4
leaf_value=-0.050000099651135901 1791.6525189999193 -0.050000099651138691 -0.050000099651106092
leaf_weight=0.01637277105010071 0.001004631059458915 0.18826553321196116 0.0015205226845864664
leaf_count=4221 3434 48536 392
internal_value=8.63879 -0.0500001 -0.0500001
internal_weight=0.207163 0.206159 0.0178933
internal_count=56583 53149 4613
is_linear=0
shrinkage=0.1


Tree=104
num_leaves=5
num_cat=0
split_feature=9 3 4 4
split_gain=4.44141e+07 6.93889e-18 4.33681e-19 4.33681e-19
threshold=0.023866484392800154 3.5000000000000004 190.50000000000003 178.50000000000003
decision_type=2 2 2 2
left_child=1 2 3 -1
right_child=-2 -3 -4 -5
leaf_value=0.050000090696542925 18558.335964310532 0.050000090696548566 0.050000090696505774 0.050000090696514655
leaf_weight=0.0084304442175380245 0.0012986113074475716 0.17418589345220425 0.0011617306561220184 0.001463570041096319
leaf_count=2402 3804 49629 331 417
internal_value=129.245 0.0500001 0.0500001 0.0500001
internal_weight=0.18654 0.185242 0.0110557 0.00989401
internal_count=56583 52779 3150 2819
is_linear=0
shrinkage=0.1


Tree=105
num_leaves=5
num_cat=0
split_feature=9 3 4 4
split_gain=4.44141e+07 6.93889e-18 4.33681e-19 4.33681e-19
threshold=0.023866484392800154 3.5000000000000004 190.50000000000003 178.50000000000003
decision_type=2 2 2 2
left_child=1 2 3 -1
right_child=-2 -3 -4 -5
leaf_value=-0.050000090696542925 -18558.335964310532 -0.050000090696548566 -0.050000090696505774 -0.050000090696514655
leaf_weight=0.0084304442175380245 0.0012986113074475716 0.17418589345220425 0.0011617306561220184 0.001463570041096319
leaf_count=2402 3804 49629 331 417
internal_value=-129.245 -0.0500001 -0.0500001 -0.0500001
internal_weight=0.18654 0.185242 0.0110557 0.00989401
internal_count=56583 52779 3150 2819
is_linear=0
shrinkage=0.1


Tree=106
num_leaves=3
num_cat=0
split_feature=9 0
split_gain=282253 6.93889e-18
threshold=0.02332381340949265 12.500000000000002
decision_type=2 2
left_child=1 -1
right_child=-2 -3
leaf_value=0.050000082336034826 -1578.760419276698 0.050000082335994789
leaf_weight=0.16523494436796682 0.0011400988857985786 0.0012385475361043055
leaf_count=52030 4163 390
internal_value=-10.689 0.0500001
internal_weight=0.167614 0.166473
internal_count=56583 52420
is_linear=0
shrinkage=0.1


Tree=107
num_leaves=3
num_cat=0
split_feature=9 0
split_gain=282253 6.93889e-18
threshold=0.02332381340949265 12.500000000000002
decision_type=2 2
left_child=1 -1
right_child=-2 -3
leaf_value=-0.050000082336034826 1578.760419276698 -0.050000082335994789
leaf_weight=0.16523494436796682 0.0011400988857985786 0.0012385475361043055
leaf_count=52030 4163 390
internal_value=10.689 -0.0500001
internal_weight=0.167614 0.166473
internal_count=56583 52420
is_linear=0
shrinkage=0.1


Tree=108
num_leaves=2
num_cat=0
split_feature=9
split_gain=1.08301e+08
threshold=0.022779161477791604
decision_type=2
left_child=-1
right_child=-2
leaf_value=0.050000071213771147 31986.184891724635
leaf_weight=0.14956538558294596 0.0010660869190814984
leaf_count=52049 4534
internal_value=226.43
internal_weight=0.150631
internal_count=56583
is_linear=0
shrinkage=0.1


Tree=109
num_leaves=2
num_cat=0
split_feature=9
split_gain=1.08301e+08
threshold=0.022779161477791604
decision_type=2
left_child=-1
right_child=-2
leaf_value=-0.050000071213771147 -31986.184891724635
leaf_weight=0.14956538558294596 0.0010660869190814984
leaf_count=52049 4534
internal_value=-226.43
internal_weight=0.150631
internal_count=56583
is_linear=0
shrinkage=0.1


Tree=110
num_leaves=3
num_cat=0
split_feature=9 3
split_gain=297873 1.38778e-17
threshold=0.022160834868017152 3.5000000000000004
decision_type=2 2
left_child=1 -1
right_child=-2 -3
leaf_value=0.050000065586144615 -1668.100025849134 0.050000065586150472
leaf_weight=0.0079926936073206889 0.0010790396379434233 0.12626063811694621
leaf_count=3074 4949 48560
internal_value=-13.2506 0.0500001
internal_weight=0.135332 0.134253
internal_count=56583 51634
is_linear=0
shrinkage=0.1


Tree=111
num_leaves=3
num_cat=0
split_feature=9 3
split_gain=297873 1.38778e-17
threshold=0.022160834868017152 3.5000000000000004
decision_type=2 2
left_child=1 -1
right_child=-2 -3
leaf_value=-0.050000065586144615 1668.100025849134 -0.050000065586150472
leaf_weight=0.0079926936073206889 0.0010790396379434233 0.12626063811694621
leaf_count=3074 4949 48560
internal_value=13.2506 -0.0500001
internal_weight=0.135332 0.134253
internal_count=56583 51634
is_linear=0
shrinkage=0.1


Tree=112
num_leaves=2
num_cat=0
split_feature=9
split_gain=1.49585e+08
threshold=0.021409472880061103
decision_type=2
left_child=-1
right_child=-2
leaf_value=0.050000057987116014 38005.652073266181
leaf_weight=0.12043287368669553 0.0010445828465890363
leaf_count=51190 5393
internal_value=326.86
internal_weight=0.121477
internal_count=56583
is_linear=0
shrinkage=0.1


Tree=113
num_leaves=2
num_cat=0
split_feature=9
split_gain=1.49585e+08
threshold=0.021409472880061103
decision_type=2
left_child=-1
right_child=-2
leaf_value=-0.050000057987116014 -38005.652073266181
leaf_weight=0.12043287368669553 0.0010445828465890363
leaf_count=51190 5393
internal_value=-326.86
internal_weight=0.121477
internal_count=56583
is_linear=0
shrinkage=0.1


Tree=114
num_leaves=4
num_cat=0
split_feature=9 4 7
split_gain=291988 6.93889e-18 2.1684e-19
threshold=0.020530382859149952 207.50000000000003 1953.5000000000002
decision_type=2 2 2
left_child=1 -1 -3
right_child=-2 2 -4
leaf_value=0.050000053404721446 -1638.6229132360754 0.05000005340468016 0.050000053404672576
leaf_weight=0.10566406255020411 0.0010984498403558965 0.0011963736633333602 0.0010132986899407115
leaf_count=49636 5909 562 476
internal_value=-16.468 0.0500001 0.0500001
internal_weight=0.108972 0.107874 0.00220967
internal_count=56583 50674 1038
is_linear=0
shrinkage=0.1


Tree=115
num_leaves=4
num_cat=0
split_feature=9 4 7
split_gain=291988 6.93889e-18 2.1684e-19
threshold=0.020530382859149952 207.50000000000003 1953.5000000000002
decision_type=2 2 2
left_child=1 -1 -3
right_child=-2 2 -4
leaf_value=-0.050000053404721446 1638.6229132360754 -0.05000005340468016 -0.050000053404672576
leaf_weight=0.10566406255020411 0.0010984498403558965 0.0011963736633333602 0.0010132986899407115
leaf_count=49636 5909 562 476
internal_value=16.468 -0.0500001 -0.0500001
internal_weight=0.108972 0.107874 0.00220967
internal_count=56583 50674 1038
is_linear=0
shrinkage=0.1


Tree=116
num_leaves=3
num_cat=0
split_feature=9 4
split_gain=2.2615e+08 3.46945e-18
threshold=0.019077949651198006 139.50000000000003
decision_type=2 2
left_child=1 -1
right_child=-2 -3
leaf_value=0.050000047217069826 45921.948616425747 0.050000047217072324
leaf_weight=0.016035605176512036 0.0010844499356608131 0.08048814389258041
leaf_count=8325 6472 41786
internal_value=510.253 0.05
internal_weight=0.0976082 0.0965237
internal_count=56583 50111
is_linear=0
shrinkage=0.1


Tree=117
num_leaves=3
num_cat=0
split_feature=9 4
split_gain=2.2615e+08 3.46945e-18
threshold=0.019077949651198006 139.50000000000003
decision_type=2 2
left_child=1 -1
right_child=-2 -3
leaf_value=-0.050000047217069826 -45921.948616425747 -0.050000047217072324
leaf_weight=0.016035605176512036 0.0010844499356608131 0.08048814389258041
leaf_count=8325 6472 41786
internal_value=-510.253 -0.05
internal_weight=0.0976082 0.0965237
internal_count=56583 50111
is_linear=0
shrinkage=0.1


Tree=118
num_leaves=7
num_cat=0
split_feature=9 0 4 2 6 4
split_gain=308199 3.46945e-18 3.46945e-18 4.33681e-19 4.33681e-19 2.1684e-19
threshold=0.015247800984229001 7.5000000000000009 132.50000000000003 4.5000000000000009 -384.49999999999994 149.50000000000003
decision_type=2 2 2 2 2 2
left_child=1 2 4 5 -1 -3
right_child=-2 3 -4 -5 -6 -7
leaf_value=0.050000042398624905 -1732.7744025409536 0.050000042398608315 0.050000042398632143 0.050000042398610667 0.050000042398600619 0.050000042398621762
leaf_weight=0.006279657423988283 0.0010387665347479915 0.0020374464414771865 0.069674045290412323 0.0022535656534046211 0.0015511782146404585 0.0045036455130684772
leaf_count=3603 7068 1169 39976 1293 890 2584
internal_value=-20.5595 0.05 0.05 0.05 0.05 0.05
internal_weight=0.0873383 0.0862995 0.0775049 0.00879466 0.00783084 0.00654109
internal_count=56583 49515 44469 5046 4493 3753
is_linear=0
shrinkage=0.1


Tree=119
num_leaves=7
num_cat=0
split_feature=9 0 4 2 6 4
split_gain=308199 3.46945e-18 3.46945e-18 4.33681e-19 4.33681e-19 2.1684e-19
threshold=0.015247800984229001 7.5000000000000009 132.50000000000003 4.5000000000000009 -384.49999999999994 149.50000000000003
decision_type=2 2 2 2 2 2
left_child=1 2 4 5 -1 -3
right_child=-2 3 -4 -5 -6 -7
leaf_value=-0.050000042398624905 1732.7744025409536 -0.050000042398608315 -0.050000042398632143 -0.050000042398610667 -0.050000042398600619 -0.050000042398621762
leaf_weight=0.006279657423988283 0.0010387665347479915 0.0020374464414771865 0.069674045290412323 0.0022535656534046211 0.0015511782146404585 0.0045036455130684772
leaf_count=3603 7068 1169 39976 1293 890 2584
internal_value=20.5595 -0.05 -0.05 -0.05 -0.05 -0.05
internal_weight=0.0873383 0.0862995 0.0775049 0.00879466 0.00783084 0.00654109
internal_count=56583 49515 44469 5046 4493 3753
is_linear=0
shrinkage=0.1


Tree=120
num_leaves=4
num_cat=0
split_feature=9 1 4
split_gain=3.16695e+08 3.46945e-18 4.33681e-19
threshold=0.012861869313482202 5.5000000000000009 169.50000000000003
decision_type=2 2 2
left_child=1 -1 -3
right_child=-2 2 -4
leaf_value=0.050000039648848832 55531.832995539153 0.05000003964884514 0.050000039648806074
leaf_weight=0.064696425812144298 0.0010408453840682333 0.011200127147958483 0.0011496610378571867
leaf_count=41024 7728 7102 729
internal_value=740.249 0.05 0.05
internal_weight=0.0780871 0.0770462 0.0123498
internal_count=56583 48855 7831
is_linear=0
shrinkage=0.1


Tree=121
num_leaves=4
num_cat=0
split_feature=9 1 4
split_gain=3.16695e+08 3.46945e-18 4.33681e-19
threshold=0.012861869313482202 5.5000000000000009 169.50000000000003
decision_type=2 2 2
left_child=1 -1 -3
right_child=-2 2 -4
leaf_value=-0.050000039648848832 -55531.832995539153 -0.05000003964884514 -0.050000039648806074
leaf_weight=0.064696425812144298 0.0010408453840682333 0.011200127147958483 0.0011496610378571867
leaf_count=41024 7728 7102 729
internal_value=-740.249 -0.05 -0.05
internal_weight=0.0780871 0.0770462 0.0123498
internal_count=56583 48855 7831
is_linear=0
shrinkage=0.1


Tree=122
num_leaves=4
num_cat=0
split_feature=9 0 4
split_gain=301770 3.46945e-18 3.46945e-18
threshold=0.01159430030918125 10.500000000000002 208.50000000000003
decision_type=2 2 2
left_child=1 2 -1
right_child=-2 -3 -4
leaf_value=0.050000035851705121 -1702.2708628757291 0.050000035851673785 0.050000035851659325
leaf_weight=0.066027029763972678 0.0010573799800113184 0.001556817217533534 0.0010730765789048738
leaf_count=46271 8469 1091 752
internal_value=-25.7697 0.05 0.05
internal_weight=0.0697143 0.0686569 0.0671001
internal_count=56583 48114 47023
is_linear=0
shrinkage=0.1


Tree=123
num_leaves=4
num_cat=0
split_feature=9 0 4
split_gain=301770 3.46945e-18 3.46945e-18
threshold=0.01159430030918125 10.500000000000002 208.50000000000003
decision_type=2 2 2
left_child=1 2 -1
right_child=-2 -3 -4
leaf_value=-0.050000035851705121 1702.2708628757291 -0.050000035851673785 -0.050000035851659325
leaf_weight=0.066027029763972678 0.0010573799800113184 0.001556817217533534 0.0010730765789048738
leaf_count=46271 8469 1091 752
internal_value=25.7697 -0.05 -0.05
internal_weight=0.0697143 0.0686569 0.0671001
internal_count=56583 48114 47023
is_linear=0
shrinkage=0.1


Tree=124
num_leaves=3
num_cat=0
split_feature=9 0
split_gain=5.07975e+08 1.73472e-18
threshold=0.0099751243781094519 1.0000000180025095e-35
decision_type=2 2
left_child=1 -1
right_child=-2 -3
leaf_value=0.050000030817301401 71423.16477675199 0.050000030817313038
leaf_weight=0.0039935890113156338 0.0010122773310285984 0.057117490169275698
leaf_count=3093 9253 44237
internal_value=1163.86 0.05
internal_weight=0.0621234 0.0611111
internal_count=56583 47330
is_linear=0
shrinkage=0.1


Tree=125
num_leaves=3
num_cat=0
split_feature=9 0
split_gain=5.07975e+08 1.73472e-18
threshold=0.0099751243781094519 1.0000000180025095e-35
decision_type=2 2
left_child=1 -1
right_child=-2 -3
leaf_value=-0.050000030817301401 -71423.16477675199 -0.050000030817313038
leaf_weight=0.0039935890113156338 0.0010122773310285984 0.057117490169275698
leaf_count=3093 9253 44237
internal_value=-1163.86 -0.05
internal_weight=0.0621234 0.0611111
internal_count=56583 47330
is_linear=0
shrinkage=0.1


Tree=126
num_leaves=4
num_cat=0
split_feature=9 1 6
split_gain=313641 1.73472e-18 4.33681e-19
threshold=0.0059347703578472508 5.5000000000000009 529.50000000000011
decision_type=2 2 2
left_child=1 -1 -3
right_child=-2 2 -4
leaf_value=0.050000029192911216 -1774.9516516639469 0.050000029192905915 0.050000029192862616
leaf_weight=0.045459683796821082 0.0010140835634047099 0.0078147522530116476 0.0010070737691876283
leaf_count=38911 10121 6689 862
internal_value=-32.5023 0.05 0.05
internal_weight=0.0552956 0.0542815 0.00882183
internal_count=56583 46462 7551
is_linear=0
shrinkage=0.1


Tree=127
num_leaves=4
num_cat=0
split_feature=9 1 6
split_gain=313641 1.73472e-18 4.33681e-19
threshold=0.0059347703578472508 5.5000000000000009 529.50000000000011
decision_type=2 2 2
left_child=1 -1 -3
right_child=-2 2 -4
leaf_value=-0.050000029192911216 1774.9516516639469 -0.050000029192905915 -0.050000029192862616
leaf_weight=0.045459683796821082 0.0010140835634047099 0.0078147522530116476 0.0010070737691876283
leaf_count=38911 10121 6689 862
internal_value=32.5023 -0.05 -0.05
internal_weight=0.0552956 0.0542815 0.00882183
internal_count=56583 46462 7551
is_linear=0
shrinkage=0.1


Tree=128
num_leaves=31
num_cat=0
split_feature=4 4 0 10 2 10 8 4 1 4 7 4 4 7 7 7 7 8 7 7 2 8 8 8 2 6 2 10 6 1
split_gain=5.32403e+06 5.72451e+06 450598 336275 195130 174987 174186 162349 124570 246097 118860 99656.1 83689.1 80150.5 188287 64645.2 147123 124351 117355 64586 50561.1 47906.8 47729.5 19705 18631 40218.1 3008.37 5370.4 8.67362e-19 1.0842e-19
threshold=167.50000000000003 199.50000000000003 3.5000000000000004 0.41421362489486963 6.5000000000000009 0.34654631083202514 4227.5000000000009 162.50000000000003 6.5000000000000009 136.50000000000003 -395.49999999999994 154.50000000000003 154.50000000000003 723.50000000000011 -179.49999999999997 -1345.4999999999998 -230.49999999999997 -1362.4999999999998 -2081.4999999999995 -1540.4999999999998 3.5000000000000004 -5681.4999999999991 -3346.4999999999995 -1305.4999999999998 4.5000000000000009 1522.5000000000002 3.5000000000000004 0.45584415584415583 1106.5000000000002 2.5000000000000004
decision_type=2 2 2 2 2 2 2 2 2 2 2 2 2 2 2 2 2 2 2 2 2 2 2 2 2 2 2 2 2 2
left_child=2 24 6 10 7 -3 8 11 9 22 23 13 -12 14 19 18 17 -17 -11 -5 -18 -10 -1 -4 26 29 28 -28 -2 -26
right_child=1 5 3 4 -6 -7 -8 -9 21 15 12 -13 -14 -15 -16 16 20 -19 -20 -21 -22 -23 -24 -25 25 -27 27 -29 -30 -31
leaf_value=1495.254068818439 0.050000026885284189 4429.9385035454497 2143.3298179623994 3634.6017803992313 4497.5100991823056 6216.3965161252409 3239.2060402271804 4320.787744135394 2309.5367534176535 2420.207153125039 2269.233266447422 2362.1524088227488 3381.2436689396586 2593.7109193571087 4641.0094349823721 3474.2799696648881 2330.9718255434814 2126.7716146602666 1279.9544915497625 2597.3548713553009 1369.7741979474977 3237.8606979907563 542.66899095742292 1549.4766991294944 0.050000026885920403 -674.19502790546937 0.050000026885930672 -299.62236772035402 0.050000026885951211 0.050000026885917016
leaf_weight=0.0010032075429080578 0.0084305375708026986 0.0010835487159965842 0.0010264641982757894 0.0010180072326875242 0.0013340863215489662 0.0011099767334599164 0.001512739719601087 0.0010877771987907181 0.0010824915952980518 0.0019007030159627902 0.0014101990118433614 0.0017780770149329328 0.0013013155798944354 0.0013879994771741622 0.0010127216291948562 0.0016406513241236124 0.0010296355603713839 0.0011755182167689782 0.0017188782558150732 0.0014630550467700232 0.0011681183718792454 0.0011427474751144482 0.0011057482506657843 0.0012262600102985743 0.0011364047509232469 0.001483140340042155 0.0014852545814392224 0.0010010933015109913 0.0038035202733226478 0.0010560635778347205
leaf_count=1056 9422 1310 1116 1092 1594 1420 1761 1339 1126 2078 1665 2071 1617 1653 1204 1803 1157 1308 1868 1638 1312 1259 1172 1415 1328 1857 1733 1177 4808 1224
internal_value=1730.65 505.161 2615.17 3018.71 3380.47 5333.93 2223.74 3188.12 2105.28 1964.22 2356.91 3003.12 2802.91 3236.57 3491.97 2200.78 2433.27 2911.81 1878.72 3022.95 1820.09 2786.27 995.803 1820.07 -70.6175 -272.014 -20.3299 -120.609 0.05 0.05
internal_weight=0.0491159 0.0205895 0.0285264 0.014046 0.00908172 0.00219353 0.0144804 0.00774764 0.0129677 0.0107425 0.00496424 0.00665986 0.00271151 0.00488178 0.00349378 0.0086335 0.00501392 0.00281617 0.00361958 0.00248106 0.00219775 0.00222524 0.00210896 0.00225272 0.018396 0.00367561 0.0147204 0.00248635 0.0122341 0.00219247
internal_count=56583 24279 32304 16404 10591 2730 15900 8997 14139 11754 5813 7658 3282 5587 3934 9526 5580 3111 3946 2730 2469 2385 2228 2531 21549 4409 17140 2910 14230 2552
is_linear=0
shrinkage=0.1


Tree=129
num_leaves=31
num_cat=0
split_feature=4 4 0 10 2 10 8 4 1 4 7 4 4 7 7 7 7 8 7 7 2 8 8 8 2 6 2 10 6 1
split_gain=5.32403e+06 5.72451e+06 450598 336275 195130 174987 174186 162349 124570 246097 118860 99656.1 83689.1 80150.5 188287 64645.2 147123 124351 117355 64586 50561.1 47906.8 47729.5 19705 18631 40218.1 3008.37 5370.4 8.67362e-19 1.0842e-19
threshold=167.50000000000003 199.50000000000003 3.5000000000000004 0.41421362489486963 6.5000000000000009 0.34654631083202514 4227.5000000000009 162.50000000000003 6.5000000000000009 136.50000000000003 -395.49999999999994 154.50000000000003 154.50000000000003 723.50000000000011 -179.49999999999997 -1345.4999999999998 -230.49999999999997 -1362.4999999999998 -2081.4999999999995 -1540.4999999999998 3.5000000000000004 -5681.4999999999991 -3346.4999999999995 -1305.4999999999998 4.5000000000000009 1522.5000000000002 3.5000000000000004 0.45584415584415583 1106.5000000000002 2.5000000000000004
decision_type=2 2 2 2 2 2 2 2 2 2 2 2 2 2 2 2 2 2 2 2 2 2 2 2 2 2 2 2 2 2
left_child=2 24 6 10 7 -3 8 11 9 22 23 13 -12 14 19 18 17 -17 -11 -5 -18 -10 -1 -4 26 29 28 -28 -2 -26
right_child=1 5 3 4 -6 -7 -8 -9 21 15 12 -13 -14 -15 -16 16 20 -19 -20 -21 -22 -23 -24 -25 25 -27 27 -29 -30 -31
leaf_value=-1495.254068818439 -0.050000026885284189 -4429.9385035454497 -2143.3298179623994 -3634.6017803992313 -4497.5100991823056 -6216.3965161252409 -3239.2060402271804 -4320.787744135394 -2309.5367534176535 -2420.207153125039 -2269.233266447422 -2362.1524088227488 -3381.2436689396586 -2593.7109193571087 -4641.0094349823721 -3474.2799696648881 -2330.9718255434814 -2126.7716146602666 -1279.9544915497625 -2597.3548713553009 -1369.7741979474977 -3237.8606979907563 -542.66899095742292 -1549.4766991294944 -0.050000026885920403 674.19502790546937 -0.050000026885930672 299.62236772035402 -0.050000026885951211 -0.050000026885917016
leaf_weight=0.0010032075429080578 0.0084305375708026986 0.0010835487159965842 0.0010264641982757894 0.0010180072326875242 0.0013340863215489662 0.0011099767334599164 0.001512739719601087 0.0010877771987907181 0.0010824915952980518 0.0019007030159627902 0.0014101990118433614 0.0017780770149329328 0.0013013155798944354 0.0013879994771741622 0.0010127216291948562 0.0016406513241236124 0.0010296355603713839 0.0011755182167689782 0.0017188782558150732 0.0014630550467700232 0.0011681183718792454 0.0011427474751144482 0.0011057482506657843 0.0012262600102985743 0.0011364047509232469 0.001483140340042155 0.0014852545814392224 0.0010010933015109913 0.0038035202733226478 0.0010560635778347205
leaf_count=1056 9422 1310 1116 1092 1594 1420 1761 1339 1126 2078 1665 2071 1617 1653 1204 1803 1157 1308 1868 1638 1312 1259 1172 1415 1328 1857 1733 1177 4808 1224
internal_value=-1730.65 -505.161 -2615.17 -3018.71 -3380.47 -5333.93 -2223.74 -3188.12 -2105.28 -1964.22 -2356.91 -3003.12 -2802.91 -3236.57 -3491.97 -2200.78 -2433.27 -2911.81 -1878.72 -3022.95 -1820.09 -2786.27 -995.803 -1820.07 70.6175 272.014 20.3299 120.609 -0.05 -0.05
internal_weight=0.0491159 0.0205895 0.0285264 0.014046 0.00908172 0.00219353 0.0144804 0.00774764 0.0129677 0.0107425 0.00496424 0.00665986 0.00271151 0.00488178 0.00349378 0.0086335 0.00501392 0.00281617 0.00361958 0.00248106 0.00219775 0.00222524 0.00210896 0.00225272 0.018396 0.00367561 0.0147204 0.00248635 0.0122341 0.00219247
internal_count=56583 24279 32304 16404 10591 2730 15900 8997 14139 11754 5813 7658 3282 5587 3934 9526 5580 3111 3946 2730 2469 2385 2228 2531 21549 4409 17140 2910 14230 2552
is_linear=0
shrinkage=0.1


Tree=130
num_leaves=7
num_cat=0
split_feature=2 6 10 4 0 6
split_gain=1.28747e+09 2.21027e+09 7.29038e+07 884095 4.33681e-19 4.33681e-19
threshold=3.5000000000000004 868.50000000000011 0.41421362489486963 170.50000000000003 6.5000000000000009 102.50000000000001
decision_type=2 2 2 2 2 2
left_child=3 2 -2 -1 5 -5
right_child=1 -3 -4 4 -6 -7
leaf_value=2669.891755277089 1759.0432667196449 194395.28466260986 37564.835697101167 0.050000023770856362 0.050000023770829294 0.050000023770855342
leaf_weight=0.0014233053298085005 0.0013075661195216534 0.001013913743008743 0.0010062615638162242 0.0043531334381441411 0.0012980008955310049 0.0039953940608938865
leaf_count=21003 5557 8386 7182 5779 2075 6601
internal_value=16739 71279.6 17330.6 343.325 0.05 0.05
internal_weight=0.0143976 0.00332774 0.00231383 0.0110698 0.00964653 0.00834853
internal_count=56583 21125 12739 35458 14455 12380
is_linear=0
shrinkage=0.1


Tree=131
num_leaves=7
num_cat=0
split_feature=2 6 10 4 0 6
split_gain=1.28747e+09 2.21027e+09 7.29038e+07 884095 4.33681e-19 4.33681e-19
threshold=3.5000000000000004 868.50000000000011 0.41421362489486963 170.50000000000003 6.5000000000000009 102.50000000000001
decision_type=2 2 2 2 2 2
left_child=3 2 -2 -1 5 -5
right_child=1 -3 -4 4 -6 -7
leaf_value=-2669.891755277089 -1759.0432667196449 -194395.28466260986 -37564.835697101167 -0.050000023770856362 -0.050000023770829294 -0.050000023770855342
leaf_weight=0.0014233053298085005 0.0013075661195216534 0.001013913743008743 0.0010062615638162242 0.0043531334381441411 0.0012980008955310049 0.0039953940608938865
leaf_count=21003 5557 8386 7182 5779 2075 6601
internal_value=-16739 -71279.6 -17330.6 -343.325 -0.05 -0.05
internal_weight=0.0143976 0.00332774 0.00231383 0.0110698 0.00964653 0.00834853
internal_count=56583 21125 12739 35458 14455 12380
is_linear=0
shrinkage=0.1


Tree=132
num_leaves=4
num_cat=0
split_feature=2 6 6
split_gain=106640 180073 2.1684e-19
threshold=2.5000000000000004 912.50000000000011 -816.49999999999989
decision_type=2 2 2
left_child=2 -2 -1
right_child=1 -3 -4
leaf_value=0.050000022986984576 0.050000022986971128 -1799.0236386541853 0.050000022987000119
leaf_weight=0.0018902461624747957 0.0012532401296994067 0.0010005149101743882 0.004584539341863092
leaf_count=10433 19575 11460 15115
internal_value=-206.17 -798.617 0.05
internal_weight=0.00872854 0.00225376 0.00647479
internal_count=56583 31035 25548
is_linear=0
shrinkage=0.1


Tree=133
num_leaves=4
num_cat=0
split_feature=2 6 6
split_gain=106640 180073 2.1684e-19
threshold=2.5000000000000004 912.50000000000011 -816.49999999999989
decision_type=2 2 2
left_child=2 -2 -1
right_child=1 -3 -4
leaf_value=-0.050000022986984576 -0.050000022986971128 1799.0236386541853 -0.050000022987000119
leaf_weight=0.0018902461624747957 0.0012532401296994067 0.0010005149101743882 0.004584539341863092
leaf_count=10433 19575 11460 15115
internal_value=206.17 798.617 -0.05
internal_weight=0.00872854 0.00225376 0.00647479
internal_count=56583 31035 25548
is_linear=0
shrinkage=0.1


Tree=134
num_leaves=3
num_cat=0
split_feature=2 0
split_gain=9.56834e+08 2.1684e-19
threshold=2.5000000000000004 4.5000000000000009
decision_type=2 2
left_child=1 -1
right_child=-2 -3
leaf_value=0.050000021778107265 100354.67696817021 0.050000021775321583
leaf_weight=0.004105190506152212 0.0011339786060489132 0.0017534379136350253
leaf_count=17262 31035 8286
internal_value=16274.4 0.05
internal_weight=0.00699261 0.00585863
internal_count=56583 25548
is_linear=0
shrinkage=0.1


Tree=135
num_leaves=3
num_cat=0
split_feature=2 0
split_gain=9.56834e+08 2.1684e-19
threshold=2.5000000000000004 4.5000000000000009
decision_type=2 2
left_child=1 -1
right_child=-2 -3
leaf_value=-0.050000021778107265 -100354.67696817021 -0.050000021775321583
leaf_weight=0.004105190506152212 0.0011339786060489132 0.0017534379136350253
leaf_count=17262 31035 8286
internal_value=-16274.4 -0.05
internal_weight=0.00699261 0.00585863
internal_count=56583 25548
is_linear=0
shrinkage=0.1


Tree=136
num_leaves=3
num_cat=0
split_feature=6 7
split_gain=156831 3024.37
threshold=1522.5000000000002 606.50000000000011
decision_type=2 2
left_child=1 -1
right_child=-2 -3
leaf_value=0.050000020054553264 -1356.0723837616451 -199.69732561655098
leaf_weight=0.0031200068384009683 0.0011798345187230552 0.0010012649699433496
leaf_count=34249 12444 9890
internal_value=-339.502 -48.4787
internal_weight=0.00530111 0.00412127
internal_count=56583 44139
is_linear=0
shrinkage=0.1


Tree=137
num_leaves=3
num_cat=0
split_feature=6 7
split_gain=156831 3024.37
threshold=1522.5000000000002 606.50000000000011
decision_type=2 2
left_child=1 -1
right_child=-2 -3
leaf_value=-0.050000020054553264 1356.0723837616451 199.69732561655098
leaf_weight=0.0031200068384009683 0.0011798345187230552 0.0010012649699433496
leaf_count=34249 12444 9890
internal_value=339.502 48.4787
internal_weight=0.00530111 0.00412127
internal_count=56583 44139
is_linear=0
shrinkage=0.1


Tree=138
num_leaves=2
num_cat=0
split_feature=7
split_gain=5.82651e+09
threshold=-284.49999999999994
decision_type=2
left_child=-1
right_child=-2
leaf_value=1920.7809693800946 302235.25051524187
leaf_weight=0.0018222229223283648 0.0010008761371409491
leaf_count=24748 31835
internal_value=108392
internal_weight=0.0028231
internal_count=56583
is_linear=0
shrinkage=0.1


Tree=139
num_leaves=2
num_cat=0
split_feature=7
split_gain=5.82651e+09
threshold=-284.49999999999994
decision_type=2
left_child=-1
right_child=-2
leaf_value=-1920.7809693800946 -302235.25051524187
leaf_weight=0.0018222229223283648 0.0010008761371409491
leaf_count=24748 31835
internal_value=-108392
internal_weight=0.0028231
internal_count=56583
is_linear=0
shrinkage=0.1


end of trees

feature_importances:
jungle_ratio=238
cs=146
kills=82
gold_diff=70
xp_diff=59
team_gold_diff=43
jungle_cs=35
assists=31
kill_participation=31
deaths=29
items_count=4

parameters:
[boosting: gbdt]
[objective: multiclass]
[metric: multi_logloss]
[tree_learner: serial]
[device_type: cpu]
[data_sample_strategy: bagging]
[data: ]
[valid: ]
[num_iterations: 90]
[learning_rate: 0.1]
[num_leaves: 31]
[num_threads: 8]
[seed: 42]
[deterministic: 0]
[force_col_wise: 0]
[force_row_wise: 1]
[histogram_pool_size: -1]
[max_depth: -1]
[min_data_in_leaf: 20]
[min_sum_hessian_in_leaf: 0.001]
[bagging_fraction: 1]
[pos_bagging_fraction: 1]
[neg_bagging_fraction: 1]
[bagging_freq: 0]
[bagging_seed: 400]
[bagging_by_query: 0]
[feature_fraction: 1]
[feature_fraction_bynode: 1]
[feature_fraction_seed: 30056]
[extra_trees: 0]
[extra_seed: 12879]
[early_stopping_round: 0]
[early_stopping_min_delta: 0]
[first_metric_only: 0]
[max_delta_step: 0]
[lambda_l1: 0]
[lambda_l2: 0]
[linear_lambda: 0]
[min_gain_to_split: 0]
[drop_rate: 0.1]
[max_drop: 50]
[skip_drop: 0.5]
[xgboost_dart_mode: 0]
[uniform_drop: 0]
[drop_seed: 17869]
[top_rate: 0.2]
[other_rate: 0.1]
[min_data_per_group: 100]
[max_cat_threshold: 32]
[cat_l2: 10]
[cat_smooth: 10]
[max_cat_to_onehot: 4]
[top_k: 20]
[monotone_constraints: ]
[monotone_constraints_method: basic]
[monotone_penalty: 0]
[feature_contri: ]
[forcedsplits_filename: ]
[refit_decay_rate: 0.9]
[cegb_tradeoff: 1]
[cegb_penalty_split: 0]
[cegb_penalty_feature_lazy: ]
[cegb_penalty_feature_coupled: ]
[path_smooth: 0]
[interaction_constraints: ]
[verbosity: -1]
[saved_feature_importance_type: 0]
[use_quantized_grad: 0]
[num_grad_quant_bins: 4]
[quant_train_renew_leaf: 0]
[stochastic_rounding: 1]
[linear_tree: 0]
[max_bin: 255]
[max_bin_by_feature: ]
[min_data_in_bin: 3]
[bin_construct_sample_cnt: 200000]
[data_random_seed: 175]
[is_enable_sparse: 1]
[enable_bundle: 1]
[use_missing: 1]
[zero_as_missing: 0]
[feature_pre_filter: 1]
[pre_partition: 0]
[two_round: 0]
[header: 0]
[label_column: ]
[weight_column: ]
[group_column: ]
[ignore_column: ]
[categorical_feature: ]
[forcedbins_filename: ]
[precise_float_parser: 0]
[parser_config_file: ]
[objective_seed: 16083]
[num_class: 2]
[is_unbalance: 0]
[scale_pos_weight: 1]
[sigmoid: 1]
[boost_from_average: 1]
[reg_sqrt: 0]
[alpha: 0.9]
[fair_c: 1]
[poisson_max_delta_step: 0.7]
[tweedie_variance_power: 1.5]
[lambdarank_truncation_level: 30]
[lambdarank_norm: 1]
[label_gain: ]
[lambdarank_position_bias_regularization: 0]
[eval_at: ]
[multi_error_top_k: 1]
[auc_mu_weights: ]
[num_machines: 1]
[local_listen_port: 12400]
[time_out: 120]
[machine_list_filename: ]
[machines: ]
[gpu_platform_id: -1]
[gpu_device_id: -1]
[gpu_use_dp: 0]
[num_gpu: 1]

end of parameters

pandas_categorical:[]
